MOGP_NSGAII,8e783430-f1ec-11f0-9e32-6e001b3eef54,Cooling,74,0,9.411510|3.000000|0.000000|0.000000|0.000000,1.2218492031097412,3.0,9.784588|3.000000|0.000000|0.000000|0.000000,N/A,N/A,0,243860422656.000000,N/A,5
MOGP_NSGAII,8e783430-f1ec-11f0-9e32-6e001b3eef54,Cooling,74,1,9.411510|3.000000|0.000000|0.000000|0.000000,5.3580780029296875,3.0,9.784588|3.000000|0.000000|0.000000|0.000000,4.337151|3.000000|1.000000|0.000000|0.000000,5.000828|3.000000|1.000000|0.000000|0.000000,3,4.487312,N/A,5
MOGP_NSGAII,8e783430-f1ec-11f0-9e32-6e001b3eef54,Cooling,74,2,9.411510|3.000000|0.000000|0.000000|0.000000,5.410440921783447,3.0,9.784588|3.000000|0.000000|0.000000|0.000000,4.337151|3.000000|1.000000|0.000000|0.000000,5.000828|3.000000|1.000000|0.000000|0.000000,3,5.480979,N/A,5
MOGP_NSGAII,8e783430-f1ec-11f0-9e32-6e001b3eef54,Cooling,74,3,9.411510|3.000000|0.000000|0.000000|0.000000,5.57682204246521,3.0,9.784588|3.000000|0.000000|0.000000|0.000000,4.337151|3.000000|1.000000|0.000000|0.000000,5.000828|3.000000|1.000000|0.000000|0.000000,3,3.204453,N/A,5
MOGP_NSGAII,8e783430-f1ec-11f0-9e32-6e001b3eef54,Cooling,74,4,9.411510|3.000000|0.000000|0.000000|0.000000,6.122982025146484,3.0,9.784588|3.000000|0.000000|0.000000|0.000000,4.337151|3.000000|1.000000|0.000000|0.000000,5.000828|3.000000|1.000000|0.000000|0.000000,3,1.877502,N/A,5
MOGP_NSGAII,8e783430-f1ec-11f0-9e32-6e001b3eef54,Cooling,74,5,9.411510|3.000000|0.000000|0.000000|0.000000,6.2952721118927,3.0,9.784588|3.000000|0.000000|0.000000|0.000000,4.337151|3.000000|1.000000|0.000000|0.000000,5.000828|3.000000|1.000000|0.000000|0.000000,3,1.353297,N/A,5
MOGP_NSGAII,8e783430-f1ec-11f0-9e32-6e001b3eef54,Cooling,74,6,9.411510|3.000000|0.000000|0.000000|0.000000,6.430503845214844,3.0,9.784588|3.000000|0.000000|0.000000|0.000000,4.337151|3.000000|1.000000|0.000000|0.000000,5.000828|3.000000|1.000000|0.000000|0.000000,3,0.793793,N/A,5
MOGP_NSGAII,8e783430-f1ec-11f0-9e32-6e001b3eef54,Cooling,74,7,9.411510|3.000000|0.000000|0.000000|0.000000,7.101402044296265,3.0,9.784588|3.000000|0.000000|0.000000|0.000000,4.337151|3.000000|1.000000|0.000000|0.000000,5.000828|3.000000|1.000000|0.000000|0.000000,3,0.476663,N/A,5
MOGP_NSGAII,8e783430-f1ec-11f0-9e32-6e001b3eef54,Cooling,74,8,9.411510|3.000000|0.000000|0.000000|0.000000,8.403344869613647,3.0,9.784588|3.000000|0.000000|0.000000|0.000000,4.337151|3.000000|1.000000|0.000000|0.000000,5.000828|3.000000|1.000000|0.000000|0.000000,3,0.419151,N/A,5
MOGP_NSGAII,8e783430-f1ec-11f0-9e32-6e001b3eef54,Cooling,74,9,9.411510|3.000000|0.000000|0.000000|0.000000,10.822117805480957,3.0,9.784588|3.000000|0.000000|0.000000|0.000000,4.337151|3.000000|1.000000|0.000000|0.000000,5.000828|3.000000|1.000000|0.000000|0.000000,3,0.357913,N/A,5
MOGP_NSGAII,8e783430-f1ec-11f0-9e32-6e001b3eef54,Cooling,74,10,9.411510|3.000000|0.000000|0.000000|0.000000,12.127948760986328,3.0,9.784588|3.000000|0.000000|0.000000|0.000000,4.337151|3.000000|1.000000|0.000000|0.000000,5.000828|3.000000|1.000000|0.000000|0.000000,3,0.357913,N/A,5
MOGP_NSGAII,8e783430-f1ec-11f0-9e32-6e001b3eef54,Cooling,74,11,9.411510|3.000000|0.000000|0.000000|0.000000,11.973232984542847,3.0,9.784588|3.000000|0.000000|0.000000|0.000000,4.337151|3.000000|1.000000|0.000000|0.000000,5.000828|3.000000|1.000000|0.000000|0.000000,3,0.357913,N/A,5
MOGP_NSGAII,8e783430-f1ec-11f0-9e32-6e001b3eef54,Cooling,74,12,9.411510|3.000000|0.000000|0.000000|0.000000,12.163504123687744,3.0,9.784588|3.000000|0.000000|0.000000|0.000000,4.337151|3.000000|1.000000|0.000000|0.000000,5.000828|3.000000|1.000000|0.000000|0.000000,3,0.357913,N/A,5
MOGP_NSGAII,8e783430-f1ec-11f0-9e32-6e001b3eef54,Cooling,74,13,9.411510|3.000000|0.000000|0.000000|0.000000,11.54096794128418,3.0,9.784588|3.000000|0.000000|0.000000|0.000000,4.337151|3.000000|1.000000|0.000000|0.000000,5.000828|3.000000|1.000000|0.000000|0.000000,3,0.357913,N/A,5
MOGP_NSGAII,8e783430-f1ec-11f0-9e32-6e001b3eef54,Cooling,74,14,9.411510|3.000000|0.000000|0.000000|0.000000,13.33621597290039,3.0,9.784588|3.000000|0.000000|0.000000|0.000000,4.337151|3.000000|1.000000|0.000000|0.000000,5.000828|3.000000|1.000000|0.000000|0.000000,3,0.357913,N/A,5
MOGP_NSGAII,8e783430-f1ec-11f0-9e32-6e001b3eef54,Cooling,74,15,9.411510|3.000000|0.000000|0.000000|0.000000,13.14765191078186,3.0,9.784588|3.000000|0.000000|0.000000|0.000000,4.337151|3.000000|1.000000|0.000000|0.000000,5.000828|3.000000|1.000000|0.000000|0.000000,3,0.357913,N/A,5
MOGP_NSGAII,8e783430-f1ec-11f0-9e32-6e001b3eef54,Cooling,74,16,9.411510|3.000000|0.000000|0.000000|0.000000,12.851417779922485,3.0,9.784588|3.000000|0.000000|0.000000|0.000000,4.337151|3.000000|1.000000|0.000000|0.000000,5.000828|3.000000|1.000000|0.000000|0.000000,3,0.357913,N/A,5
MOGP_NSGAII,8e783430-f1ec-11f0-9e32-6e001b3eef54,Cooling,74,17,9.411510|3.000000|0.000000|0.000000|0.000000,13.024331092834473,3.0,9.784588|3.000000|0.000000|0.000000|0.000000,4.337151|3.000000|1.000000|0.000000|0.000000,5.000828|3.000000|1.000000|0.000000|0.000000,3,0.357913,N/A,5
MOGP_NSGAII,8e783430-f1ec-11f0-9e32-6e001b3eef54,Cooling,74,18,9.411510|3.000000|0.000000|0.000000|0.000000,13.136303663253784,3.0,9.784588|3.000000|0.000000|0.000000|0.000000,4.337151|3.000000|1.000000|0.000000|0.000000,5.000828|3.000000|1.000000|0.000000|0.000000,3,0.357913,N/A,5
MOGP_NSGAII,8e783430-f1ec-11f0-9e32-6e001b3eef54,Cooling,74,19,9.411510|3.000000|0.000000|0.000000|0.000000,12.59648084640503,3.0,9.784588|3.000000|0.000000|0.000000|0.000000,4.337151|3.000000|1.000000|0.000000|0.000000,5.000828|3.000000|1.000000|0.000000|0.000000,3,0.357913,N/A,5
MOGP_NSGAII,8e783430-f1ec-11f0-9e32-6e001b3eef54,Cooling,74,20,9.411510|3.000000|0.000000|0.000000|0.000000,12.647634029388428,3.0,9.784588|3.000000|0.000000|0.000000|0.000000,4.337151|3.000000|1.000000|0.000000|0.000000,5.000828|3.000000|1.000000|0.000000|0.000000,3,0.357913,N/A,5
MOGP_NSGAII,8e783430-f1ec-11f0-9e32-6e001b3eef54,Cooling,74,21,9.411510|3.000000|0.000000|0.000000|0.000000,13.224087953567505,3.0,9.784588|3.000000|0.000000|0.000000|0.000000,4.337151|3.000000|1.000000|0.000000|0.000000,5.000828|3.000000|1.000000|0.000000|0.000000,3,0.357913,N/A,5
MOGP_NSGAII,8e783430-f1ec-11f0-9e32-6e001b3eef54,Cooling,74,22,9.411510|3.000000|0.000000|0.000000|0.000000,12.282778978347778,3.0,9.784588|3.000000|0.000000|0.000000|0.000000,4.337151|3.000000|1.000000|0.000000|0.000000,5.000828|3.000000|1.000000|0.000000|0.000000,3,0.357913,N/A,5
MOGP_NSGAII,8e783430-f1ec-11f0-9e32-6e001b3eef54,Cooling,74,23,9.411510|3.000000|0.000000|0.000000|0.000000,11.64531683921814,3.0,9.784588|3.000000|0.000000|0.000000|0.000000,4.337151|3.000000|1.000000|0.000000|0.000000,5.000828|3.000000|1.000000|0.000000|0.000000,3,0.357913,N/A,5
MOGP_NSGAII,8e783430-f1ec-11f0-9e32-6e001b3eef54,Cooling,74,24,9.411510|3.000000|0.000000|0.000000|0.000000,12.63260269165039,3.0,9.784588|3.000000|0.000000|0.000000|0.000000,4.337151|3.000000|1.000000|0.000000|0.000000,5.000828|3.000000|1.000000|0.000000|0.000000,3,0.357913,N/A,5
MOGP_NSGAII,8e783430-f1ec-11f0-9e32-6e001b3eef54,Cooling,74,25,9.411510|3.000000|0.000000|0.000000|0.000000,12.096531867980957,3.0,9.784588|3.000000|0.000000|0.000000|0.000000,4.337151|3.000000|1.000000|0.000000|0.000000,5.000828|3.000000|1.000000|0.000000|0.000000,3,0.357913,N/A,5
MOGP_NSGAII,8e783430-f1ec-11f0-9e32-6e001b3eef54,Cooling,74,26,9.411510|3.000000|0.000000|0.000000|0.000000,11.844965934753418,3.0,9.784588|3.000000|0.000000|0.000000|0.000000,4.337151|3.000000|1.000000|0.000000|0.000000,5.000828|3.000000|1.000000|0.000000|0.000000,3,0.357913,N/A,5
MOGP_NSGAII,8e783430-f1ec-11f0-9e32-6e001b3eef54,Cooling,74,27,9.411510|3.000000|0.000000|0.000000|0.000000,12.00309419631958,3.0,9.784588|3.000000|0.000000|0.000000|0.000000,4.337151|3.000000|1.000000|0.000000|0.000000,5.000828|3.000000|1.000000|0.000000|0.000000,3,0.357913,N/A,5
MOGP_NSGAII,8e783430-f1ec-11f0-9e32-6e001b3eef54,Cooling,74,28,9.411510|3.000000|0.000000|0.000000|0.000000,11.722700119018555,3.0,9.784588|3.000000|0.000000|0.000000|0.000000,4.337151|3.000000|1.000000|0.000000|0.000000,5.000828|3.000000|1.000000|0.000000|0.000000,3,0.357913,N/A,5
MOGP_NSGAII,8e783430-f1ec-11f0-9e32-6e001b3eef54,Cooling,74,29,9.411510|3.000000|0.000000|0.000000|0.000000,12.527390956878662,3.0,9.784588|3.000000|0.000000|0.000000|0.000000,4.337151|3.000000|1.000000|0.000000|0.000000,5.000828|3.000000|1.000000|0.000000|0.000000,3,0.357913,N/A,5
MOGP_NSGAII,8e783430-f1ec-11f0-9e32-6e001b3eef54,Cooling,74,30,9.411510|3.000000|0.000000|0.000000|0.000000,12.142371654510498,3.0,9.784588|3.000000|0.000000|0.000000|0.000000,4.337151|3.000000|1.000000|0.000000|0.000000,5.000828|3.000000|1.000000|0.000000|0.000000,3,0.357913,N/A,5
MOGP_NSGAII,8e783430-f1ec-11f0-9e32-6e001b3eef54,Cooling,74,31,9.411510|3.000000|0.000000|0.000000|0.000000,11.887295007705688,3.0,9.784588|3.000000|0.000000|0.000000|0.000000,4.337151|3.000000|1.000000|0.000000|0.000000,5.000828|3.000000|1.000000|0.000000|0.000000,3,0.357913,N/A,5
MOGP_NSGAII,8e783430-f1ec-11f0-9e32-6e001b3eef54,Cooling,74,32,9.411510|3.000000|0.000000|0.000000|0.000000,11.45328688621521,3.0,9.784588|3.000000|0.000000|0.000000|0.000000,4.337151|3.000000|1.000000|0.000000|0.000000,5.000828|3.000000|1.000000|0.000000|0.000000,3,0.357913,N/A,5
MOGP_NSGAII,8e783430-f1ec-11f0-9e32-6e001b3eef54,Cooling,74,33,9.411510|3.000000|0.000000|0.000000|0.000000,12.60131287574768,3.0,9.784588|3.000000|0.000000|0.000000|0.000000,4.337151|3.000000|1.000000|0.000000|0.000000,5.000828|3.000000|1.000000|0.000000|0.000000,3,0.357913,N/A,5
MOGP_NSGAII,8e783430-f1ec-11f0-9e32-6e001b3eef54,Cooling,74,34,9.411510|3.000000|0.000000|0.000000|0.000000,12.09883999824524,3.0,9.784588|3.000000|0.000000|0.000000|0.000000,4.337151|3.000000|1.000000|0.000000|0.000000,5.000828|3.000000|1.000000|0.000000|0.000000,3,0.357913,N/A,5
MOGP_NSGAII,8e783430-f1ec-11f0-9e32-6e001b3eef54,Cooling,74,35,9.411510|3.000000|0.000000|0.000000|0.000000,11.898015975952148,3.0,9.784588|3.000000|0.000000|0.000000|0.000000,4.337151|3.000000|1.000000|0.000000|0.000000,5.000828|3.000000|1.000000|0.000000|0.000000,3,0.357913,N/A,5
MOGP_NSGAII,8e783430-f1ec-11f0-9e32-6e001b3eef54,Cooling,74,36,9.411510|3.000000|0.000000|0.000000|0.000000,11.793820858001709,3.0,9.784588|3.000000|0.000000|0.000000|0.000000,4.337151|3.000000|1.000000|0.000000|0.000000,5.000828|3.000000|1.000000|0.000000|0.000000,3,0.357913,N/A,5
MOGP_NSGAII,8e783430-f1ec-11f0-9e32-6e001b3eef54,Cooling,74,37,9.411510|3.000000|0.000000|0.000000|0.000000,11.588279962539673,3.0,9.784588|3.000000|0.000000|0.000000|0.000000,4.337151|3.000000|1.000000|0.000000|0.000000,5.000828|3.000000|1.000000|0.000000|0.000000,3,0.357913,N/A,5
MOGP_NSGAII,8e783430-f1ec-11f0-9e32-6e001b3eef54,Cooling,74,38,9.411510|3.000000|0.000000|0.000000|0.000000,12.697906017303467,3.0,9.784588|3.000000|0.000000|0.000000|0.000000,4.337151|3.000000|1.000000|0.000000|0.000000,5.000828|3.000000|1.000000|0.000000|0.000000,3,0.357913,N/A,5
MOGP_NSGAII,8e783430-f1ec-11f0-9e32-6e001b3eef54,Cooling,74,39,9.411510|3.000000|0.000000|0.000000|0.000000,12.202609062194824,3.0,9.784588|3.000000|0.000000|0.000000|0.000000,4.337151|3.000000|1.000000|0.000000|0.000000,5.000828|3.000000|1.000000|0.000000|0.000000,3,0.357913,N/A,5
MOGP_NSGAII,8e783430-f1ec-11f0-9e32-6e001b3eef54,Cooling,74,40,9.411510|3.000000|0.000000|0.000000|0.000000,12.327556133270264,3.0,9.784588|3.000000|0.000000|0.000000|0.000000,4.337151|3.000000|1.000000|0.000000|0.000000,5.000828|3.000000|1.000000|0.000000|0.000000,3,0.357913,N/A,5
MOGP_NSGAII,8e783430-f1ec-11f0-9e32-6e001b3eef54,Cooling,74,41,9.411510|3.000000|0.000000|0.000000|0.000000,11.659535884857178,3.0,9.784588|3.000000|0.000000|0.000000|0.000000,4.337151|3.000000|1.000000|0.000000|0.000000,5.000828|3.000000|1.000000|0.000000|0.000000,3,0.357913,N/A,5
MOGP_NSGAII,8e783430-f1ec-11f0-9e32-6e001b3eef54,Cooling,74,42,9.411510|3.000000|0.000000|0.000000|0.000000,12.266820192337036,3.0,9.784588|3.000000|0.000000|0.000000|0.000000,4.337151|3.000000|1.000000|0.000000|0.000000,5.000828|3.000000|1.000000|0.000000|0.000000,3,0.357913,N/A,5
MOGP_NSGAII,8e783430-f1ec-11f0-9e32-6e001b3eef54,Cooling,74,43,9.411510|3.000000|0.000000|0.000000|0.000000,12.251341819763184,3.0,9.784588|3.000000|0.000000|0.000000|0.000000,4.337151|3.000000|1.000000|0.000000|0.000000,5.000828|3.000000|1.000000|0.000000|0.000000,3,0.357913,N/A,5
MOGP_NSGAII,8e783430-f1ec-11f0-9e32-6e001b3eef54,Cooling,74,44,9.411510|3.000000|0.000000|0.000000|0.000000,12.132514953613281,3.0,9.784588|3.000000|0.000000|0.000000|0.000000,4.337151|3.000000|1.000000|0.000000|0.000000,5.000828|3.000000|1.000000|0.000000|0.000000,3,0.357913,N/A,5
MOGP_NSGAII,8e783430-f1ec-11f0-9e32-6e001b3eef54,Cooling,74,45,9.411510|3.000000|0.000000|0.000000|0.000000,12.18476414680481,3.0,9.784588|3.000000|0.000000|0.000000|0.000000,4.337151|3.000000|1.000000|0.000000|0.000000,5.000828|3.000000|1.000000|0.000000|0.000000,3,0.357913,N/A,5
MOGP_NSGAII,8e783430-f1ec-11f0-9e32-6e001b3eef54,Cooling,74,46,9.411510|3.000000|0.000000|0.000000|0.000000,11.951415777206421,3.0,9.784588|3.000000|0.000000|0.000000|0.000000,4.337151|3.000000|1.000000|0.000000|0.000000,5.000828|3.000000|1.000000|0.000000|0.000000,3,0.357913,N/A,5
MOGP_NSGAII,8e783430-f1ec-11f0-9e32-6e001b3eef54,Cooling,74,47,9.411510|3.000000|0.000000|0.000000|0.000000,12.000197887420654,3.0,9.784588|3.000000|0.000000|0.000000|0.000000,4.337151|3.000000|1.000000|0.000000|0.000000,5.000828|3.000000|1.000000|0.000000|0.000000,3,0.357913,N/A,5
MOGP_NSGAII,8e783430-f1ec-11f0-9e32-6e001b3eef54,Cooling,74,48,9.411510|3.000000|0.000000|0.000000|0.000000,12.230581045150757,3.0,9.784588|3.000000|0.000000|0.000000|0.000000,4.337151|3.000000|1.000000|0.000000|0.000000,5.000828|3.000000|1.000000|0.000000|0.000000,3,0.357913,N/A,5
MOGP_NSGAII,8e783430-f1ec-11f0-9e32-6e001b3eef54,Cooling,74,49,9.411510|3.000000|0.000000|0.000000|0.000000,12.112851858139038,3.0,9.784588|3.000000|0.000000|0.000000|0.000000,4.337151|3.000000|1.000000|0.000000|0.000000,5.000828|3.000000|1.000000|0.000000|0.000000,3,0.357913,N/A,5
MOGP_NSGAII,8e783430-f1ec-11f0-9e32-6e001b3eef54,Cooling,74,50,9.411510|3.000000|0.000000|0.000000|0.000000,11.59454894065857,3.0,9.784588|3.000000|0.000000|0.000000|0.000000,4.337151|3.000000|1.000000|0.000000|0.000000,5.000828|3.000000|1.000000|0.000000|0.000000,3,0.357913,N/A,5
MOGP_NSGAII,8e783430-f1ec-11f0-9e32-6e001b3eef54,Cooling,74,51,9.411510|3.000000|0.000000|0.000000|0.000000,12.03770899772644,3.0,9.784588|3.000000|0.000000|0.000000|0.000000,4.337151|3.000000|1.000000|0.000000|0.000000,5.000828|3.000000|1.000000|0.000000|0.000000,3,0.357913,N/A,5
MOGP_NSGAII,8e783430-f1ec-11f0-9e32-6e001b3eef54,Cooling,74,52,9.411510|3.000000|0.000000|0.000000|0.000000,11.749279022216797,3.0,9.784588|3.000000|0.000000|0.000000|0.000000,4.337151|3.000000|1.000000|0.000000|0.000000,5.000828|3.000000|1.000000|0.000000|0.000000,3,0.357913,N/A,5
MOGP_NSGAII,8e783430-f1ec-11f0-9e32-6e001b3eef54,Cooling,74,53,9.411510|3.000000|0.000000|0.000000|0.000000,12.18755578994751,3.0,9.784588|3.000000|0.000000|0.000000|0.000000,4.337151|3.000000|1.000000|0.000000|0.000000,5.000828|3.000000|1.000000|0.000000|0.000000,3,0.357913,N/A,5
MOGP_NSGAII,8e783430-f1ec-11f0-9e32-6e001b3eef54,Cooling,74,54,9.411510|3.000000|0.000000|0.000000|0.000000,11.842664003372192,3.0,9.784588|3.000000|0.000000|0.000000|0.000000,4.337151|3.000000|1.000000|0.000000|0.000000,5.000828|3.000000|1.000000|0.000000|0.000000,3,0.357913,N/A,5
MOGP_NSGAII,8e783430-f1ec-11f0-9e32-6e001b3eef54,Cooling,74,55,9.411510|3.000000|0.000000|0.000000|0.000000,12.005810976028442,3.0,9.784588|3.000000|0.000000|0.000000|0.000000,4.337151|3.000000|1.000000|0.000000|0.000000,5.000828|3.000000|1.000000|0.000000|0.000000,3,0.357913,N/A,5
MOGP_NSGAII,8e783430-f1ec-11f0-9e32-6e001b3eef54,Cooling,74,56,9.411510|3.000000|0.000000|0.000000|0.000000,11.804185152053833,3.0,9.784588|3.000000|0.000000|0.000000|0.000000,4.337151|3.000000|1.000000|0.000000|0.000000,5.000828|3.000000|1.000000|0.000000|0.000000,3,0.357913,N/A,5
MOGP_NSGAII,8e783430-f1ec-11f0-9e32-6e001b3eef54,Cooling,74,57,9.411510|3.000000|0.000000|0.000000|0.000000,12.714008092880249,3.0,9.784588|3.000000|0.000000|0.000000|0.000000,4.337151|3.000000|1.000000|0.000000|0.000000,5.000828|3.000000|1.000000|0.000000|0.000000,3,0.357913,N/A,5
MOGP_NSGAII,8e783430-f1ec-11f0-9e32-6e001b3eef54,Cooling,74,58,9.411510|3.000000|0.000000|0.000000|0.000000,12.442440748214722,3.0,9.784588|3.000000|0.000000|0.000000|0.000000,4.337151|3.000000|1.000000|0.000000|0.000000,5.000828|3.000000|1.000000|0.000000|0.000000,3,0.357913,N/A,5
MOGP_NSGAII,8e783430-f1ec-11f0-9e32-6e001b3eef54,Cooling,74,59,9.411510|3.000000|0.000000|0.000000|0.000000,12.461227893829346,3.0,9.784588|3.000000|0.000000|0.000000|0.000000,4.337151|3.000000|1.000000|0.000000|0.000000,5.000828|3.000000|1.000000|0.000000|0.000000,3,0.357913,N/A,5
MOGP_NSGAII,8e783430-f1ec-11f0-9e32-6e001b3eef54,Cooling,74,60,9.411510|3.000000|0.000000|0.000000|0.000000,12.913395881652832,3.0,9.784588|3.000000|0.000000|0.000000|0.000000,4.337151|3.000000|1.000000|0.000000|0.000000,5.000828|3.000000|1.000000|0.000000|0.000000,3,0.357913,N/A,5
MOGP_NSGAII,8e783430-f1ec-11f0-9e32-6e001b3eef54,Cooling,74,61,9.411510|3.000000|0.000000|0.000000|0.000000,12.650629997253418,3.0,9.784588|3.000000|0.000000|0.000000|0.000000,4.337151|3.000000|1.000000|0.000000|0.000000,5.000828|3.000000|1.000000|0.000000|0.000000,3,0.357913,N/A,5
MOGP_NSGAII,8e783430-f1ec-11f0-9e32-6e001b3eef54,Cooling,74,62,9.411510|3.000000|0.000000|0.000000|0.000000,12.372205018997192,3.0,9.784588|3.000000|0.000000|0.000000|0.000000,4.337151|3.000000|1.000000|0.000000|0.000000,5.000828|3.000000|1.000000|0.000000|0.000000,3,0.357913,N/A,5
MOGP_NSGAII,8e783430-f1ec-11f0-9e32-6e001b3eef54,Cooling,74,63,9.411510|3.000000|0.000000|0.000000|0.000000,12.923300743103027,3.0,9.784588|3.000000|0.000000|0.000000|0.000000,4.337151|3.000000|1.000000|0.000000|0.000000,5.000828|3.000000|1.000000|0.000000|0.000000,3,0.357913,N/A,5
MOGP_NSGAII,8e783430-f1ec-11f0-9e32-6e001b3eef54,Cooling,74,64,9.411510|3.000000|0.000000|0.000000|0.000000,12.770989179611206,3.0,9.784588|3.000000|0.000000|0.000000|0.000000,4.337151|3.000000|1.000000|0.000000|0.000000,5.000828|3.000000|1.000000|0.000000|0.000000,3,0.357913,N/A,5
MOGP_NSGAII,8e783430-f1ec-11f0-9e32-6e001b3eef54,Cooling,74,65,9.411510|3.000000|0.000000|0.000000|0.000000,13.001083135604858,3.0,9.784588|3.000000|0.000000|0.000000|0.000000,4.337151|3.000000|1.000000|0.000000|0.000000,5.000828|3.000000|1.000000|0.000000|0.000000,3,0.357913,N/A,5
MOGP_NSGAII,8e783430-f1ec-11f0-9e32-6e001b3eef54,Cooling,74,66,9.411510|3.000000|0.000000|0.000000|0.000000,13.214604139328003,3.0,9.784588|3.000000|0.000000|0.000000|0.000000,4.337151|3.000000|1.000000|0.000000|0.000000,5.000828|3.000000|1.000000|0.000000|0.000000,3,0.357913,N/A,5
MOGP_NSGAII,8e783430-f1ec-11f0-9e32-6e001b3eef54,Cooling,74,67,9.411510|3.000000|0.000000|0.000000|0.000000,12.811774969100952,3.0,9.784588|3.000000|0.000000|0.000000|0.000000,4.337151|3.000000|1.000000|0.000000|0.000000,5.000828|3.000000|1.000000|0.000000|0.000000,3,0.357913,N/A,5
MOGP_NSGAII,8e783430-f1ec-11f0-9e32-6e001b3eef54,Cooling,74,68,9.411510|3.000000|0.000000|0.000000|0.000000,12.829696655273438,3.0,9.784588|3.000000|0.000000|0.000000|0.000000,4.337151|3.000000|1.000000|0.000000|0.000000,5.000828|3.000000|1.000000|0.000000|0.000000,3,0.357913,N/A,5
MOGP_NSGAII,8e783430-f1ec-11f0-9e32-6e001b3eef54,Cooling,74,69,9.411510|3.000000|0.000000|0.000000|0.000000,12.453732013702393,3.0,9.784588|3.000000|0.000000|0.000000|0.000000,4.337151|3.000000|1.000000|0.000000|0.000000,5.000828|3.000000|1.000000|0.000000|0.000000,3,0.357913,N/A,5
MOGP_NSGAII,8e783430-f1ec-11f0-9e32-6e001b3eef54,Cooling,74,70,9.411510|3.000000|0.000000|0.000000|0.000000,12.380234956741333,3.0,9.784588|3.000000|0.000000|0.000000|0.000000,4.337151|3.000000|1.000000|0.000000|0.000000,5.000828|3.000000|1.000000|0.000000|0.000000,3,0.357913,N/A,5
MOGP_NSGAII,8e783430-f1ec-11f0-9e32-6e001b3eef54,Cooling,74,71,9.411510|3.000000|0.000000|0.000000|0.000000,12.358851909637451,3.0,9.784588|3.000000|0.000000|0.000000|0.000000,4.337151|3.000000|1.000000|0.000000|0.000000,5.000828|3.000000|1.000000|0.000000|0.000000,3,0.357913,N/A,5
MOGP_NSGAII,8e783430-f1ec-11f0-9e32-6e001b3eef54,Cooling,74,72,9.411510|3.000000|0.000000|0.000000|0.000000,13.013885021209717,3.0,9.784588|3.000000|0.000000|0.000000|0.000000,4.337151|3.000000|1.000000|0.000000|0.000000,5.000828|3.000000|1.000000|0.000000|0.000000,3,0.357913,N/A,5
MOGP_NSGAII,8e783430-f1ec-11f0-9e32-6e001b3eef54,Cooling,74,73,9.411510|3.000000|0.000000|0.000000|0.000000,12.766564130783081,3.0,9.784588|3.000000|0.000000|0.000000|0.000000,4.337151|3.000000|1.000000|0.000000|0.000000,5.000828|3.000000|1.000000|0.000000|0.000000,3,0.357913,N/A,5
MOGP_NSGAII,8e783430-f1ec-11f0-9e32-6e001b3eef54,Cooling,74,74,9.411510|3.000000|0.000000|0.000000|0.000000,12.452884912490845,3.0,9.784588|3.000000|0.000000|0.000000|0.000000,4.337151|3.000000|1.000000|0.000000|0.000000,5.000828|3.000000|1.000000|0.000000|0.000000,3,0.357913,N/A,5
MOGP_NSGAII,8e783430-f1ec-11f0-9e32-6e001b3eef54,Cooling,74,75,9.411510|3.000000|0.000000|0.000000|0.000000,12.555660963058472,3.0,9.784588|3.000000|0.000000|0.000000|0.000000,4.337151|3.000000|1.000000|0.000000|0.000000,5.000828|3.000000|1.000000|0.000000|0.000000,3,0.357913,N/A,5
MOGP_NSGAII,8e783430-f1ec-11f0-9e32-6e001b3eef54,Cooling,74,76,9.411510|3.000000|0.000000|0.000000|0.000000,12.740620136260986,3.0,9.784588|3.000000|0.000000|0.000000|0.000000,4.337151|3.000000|1.000000|0.000000|0.000000,5.000828|3.000000|1.000000|0.000000|0.000000,3,0.357913,N/A,5
MOGP_NSGAII,8e783430-f1ec-11f0-9e32-6e001b3eef54,Cooling,74,77,9.411510|3.000000|0.000000|0.000000|0.000000,12.962164878845215,3.0,9.784588|3.000000|0.000000|0.000000|0.000000,4.337151|3.000000|1.000000|0.000000|0.000000,5.000828|3.000000|1.000000|0.000000|0.000000,3,0.357913,N/A,5
MOGP_NSGAII,8e783430-f1ec-11f0-9e32-6e001b3eef54,Cooling,74,78,9.411510|3.000000|0.000000|0.000000|0.000000,12.352984189987183,3.0,9.784588|3.000000|0.000000|0.000000|0.000000,4.337151|3.000000|1.000000|0.000000|0.000000,5.000828|3.000000|1.000000|0.000000|0.000000,3,0.357913,N/A,5
MOGP_NSGAII,8e783430-f1ec-11f0-9e32-6e001b3eef54,Cooling,74,79,9.411510|3.000000|0.000000|0.000000|0.000000,12.266887903213501,3.0,9.784588|3.000000|0.000000|0.000000|0.000000,4.337151|3.000000|1.000000|0.000000|0.000000,5.000828|3.000000|1.000000|0.000000|0.000000,3,0.357913,N/A,5
MOGP_NSGAII,8e783430-f1ec-11f0-9e32-6e001b3eef54,Cooling,74,80,9.411510|3.000000|0.000000|0.000000|0.000000,12.540005683898926,3.0,9.784588|3.000000|0.000000|0.000000|0.000000,4.337151|3.000000|1.000000|0.000000|0.000000,5.000828|3.000000|1.000000|0.000000|0.000000,3,0.357913,N/A,5
MOGP_NSGAII,8e783430-f1ec-11f0-9e32-6e001b3eef54,Cooling,74,81,9.411510|3.000000|0.000000|0.000000|0.000000,12.947402954101562,3.0,9.784588|3.000000|0.000000|0.000000|0.000000,4.337151|3.000000|1.000000|0.000000|0.000000,5.000828|3.000000|1.000000|0.000000|0.000000,3,0.357913,N/A,5
MOGP_NSGAII,8e783430-f1ec-11f0-9e32-6e001b3eef54,Cooling,74,82,9.411510|3.000000|0.000000|0.000000|0.000000,12.435477018356323,3.0,9.784588|3.000000|0.000000|0.000000|0.000000,4.337151|3.000000|1.000000|0.000000|0.000000,5.000828|3.000000|1.000000|0.000000|0.000000,3,0.357913,N/A,5
MOGP_NSGAII,8e783430-f1ec-11f0-9e32-6e001b3eef54,Cooling,74,83,9.411510|3.000000|0.000000|0.000000|0.000000,12.233006000518799,3.0,9.784588|3.000000|0.000000|0.000000|0.000000,4.337151|3.000000|1.000000|0.000000|0.000000,5.000828|3.000000|1.000000|0.000000|0.000000,3,0.357913,N/A,5
MOGP_NSGAII,8e783430-f1ec-11f0-9e32-6e001b3eef54,Cooling,74,84,9.411510|3.000000|0.000000|0.000000|0.000000,12.322782278060913,3.0,9.784588|3.000000|0.000000|0.000000|0.000000,4.337151|3.000000|1.000000|0.000000|0.000000,5.000828|3.000000|1.000000|0.000000|0.000000,3,0.357913,N/A,5
MOGP_NSGAII,8e783430-f1ec-11f0-9e32-6e001b3eef54,Cooling,74,85,9.411510|3.000000|0.000000|0.000000|0.000000,12.61070704460144,3.0,9.784588|3.000000|0.000000|0.000000|0.000000,4.337151|3.000000|1.000000|0.000000|0.000000,5.000828|3.000000|1.000000|0.000000|0.000000,3,0.357913,N/A,5
MOGP_NSGAII,8e783430-f1ec-11f0-9e32-6e001b3eef54,Cooling,74,86,9.411510|3.000000|0.000000|0.000000|0.000000,12.253062963485718,3.0,9.784588|3.000000|0.000000|0.000000|0.000000,4.337151|3.000000|1.000000|0.000000|0.000000,5.000828|3.000000|1.000000|0.000000|0.000000,3,0.357913,N/A,5
MOGP_NSGAII,8e783430-f1ec-11f0-9e32-6e001b3eef54,Cooling,74,87,9.411510|3.000000|0.000000|0.000000|0.000000,12.345390796661377,3.0,9.784588|3.000000|0.000000|0.000000|0.000000,4.337151|3.000000|1.000000|0.000000|0.000000,5.000828|3.000000|1.000000|0.000000|0.000000,3,0.357913,N/A,5
MOGP_NSGAII,8e783430-f1ec-11f0-9e32-6e001b3eef54,Cooling,74,88,9.411510|3.000000|0.000000|0.000000|0.000000,12.29272198677063,3.0,9.784588|3.000000|0.000000|0.000000|0.000000,4.337151|3.000000|1.000000|0.000000|0.000000,5.000828|3.000000|1.000000|0.000000|0.000000,3,0.357913,N/A,5
MOGP_NSGAII,8e783430-f1ec-11f0-9e32-6e001b3eef54,Cooling,74,89,9.411510|3.000000|0.000000|0.000000|0.000000,12.29965591430664,3.0,9.784588|3.000000|0.000000|0.000000|0.000000,4.337151|3.000000|1.000000|0.000000|0.000000,5.000828|3.000000|1.000000|0.000000|0.000000,3,0.357913,N/A,5
MOGP_NSGAII,8e783430-f1ec-11f0-9e32-6e001b3eef54,Cooling,74,90,9.411510|3.000000|0.000000|0.000000|0.000000,12.48289179801941,3.0,9.784588|3.000000|0.000000|0.000000|0.000000,4.337151|3.000000|1.000000|0.000000|0.000000,5.000828|3.000000|1.000000|0.000000|0.000000,3,0.357913,N/A,5
MOGP_NSGAII,8e783430-f1ec-11f0-9e32-6e001b3eef54,Cooling,74,91,9.411510|3.000000|0.000000|0.000000|0.000000,12.665747880935669,3.0,9.784588|3.000000|0.000000|0.000000|0.000000,4.337151|3.000000|1.000000|0.000000|0.000000,5.000828|3.000000|1.000000|0.000000|0.000000,3,0.357913,N/A,5
MOGP_NSGAII,8e783430-f1ec-11f0-9e32-6e001b3eef54,Cooling,74,92,9.411510|3.000000|0.000000|0.000000|0.000000,12.76744294166565,3.0,9.784588|3.000000|0.000000|0.000000|0.000000,4.337151|3.000000|1.000000|0.000000|0.000000,5.000828|3.000000|1.000000|0.000000|0.000000,3,0.357913,N/A,5
MOGP_NSGAII,8e783430-f1ec-11f0-9e32-6e001b3eef54,Cooling,74,93,9.411510|3.000000|0.000000|0.000000|0.000000,12.236734867095947,3.0,9.784588|3.000000|0.000000|0.000000|0.000000,4.337151|3.000000|1.000000|0.000000|0.000000,5.000828|3.000000|1.000000|0.000000|0.000000,3,0.357913,N/A,5
MOGP_NSGAII,8e783430-f1ec-11f0-9e32-6e001b3eef54,Cooling,74,94,9.411510|3.000000|0.000000|0.000000|0.000000,12.360979318618774,3.0,9.784588|3.000000|0.000000|0.000000|0.000000,4.337151|3.000000|1.000000|0.000000|0.000000,5.000828|3.000000|1.000000|0.000000|0.000000,3,0.357913,N/A,5
MOGP_NSGAII,8e783430-f1ec-11f0-9e32-6e001b3eef54,Cooling,74,95,9.411510|3.000000|0.000000|0.000000|0.000000,12.184921026229858,3.0,9.784588|3.000000|0.000000|0.000000|0.000000,4.337151|3.000000|1.000000|0.000000|0.000000,5.000828|3.000000|1.000000|0.000000|0.000000,3,0.357913,N/A,5
MOGP_NSGAII,8e783430-f1ec-11f0-9e32-6e001b3eef54,Cooling,74,96,9.411510|3.000000|0.000000|0.000000|0.000000,12.574588298797607,3.0,9.784588|3.000000|0.000000|0.000000|0.000000,4.337151|3.000000|1.000000|0.000000|0.000000,5.000828|3.000000|1.000000|0.000000|0.000000,3,0.357913,N/A,5
MOGP_NSGAII,8e783430-f1ec-11f0-9e32-6e001b3eef54,Cooling,74,97,9.411510|3.000000|0.000000|0.000000|0.000000,12.556217193603516,3.0,9.784588|3.000000|0.000000|0.000000|0.000000,4.337151|3.000000|1.000000|0.000000|0.000000,5.000828|3.000000|1.000000|0.000000|0.000000,3,0.357913,N/A,5
MOGP_NSGAII,8e783430-f1ec-11f0-9e32-6e001b3eef54,Cooling,74,98,9.411510|3.000000|0.000000|0.000000|0.000000,12.227554082870483,3.0,9.784588|3.000000|0.000000|0.000000|0.000000,4.337151|3.000000|1.000000|0.000000|0.000000,5.000828|3.000000|1.000000|0.000000|0.000000,3,0.357913,N/A,5
MOGP_NSGAII,8e783430-f1ec-11f0-9e32-6e001b3eef54,Cooling,74,99,9.411510|3.000000|0.000000|0.000000|0.000000,12.760555028915405,3.0,9.784588|3.000000|0.000000|0.000000|0.000000,4.337151|3.000000|1.000000|0.000000|0.000000,5.000828|3.000000|1.000000|0.000000|0.000000,3,0.357913,N/A,5
MOGP_NSGAII,8e783430-f1ec-11f0-9e32-6e001b3eef54,Cooling,74,100,9.411510|3.000000|0.000000|0.000000|0.000000,12.799710988998413,3.0,9.784588|3.000000|0.000000|0.000000|0.000000,4.309445|9.000000|3.000000|1.000000|0.000000,4.836836|9.000000|3.000000|1.000000|0.000000,9,0.438600,N/A,5
MOGP_NSGAII,8e783430-f1ec-11f0-9e32-6e001b3eef54,Cooling,74,101,9.411510|3.000000|0.000000|0.000000|0.000000,12.489905834197998,3.0,9.784588|3.000000|0.000000|0.000000|0.000000,4.309445|9.000000|3.000000|1.000000|0.000000,4.836836|9.000000|3.000000|1.000000|0.000000,9,0.438600,N/A,5
MOGP_NSGAII,8e783430-f1ec-11f0-9e32-6e001b3eef54,Cooling,74,102,9.411510|3.000000|0.000000|0.000000|0.000000,12.566129207611084,3.0,9.784588|3.000000|0.000000|0.000000|0.000000,4.309445|9.000000|3.000000|1.000000|0.000000,4.836836|9.000000|3.000000|1.000000|0.000000,9,0.438600,N/A,5
MOGP_NSGAII,8e783430-f1ec-11f0-9e32-6e001b3eef54,Cooling,74,103,9.411510|3.000000|0.000000|0.000000|0.000000,12.434704303741455,3.0,9.784588|3.000000|0.000000|0.000000|0.000000,4.309445|9.000000|3.000000|1.000000|0.000000,4.836836|9.000000|3.000000|1.000000|0.000000,9,0.438600,N/A,5
MOGP_NSGAII,8e783430-f1ec-11f0-9e32-6e001b3eef54,Cooling,74,104,9.411510|3.000000|0.000000|0.000000|0.000000,12.353417158126831,3.0,9.784588|3.000000|0.000000|0.000000|0.000000,4.309445|9.000000|3.000000|1.000000|0.000000,4.836836|9.000000|3.000000|1.000000|0.000000,9,0.438600,N/A,5
MOGP_NSGAII,8e783430-f1ec-11f0-9e32-6e001b3eef54,Cooling,74,105,9.411510|3.000000|0.000000|0.000000|0.000000,12.645698070526123,3.0,9.784588|3.000000|0.000000|0.000000|0.000000,4.309445|9.000000|3.000000|1.000000|0.000000,4.836836|9.000000|3.000000|1.000000|0.000000,9,0.438600,N/A,5
MOGP_NSGAII,8e783430-f1ec-11f0-9e32-6e001b3eef54,Cooling,74,106,9.411510|3.000000|0.000000|0.000000|0.000000,12.540727853775024,3.0,9.784588|3.000000|0.000000|0.000000|0.000000,4.309445|9.000000|3.000000|1.000000|0.000000,4.836836|9.000000|3.000000|1.000000|0.000000,9,0.438600,N/A,5
MOGP_NSGAII,8e783430-f1ec-11f0-9e32-6e001b3eef54,Cooling,74,107,9.411510|3.000000|0.000000|0.000000|0.000000,12.358232021331787,3.0,9.784588|3.000000|0.000000|0.000000|0.000000,4.309445|9.000000|3.000000|1.000000|0.000000,4.836836|9.000000|3.000000|1.000000|0.000000,9,0.438600,N/A,5
MOGP_NSGAII,8e783430-f1ec-11f0-9e32-6e001b3eef54,Cooling,74,108,9.411510|3.000000|0.000000|0.000000|0.000000,13.019845962524414,3.0,9.784588|3.000000|0.000000|0.000000|0.000000,4.309445|9.000000|3.000000|1.000000|0.000000,4.836836|9.000000|3.000000|1.000000|0.000000,9,0.438600,N/A,5
MOGP_NSGAII,8e783430-f1ec-11f0-9e32-6e001b3eef54,Cooling,74,109,9.411510|3.000000|0.000000|0.000000|0.000000,12.485769987106323,3.0,9.784588|3.000000|0.000000|0.000000|0.000000,4.309445|9.000000|3.000000|1.000000|0.000000,4.836836|9.000000|3.000000|1.000000|0.000000,9,0.438600,N/A,5
MOGP_NSGAII,8e783430-f1ec-11f0-9e32-6e001b3eef54,Cooling,74,110,9.411510|3.000000|0.000000|0.000000|0.000000,12.589191198348999,3.0,9.784588|3.000000|0.000000|0.000000|0.000000,4.309445|9.000000|3.000000|1.000000|0.000000,4.836836|9.000000|3.000000|1.000000|0.000000,9,0.438600,N/A,5
MOGP_NSGAII,8e783430-f1ec-11f0-9e32-6e001b3eef54,Cooling,74,111,9.411510|3.000000|0.000000|0.000000|0.000000,12.345728874206543,3.0,9.784588|3.000000|0.000000|0.000000|0.000000,4.309445|9.000000|3.000000|1.000000|0.000000,4.836836|9.000000|3.000000|1.000000|0.000000,9,0.438600,N/A,5
MOGP_NSGAII,8e783430-f1ec-11f0-9e32-6e001b3eef54,Cooling,74,112,9.411510|3.000000|0.000000|0.000000|0.000000,13.11161208152771,3.0,9.784588|3.000000|0.000000|0.000000|0.000000,4.309445|9.000000|3.000000|1.000000|0.000000,4.836836|9.000000|3.000000|1.000000|0.000000,9,0.438600,N/A,5
MOGP_NSGAII,8e783430-f1ec-11f0-9e32-6e001b3eef54,Cooling,74,113,9.411510|3.000000|0.000000|0.000000|0.000000,12.340033054351807,3.0,9.784588|3.000000|0.000000|0.000000|0.000000,4.309445|9.000000|3.000000|1.000000|0.000000,4.836836|9.000000|3.000000|1.000000|0.000000,9,0.438600,N/A,5
MOGP_NSGAII,8e783430-f1ec-11f0-9e32-6e001b3eef54,Cooling,74,114,9.411510|3.000000|0.000000|0.000000|0.000000,11.949778079986572,3.0,9.784588|3.000000|0.000000|0.000000|0.000000,4.309445|9.000000|3.000000|1.000000|0.000000,4.836836|9.000000|3.000000|1.000000|0.000000,9,0.438600,N/A,5
MOGP_NSGAII,8e783430-f1ec-11f0-9e32-6e001b3eef54,Cooling,74,115,9.411510|3.000000|0.000000|0.000000|0.000000,12.27372694015503,3.0,9.784588|3.000000|0.000000|0.000000|0.000000,4.309445|9.000000|3.000000|1.000000|0.000000,4.836836|9.000000|3.000000|1.000000|0.000000,9,0.438600,N/A,5
MOGP_NSGAII,8e783430-f1ec-11f0-9e32-6e001b3eef54,Cooling,74,116,9.411510|3.000000|0.000000|0.000000|0.000000,12.599448680877686,3.0,9.784588|3.000000|0.000000|0.000000|0.000000,4.309445|9.000000|3.000000|1.000000|0.000000,4.836836|9.000000|3.000000|1.000000|0.000000,9,0.438600,N/A,5
MOGP_NSGAII,8e783430-f1ec-11f0-9e32-6e001b3eef54,Cooling,74,117,9.411510|3.000000|0.000000|0.000000|0.000000,12.40038776397705,3.0,9.784588|3.000000|0.000000|0.000000|0.000000,4.309445|9.000000|3.000000|1.000000|0.000000,4.836836|9.000000|3.000000|1.000000|0.000000,9,0.438600,N/A,5
MOGP_NSGAII,8e783430-f1ec-11f0-9e32-6e001b3eef54,Cooling,74,118,9.411510|3.000000|0.000000|0.000000|0.000000,12.371569871902466,3.0,9.784588|3.000000|0.000000|0.000000|0.000000,4.309445|9.000000|3.000000|1.000000|0.000000,4.836836|9.000000|3.000000|1.000000|0.000000,9,0.438600,N/A,5
MOGP_NSGAII,8e783430-f1ec-11f0-9e32-6e001b3eef54,Cooling,74,119,9.411510|3.000000|0.000000|0.000000|0.000000,12.604891061782837,3.0,9.784588|3.000000|0.000000|0.000000|0.000000,4.309445|9.000000|3.000000|1.000000|0.000000,4.836836|9.000000|3.000000|1.000000|0.000000,9,0.438600,N/A,5
MOGP_NSGAII,8e783430-f1ec-11f0-9e32-6e001b3eef54,Cooling,74,120,9.411510|3.000000|0.000000|0.000000|0.000000,12.329398155212402,3.0,9.784588|3.000000|0.000000|0.000000|0.000000,4.309445|9.000000|3.000000|1.000000|0.000000,4.836836|9.000000|3.000000|1.000000|0.000000,9,0.438600,N/A,5
MOGP_NSGAII,8e783430-f1ec-11f0-9e32-6e001b3eef54,Cooling,74,121,9.411510|3.000000|0.000000|0.000000|0.000000,11.995487928390503,3.0,9.784588|3.000000|0.000000|0.000000|0.000000,4.309445|9.000000|3.000000|1.000000|0.000000,4.836836|9.000000|3.000000|1.000000|0.000000,9,0.438600,N/A,5
MOGP_NSGAII,8e783430-f1ec-11f0-9e32-6e001b3eef54,Cooling,74,122,9.411510|3.000000|0.000000|0.000000|0.000000,11.461280107498169,3.0,9.784588|3.000000|0.000000|0.000000|0.000000,4.309445|9.000000|3.000000|1.000000|0.000000,4.836836|9.000000|3.000000|1.000000|0.000000,9,0.438600,N/A,5
MOGP_NSGAII,8e783430-f1ec-11f0-9e32-6e001b3eef54,Cooling,74,123,9.411510|3.000000|0.000000|0.000000|0.000000,11.953938961029053,3.0,9.784588|3.000000|0.000000|0.000000|0.000000,4.309445|9.000000|3.000000|1.000000|0.000000,4.836836|9.000000|3.000000|1.000000|0.000000,9,0.438600,N/A,5
MOGP_NSGAII,8e783430-f1ec-11f0-9e32-6e001b3eef54,Cooling,74,124,9.411510|3.000000|0.000000|0.000000|0.000000,12.012560844421387,3.0,9.784588|3.000000|0.000000|0.000000|0.000000,4.309445|9.000000|3.000000|1.000000|0.000000,4.836836|9.000000|3.000000|1.000000|0.000000,9,0.438600,N/A,5
MOGP_NSGAII,8e783430-f1ec-11f0-9e32-6e001b3eef54,Cooling,74,125,9.411510|3.000000|0.000000|0.000000|0.000000,12.073518753051758,3.0,9.784588|3.000000|0.000000|0.000000|0.000000,4.309445|9.000000|3.000000|1.000000|0.000000,4.836836|9.000000|3.000000|1.000000|0.000000,9,0.438600,N/A,5
MOGP_NSGAII,8e783430-f1ec-11f0-9e32-6e001b3eef54,Cooling,74,126,9.411510|3.000000|0.000000|0.000000|0.000000,12.46014404296875,3.0,9.784588|3.000000|0.000000|0.000000|0.000000,4.309445|9.000000|3.000000|1.000000|0.000000,4.836836|9.000000|3.000000|1.000000|0.000000,9,0.438600,N/A,5
MOGP_NSGAII,8e783430-f1ec-11f0-9e32-6e001b3eef54,Cooling,74,127,9.411510|3.000000|0.000000|0.000000|0.000000,11.842834949493408,3.0,9.784588|3.000000|0.000000|0.000000|0.000000,4.309445|9.000000|3.000000|1.000000|0.000000,4.836836|9.000000|3.000000|1.000000|0.000000,9,0.438600,N/A,5
MOGP_NSGAII,8e783430-f1ec-11f0-9e32-6e001b3eef54,Cooling,74,128,9.411510|3.000000|0.000000|0.000000|0.000000,12.24337363243103,3.0,9.784588|3.000000|0.000000|0.000000|0.000000,4.309445|9.000000|3.000000|1.000000|0.000000,4.836836|9.000000|3.000000|1.000000|0.000000,9,0.438600,N/A,5
MOGP_NSGAII,8e783430-f1ec-11f0-9e32-6e001b3eef54,Cooling,74,129,9.411510|3.000000|0.000000|0.000000|0.000000,12.145005226135254,3.0,9.784588|3.000000|0.000000|0.000000|0.000000,4.309445|9.000000|3.000000|1.000000|0.000000,4.836836|9.000000|3.000000|1.000000|0.000000,9,0.438600,N/A,5
MOGP_NSGAII,8e783430-f1ec-11f0-9e32-6e001b3eef54,Cooling,74,130,9.411510|3.000000|0.000000|0.000000|0.000000,11.684684038162231,3.0,9.784588|3.000000|0.000000|0.000000|0.000000,4.309445|9.000000|3.000000|1.000000|0.000000,4.836836|9.000000|3.000000|1.000000|0.000000,9,0.438600,N/A,5
MOGP_NSGAII,8e783430-f1ec-11f0-9e32-6e001b3eef54,Cooling,74,131,9.411510|3.000000|0.000000|0.000000|0.000000,12.495755910873413,3.0,9.784588|3.000000|0.000000|0.000000|0.000000,4.309445|9.000000|3.000000|1.000000|0.000000,4.836836|9.000000|3.000000|1.000000|0.000000,9,0.438600,N/A,5
MOGP_NSGAII,8e783430-f1ec-11f0-9e32-6e001b3eef54,Cooling,74,132,9.411510|3.000000|0.000000|0.000000|0.000000,12.674845218658447,3.0,9.784588|3.000000|0.000000|0.000000|0.000000,4.309445|9.000000|3.000000|1.000000|0.000000,4.836836|9.000000|3.000000|1.000000|0.000000,9,0.438600,N/A,5
MOGP_NSGAII,8e783430-f1ec-11f0-9e32-6e001b3eef54,Cooling,74,133,9.411510|3.000000|0.000000|0.000000|0.000000,12.199306964874268,3.0,9.784588|3.000000|0.000000|0.000000|0.000000,4.309445|9.000000|3.000000|1.000000|0.000000,4.836836|9.000000|3.000000|1.000000|0.000000,9,0.438600,N/A,5
MOGP_NSGAII,8e783430-f1ec-11f0-9e32-6e001b3eef54,Cooling,74,134,9.411510|3.000000|0.000000|0.000000|0.000000,12.367559909820557,3.0,9.784588|3.000000|0.000000|0.000000|0.000000,4.309445|9.000000|3.000000|1.000000|0.000000,4.836836|9.000000|3.000000|1.000000|0.000000,9,0.438600,N/A,5
MOGP_NSGAII,8e783430-f1ec-11f0-9e32-6e001b3eef54,Cooling,74,135,9.411510|3.000000|0.000000|0.000000|0.000000,11.91757583618164,3.0,9.784588|3.000000|0.000000|0.000000|0.000000,4.309445|9.000000|3.000000|1.000000|0.000000,4.836836|9.000000|3.000000|1.000000|0.000000,9,0.438600,N/A,5
MOGP_NSGAII,8e783430-f1ec-11f0-9e32-6e001b3eef54,Cooling,74,136,9.411510|3.000000|0.000000|0.000000|0.000000,11.775895118713379,3.0,9.784588|3.000000|0.000000|0.000000|0.000000,4.309445|9.000000|3.000000|1.000000|0.000000,4.836836|9.000000|3.000000|1.000000|0.000000,9,0.438600,N/A,5
MOGP_NSGAII,8e783430-f1ec-11f0-9e32-6e001b3eef54,Cooling,74,137,9.411510|3.000000|0.000000|0.000000|0.000000,11.565632104873657,3.0,9.784588|3.000000|0.000000|0.000000|0.000000,4.309445|9.000000|3.000000|1.000000|0.000000,4.836836|9.000000|3.000000|1.000000|0.000000,9,0.438600,N/A,5
MOGP_NSGAII,8e783430-f1ec-11f0-9e32-6e001b3eef54,Cooling,74,138,9.411510|3.000000|0.000000|0.000000|0.000000,12.18734884262085,3.0,9.784588|3.000000|0.000000|0.000000|0.000000,4.309445|9.000000|3.000000|1.000000|0.000000,4.836836|9.000000|3.000000|1.000000|0.000000,9,0.438600,N/A,5
MOGP_NSGAII,8e783430-f1ec-11f0-9e32-6e001b3eef54,Cooling,74,139,9.411510|3.000000|0.000000|0.000000|0.000000,12.28697919845581,3.0,9.784588|3.000000|0.000000|0.000000|0.000000,4.309445|9.000000|3.000000|1.000000|0.000000,4.836836|9.000000|3.000000|1.000000|0.000000,9,0.438600,N/A,5
MOGP_NSGAII,8e783430-f1ec-11f0-9e32-6e001b3eef54,Cooling,74,140,9.411510|3.000000|0.000000|0.000000|0.000000,12.102246761322021,3.0,9.784588|3.000000|0.000000|0.000000|0.000000,4.309445|9.000000|3.000000|1.000000|0.000000,4.836836|9.000000|3.000000|1.000000|0.000000,9,0.438600,N/A,5
MOGP_NSGAII,8e783430-f1ec-11f0-9e32-6e001b3eef54,Cooling,74,141,9.411510|3.000000|0.000000|0.000000|0.000000,12.214488744735718,3.0,9.784588|3.000000|0.000000|0.000000|0.000000,4.309445|9.000000|3.000000|1.000000|0.000000,4.836836|9.000000|3.000000|1.000000|0.000000,9,0.438600,N/A,5
MOGP_NSGAII,8e783430-f1ec-11f0-9e32-6e001b3eef54,Cooling,74,142,9.411510|3.000000|0.000000|0.000000|0.000000,12.079679012298584,3.0,9.784588|3.000000|0.000000|0.000000|0.000000,4.309445|9.000000|3.000000|1.000000|0.000000,4.836836|9.000000|3.000000|1.000000|0.000000,9,0.438600,N/A,5
MOGP_NSGAII,8e783430-f1ec-11f0-9e32-6e001b3eef54,Cooling,74,143,9.411510|3.000000|0.000000|0.000000|0.000000,13.159446954727173,3.0,9.784588|3.000000|0.000000|0.000000|0.000000,4.309445|9.000000|3.000000|1.000000|0.000000,4.836836|9.000000|3.000000|1.000000|0.000000,9,0.438600,N/A,5
MOGP_NSGAII,8e783430-f1ec-11f0-9e32-6e001b3eef54,Cooling,74,144,9.411510|3.000000|0.000000|0.000000|0.000000,12.82518482208252,3.0,9.784588|3.000000|0.000000|0.000000|0.000000,4.309445|9.000000|3.000000|1.000000|0.000000,4.836836|9.000000|3.000000|1.000000|0.000000,9,0.438600,N/A,5
MOGP_NSGAII,8e783430-f1ec-11f0-9e32-6e001b3eef54,Cooling,74,145,9.411510|3.000000|0.000000|0.000000|0.000000,12.46626091003418,3.0,9.784588|3.000000|0.000000|0.000000|0.000000,4.309445|9.000000|3.000000|1.000000|0.000000,4.836836|9.000000|3.000000|1.000000|0.000000,9,0.438600,N/A,5
MOGP_NSGAII,8e783430-f1ec-11f0-9e32-6e001b3eef54,Cooling,74,146,9.411510|3.000000|0.000000|0.000000|0.000000,12.385987758636475,3.0,9.784588|3.000000|0.000000|0.000000|0.000000,4.309445|9.000000|3.000000|1.000000|0.000000,4.836836|9.000000|3.000000|1.000000|0.000000,9,0.438600,N/A,5
MOGP_NSGAII,8e783430-f1ec-11f0-9e32-6e001b3eef54,Cooling,74,147,9.411510|3.000000|0.000000|0.000000|0.000000,12.311617851257324,3.0,9.784588|3.000000|0.000000|0.000000|0.000000,4.309445|9.000000|3.000000|1.000000|0.000000,4.836836|9.000000|3.000000|1.000000|0.000000,9,0.438600,N/A,5
MOGP_NSGAII,8e783430-f1ec-11f0-9e32-6e001b3eef54,Cooling,74,148,9.411510|3.000000|0.000000|0.000000|0.000000,12.559293031692505,3.0,9.784588|3.000000|0.000000|0.000000|0.000000,4.309445|9.000000|3.000000|1.000000|0.000000,4.836836|9.000000|3.000000|1.000000|0.000000,9,0.438600,N/A,5
MOGP_NSGAII,8e783430-f1ec-11f0-9e32-6e001b3eef54,Cooling,74,149,9.411510|3.000000|0.000000|0.000000|0.000000,12.528087139129639,3.0,9.784588|3.000000|0.000000|0.000000|0.000000,4.309445|9.000000|3.000000|1.000000|0.000000,4.836836|9.000000|3.000000|1.000000|0.000000,9,0.438600,N/A,5
MOGP_NSGAII,8e783430-f1ec-11f0-9e32-6e001b3eef54,Cooling,74,150,9.411510|3.000000|0.000000|0.000000|0.000000,12.440845727920532,3.0,9.784588|3.000000|0.000000|0.000000|0.000000,4.309445|9.000000|3.000000|1.000000|0.000000,4.836836|9.000000|3.000000|1.000000|0.000000,9,0.438600,N/A,5
MOGP_NSGAII,8e783430-f1ec-11f0-9e32-6e001b3eef54,Cooling,74,151,9.411510|3.000000|0.000000|0.000000|0.000000,12.258573055267334,3.0,9.784588|3.000000|0.000000|0.000000|0.000000,4.309445|9.000000|3.000000|1.000000|0.000000,4.836836|9.000000|3.000000|1.000000|0.000000,9,0.438600,N/A,5
MOGP_NSGAII,8e783430-f1ec-11f0-9e32-6e001b3eef54,Cooling,74,152,9.411510|3.000000|0.000000|0.000000|0.000000,12.511023044586182,3.0,9.784588|3.000000|0.000000|0.000000|0.000000,4.309445|9.000000|3.000000|1.000000|0.000000,4.836836|9.000000|3.000000|1.000000|0.000000,9,0.438600,N/A,5
MOGP_NSGAII,8e783430-f1ec-11f0-9e32-6e001b3eef54,Cooling,74,153,9.411510|3.000000|0.000000|0.000000|0.000000,12.249489307403564,3.0,9.784588|3.000000|0.000000|0.000000|0.000000,4.309445|9.000000|3.000000|1.000000|0.000000,4.836836|9.000000|3.000000|1.000000|0.000000,9,0.438600,N/A,5
MOGP_NSGAII,8e783430-f1ec-11f0-9e32-6e001b3eef54,Cooling,74,154,9.411510|3.000000|0.000000|0.000000|0.000000,12.61338210105896,3.0,9.784588|3.000000|0.000000|0.000000|0.000000,4.309445|9.000000|3.000000|1.000000|0.000000,4.836836|9.000000|3.000000|1.000000|0.000000,9,0.438600,N/A,5
MOGP_NSGAII,8e783430-f1ec-11f0-9e32-6e001b3eef54,Cooling,74,155,9.411510|3.000000|0.000000|0.000000|0.000000,11.687922954559326,3.0,9.784588|3.000000|0.000000|0.000000|0.000000,4.309445|9.000000|3.000000|1.000000|0.000000,4.836836|9.000000|3.000000|1.000000|0.000000,9,0.438600,N/A,5
MOGP_NSGAII,8e783430-f1ec-11f0-9e32-6e001b3eef54,Cooling,74,156,9.411510|3.000000|0.000000|0.000000|0.000000,12.633028268814087,3.0,9.784588|3.000000|0.000000|0.000000|0.000000,4.309445|9.000000|3.000000|1.000000|0.000000,4.836836|9.000000|3.000000|1.000000|0.000000,9,0.438600,N/A,5
MOGP_NSGAII,8e783430-f1ec-11f0-9e32-6e001b3eef54,Cooling,74,157,9.411510|3.000000|0.000000|0.000000|0.000000,12.138021230697632,3.0,9.784588|3.000000|0.000000|0.000000|0.000000,4.309445|9.000000|3.000000|1.000000|0.000000,4.836836|9.000000|3.000000|1.000000|0.000000,9,0.438600,N/A,5
MOGP_NSGAII,8e783430-f1ec-11f0-9e32-6e001b3eef54,Cooling,74,158,9.411510|3.000000|0.000000|0.000000|0.000000,12.186024904251099,3.0,9.784588|3.000000|0.000000|0.000000|0.000000,4.309445|9.000000|3.000000|1.000000|0.000000,4.836836|9.000000|3.000000|1.000000|0.000000,9,0.438600,N/A,5
MOGP_NSGAII,8e783430-f1ec-11f0-9e32-6e001b3eef54,Cooling,74,159,9.411510|3.000000|0.000000|0.000000|0.000000,12.268367767333984,3.0,9.784588|3.000000|0.000000|0.000000|0.000000,4.309445|9.000000|3.000000|1.000000|0.000000,4.836836|9.000000|3.000000|1.000000|0.000000,9,0.438600,N/A,5
MOGP_NSGAII,8e783430-f1ec-11f0-9e32-6e001b3eef54,Cooling,74,160,9.411510|3.000000|0.000000|0.000000|0.000000,12.461458921432495,3.0,9.784588|3.000000|0.000000|0.000000|0.000000,4.309445|9.000000|3.000000|1.000000|0.000000,4.836836|9.000000|3.000000|1.000000|0.000000,9,0.438600,N/A,5
MOGP_NSGAII,8e783430-f1ec-11f0-9e32-6e001b3eef54,Cooling,74,161,9.411510|3.000000|0.000000|0.000000|0.000000,12.89482307434082,3.0,9.784588|3.000000|0.000000|0.000000|0.000000,4.309445|9.000000|3.000000|1.000000|0.000000,4.836836|9.000000|3.000000|1.000000|0.000000,9,0.438600,N/A,5
MOGP_NSGAII,8e783430-f1ec-11f0-9e32-6e001b3eef54,Cooling,74,162,9.411510|3.000000|0.000000|0.000000|0.000000,12.426467895507812,3.0,9.784588|3.000000|0.000000|0.000000|0.000000,4.309445|9.000000|3.000000|1.000000|0.000000,4.836836|9.000000|3.000000|1.000000|0.000000,9,0.438600,N/A,5
MOGP_NSGAII,8e783430-f1ec-11f0-9e32-6e001b3eef54,Cooling,74,163,9.411510|3.000000|0.000000|0.000000|0.000000,12.31987190246582,3.0,9.784588|3.000000|0.000000|0.000000|0.000000,4.309445|9.000000|3.000000|1.000000|0.000000,4.836836|9.000000|3.000000|1.000000|0.000000,9,0.438600,N/A,5
MOGP_NSGAII,8e783430-f1ec-11f0-9e32-6e001b3eef54,Cooling,74,164,9.411510|3.000000|0.000000|0.000000|0.000000,12.729534149169922,3.0,9.784588|3.000000|0.000000|0.000000|0.000000,4.309445|9.000000|3.000000|1.000000|0.000000,4.836836|9.000000|3.000000|1.000000|0.000000,9,0.438600,N/A,5
MOGP_NSGAII,8e783430-f1ec-11f0-9e32-6e001b3eef54,Cooling,74,165,9.411510|3.000000|0.000000|0.000000|0.000000,12.437940120697021,3.0,9.784588|3.000000|0.000000|0.000000|0.000000,4.309445|9.000000|3.000000|1.000000|0.000000,4.836836|9.000000|3.000000|1.000000|0.000000,9,0.438600,N/A,5
MOGP_NSGAII,8e783430-f1ec-11f0-9e32-6e001b3eef54,Cooling,74,166,9.411510|3.000000|0.000000|0.000000|0.000000,12.387618780136108,3.0,9.784588|3.000000|0.000000|0.000000|0.000000,4.309445|9.000000|3.000000|1.000000|0.000000,4.836836|9.000000|3.000000|1.000000|0.000000,9,0.438600,N/A,5
MOGP_NSGAII,8e783430-f1ec-11f0-9e32-6e001b3eef54,Cooling,74,167,9.411510|3.000000|0.000000|0.000000|0.000000,12.33365511894226,3.0,9.784588|3.000000|0.000000|0.000000|0.000000,4.309445|9.000000|3.000000|1.000000|0.000000,4.836836|9.000000|3.000000|1.000000|0.000000,9,0.438600,N/A,5
MOGP_NSGAII,8e783430-f1ec-11f0-9e32-6e001b3eef54,Cooling,74,168,9.411510|3.000000|0.000000|0.000000|0.000000,12.14990520477295,3.0,9.784588|3.000000|0.000000|0.000000|0.000000,4.309445|9.000000|3.000000|1.000000|0.000000,4.836836|9.000000|3.000000|1.000000|0.000000,9,0.438600,N/A,5
MOGP_NSGAII,8e783430-f1ec-11f0-9e32-6e001b3eef54,Cooling,74,169,9.411510|3.000000|0.000000|0.000000|0.000000,12.350709199905396,3.0,9.784588|3.000000|0.000000|0.000000|0.000000,4.309445|9.000000|3.000000|1.000000|0.000000,4.836836|9.000000|3.000000|1.000000|0.000000,9,0.438600,N/A,5
MOGP_NSGAII,8e783430-f1ec-11f0-9e32-6e001b3eef54,Cooling,74,170,9.411510|3.000000|0.000000|0.000000|0.000000,12.44731879234314,3.0,9.784588|3.000000|0.000000|0.000000|0.000000,4.309445|9.000000|3.000000|1.000000|0.000000,4.836836|9.000000|3.000000|1.000000|0.000000,9,0.438600,N/A,5
MOGP_NSGAII,8e783430-f1ec-11f0-9e32-6e001b3eef54,Cooling,74,171,9.411510|3.000000|0.000000|0.000000|0.000000,12.517529010772705,3.0,9.784588|3.000000|0.000000|0.000000|0.000000,4.309445|9.000000|3.000000|1.000000|0.000000,4.836836|9.000000|3.000000|1.000000|0.000000,9,0.438600,N/A,5
MOGP_NSGAII,8e783430-f1ec-11f0-9e32-6e001b3eef54,Cooling,74,172,9.411510|3.000000|0.000000|0.000000|0.000000,11.805917978286743,3.0,9.784588|3.000000|0.000000|0.000000|0.000000,4.309445|9.000000|3.000000|1.000000|0.000000,4.836836|9.000000|3.000000|1.000000|0.000000,9,0.438600,N/A,5
MOGP_NSGAII,8e783430-f1ec-11f0-9e32-6e001b3eef54,Cooling,74,173,9.411510|3.000000|0.000000|0.000000|0.000000,12.775782108306885,3.0,9.784588|3.000000|0.000000|0.000000|0.000000,4.309445|9.000000|3.000000|1.000000|0.000000,4.836836|9.000000|3.000000|1.000000|0.000000,9,0.438600,N/A,5
MOGP_NSGAII,8e783430-f1ec-11f0-9e32-6e001b3eef54,Cooling,74,174,9.411510|3.000000|0.000000|0.000000|0.000000,12.334910869598389,3.0,9.784588|3.000000|0.000000|0.000000|0.000000,4.309445|9.000000|3.000000|1.000000|0.000000,4.836836|9.000000|3.000000|1.000000|0.000000,9,0.438600,N/A,5
MOGP_NSGAII,8e783430-f1ec-11f0-9e32-6e001b3eef54,Cooling,74,175,9.411510|3.000000|0.000000|0.000000|0.000000,12.346400022506714,3.0,9.784588|3.000000|0.000000|0.000000|0.000000,4.309445|9.000000|3.000000|1.000000|0.000000,4.836836|9.000000|3.000000|1.000000|0.000000,9,0.438600,N/A,5
MOGP_NSGAII,8e783430-f1ec-11f0-9e32-6e001b3eef54,Cooling,74,176,9.411510|3.000000|0.000000|0.000000|0.000000,12.088115215301514,3.0,9.784588|3.000000|0.000000|0.000000|0.000000,4.309445|9.000000|3.000000|1.000000|0.000000,4.836836|9.000000|3.000000|1.000000|0.000000,9,0.438600,N/A,5
MOGP_NSGAII,8e783430-f1ec-11f0-9e32-6e001b3eef54,Cooling,74,177,9.411510|3.000000|0.000000|0.000000|0.000000,12.497899770736694,3.0,9.784588|3.000000|0.000000|0.000000|0.000000,4.309445|9.000000|3.000000|1.000000|0.000000,4.836836|9.000000|3.000000|1.000000|0.000000,9,0.438600,N/A,5
MOGP_NSGAII,8e783430-f1ec-11f0-9e32-6e001b3eef54,Cooling,74,178,9.411510|3.000000|0.000000|0.000000|0.000000,12.296403169631958,3.0,9.784588|3.000000|0.000000|0.000000|0.000000,4.309445|9.000000|3.000000|1.000000|0.000000,4.836836|9.000000|3.000000|1.000000|0.000000,9,0.438600,N/A,5
MOGP_NSGAII,8e783430-f1ec-11f0-9e32-6e001b3eef54,Cooling,74,179,9.411510|3.000000|0.000000|0.000000|0.000000,12.068238258361816,3.0,9.784588|3.000000|0.000000|0.000000|0.000000,4.309445|9.000000|3.000000|1.000000|0.000000,4.836836|9.000000|3.000000|1.000000|0.000000,9,0.438600,N/A,5
MOGP_NSGAII,8e783430-f1ec-11f0-9e32-6e001b3eef54,Cooling,74,180,9.411510|3.000000|0.000000|0.000000|0.000000,13.010365009307861,3.0,9.784588|3.000000|0.000000|0.000000|0.000000,4.309445|9.000000|3.000000|1.000000|0.000000,4.836836|9.000000|3.000000|1.000000|0.000000,9,0.438600,N/A,5
MOGP_NSGAII,8e783430-f1ec-11f0-9e32-6e001b3eef54,Cooling,74,181,9.411510|3.000000|0.000000|0.000000|0.000000,12.831573009490967,3.0,9.784588|3.000000|0.000000|0.000000|0.000000,4.309445|9.000000|3.000000|1.000000|0.000000,4.836836|9.000000|3.000000|1.000000|0.000000,9,0.438600,N/A,5
MOGP_NSGAII,8e783430-f1ec-11f0-9e32-6e001b3eef54,Cooling,74,182,9.411510|3.000000|0.000000|0.000000|0.000000,12.63977313041687,3.0,9.784588|3.000000|0.000000|0.000000|0.000000,4.309445|9.000000|3.000000|1.000000|0.000000,4.836836|9.000000|3.000000|1.000000|0.000000,9,0.438600,N/A,5
MOGP_NSGAII,8e783430-f1ec-11f0-9e32-6e001b3eef54,Cooling,74,183,9.411510|3.000000|0.000000|0.000000|0.000000,12.998836994171143,3.0,9.784588|3.000000|0.000000|0.000000|0.000000,4.309445|9.000000|3.000000|1.000000|0.000000,4.836836|9.000000|3.000000|1.000000|0.000000,9,0.438600,N/A,5
MOGP_NSGAII,8e783430-f1ec-11f0-9e32-6e001b3eef54,Cooling,74,184,9.411510|3.000000|0.000000|0.000000|0.000000,12.574587106704712,3.0,9.784588|3.000000|0.000000|0.000000|0.000000,4.309445|9.000000|3.000000|1.000000|0.000000,4.836836|9.000000|3.000000|1.000000|0.000000,9,0.438600,N/A,5
MOGP_NSGAII,8e783430-f1ec-11f0-9e32-6e001b3eef54,Cooling,74,185,9.411510|3.000000|0.000000|0.000000|0.000000,12.135154247283936,3.0,9.784588|3.000000|0.000000|0.000000|0.000000,4.309445|9.000000|3.000000|1.000000|0.000000,4.836836|9.000000|3.000000|1.000000|0.000000,9,0.438600,N/A,5
MOGP_NSGAII,8e783430-f1ec-11f0-9e32-6e001b3eef54,Cooling,74,186,9.411510|3.000000|0.000000|0.000000|0.000000,13.03439998626709,3.0,9.784588|3.000000|0.000000|0.000000|0.000000,4.309445|9.000000|3.000000|1.000000|0.000000,4.836836|9.000000|3.000000|1.000000|0.000000,9,0.438600,N/A,5
MOGP_NSGAII,8e783430-f1ec-11f0-9e32-6e001b3eef54,Cooling,74,187,9.411510|3.000000|0.000000|0.000000|0.000000,12.121304035186768,3.0,9.784588|3.000000|0.000000|0.000000|0.000000,4.309445|9.000000|3.000000|1.000000|0.000000,4.836836|9.000000|3.000000|1.000000|0.000000,9,0.438600,N/A,5
MOGP_NSGAII,8e783430-f1ec-11f0-9e32-6e001b3eef54,Cooling,74,188,9.411510|3.000000|0.000000|0.000000|0.000000,12.262283086776733,3.0,9.784588|3.000000|0.000000|0.000000|0.000000,4.309445|9.000000|3.000000|1.000000|0.000000,4.836836|9.000000|3.000000|1.000000|0.000000,9,0.438600,N/A,5
MOGP_NSGAII,8e783430-f1ec-11f0-9e32-6e001b3eef54,Cooling,74,189,9.411510|3.000000|0.000000|0.000000|0.000000,12.422863006591797,3.0,9.784588|3.000000|0.000000|0.000000|0.000000,4.309445|9.000000|3.000000|1.000000|0.000000,4.836836|9.000000|3.000000|1.000000|0.000000,9,0.438600,N/A,5
MOGP_NSGAII,8e783430-f1ec-11f0-9e32-6e001b3eef54,Cooling,74,190,9.411510|3.000000|0.000000|0.000000|0.000000,12.024133920669556,3.0,9.784588|3.000000|0.000000|0.000000|0.000000,4.309445|9.000000|3.000000|1.000000|0.000000,4.836836|9.000000|3.000000|1.000000|0.000000,9,0.438600,N/A,5
MOGP_NSGAII,8e783430-f1ec-11f0-9e32-6e001b3eef54,Cooling,74,191,9.411510|3.000000|0.000000|0.000000|0.000000,12.43118691444397,3.0,9.784588|3.000000|0.000000|0.000000|0.000000,4.309445|9.000000|3.000000|1.000000|0.000000,4.836836|9.000000|3.000000|1.000000|0.000000,9,0.438600,N/A,5
MOGP_NSGAII,8e783430-f1ec-11f0-9e32-6e001b3eef54,Cooling,74,192,9.411510|3.000000|0.000000|0.000000|0.000000,12.380144119262695,3.0,9.784588|3.000000|0.000000|0.000000|0.000000,4.309445|9.000000|3.000000|1.000000|0.000000,4.836836|9.000000|3.000000|1.000000|0.000000,9,0.438600,N/A,5
MOGP_NSGAII,8e783430-f1ec-11f0-9e32-6e001b3eef54,Cooling,74,193,9.411510|3.000000|0.000000|0.000000|0.000000,12.727844953536987,3.0,9.784588|3.000000|0.000000|0.000000|0.000000,4.309445|9.000000|3.000000|1.000000|0.000000,4.836836|9.000000|3.000000|1.000000|0.000000,9,0.438600,N/A,5
MOGP_NSGAII,8e783430-f1ec-11f0-9e32-6e001b3eef54,Cooling,74,194,9.411510|3.000000|0.000000|0.000000|0.000000,12.654032230377197,3.0,9.784588|3.000000|0.000000|0.000000|0.000000,4.309445|9.000000|3.000000|1.000000|0.000000,4.836836|9.000000|3.000000|1.000000|0.000000,9,0.438600,N/A,5
MOGP_NSGAII,8e783430-f1ec-11f0-9e32-6e001b3eef54,Cooling,74,195,9.411510|3.000000|0.000000|0.000000|0.000000,11.998620748519897,3.0,9.784588|3.000000|0.000000|0.000000|0.000000,4.309445|9.000000|3.000000|1.000000|0.000000,4.836836|9.000000|3.000000|1.000000|0.000000,9,0.438600,N/A,5
MOGP_NSGAII,8e783430-f1ec-11f0-9e32-6e001b3eef54,Cooling,74,196,9.411510|3.000000|0.000000|0.000000|0.000000,12.286794900894165,3.0,9.784588|3.000000|0.000000|0.000000|0.000000,4.309445|9.000000|3.000000|1.000000|0.000000,4.836836|9.000000|3.000000|1.000000|0.000000,9,0.438600,N/A,5
MOGP_NSGAII,8e783430-f1ec-11f0-9e32-6e001b3eef54,Cooling,74,197,9.411510|3.000000|0.000000|0.000000|0.000000,12.36406397819519,3.0,9.784588|3.000000|0.000000|0.000000|0.000000,4.309445|9.000000|3.000000|1.000000|0.000000,4.836836|9.000000|3.000000|1.000000|0.000000,9,0.438600,N/A,5
MOGP_NSGAII,8e783430-f1ec-11f0-9e32-6e001b3eef54,Cooling,74,198,9.411510|3.000000|0.000000|0.000000|0.000000,13.107071876525879,3.0,9.784588|3.000000|0.000000|0.000000|0.000000,4.309445|9.000000|3.000000|1.000000|0.000000,4.836836|9.000000|3.000000|1.000000|0.000000,9,0.438600,N/A,5
MOGP_NSGAII,8e783430-f1ec-11f0-9e32-6e001b3eef54,Cooling,74,199,9.411510|3.000000|0.000000|0.000000|0.000000,14.083483934402466,3.0,9.784588|3.000000|0.000000|0.000000|0.000000,4.309445|9.000000|3.000000|1.000000|0.000000,4.836836|9.000000|3.000000|1.000000|0.000000,9,0.438600,N/A,5
MOGP_NSGAII,8e783430-f1ec-11f0-9e32-6e001b3eef54,Cooling,74,200,9.411510|3.000000|0.000000|0.000000|0.000000,12.294471979141235,3.0,9.784588|3.000000|0.000000|0.000000|0.000000,4.309445|9.000000|3.000000|1.000000|0.000000,4.836836|9.000000|3.000000|1.000000|0.000000,9,0.438600,N/A,5
MOGP_NSGAII,8e783430-f1ec-11f0-9e32-6e001b3eef54,Cooling,74,201,9.411510|3.000000|0.000000|0.000000|0.000000,12.281650066375732,3.0,9.784588|3.000000|0.000000|0.000000|0.000000,4.309445|9.000000|3.000000|1.000000|0.000000,4.836836|9.000000|3.000000|1.000000|0.000000,9,0.438600,N/A,5
MOGP_NSGAII,8e783430-f1ec-11f0-9e32-6e001b3eef54,Cooling,74,202,9.411510|3.000000|0.000000|0.000000|0.000000,12.85338020324707,3.0,9.784588|3.000000|0.000000|0.000000|0.000000,4.309445|9.000000|3.000000|1.000000|0.000000,4.836836|9.000000|3.000000|1.000000|0.000000,9,0.438600,N/A,5
MOGP_NSGAII,8e783430-f1ec-11f0-9e32-6e001b3eef54,Cooling,74,203,9.411510|3.000000|0.000000|0.000000|0.000000,12.133697986602783,3.0,9.784588|3.000000|0.000000|0.000000|0.000000,4.309445|9.000000|3.000000|1.000000|0.000000,4.836836|9.000000|3.000000|1.000000|0.000000,9,0.438600,N/A,5
MOGP_NSGAII,8e783430-f1ec-11f0-9e32-6e001b3eef54,Cooling,74,204,9.411510|3.000000|0.000000|0.000000|0.000000,12.4267897605896,3.0,9.784588|3.000000|0.000000|0.000000|0.000000,4.309445|9.000000|3.000000|1.000000|0.000000,4.836836|9.000000|3.000000|1.000000|0.000000,9,0.438600,N/A,5
MOGP_NSGAII,8e783430-f1ec-11f0-9e32-6e001b3eef54,Cooling,74,205,9.411510|3.000000|0.000000|0.000000|0.000000,12.31141996383667,3.0,9.784588|3.000000|0.000000|0.000000|0.000000,4.309445|9.000000|3.000000|1.000000|0.000000,4.836836|9.000000|3.000000|1.000000|0.000000,9,0.438600,N/A,5
MOGP_NSGAII,8e783430-f1ec-11f0-9e32-6e001b3eef54,Cooling,74,206,9.411510|3.000000|0.000000|0.000000|0.000000,12.391275882720947,3.0,9.784588|3.000000|0.000000|0.000000|0.000000,4.309445|9.000000|3.000000|1.000000|0.000000,4.836836|9.000000|3.000000|1.000000|0.000000,9,0.438600,N/A,5
MOGP_NSGAII,8e783430-f1ec-11f0-9e32-6e001b3eef54,Cooling,74,207,9.411510|3.000000|0.000000|0.000000|0.000000,12.361621856689453,3.0,9.784588|3.000000|0.000000|0.000000|0.000000,4.309445|9.000000|3.000000|1.000000|0.000000,4.836836|9.000000|3.000000|1.000000|0.000000,9,0.438600,N/A,5
MOGP_NSGAII,8e783430-f1ec-11f0-9e32-6e001b3eef54,Cooling,74,208,9.411510|3.000000|0.000000|0.000000|0.000000,11.978704929351807,3.0,9.784588|3.000000|0.000000|0.000000|0.000000,4.309445|9.000000|3.000000|1.000000|0.000000,4.836836|9.000000|3.000000|1.000000|0.000000,9,0.438600,N/A,5
MOGP_NSGAII,8e783430-f1ec-11f0-9e32-6e001b3eef54,Cooling,74,209,9.411510|3.000000|0.000000|0.000000|0.000000,12.308678150177002,3.0,9.784588|3.000000|0.000000|0.000000|0.000000,4.309445|9.000000|3.000000|1.000000|0.000000,4.836836|9.000000|3.000000|1.000000|0.000000,9,0.438600,N/A,5
MOGP_NSGAII,8e783430-f1ec-11f0-9e32-6e001b3eef54,Cooling,74,210,9.411510|3.000000|0.000000|0.000000|0.000000,12.11389684677124,3.0,9.784588|3.000000|0.000000|0.000000|0.000000,4.309445|9.000000|3.000000|1.000000|0.000000,4.836836|9.000000|3.000000|1.000000|0.000000,9,0.438600,N/A,5
MOGP_NSGAII,8e783430-f1ec-11f0-9e32-6e001b3eef54,Cooling,74,211,9.411510|3.000000|0.000000|0.000000|0.000000,12.487346172332764,3.0,9.784588|3.000000|0.000000|0.000000|0.000000,4.309445|9.000000|3.000000|1.000000|0.000000,4.836836|9.000000|3.000000|1.000000|0.000000,9,0.438600,N/A,5
MOGP_NSGAII,8e783430-f1ec-11f0-9e32-6e001b3eef54,Cooling,74,212,9.411510|3.000000|0.000000|0.000000|0.000000,11.870073080062866,3.0,9.784588|3.000000|0.000000|0.000000|0.000000,4.309445|9.000000|3.000000|1.000000|0.000000,4.836836|9.000000|3.000000|1.000000|0.000000,9,0.438600,N/A,5
MOGP_NSGAII,8e783430-f1ec-11f0-9e32-6e001b3eef54,Cooling,74,213,9.411510|3.000000|0.000000|0.000000|0.000000,12.014750003814697,3.0,9.784588|3.000000|0.000000|0.000000|0.000000,4.309445|9.000000|3.000000|1.000000|0.000000,4.836836|9.000000|3.000000|1.000000|0.000000,9,0.438600,N/A,5
MOGP_NSGAII,8e783430-f1ec-11f0-9e32-6e001b3eef54,Cooling,74,214,9.411510|3.000000|0.000000|0.000000|0.000000,12.030664205551147,3.0,9.784588|3.000000|0.000000|0.000000|0.000000,4.309445|9.000000|3.000000|1.000000|0.000000,4.836836|9.000000|3.000000|1.000000|0.000000,9,0.438600,N/A,5
MOGP_NSGAII,8e783430-f1ec-11f0-9e32-6e001b3eef54,Cooling,74,215,9.411510|3.000000|0.000000|0.000000|0.000000,12.812419891357422,3.0,9.784588|3.000000|0.000000|0.000000|0.000000,4.309445|9.000000|3.000000|1.000000|0.000000,4.836836|9.000000|3.000000|1.000000|0.000000,9,0.438600,N/A,5
MOGP_NSGAII,8e783430-f1ec-11f0-9e32-6e001b3eef54,Cooling,74,216,9.411510|3.000000|0.000000|0.000000|0.000000,11.721869945526123,3.0,9.784588|3.000000|0.000000|0.000000|0.000000,4.309445|9.000000|3.000000|1.000000|0.000000,4.836836|9.000000|3.000000|1.000000|0.000000,9,0.438600,N/A,5
MOGP_NSGAII,8e783430-f1ec-11f0-9e32-6e001b3eef54,Cooling,74,217,9.411510|3.000000|0.000000|0.000000|0.000000,12.316910982131958,3.0,9.784588|3.000000|0.000000|0.000000|0.000000,4.309445|9.000000|3.000000|1.000000|0.000000,4.836836|9.000000|3.000000|1.000000|0.000000,9,0.438600,N/A,5
MOGP_NSGAII,8e783430-f1ec-11f0-9e32-6e001b3eef54,Cooling,74,218,9.411510|3.000000|0.000000|0.000000|0.000000,11.798955202102661,3.0,9.784588|3.000000|0.000000|0.000000|0.000000,4.309445|9.000000|3.000000|1.000000|0.000000,4.836836|9.000000|3.000000|1.000000|0.000000,9,0.438600,N/A,5
MOGP_NSGAII,8e783430-f1ec-11f0-9e32-6e001b3eef54,Cooling,74,219,9.411510|3.000000|0.000000|0.000000|0.000000,12.026965856552124,3.0,9.784588|3.000000|0.000000|0.000000|0.000000,4.309445|9.000000|3.000000|1.000000|0.000000,4.836836|9.000000|3.000000|1.000000|0.000000,9,0.438600,N/A,5
MOGP_NSGAII,8e783430-f1ec-11f0-9e32-6e001b3eef54,Cooling,74,220,9.411510|3.000000|0.000000|0.000000|0.000000,12.177063941955566,3.0,9.784588|3.000000|0.000000|0.000000|0.000000,4.309445|9.000000|3.000000|1.000000|0.000000,4.836836|9.000000|3.000000|1.000000|0.000000,9,0.438600,N/A,5
MOGP_NSGAII,8e783430-f1ec-11f0-9e32-6e001b3eef54,Cooling,74,221,9.411510|3.000000|0.000000|0.000000|0.000000,12.36417007446289,3.0,9.784588|3.000000|0.000000|0.000000|0.000000,4.309445|9.000000|3.000000|1.000000|0.000000,4.836836|9.000000|3.000000|1.000000|0.000000,9,0.438600,N/A,5
MOGP_NSGAII,8e783430-f1ec-11f0-9e32-6e001b3eef54,Cooling,74,222,9.411510|3.000000|0.000000|0.000000|0.000000,12.471246004104614,3.0,9.784588|3.000000|0.000000|0.000000|0.000000,4.309445|9.000000|3.000000|1.000000|0.000000,4.836836|9.000000|3.000000|1.000000|0.000000,9,0.438600,N/A,5
MOGP_NSGAII,8e783430-f1ec-11f0-9e32-6e001b3eef54,Cooling,74,223,9.411510|3.000000|0.000000|0.000000|0.000000,12.261919021606445,3.0,9.784588|3.000000|0.000000|0.000000|0.000000,4.309445|9.000000|3.000000|1.000000|0.000000,4.836836|9.000000|3.000000|1.000000|0.000000,9,0.438600,N/A,5
MOGP_NSGAII,8e783430-f1ec-11f0-9e32-6e001b3eef54,Cooling,74,224,9.411510|3.000000|0.000000|0.000000|0.000000,11.885885953903198,3.0,9.784588|3.000000|0.000000|0.000000|0.000000,4.309445|9.000000|3.000000|1.000000|0.000000,4.836836|9.000000|3.000000|1.000000|0.000000,9,0.438600,N/A,5
MOGP_NSGAII,8e783430-f1ec-11f0-9e32-6e001b3eef54,Cooling,74,225,9.411510|3.000000|0.000000|0.000000|0.000000,11.923158168792725,3.0,9.784588|3.000000|0.000000|0.000000|0.000000,4.309445|9.000000|3.000000|1.000000|0.000000,4.836836|9.000000|3.000000|1.000000|0.000000,9,0.438600,N/A,5
MOGP_NSGAII,8e783430-f1ec-11f0-9e32-6e001b3eef54,Cooling,74,226,9.411510|3.000000|0.000000|0.000000|0.000000,11.659859895706177,3.0,9.784588|3.000000|0.000000|0.000000|0.000000,4.309445|9.000000|3.000000|1.000000|0.000000,4.836836|9.000000|3.000000|1.000000|0.000000,9,0.438600,N/A,5
MOGP_NSGAII,8e783430-f1ec-11f0-9e32-6e001b3eef54,Cooling,74,227,9.411510|3.000000|0.000000|0.000000|0.000000,12.39739990234375,3.0,9.784588|3.000000|0.000000|0.000000|0.000000,4.309445|9.000000|3.000000|1.000000|0.000000,4.836836|9.000000|3.000000|1.000000|0.000000,9,0.438600,N/A,5
MOGP_NSGAII,8e783430-f1ec-11f0-9e32-6e001b3eef54,Cooling,74,228,9.411510|3.000000|0.000000|0.000000|0.000000,12.469815015792847,3.0,9.784588|3.000000|0.000000|0.000000|0.000000,4.309445|9.000000|3.000000|1.000000|0.000000,4.836836|9.000000|3.000000|1.000000|0.000000,9,0.438600,N/A,5
MOGP_NSGAII,8e783430-f1ec-11f0-9e32-6e001b3eef54,Cooling,74,229,9.411510|3.000000|0.000000|0.000000|0.000000,11.917420864105225,3.0,9.784588|3.000000|0.000000|0.000000|0.000000,4.309445|9.000000|3.000000|1.000000|0.000000,4.836836|9.000000|3.000000|1.000000|0.000000,9,0.438600,N/A,5
MOGP_NSGAII,8e783430-f1ec-11f0-9e32-6e001b3eef54,Cooling,74,230,9.411510|3.000000|0.000000|0.000000|0.000000,12.066158056259155,3.0,9.784588|3.000000|0.000000|0.000000|0.000000,4.309445|9.000000|3.000000|1.000000|0.000000,4.836836|9.000000|3.000000|1.000000|0.000000,9,0.438600,N/A,5
MOGP_NSGAII,8e783430-f1ec-11f0-9e32-6e001b3eef54,Cooling,74,231,9.411510|3.000000|0.000000|0.000000|0.000000,12.29510498046875,3.0,9.784588|3.000000|0.000000|0.000000|0.000000,4.309445|9.000000|3.000000|1.000000|0.000000,4.836836|9.000000|3.000000|1.000000|0.000000,9,0.438600,N/A,5
MOGP_NSGAII,8e783430-f1ec-11f0-9e32-6e001b3eef54,Cooling,74,232,9.411510|3.000000|0.000000|0.000000|0.000000,11.581929922103882,3.0,9.784588|3.000000|0.000000|0.000000|0.000000,4.309445|9.000000|3.000000|1.000000|0.000000,4.836836|9.000000|3.000000|1.000000|0.000000,9,0.438600,N/A,5
MOGP_NSGAII,8e783430-f1ec-11f0-9e32-6e001b3eef54,Cooling,74,233,9.411510|3.000000|0.000000|0.000000|0.000000,12.055858850479126,3.0,9.784588|3.000000|0.000000|0.000000|0.000000,4.309445|9.000000|3.000000|1.000000|0.000000,4.836836|9.000000|3.000000|1.000000|0.000000,9,0.438600,N/A,5
MOGP_NSGAII,8e783430-f1ec-11f0-9e32-6e001b3eef54,Cooling,74,234,9.411510|3.000000|0.000000|0.000000|0.000000,12.248953819274902,3.0,9.784588|3.000000|0.000000|0.000000|0.000000,4.309445|9.000000|3.000000|1.000000|0.000000,4.836836|9.000000|3.000000|1.000000|0.000000,9,0.438600,N/A,5
MOGP_NSGAII,8e783430-f1ec-11f0-9e32-6e001b3eef54,Cooling,74,235,9.411510|3.000000|0.000000|0.000000|0.000000,12.174604177474976,3.0,9.784588|3.000000|0.000000|0.000000|0.000000,4.309445|9.000000|3.000000|1.000000|0.000000,4.836836|9.000000|3.000000|1.000000|0.000000,9,0.438600,N/A,5
MOGP_NSGAII,8e783430-f1ec-11f0-9e32-6e001b3eef54,Cooling,74,236,9.411510|3.000000|0.000000|0.000000|0.000000,11.589433193206787,3.0,9.784588|3.000000|0.000000|0.000000|0.000000,4.309445|9.000000|3.000000|1.000000|0.000000,4.836836|9.000000|3.000000|1.000000|0.000000,9,0.438600,N/A,5
MOGP_NSGAII,8e783430-f1ec-11f0-9e32-6e001b3eef54,Cooling,74,237,9.411510|3.000000|0.000000|0.000000|0.000000,12.25173306465149,3.0,9.784588|3.000000|0.000000|0.000000|0.000000,4.309445|9.000000|3.000000|1.000000|0.000000,4.836836|9.000000|3.000000|1.000000|0.000000,9,0.438600,N/A,5
MOGP_NSGAII,8e783430-f1ec-11f0-9e32-6e001b3eef54,Cooling,74,238,9.411510|3.000000|0.000000|0.000000|0.000000,12.268261909484863,3.0,9.784588|3.000000|0.000000|0.000000|0.000000,4.309445|9.000000|3.000000|1.000000|0.000000,4.836836|9.000000|3.000000|1.000000|0.000000,9,0.438600,N/A,5
MOGP_NSGAII,8e783430-f1ec-11f0-9e32-6e001b3eef54,Cooling,74,239,9.411510|3.000000|0.000000|0.000000|0.000000,12.01355504989624,3.0,9.784588|3.000000|0.000000|0.000000|0.000000,4.309445|9.000000|3.000000|1.000000|0.000000,4.836836|9.000000|3.000000|1.000000|0.000000,9,0.438600,N/A,5
MOGP_NSGAII,8e783430-f1ec-11f0-9e32-6e001b3eef54,Cooling,74,240,9.411510|3.000000|0.000000|0.000000|0.000000,12.053003072738647,3.0,9.784588|3.000000|0.000000|0.000000|0.000000,4.309445|9.000000|3.000000|1.000000|0.000000,4.836836|9.000000|3.000000|1.000000|0.000000,9,0.438600,N/A,5
MOGP_NSGAII,8e783430-f1ec-11f0-9e32-6e001b3eef54,Cooling,74,241,9.411510|3.000000|0.000000|0.000000|0.000000,12.119852781295776,3.0,9.784588|3.000000|0.000000|0.000000|0.000000,4.309445|9.000000|3.000000|1.000000|0.000000,4.836836|9.000000|3.000000|1.000000|0.000000,9,0.438600,N/A,5
MOGP_NSGAII,8e783430-f1ec-11f0-9e32-6e001b3eef54,Cooling,74,242,9.411510|3.000000|0.000000|0.000000|0.000000,11.910141229629517,3.0,9.784588|3.000000|0.000000|0.000000|0.000000,4.309445|9.000000|3.000000|1.000000|0.000000,4.836836|9.000000|3.000000|1.000000|0.000000,9,0.438600,N/A,5
MOGP_NSGAII,8e783430-f1ec-11f0-9e32-6e001b3eef54,Cooling,74,243,9.411510|3.000000|0.000000|0.000000|0.000000,12.435813903808594,3.0,9.784588|3.000000|0.000000|0.000000|0.000000,4.309445|9.000000|3.000000|1.000000|0.000000,4.836836|9.000000|3.000000|1.000000|0.000000,9,0.438600,N/A,5
MOGP_NSGAII,8e783430-f1ec-11f0-9e32-6e001b3eef54,Cooling,74,244,9.411510|3.000000|0.000000|0.000000|0.000000,12.313531160354614,3.0,9.784588|3.000000|0.000000|0.000000|0.000000,4.309445|9.000000|3.000000|1.000000|0.000000,4.836836|9.000000|3.000000|1.000000|0.000000,9,0.438600,N/A,5
MOGP_NSGAII,8e783430-f1ec-11f0-9e32-6e001b3eef54,Cooling,74,245,9.411510|3.000000|0.000000|0.000000|0.000000,12.167956829071045,3.0,9.784588|3.000000|0.000000|0.000000|0.000000,4.309445|9.000000|3.000000|1.000000|0.000000,4.836836|9.000000|3.000000|1.000000|0.000000,9,0.438600,N/A,5
MOGP_NSGAII,8e783430-f1ec-11f0-9e32-6e001b3eef54,Cooling,74,246,9.411510|3.000000|0.000000|0.000000|0.000000,12.129863977432251,3.0,9.784588|3.000000|0.000000|0.000000|0.000000,4.309445|9.000000|3.000000|1.000000|0.000000,4.836836|9.000000|3.000000|1.000000|0.000000,9,0.438600,N/A,5
MOGP_NSGAII,8e783430-f1ec-11f0-9e32-6e001b3eef54,Cooling,74,247,9.411510|3.000000|0.000000|0.000000|0.000000,12.229254245758057,3.0,9.784588|3.000000|0.000000|0.000000|0.000000,4.309445|9.000000|3.000000|1.000000|0.000000,4.836836|9.000000|3.000000|1.000000|0.000000,9,0.438600,N/A,5
MOGP_NSGAII,8e783430-f1ec-11f0-9e32-6e001b3eef54,Cooling,74,248,9.411510|3.000000|0.000000|0.000000|0.000000,11.707398891448975,3.0,9.784588|3.000000|0.000000|0.000000|0.000000,4.309445|9.000000|3.000000|1.000000|0.000000,4.836836|9.000000|3.000000|1.000000|0.000000,9,0.438600,N/A,5
MOGP_NSGAII,8e783430-f1ec-11f0-9e32-6e001b3eef54,Cooling,74,249,9.411510|3.000000|0.000000|0.000000|0.000000,12.494748830795288,3.0,9.784588|3.000000|0.000000|0.000000|0.000000,4.309445|9.000000|3.000000|1.000000|0.000000,4.836836|9.000000|3.000000|1.000000|0.000000,9,0.438600,N/A,5
MOGP_NSGAII,8e783430-f1ec-11f0-9e32-6e001b3eef54,Cooling,74,250,9.411510|3.000000|0.000000|0.000000|0.000000,11.980000019073486,3.0,9.784588|3.000000|0.000000|0.000000|0.000000,4.309445|9.000000|3.000000|1.000000|0.000000,4.836836|9.000000|3.000000|1.000000|0.000000,9,0.438600,N/A,5
