MOGP_GENERATIONAL,e3b7a1c4-14f1-11f1-9378-303ea725c124,Toxicity,74,0,2236.755127|15.000000|6.000000,0.07461142539978027,15.0,2000.888794|15.000000|6.000000,2236.755127|15.000000|6.000000,2000.888794|15.000000|6.000000,15,159541264384.000000,N/A,3,5
MOGP_GENERATIONAL,e3b7a1c4-14f1-11f1-9378-303ea725c124,Toxicity,74,1,2236.755127|15.000000|6.000000,0.03118419647216797,15.0,2000.888794|15.000000|6.000000,2236.755127|15.000000|6.000000,2000.888794|15.000000|6.000000,15,81859239936.000000,N/A,3,5
MOGP_GENERATIONAL,e3b7a1c4-14f1-11f1-9378-303ea725c124,Toxicity,74,2,2236.755127|15.000000|6.000000,0.029974699020385742,15.0,2000.888794|15.000000|6.000000,2236.755127|15.000000|6.000000,2000.888794|15.000000|6.000000,15,88567955456.000000,N/A,3,5
MOGP_GENERATIONAL,e3b7a1c4-14f1-11f1-9378-303ea725c124,Toxicity,74,3,2236.755127|15.000000|6.000000,0.028603315353393555,15.0,2000.888794|15.000000|6.000000,2236.755127|15.000000|6.000000,2000.888794|15.000000|6.000000,15,68522033152.000000,N/A,3,5
MOGP_GENERATIONAL,e3b7a1c4-14f1-11f1-9378-303ea725c124,Toxicity,74,4,2236.755127|15.000000|6.000000,0.028720617294311523,15.0,2000.888794|15.000000|6.000000,2236.755127|15.000000|6.000000,2000.888794|15.000000|6.000000,15,100315750400.000000,N/A,3,5
MOGP_GENERATIONAL,e3b7a1c4-14f1-11f1-9378-303ea725c124,Toxicity,74,5,2138.168701|3.000000|0.000000,0.028501510620117188,3.0,1953.649414|3.000000|0.000000,2138.168701|3.000000|0.000000,1953.649414|3.000000|0.000000,3,26556729344.000000,N/A,2,5
MOGP_GENERATIONAL,e3b7a1c4-14f1-11f1-9378-303ea725c124,Toxicity,74,6,2138.168701|3.000000|0.000000,0.029136180877685547,3.0,1953.649414|3.000000|0.000000,2138.168701|3.000000|0.000000,1953.649414|3.000000|0.000000,3,59179114496.000000,N/A,1,5
MOGP_GENERATIONAL,e3b7a1c4-14f1-11f1-9378-303ea725c124,Toxicity,74,7,2138.168701|3.000000|0.000000,0.028545379638671875,3.0,1953.649414|3.000000|0.000000,2138.168701|3.000000|0.000000,1953.649414|3.000000|0.000000,3,46309695488.000000,N/A,1,5
MOGP_GENERATIONAL,e3b7a1c4-14f1-11f1-9378-303ea725c124,Toxicity,74,8,2138.168701|3.000000|0.000000,0.02801799774169922,3.0,1953.649414|3.000000|0.000000,2138.168701|3.000000|0.000000,1953.649414|3.000000|0.000000,3,45881622528.000000,N/A,1,5
MOGP_GENERATIONAL,e3b7a1c4-14f1-11f1-9378-303ea725c124,Toxicity,74,9,2138.168701|3.000000|0.000000,0.029097557067871094,3.0,1953.649414|3.000000|0.000000,2138.168701|3.000000|0.000000,1953.649414|3.000000|0.000000,3,7135045120.000000,N/A,1,5
MOGP_GENERATIONAL,e3b7a1c4-14f1-11f1-9378-303ea725c124,Toxicity,74,10,2138.168701|3.000000|0.000000,0.02807903289794922,3.0,1953.649414|3.000000|0.000000,2138.168701|3.000000|0.000000,1953.649414|3.000000|0.000000,3,7822804480.000000,N/A,1,5
MOGP_GENERATIONAL,e3b7a1c4-14f1-11f1-9378-303ea725c124,Toxicity,74,11,2138.168701|3.000000|0.000000,0.030013561248779297,3.0,1953.649414|3.000000|0.000000,2138.168701|3.000000|0.000000,1953.649414|3.000000|0.000000,3,95073288192.000000,N/A,1,5
MOGP_GENERATIONAL,e3b7a1c4-14f1-11f1-9378-303ea725c124,Toxicity,74,12,2138.168701|3.000000|0.000000,0.02924203872680664,3.0,1953.649414|3.000000|0.000000,2138.168701|3.000000|0.000000,1953.649414|3.000000|0.000000,3,83788808192.000000,N/A,1,5
MOGP_GENERATIONAL,e3b7a1c4-14f1-11f1-9378-303ea725c124,Toxicity,74,13,2138.168701|3.000000|0.000000,0.02763986587524414,3.0,1953.649414|3.000000|0.000000,2138.168701|3.000000|0.000000,1953.649414|3.000000|0.000000,3,49059475456.000000,N/A,1,5
MOGP_GENERATIONAL,e3b7a1c4-14f1-11f1-9378-303ea725c124,Toxicity,74,14,2138.168701|3.000000|0.000000,0.027830123901367188,3.0,1953.649414|3.000000|0.000000,2138.168701|3.000000|0.000000,1953.649414|3.000000|0.000000,3,1340932864.000000,N/A,1,5
MOGP_GENERATIONAL,e3b7a1c4-14f1-11f1-9378-303ea725c124,Toxicity,74,15,2138.168701|3.000000|0.000000,0.029569149017333984,3.0,1953.649414|3.000000|0.000000,2138.168701|3.000000|0.000000,1953.649414|3.000000|0.000000,3,54403928064.000000,N/A,1,5
MOGP_GENERATIONAL,e3b7a1c4-14f1-11f1-9378-303ea725c124,Toxicity,74,16,2138.168701|3.000000|0.000000,0.02800750732421875,3.0,1953.649414|3.000000|0.000000,2138.168701|3.000000|0.000000,1953.649414|3.000000|0.000000,3,60123779072.000000,N/A,1,5
MOGP_GENERATIONAL,e3b7a1c4-14f1-11f1-9378-303ea725c124,Toxicity,74,17,2138.168701|3.000000|0.000000,0.029346704483032227,3.0,1953.649414|3.000000|0.000000,2138.168701|3.000000|0.000000,1953.649414|3.000000|0.000000,3,49476046848.000000,N/A,1,5
MOGP_GENERATIONAL,e3b7a1c4-14f1-11f1-9378-303ea725c124,Toxicity,74,18,2138.168701|3.000000|0.000000,0.028964996337890625,3.0,1953.649414|3.000000|0.000000,2138.168701|3.000000|0.000000,1953.649414|3.000000|0.000000,3,49028739072.000000,N/A,1,5
MOGP_GENERATIONAL,e3b7a1c4-14f1-11f1-9378-303ea725c124,Toxicity,74,19,2138.168701|3.000000|0.000000,0.029669761657714844,3.0,1953.649414|3.000000|0.000000,2138.168701|3.000000|0.000000,1953.649414|3.000000|0.000000,3,86384803840.000000,N/A,1,5
MOGP_GENERATIONAL,e3b7a1c4-14f1-11f1-9378-303ea725c124,Toxicity,74,20,2138.168701|3.000000|0.000000,0.029444456100463867,3.0,1953.649414|3.000000|0.000000,2138.168701|3.000000|0.000000,1953.649414|3.000000|0.000000,3,70058950656.000000,N/A,1,5
MOGP_GENERATIONAL,e3b7a1c4-14f1-11f1-9378-303ea725c124,Toxicity,74,21,2138.168701|3.000000|0.000000,0.027482271194458008,3.0,1953.649414|3.000000|0.000000,2138.168701|3.000000|0.000000,1953.649414|3.000000|0.000000,3,41053024256.000000,N/A,1,5
MOGP_GENERATIONAL,e3b7a1c4-14f1-11f1-9378-303ea725c124,Toxicity,74,22,2110.561035|7.000000|0.000000,0.028647661209106445,7.0,1797.723389|7.000000|0.000000,2110.561035|7.000000|0.000000,1797.723389|7.000000|0.000000,7,15135656960.000000,N/A,2,5
MOGP_GENERATIONAL,e3b7a1c4-14f1-11f1-9378-303ea725c124,Toxicity,74,23,2110.561035|7.000000|0.000000,0.029966115951538086,7.0,1797.723389|7.000000|0.000000,2110.561035|7.000000|0.000000,1797.723389|7.000000|0.000000,7,56227631104.000000,N/A,2,5
MOGP_GENERATIONAL,e3b7a1c4-14f1-11f1-9378-303ea725c124,Toxicity,74,24,2110.561035|7.000000|0.000000,0.029382705688476562,7.0,1797.723389|7.000000|0.000000,2110.561035|7.000000|0.000000,1797.723389|7.000000|0.000000,7,78610292736.000000,N/A,2,5
MOGP_GENERATIONAL,e3b7a1c4-14f1-11f1-9378-303ea725c124,Toxicity,74,25,2110.561035|7.000000|0.000000,0.0298769474029541,7.0,1797.723389|7.000000|0.000000,2110.561035|7.000000|0.000000,1797.723389|7.000000|0.000000,7,46639407104.000000,N/A,2,5
MOGP_GENERATIONAL,e3b7a1c4-14f1-11f1-9378-303ea725c124,Toxicity,74,26,2110.561035|7.000000|0.000000,0.027579784393310547,7.0,1797.723389|7.000000|0.000000,2110.561035|7.000000|0.000000,1797.723389|7.000000|0.000000,7,142094720.000000,N/A,2,5
MOGP_GENERATIONAL,e3b7a1c4-14f1-11f1-9378-303ea725c124,Toxicity,74,27,2110.561035|7.000000|0.000000,0.029350996017456055,7.0,1797.723389|7.000000|0.000000,2110.561035|7.000000|0.000000,1797.723389|7.000000|0.000000,7,434349.593750,N/A,2,5
MOGP_GENERATIONAL,e3b7a1c4-14f1-11f1-9378-303ea725c124,Toxicity,74,28,2110.561035|7.000000|0.000000,0.03024435043334961,7.0,1797.723389|7.000000|0.000000,2110.561035|7.000000|0.000000,1797.723389|7.000000|0.000000,7,70847184896.000000,N/A,2,5
MOGP_GENERATIONAL,e3b7a1c4-14f1-11f1-9378-303ea725c124,Toxicity,74,29,2110.561035|7.000000|0.000000,0.029477834701538086,7.0,1797.723389|7.000000|0.000000,2110.561035|7.000000|0.000000,1797.723389|7.000000|0.000000,7,65412952064.000000,N/A,2,5
MOGP_GENERATIONAL,e3b7a1c4-14f1-11f1-9378-303ea725c124,Toxicity,74,30,2110.561035|7.000000|0.000000,0.028804302215576172,7.0,1797.723389|7.000000|0.000000,2110.561035|7.000000|0.000000,1797.723389|7.000000|0.000000,7,50399612928.000000,N/A,2,5
MOGP_GENERATIONAL,e3b7a1c4-14f1-11f1-9378-303ea725c124,Toxicity,74,31,2110.561035|7.000000|0.000000,0.028454303741455078,7.0,1797.723389|7.000000|0.000000,2110.561035|7.000000|0.000000,1797.723389|7.000000|0.000000,7,49536442368.000000,N/A,2,5
MOGP_GENERATIONAL,e3b7a1c4-14f1-11f1-9378-303ea725c124,Toxicity,74,32,2110.561035|7.000000|0.000000,0.02835369110107422,7.0,1797.723389|7.000000|0.000000,2110.561035|7.000000|0.000000,1797.723389|7.000000|0.000000,7,41112.324219,N/A,2,5
MOGP_GENERATIONAL,e3b7a1c4-14f1-11f1-9378-303ea725c124,Toxicity,74,33,2110.561035|7.000000|0.000000,0.029888391494750977,7.0,1797.723389|7.000000|0.000000,2110.561035|7.000000|0.000000,1797.723389|7.000000|0.000000,7,77723762688.000000,N/A,2,5
MOGP_GENERATIONAL,e3b7a1c4-14f1-11f1-9378-303ea725c124,Toxicity,74,34,2110.561035|7.000000|0.000000,0.029544591903686523,7.0,1797.723389|7.000000|0.000000,2110.561035|7.000000|0.000000,1797.723389|7.000000|0.000000,7,92196757504.000000,N/A,2,5
MOGP_GENERATIONAL,e3b7a1c4-14f1-11f1-9378-303ea725c124,Toxicity,74,35,2110.561035|7.000000|0.000000,0.029090166091918945,7.0,1797.723389|7.000000|0.000000,2110.561035|7.000000|0.000000,1797.723389|7.000000|0.000000,7,14089928704.000000,N/A,2,5
MOGP_GENERATIONAL,e3b7a1c4-14f1-11f1-9378-303ea725c124,Toxicity,74,36,2110.561035|7.000000|0.000000,0.030344009399414062,7.0,1797.723389|7.000000|0.000000,2110.561035|7.000000|0.000000,1797.723389|7.000000|0.000000,7,84176273408.000000,N/A,2,5
MOGP_GENERATIONAL,e3b7a1c4-14f1-11f1-9378-303ea725c124,Toxicity,74,37,2110.561035|7.000000|0.000000,0.0281369686126709,7.0,1797.723389|7.000000|0.000000,2110.561035|7.000000|0.000000,1797.723389|7.000000|0.000000,7,70425001984.000000,N/A,2,5
MOGP_GENERATIONAL,e3b7a1c4-14f1-11f1-9378-303ea725c124,Toxicity,74,38,2110.561035|7.000000|0.000000,0.028897762298583984,7.0,1797.723389|7.000000|0.000000,2110.561035|7.000000|0.000000,1797.723389|7.000000|0.000000,7,51183063040.000000,N/A,2,5
MOGP_GENERATIONAL,e3b7a1c4-14f1-11f1-9378-303ea725c124,Toxicity,74,39,2110.561035|7.000000|0.000000,0.02768683433532715,7.0,1797.723389|7.000000|0.000000,2110.561035|7.000000|0.000000,1797.723389|7.000000|0.000000,7,102541762560.000000,N/A,2,5
MOGP_GENERATIONAL,e3b7a1c4-14f1-11f1-9378-303ea725c124,Toxicity,74,40,2110.561035|7.000000|0.000000,0.028380155563354492,7.0,1797.723389|7.000000|0.000000,2110.561035|7.000000|0.000000,1797.723389|7.000000|0.000000,7,86438920192.000000,N/A,2,5
MOGP_GENERATIONAL,e3b7a1c4-14f1-11f1-9378-303ea725c124,Toxicity,74,41,2110.561035|7.000000|0.000000,0.029494762420654297,7.0,1797.723389|7.000000|0.000000,2110.561035|7.000000|0.000000,1797.723389|7.000000|0.000000,7,76775055360.000000,N/A,2,5
MOGP_GENERATIONAL,e3b7a1c4-14f1-11f1-9378-303ea725c124,Toxicity,74,42,2110.561035|7.000000|0.000000,0.031119108200073242,7.0,1797.723389|7.000000|0.000000,2110.561035|7.000000|0.000000,1797.723389|7.000000|0.000000,7,568199680.000000,N/A,2,5
MOGP_GENERATIONAL,e3b7a1c4-14f1-11f1-9378-303ea725c124,Toxicity,74,43,2110.561035|7.000000|0.000000,0.028432846069335938,7.0,1797.723389|7.000000|0.000000,2110.561035|7.000000|0.000000,1797.723389|7.000000|0.000000,7,108485427200.000000,N/A,2,5
MOGP_GENERATIONAL,e3b7a1c4-14f1-11f1-9378-303ea725c124,Toxicity,74,44,2110.561035|7.000000|0.000000,0.02947831153869629,7.0,1797.723389|7.000000|0.000000,2110.561035|7.000000|0.000000,1797.723389|7.000000|0.000000,7,48686739456.000000,N/A,2,5
MOGP_GENERATIONAL,e3b7a1c4-14f1-11f1-9378-303ea725c124,Toxicity,74,45,2110.561035|7.000000|0.000000,0.029952287673950195,7.0,1797.723389|7.000000|0.000000,2110.561035|7.000000|0.000000,1797.723389|7.000000|0.000000,7,35653386240.000000,N/A,2,5
MOGP_GENERATIONAL,e3b7a1c4-14f1-11f1-9378-303ea725c124,Toxicity,74,46,2110.561035|7.000000|0.000000,0.02898859977722168,7.0,1797.723389|7.000000|0.000000,2110.561035|7.000000|0.000000,1797.723389|7.000000|0.000000,7,17728743424.000000,N/A,2,5
MOGP_GENERATIONAL,e3b7a1c4-14f1-11f1-9378-303ea725c124,Toxicity,74,47,2110.561035|7.000000|0.000000,0.030556201934814453,7.0,1797.723389|7.000000|0.000000,2110.561035|7.000000|0.000000,1797.723389|7.000000|0.000000,7,73150554112.000000,N/A,2,5
MOGP_GENERATIONAL,e3b7a1c4-14f1-11f1-9378-303ea725c124,Toxicity,74,48,2110.561035|7.000000|0.000000,0.028488636016845703,7.0,1797.723389|7.000000|0.000000,2110.561035|7.000000|0.000000,1797.723389|7.000000|0.000000,7,11076789248.000000,N/A,2,5
MOGP_GENERATIONAL,e3b7a1c4-14f1-11f1-9378-303ea725c124,Toxicity,74,49,2110.561035|7.000000|0.000000,0.030304431915283203,7.0,1797.723389|7.000000|0.000000,2110.561035|7.000000|0.000000,1797.723389|7.000000|0.000000,7,101285044224.000000,N/A,2,5
MOGP_GENERATIONAL,e3b7a1c4-14f1-11f1-9378-303ea725c124,Toxicity,74,50,2110.561035|7.000000|0.000000,0.030336380004882812,7.0,1797.723389|7.000000|0.000000,2110.561035|7.000000|0.000000,1797.723389|7.000000|0.000000,7,56133062656.000000,N/A,2,5
MOGP_GENERATIONAL,e3b7a1c4-14f1-11f1-9378-303ea725c124,Toxicity,74,51,2110.561035|7.000000|0.000000,0.029575824737548828,7.0,1797.723389|7.000000|0.000000,2110.561035|7.000000|0.000000,1797.723389|7.000000|0.000000,7,50960924672.000000,N/A,2,5
MOGP_GENERATIONAL,e3b7a1c4-14f1-11f1-9378-303ea725c124,Toxicity,74,52,2110.561035|7.000000|0.000000,0.028807878494262695,7.0,1797.723389|7.000000|0.000000,2110.561035|7.000000|0.000000,1797.723389|7.000000|0.000000,7,84718731264.000000,N/A,2,5
MOGP_GENERATIONAL,e3b7a1c4-14f1-11f1-9378-303ea725c124,Toxicity,74,53,2110.561035|7.000000|0.000000,0.029769182205200195,7.0,1797.723389|7.000000|0.000000,2110.561035|7.000000|0.000000,1797.723389|7.000000|0.000000,7,50080579584.000000,N/A,2,5
MOGP_GENERATIONAL,e3b7a1c4-14f1-11f1-9378-303ea725c124,Toxicity,74,54,2110.561035|7.000000|0.000000,0.028285741806030273,7.0,1797.723389|7.000000|0.000000,2110.561035|7.000000|0.000000,1797.723389|7.000000|0.000000,7,50524733440.000000,N/A,2,5
MOGP_GENERATIONAL,e3b7a1c4-14f1-11f1-9378-303ea725c124,Toxicity,74,55,2110.561035|7.000000|0.000000,0.028958797454833984,7.0,1797.723389|7.000000|0.000000,2110.561035|7.000000|0.000000,1797.723389|7.000000|0.000000,7,19352870912.000000,N/A,2,5
MOGP_GENERATIONAL,e3b7a1c4-14f1-11f1-9378-303ea725c124,Toxicity,74,56,2110.561035|7.000000|0.000000,0.028539657592773438,7.0,1797.723389|7.000000|0.000000,2110.561035|7.000000|0.000000,1797.723389|7.000000|0.000000,7,81355251712.000000,N/A,2,5
MOGP_GENERATIONAL,e3b7a1c4-14f1-11f1-9378-303ea725c124,Toxicity,74,57,2110.561035|7.000000|0.000000,0.030024290084838867,7.0,1797.723389|7.000000|0.000000,2110.561035|7.000000|0.000000,1797.723389|7.000000|0.000000,7,92093849600.000000,N/A,2,5
MOGP_GENERATIONAL,e3b7a1c4-14f1-11f1-9378-303ea725c124,Toxicity,74,58,2110.561035|7.000000|0.000000,0.029204845428466797,7.0,1797.723389|7.000000|0.000000,2110.561035|7.000000|0.000000,1797.723389|7.000000|0.000000,7,43396800512.000000,N/A,2,5
MOGP_GENERATIONAL,e3b7a1c4-14f1-11f1-9378-303ea725c124,Toxicity,74,59,2110.561035|7.000000|0.000000,0.03029656410217285,7.0,1797.723389|7.000000|0.000000,2110.561035|7.000000|0.000000,1797.723389|7.000000|0.000000,7,67897974784.000000,N/A,2,5
MOGP_GENERATIONAL,e3b7a1c4-14f1-11f1-9378-303ea725c124,Toxicity,74,60,2110.561035|7.000000|0.000000,0.030950307846069336,7.0,1797.723389|7.000000|0.000000,2110.561035|7.000000|0.000000,1797.723389|7.000000|0.000000,7,54977937408.000000,N/A,2,5
MOGP_GENERATIONAL,e3b7a1c4-14f1-11f1-9378-303ea725c124,Toxicity,74,61,2110.561035|7.000000|0.000000,0.03095412254333496,7.0,1797.723389|7.000000|0.000000,2110.561035|7.000000|0.000000,1797.723389|7.000000|0.000000,7,65019379712.000000,N/A,2,5
MOGP_GENERATIONAL,e3b7a1c4-14f1-11f1-9378-303ea725c124,Toxicity,74,62,2110.561035|7.000000|0.000000,0.028306245803833008,7.0,1797.723389|7.000000|0.000000,2110.561035|7.000000|0.000000,1797.723389|7.000000|0.000000,7,49937461248.000000,N/A,2,5
MOGP_GENERATIONAL,e3b7a1c4-14f1-11f1-9378-303ea725c124,Toxicity,74,63,2110.561035|7.000000|0.000000,0.030219078063964844,7.0,1797.723389|7.000000|0.000000,2110.561035|7.000000|0.000000,1797.723389|7.000000|0.000000,7,92027420672.000000,N/A,2,5
MOGP_GENERATIONAL,e3b7a1c4-14f1-11f1-9378-303ea725c124,Toxicity,74,64,2110.561035|7.000000|0.000000,0.028890132904052734,7.0,1797.723389|7.000000|0.000000,2110.561035|7.000000|0.000000,1797.723389|7.000000|0.000000,7,6315771904.000000,N/A,2,5
MOGP_GENERATIONAL,e3b7a1c4-14f1-11f1-9378-303ea725c124,Toxicity,74,65,2110.561035|7.000000|0.000000,0.02956414222717285,7.0,1797.723389|7.000000|0.000000,2110.561035|7.000000|0.000000,1797.723389|7.000000|0.000000,7,85831860224.000000,N/A,2,5
MOGP_GENERATIONAL,e3b7a1c4-14f1-11f1-9378-303ea725c124,Toxicity,74,66,2110.561035|7.000000|0.000000,0.028949260711669922,7.0,1797.723389|7.000000|0.000000,2110.561035|7.000000|0.000000,1797.723389|7.000000|0.000000,7,6779176960.000000,N/A,2,5
MOGP_GENERATIONAL,e3b7a1c4-14f1-11f1-9378-303ea725c124,Toxicity,74,67,2110.561035|7.000000|0.000000,0.027791500091552734,7.0,1797.723389|7.000000|0.000000,2110.561035|7.000000|0.000000,1797.723389|7.000000|0.000000,7,5531559936.000000,N/A,2,5
MOGP_GENERATIONAL,e3b7a1c4-14f1-11f1-9378-303ea725c124,Toxicity,74,68,2110.561035|7.000000|0.000000,0.028371810913085938,7.0,1797.723389|7.000000|0.000000,2110.561035|7.000000|0.000000,1797.723389|7.000000|0.000000,7,52133982208.000000,N/A,2,5
MOGP_GENERATIONAL,e3b7a1c4-14f1-11f1-9378-303ea725c124,Toxicity,74,69,2110.561035|7.000000|0.000000,0.029018163681030273,7.0,1797.723389|7.000000|0.000000,2110.561035|7.000000|0.000000,1797.723389|7.000000|0.000000,7,5533043200.000000,N/A,2,5
MOGP_GENERATIONAL,e3b7a1c4-14f1-11f1-9378-303ea725c124,Toxicity,74,70,2110.561035|7.000000|0.000000,0.027571916580200195,7.0,1797.723389|7.000000|0.000000,2110.561035|7.000000|0.000000,1797.723389|7.000000|0.000000,7,65438334976.000000,N/A,2,5
MOGP_GENERATIONAL,e3b7a1c4-14f1-11f1-9378-303ea725c124,Toxicity,74,71,2110.561035|7.000000|0.000000,0.028984546661376953,7.0,1797.723389|7.000000|0.000000,2110.561035|7.000000|0.000000,1797.723389|7.000000|0.000000,7,86080675840.000000,N/A,2,5
MOGP_GENERATIONAL,e3b7a1c4-14f1-11f1-9378-303ea725c124,Toxicity,74,72,2110.561035|7.000000|0.000000,0.029011249542236328,7.0,1797.723389|7.000000|0.000000,2110.561035|7.000000|0.000000,1797.723389|7.000000|0.000000,7,49784033280.000000,N/A,2,5
MOGP_GENERATIONAL,e3b7a1c4-14f1-11f1-9378-303ea725c124,Toxicity,74,73,2110.561035|7.000000|0.000000,0.0285491943359375,7.0,1797.723389|7.000000|0.000000,2110.561035|7.000000|0.000000,1797.723389|7.000000|0.000000,7,69662449664.000000,N/A,2,5
MOGP_GENERATIONAL,e3b7a1c4-14f1-11f1-9378-303ea725c124,Toxicity,74,74,2110.561035|7.000000|0.000000,0.02817845344543457,7.0,1797.723389|7.000000|0.000000,2110.561035|7.000000|0.000000,1797.723389|7.000000|0.000000,7,337081.062500,N/A,2,5
MOGP_GENERATIONAL,e3b7a1c4-14f1-11f1-9378-303ea725c124,Toxicity,74,75,2110.561035|7.000000|0.000000,0.02935051918029785,7.0,1797.723389|7.000000|0.000000,2110.561035|7.000000|0.000000,1797.723389|7.000000|0.000000,7,95269912576.000000,N/A,2,5
MOGP_GENERATIONAL,e3b7a1c4-14f1-11f1-9378-303ea725c124,Toxicity,74,76,2110.561035|7.000000|0.000000,0.028636693954467773,7.0,1797.723389|7.000000|0.000000,2110.561035|7.000000|0.000000,1797.723389|7.000000|0.000000,7,53977251840.000000,N/A,2,5
MOGP_GENERATIONAL,e3b7a1c4-14f1-11f1-9378-303ea725c124,Toxicity,74,77,2110.561035|7.000000|0.000000,0.02858281135559082,7.0,1797.723389|7.000000|0.000000,2110.561035|7.000000|0.000000,1797.723389|7.000000|0.000000,7,51843522560.000000,N/A,2,5
MOGP_GENERATIONAL,e3b7a1c4-14f1-11f1-9378-303ea725c124,Toxicity,74,78,2110.561035|7.000000|0.000000,0.03021836280822754,7.0,1797.723389|7.000000|0.000000,2110.561035|7.000000|0.000000,1797.723389|7.000000|0.000000,7,71081615360.000000,N/A,2,5
MOGP_GENERATIONAL,e3b7a1c4-14f1-11f1-9378-303ea725c124,Toxicity,74,79,2110.561035|7.000000|0.000000,0.029810667037963867,7.0,1797.723389|7.000000|0.000000,2110.561035|7.000000|0.000000,1797.723389|7.000000|0.000000,7,43924455424.000000,N/A,2,5
MOGP_GENERATIONAL,e3b7a1c4-14f1-11f1-9378-303ea725c124,Toxicity,74,80,2110.561035|7.000000|0.000000,0.028629064559936523,7.0,1797.723389|7.000000|0.000000,2110.561035|7.000000|0.000000,1797.723389|7.000000|0.000000,7,54077706240.000000,N/A,2,5
MOGP_GENERATIONAL,e3b7a1c4-14f1-11f1-9378-303ea725c124,Toxicity,74,81,2110.561035|7.000000|0.000000,0.029099702835083008,7.0,1797.723389|7.000000|0.000000,2110.561035|7.000000|0.000000,1797.723389|7.000000|0.000000,7,88225562624.000000,N/A,2,5
MOGP_GENERATIONAL,e3b7a1c4-14f1-11f1-9378-303ea725c124,Toxicity,74,82,2110.561035|7.000000|0.000000,0.0294644832611084,7.0,1797.723389|7.000000|0.000000,2110.561035|7.000000|0.000000,1797.723389|7.000000|0.000000,7,55822712832.000000,N/A,2,5
MOGP_GENERATIONAL,e3b7a1c4-14f1-11f1-9378-303ea725c124,Toxicity,74,83,2110.561035|7.000000|0.000000,0.027918577194213867,7.0,1797.723389|7.000000|0.000000,2110.561035|7.000000|0.000000,1797.723389|7.000000|0.000000,7,45947219968.000000,N/A,2,5
MOGP_GENERATIONAL,e3b7a1c4-14f1-11f1-9378-303ea725c124,Toxicity,74,84,2110.561035|7.000000|0.000000,0.028931617736816406,7.0,1797.723389|7.000000|0.000000,2110.561035|7.000000|0.000000,1797.723389|7.000000|0.000000,7,50690433024.000000,N/A,2,5
MOGP_GENERATIONAL,e3b7a1c4-14f1-11f1-9378-303ea725c124,Toxicity,74,85,2110.561035|7.000000|0.000000,0.028753995895385742,7.0,1797.723389|7.000000|0.000000,2110.561035|7.000000|0.000000,1797.723389|7.000000|0.000000,7,37185404928.000000,N/A,2,5
MOGP_GENERATIONAL,e3b7a1c4-14f1-11f1-9378-303ea725c124,Toxicity,74,86,2110.561035|7.000000|0.000000,0.02936697006225586,7.0,1797.723389|7.000000|0.000000,2110.561035|7.000000|0.000000,1797.723389|7.000000|0.000000,7,46450384896.000000,N/A,2,5
MOGP_GENERATIONAL,e3b7a1c4-14f1-11f1-9378-303ea725c124,Toxicity,74,87,2110.561035|7.000000|0.000000,0.027393102645874023,7.0,1797.723389|7.000000|0.000000,2110.561035|7.000000|0.000000,1797.723389|7.000000|0.000000,7,24403910656.000000,N/A,2,5
MOGP_GENERATIONAL,e3b7a1c4-14f1-11f1-9378-303ea725c124,Toxicity,74,88,2110.561035|7.000000|0.000000,0.028995037078857422,7.0,1797.723389|7.000000|0.000000,2110.561035|7.000000|0.000000,1797.723389|7.000000|0.000000,7,46482804736.000000,N/A,2,5
MOGP_GENERATIONAL,e3b7a1c4-14f1-11f1-9378-303ea725c124,Toxicity,74,89,2110.561035|7.000000|0.000000,0.028313875198364258,7.0,1797.723389|7.000000|0.000000,2110.561035|7.000000|0.000000,1797.723389|7.000000|0.000000,7,69513887744.000000,N/A,2,5
MOGP_GENERATIONAL,e3b7a1c4-14f1-11f1-9378-303ea725c124,Toxicity,74,90,2110.561035|7.000000|0.000000,0.07038760185241699,7.0,1797.723389|7.000000|0.000000,2110.561035|7.000000|0.000000,1797.723389|7.000000|0.000000,7,79659769856.000000,N/A,2,5
MOGP_GENERATIONAL,e3b7a1c4-14f1-11f1-9378-303ea725c124,Toxicity,74,91,2110.561035|7.000000|0.000000,0.02883744239807129,7.0,1797.723389|7.000000|0.000000,2110.561035|7.000000|0.000000,1797.723389|7.000000|0.000000,7,14103794688.000000,N/A,2,5
MOGP_GENERATIONAL,e3b7a1c4-14f1-11f1-9378-303ea725c124,Toxicity,74,92,2110.561035|7.000000|0.000000,0.029621362686157227,7.0,1797.723389|7.000000|0.000000,2110.561035|7.000000|0.000000,1797.723389|7.000000|0.000000,7,65560367104.000000,N/A,2,5
MOGP_GENERATIONAL,e3b7a1c4-14f1-11f1-9378-303ea725c124,Toxicity,74,93,2110.561035|7.000000|0.000000,0.0299227237701416,7.0,1797.723389|7.000000|0.000000,2110.561035|7.000000|0.000000,1797.723389|7.000000|0.000000,7,87388790784.000000,N/A,2,5
MOGP_GENERATIONAL,e3b7a1c4-14f1-11f1-9378-303ea725c124,Toxicity,74,94,2110.561035|7.000000|0.000000,0.029766321182250977,7.0,1797.723389|7.000000|0.000000,2110.561035|7.000000|0.000000,1797.723389|7.000000|0.000000,7,93618241536.000000,N/A,2,5
MOGP_GENERATIONAL,e3b7a1c4-14f1-11f1-9378-303ea725c124,Toxicity,74,95,2110.561035|7.000000|0.000000,0.028792619705200195,7.0,1797.723389|7.000000|0.000000,2110.561035|7.000000|0.000000,1797.723389|7.000000|0.000000,7,68638752768.000000,N/A,2,5
MOGP_GENERATIONAL,e3b7a1c4-14f1-11f1-9378-303ea725c124,Toxicity,74,96,2110.561035|7.000000|0.000000,0.02895188331604004,7.0,1797.723389|7.000000|0.000000,2110.561035|7.000000|0.000000,1797.723389|7.000000|0.000000,7,49776295936.000000,N/A,2,5
MOGP_GENERATIONAL,e3b7a1c4-14f1-11f1-9378-303ea725c124,Toxicity,74,97,2110.561035|7.000000|0.000000,0.029961347579956055,7.0,1797.723389|7.000000|0.000000,2110.561035|7.000000|0.000000,1797.723389|7.000000|0.000000,7,8013262848.000000,N/A,2,5
MOGP_GENERATIONAL,e3b7a1c4-14f1-11f1-9378-303ea725c124,Toxicity,74,98,2110.561035|7.000000|0.000000,0.028866291046142578,7.0,1797.723389|7.000000|0.000000,2110.561035|7.000000|0.000000,1797.723389|7.000000|0.000000,7,45325295616.000000,N/A,2,5
MOGP_GENERATIONAL,e3b7a1c4-14f1-11f1-9378-303ea725c124,Toxicity,74,99,2110.561035|7.000000|0.000000,0.03003692626953125,7.0,1797.723389|7.000000|0.000000,2110.561035|7.000000|0.000000,1797.723389|7.000000|0.000000,7,49784029184.000000,N/A,2,5
MOGP_GENERATIONAL,e3b7a1c4-14f1-11f1-9378-303ea725c124,Toxicity,74,100,2110.561035|7.000000|0.000000,0.02746891975402832,7.0,1797.723389|7.000000|0.000000,2110.561035|7.000000|0.000000,1797.723389|7.000000|0.000000,7,19928281088.000000,N/A,2,5
MOGP_GENERATIONAL,e3b7a1c4-14f1-11f1-9378-303ea725c124,Toxicity,74,101,2110.561035|7.000000|0.000000,0.028512239456176758,7.0,1797.723389|7.000000|0.000000,2110.561035|7.000000|0.000000,1797.723389|7.000000|0.000000,7,48710901760.000000,N/A,2,5
MOGP_GENERATIONAL,e3b7a1c4-14f1-11f1-9378-303ea725c124,Toxicity,74,102,2110.561035|7.000000|0.000000,0.029431819915771484,7.0,1797.723389|7.000000|0.000000,2110.561035|7.000000|0.000000,1797.723389|7.000000|0.000000,7,68047462400.000000,N/A,2,5
MOGP_GENERATIONAL,e3b7a1c4-14f1-11f1-9378-303ea725c124,Toxicity,74,103,2110.561035|7.000000|0.000000,0.031048059463500977,7.0,1797.723389|7.000000|0.000000,2110.561035|7.000000|0.000000,1797.723389|7.000000|0.000000,7,96534183936.000000,N/A,2,5
MOGP_GENERATIONAL,e3b7a1c4-14f1-11f1-9378-303ea725c124,Toxicity,74,104,2110.561035|7.000000|0.000000,0.02882242202758789,7.0,1797.723389|7.000000|0.000000,2110.561035|7.000000|0.000000,1797.723389|7.000000|0.000000,7,39197331456.000000,N/A,2,5
MOGP_GENERATIONAL,e3b7a1c4-14f1-11f1-9378-303ea725c124,Toxicity,74,105,2110.561035|7.000000|0.000000,0.02933502197265625,7.0,1797.723389|7.000000|0.000000,2110.561035|7.000000|0.000000,1797.723389|7.000000|0.000000,7,67323633664.000000,N/A,2,5
MOGP_GENERATIONAL,e3b7a1c4-14f1-11f1-9378-303ea725c124,Toxicity,74,106,2110.561035|7.000000|0.000000,0.030557632446289062,7.0,1797.723389|7.000000|0.000000,2110.561035|7.000000|0.000000,1797.723389|7.000000|0.000000,7,68799668224.000000,N/A,2,5
MOGP_GENERATIONAL,e3b7a1c4-14f1-11f1-9378-303ea725c124,Toxicity,74,107,2110.561035|7.000000|0.000000,0.02853536605834961,7.0,1797.723389|7.000000|0.000000,2110.561035|7.000000|0.000000,1797.723389|7.000000|0.000000,7,7824857600.000000,N/A,2,5
MOGP_GENERATIONAL,e3b7a1c4-14f1-11f1-9378-303ea725c124,Toxicity,74,108,2110.561035|7.000000|0.000000,0.028810739517211914,7.0,1797.723389|7.000000|0.000000,2110.561035|7.000000|0.000000,1797.723389|7.000000|0.000000,7,268810112.000000,N/A,2,5
MOGP_GENERATIONAL,e3b7a1c4-14f1-11f1-9378-303ea725c124,Toxicity,74,109,2110.561035|7.000000|0.000000,0.029410600662231445,7.0,1797.723389|7.000000|0.000000,2110.561035|7.000000|0.000000,1797.723389|7.000000|0.000000,7,84385857536.000000,N/A,2,5
MOGP_GENERATIONAL,e3b7a1c4-14f1-11f1-9378-303ea725c124,Toxicity,74,110,2110.561035|7.000000|0.000000,0.02910017967224121,7.0,1797.723389|7.000000|0.000000,2110.561035|7.000000|0.000000,1797.723389|7.000000|0.000000,7,95578685440.000000,N/A,2,5
MOGP_GENERATIONAL,e3b7a1c4-14f1-11f1-9378-303ea725c124,Toxicity,74,111,2110.561035|7.000000|0.000000,0.028946399688720703,7.0,1797.723389|7.000000|0.000000,2110.561035|7.000000|0.000000,1797.723389|7.000000|0.000000,7,49927708672.000000,N/A,2,5
MOGP_GENERATIONAL,e3b7a1c4-14f1-11f1-9378-303ea725c124,Toxicity,74,112,2110.561035|7.000000|0.000000,0.02871251106262207,7.0,1797.723389|7.000000|0.000000,2110.561035|7.000000|0.000000,1797.723389|7.000000|0.000000,7,39299252224.000000,N/A,2,5
MOGP_GENERATIONAL,e3b7a1c4-14f1-11f1-9378-303ea725c124,Toxicity,74,113,2110.561035|7.000000|0.000000,0.02827596664428711,7.0,1797.723389|7.000000|0.000000,2110.561035|7.000000|0.000000,1797.723389|7.000000|0.000000,7,2174578.000000,N/A,2,5
MOGP_GENERATIONAL,e3b7a1c4-14f1-11f1-9378-303ea725c124,Toxicity,74,114,2110.561035|7.000000|0.000000,0.031100034713745117,7.0,1797.723389|7.000000|0.000000,2110.561035|7.000000|0.000000,1797.723389|7.000000|0.000000,7,83949232128.000000,N/A,2,5
MOGP_GENERATIONAL,e3b7a1c4-14f1-11f1-9378-303ea725c124,Toxicity,74,115,2110.561035|7.000000|0.000000,0.029152631759643555,7.0,1797.723389|7.000000|0.000000,2110.561035|7.000000|0.000000,1797.723389|7.000000|0.000000,7,43862138880.000000,N/A,2,5
MOGP_GENERATIONAL,e3b7a1c4-14f1-11f1-9378-303ea725c124,Toxicity,74,116,2110.561035|7.000000|0.000000,0.0286865234375,7.0,1797.723389|7.000000|0.000000,2110.561035|7.000000|0.000000,1797.723389|7.000000|0.000000,7,52710711296.000000,N/A,2,5
MOGP_GENERATIONAL,e3b7a1c4-14f1-11f1-9378-303ea725c124,Toxicity,74,117,2110.561035|7.000000|0.000000,0.029151201248168945,7.0,1797.723389|7.000000|0.000000,2110.561035|7.000000|0.000000,1797.723389|7.000000|0.000000,7,3911385344.000000,N/A,2,5
MOGP_GENERATIONAL,e3b7a1c4-14f1-11f1-9378-303ea725c124,Toxicity,74,118,2110.561035|7.000000|0.000000,0.029111862182617188,7.0,1797.723389|7.000000|0.000000,2110.561035|7.000000|0.000000,1797.723389|7.000000|0.000000,7,49815904256.000000,N/A,2,5
MOGP_GENERATIONAL,e3b7a1c4-14f1-11f1-9378-303ea725c124,Toxicity,74,119,2110.561035|7.000000|0.000000,0.029021263122558594,7.0,1797.723389|7.000000|0.000000,2110.561035|7.000000|0.000000,1797.723389|7.000000|0.000000,7,60626800640.000000,N/A,2,5
MOGP_GENERATIONAL,e3b7a1c4-14f1-11f1-9378-303ea725c124,Toxicity,74,120,2110.561035|7.000000|0.000000,0.028907299041748047,7.0,1797.723389|7.000000|0.000000,2110.561035|7.000000|0.000000,1797.723389|7.000000|0.000000,7,49462005760.000000,N/A,2,5
MOGP_GENERATIONAL,e3b7a1c4-14f1-11f1-9378-303ea725c124,Toxicity,74,121,2110.561035|7.000000|0.000000,0.03006458282470703,7.0,1797.723389|7.000000|0.000000,2110.561035|7.000000|0.000000,1797.723389|7.000000|0.000000,7,74049232896.000000,N/A,2,5
MOGP_GENERATIONAL,e3b7a1c4-14f1-11f1-9378-303ea725c124,Toxicity,74,122,2110.561035|7.000000|0.000000,0.02989649772644043,7.0,1797.723389|7.000000|0.000000,2110.561035|7.000000|0.000000,1797.723389|7.000000|0.000000,7,49741807616.000000,N/A,2,5
MOGP_GENERATIONAL,e3b7a1c4-14f1-11f1-9378-303ea725c124,Toxicity,74,123,2110.561035|7.000000|0.000000,0.028413772583007812,7.0,1797.723389|7.000000|0.000000,2110.561035|7.000000|0.000000,1797.723389|7.000000|0.000000,7,49937367040.000000,N/A,2,5
MOGP_GENERATIONAL,e3b7a1c4-14f1-11f1-9378-303ea725c124,Toxicity,74,124,2110.561035|7.000000|0.000000,0.028558731079101562,7.0,1797.723389|7.000000|0.000000,2110.561035|7.000000|0.000000,1797.723389|7.000000|0.000000,7,51327840256.000000,N/A,2,5
MOGP_GENERATIONAL,e3b7a1c4-14f1-11f1-9378-303ea725c124,Toxicity,74,125,2110.561035|7.000000|0.000000,0.028830766677856445,7.0,1797.723389|7.000000|0.000000,2110.561035|7.000000|0.000000,1797.723389|7.000000|0.000000,7,49009750016.000000,N/A,2,5
MOGP_GENERATIONAL,e3b7a1c4-14f1-11f1-9378-303ea725c124,Toxicity,74,126,2110.561035|7.000000|0.000000,0.028671741485595703,7.0,1797.723389|7.000000|0.000000,2110.561035|7.000000|0.000000,1797.723389|7.000000|0.000000,7,25070434304.000000,N/A,2,5
MOGP_GENERATIONAL,e3b7a1c4-14f1-11f1-9378-303ea725c124,Toxicity,74,127,2110.561035|7.000000|0.000000,0.029230356216430664,7.0,1797.723389|7.000000|0.000000,2110.561035|7.000000|0.000000,1797.723389|7.000000|0.000000,7,103209050112.000000,N/A,2,5
MOGP_GENERATIONAL,e3b7a1c4-14f1-11f1-9378-303ea725c124,Toxicity,74,128,2110.561035|7.000000|0.000000,0.02916574478149414,7.0,1797.723389|7.000000|0.000000,2110.561035|7.000000|0.000000,1797.723389|7.000000|0.000000,7,49009819648.000000,N/A,2,5
MOGP_GENERATIONAL,e3b7a1c4-14f1-11f1-9378-303ea725c124,Toxicity,74,129,2110.561035|7.000000|0.000000,0.029857158660888672,7.0,1797.723389|7.000000|0.000000,2110.561035|7.000000|0.000000,1797.723389|7.000000|0.000000,7,98103115776.000000,N/A,2,5
MOGP_GENERATIONAL,e3b7a1c4-14f1-11f1-9378-303ea725c124,Toxicity,74,130,2110.561035|7.000000|0.000000,0.02922797203063965,7.0,1797.723389|7.000000|0.000000,2110.561035|7.000000|0.000000,1797.723389|7.000000|0.000000,7,53577424896.000000,N/A,2,5
MOGP_GENERATIONAL,e3b7a1c4-14f1-11f1-9378-303ea725c124,Toxicity,74,131,2110.561035|7.000000|0.000000,0.02988457679748535,7.0,1797.723389|7.000000|0.000000,2110.561035|7.000000|0.000000,1797.723389|7.000000|0.000000,7,51019399168.000000,N/A,2,5
MOGP_GENERATIONAL,e3b7a1c4-14f1-11f1-9378-303ea725c124,Toxicity,74,132,2110.561035|7.000000|0.000000,0.02958226203918457,7.0,1797.723389|7.000000|0.000000,2110.561035|7.000000|0.000000,1797.723389|7.000000|0.000000,7,4082393600.000000,N/A,2,5
MOGP_GENERATIONAL,e3b7a1c4-14f1-11f1-9378-303ea725c124,Toxicity,74,133,2110.561035|7.000000|0.000000,0.029825925827026367,7.0,1797.723389|7.000000|0.000000,2110.561035|7.000000|0.000000,1797.723389|7.000000|0.000000,7,43514691584.000000,N/A,2,5
MOGP_GENERATIONAL,e3b7a1c4-14f1-11f1-9378-303ea725c124,Toxicity,74,134,2110.561035|7.000000|0.000000,0.030094385147094727,7.0,1797.723389|7.000000|0.000000,2110.561035|7.000000|0.000000,1797.723389|7.000000|0.000000,7,60107939840.000000,N/A,2,5
MOGP_GENERATIONAL,e3b7a1c4-14f1-11f1-9378-303ea725c124,Toxicity,74,135,2110.561035|7.000000|0.000000,0.029030323028564453,7.0,1797.723389|7.000000|0.000000,2110.561035|7.000000|0.000000,1797.723389|7.000000|0.000000,7,68121751552.000000,N/A,2,5
MOGP_GENERATIONAL,e3b7a1c4-14f1-11f1-9378-303ea725c124,Toxicity,74,136,2110.561035|7.000000|0.000000,0.02879166603088379,7.0,1797.723389|7.000000|0.000000,2110.561035|7.000000|0.000000,1797.723389|7.000000|0.000000,7,88980758528.000000,N/A,2,5
MOGP_GENERATIONAL,e3b7a1c4-14f1-11f1-9378-303ea725c124,Toxicity,74,137,2110.561035|7.000000|0.000000,0.029404163360595703,7.0,1797.723389|7.000000|0.000000,2110.561035|7.000000|0.000000,1797.723389|7.000000|0.000000,7,82197315584.000000,N/A,2,5
MOGP_GENERATIONAL,e3b7a1c4-14f1-11f1-9378-303ea725c124,Toxicity,74,138,2110.561035|7.000000|0.000000,0.02966761589050293,7.0,1797.723389|7.000000|0.000000,2110.561035|7.000000|0.000000,1797.723389|7.000000|0.000000,7,49475493888.000000,N/A,2,5
MOGP_GENERATIONAL,e3b7a1c4-14f1-11f1-9378-303ea725c124,Toxicity,74,139,2110.561035|7.000000|0.000000,0.03034186363220215,7.0,1797.723389|7.000000|0.000000,2110.561035|7.000000|0.000000,1797.723389|7.000000|0.000000,7,50822664192.000000,N/A,2,5
MOGP_GENERATIONAL,e3b7a1c4-14f1-11f1-9378-303ea725c124,Toxicity,74,140,2110.561035|7.000000|0.000000,0.028156280517578125,7.0,1797.723389|7.000000|0.000000,2110.561035|7.000000|0.000000,1797.723389|7.000000|0.000000,7,10636368896.000000,N/A,2,5
MOGP_GENERATIONAL,e3b7a1c4-14f1-11f1-9378-303ea725c124,Toxicity,74,141,2110.561035|7.000000|0.000000,0.028845787048339844,7.0,1797.723389|7.000000|0.000000,2110.561035|7.000000|0.000000,1797.723389|7.000000|0.000000,7,65702236160.000000,N/A,2,5
MOGP_GENERATIONAL,e3b7a1c4-14f1-11f1-9378-303ea725c124,Toxicity,74,142,2110.561035|7.000000|0.000000,0.028460979461669922,7.0,1797.723389|7.000000|0.000000,2110.561035|7.000000|0.000000,1797.723389|7.000000|0.000000,7,100097720320.000000,N/A,2,5
MOGP_GENERATIONAL,e3b7a1c4-14f1-11f1-9378-303ea725c124,Toxicity,74,143,2110.561035|7.000000|0.000000,0.029216766357421875,7.0,1797.723389|7.000000|0.000000,2110.561035|7.000000|0.000000,1797.723389|7.000000|0.000000,7,49762103296.000000,N/A,2,5
MOGP_GENERATIONAL,e3b7a1c4-14f1-11f1-9378-303ea725c124,Toxicity,74,144,2110.561035|7.000000|0.000000,0.028922080993652344,7.0,1797.723389|7.000000|0.000000,2110.561035|7.000000|0.000000,1797.723389|7.000000|0.000000,7,85043249152.000000,N/A,2,5
MOGP_GENERATIONAL,e3b7a1c4-14f1-11f1-9378-303ea725c124,Toxicity,74,145,2110.561035|7.000000|0.000000,0.030492067337036133,7.0,1797.723389|7.000000|0.000000,2110.561035|7.000000|0.000000,1797.723389|7.000000|0.000000,7,53526458368.000000,N/A,2,5
MOGP_GENERATIONAL,e3b7a1c4-14f1-11f1-9378-303ea725c124,Toxicity,74,146,2110.561035|7.000000|0.000000,0.030097007751464844,7.0,1797.723389|7.000000|0.000000,2110.561035|7.000000|0.000000,1797.723389|7.000000|0.000000,7,68572786688.000000,N/A,2,5
MOGP_GENERATIONAL,e3b7a1c4-14f1-11f1-9378-303ea725c124,Toxicity,74,147,2110.561035|7.000000|0.000000,0.028742313385009766,7.0,1797.723389|7.000000|0.000000,2110.561035|7.000000|0.000000,1797.723389|7.000000|0.000000,7,50758123520.000000,N/A,2,5
MOGP_GENERATIONAL,e3b7a1c4-14f1-11f1-9378-303ea725c124,Toxicity,74,148,2110.561035|7.000000|0.000000,0.028296709060668945,7.0,1797.723389|7.000000|0.000000,2110.561035|7.000000|0.000000,1797.723389|7.000000|0.000000,7,10348677120.000000,N/A,2,5
MOGP_GENERATIONAL,e3b7a1c4-14f1-11f1-9378-303ea725c124,Toxicity,74,149,2110.561035|7.000000|0.000000,0.029376506805419922,7.0,1797.723389|7.000000|0.000000,2110.561035|7.000000|0.000000,1797.723389|7.000000|0.000000,7,44228861952.000000,N/A,2,5
MOGP_GENERATIONAL,e3b7a1c4-14f1-11f1-9378-303ea725c124,Toxicity,74,150,2110.561035|7.000000|0.000000,0.03025650978088379,7.0,1797.723389|7.000000|0.000000,2110.561035|7.000000|0.000000,1797.723389|7.000000|0.000000,7,103603648.000000,N/A,2,5
MOGP_GENERATIONAL,e3b7a1c4-14f1-11f1-9378-303ea725c124,Toxicity,74,151,2110.561035|7.000000|0.000000,0.030141115188598633,7.0,1797.723389|7.000000|0.000000,2110.561035|7.000000|0.000000,1797.723389|7.000000|0.000000,7,54553452544.000000,N/A,2,5
MOGP_GENERATIONAL,e3b7a1c4-14f1-11f1-9378-303ea725c124,Toxicity,74,152,2110.561035|7.000000|0.000000,0.028861284255981445,7.0,1797.723389|7.000000|0.000000,2110.561035|7.000000|0.000000,1797.723389|7.000000|0.000000,7,32978376704.000000,N/A,2,5
MOGP_GENERATIONAL,e3b7a1c4-14f1-11f1-9378-303ea725c124,Toxicity,74,153,2110.561035|7.000000|0.000000,0.029326677322387695,7.0,1797.723389|7.000000|0.000000,2110.561035|7.000000|0.000000,1797.723389|7.000000|0.000000,7,68539310080.000000,N/A,2,5
MOGP_GENERATIONAL,e3b7a1c4-14f1-11f1-9378-303ea725c124,Toxicity,74,154,2110.561035|7.000000|0.000000,0.030309677124023438,7.0,1797.723389|7.000000|0.000000,2110.561035|7.000000|0.000000,1797.723389|7.000000|0.000000,7,63472848.000000,N/A,2,5
MOGP_GENERATIONAL,e3b7a1c4-14f1-11f1-9378-303ea725c124,Toxicity,74,155,2110.561035|7.000000|0.000000,0.028121232986450195,7.0,1797.723389|7.000000|0.000000,2110.561035|7.000000|0.000000,1797.723389|7.000000|0.000000,7,107155800064.000000,N/A,2,5
MOGP_GENERATIONAL,e3b7a1c4-14f1-11f1-9378-303ea725c124,Toxicity,74,156,2110.561035|7.000000|0.000000,0.02908611297607422,7.0,1797.723389|7.000000|0.000000,2110.561035|7.000000|0.000000,1797.723389|7.000000|0.000000,7,70415597568.000000,N/A,2,5
MOGP_GENERATIONAL,e3b7a1c4-14f1-11f1-9378-303ea725c124,Toxicity,74,157,2110.561035|7.000000|0.000000,0.031023740768432617,7.0,1797.723389|7.000000|0.000000,2110.561035|7.000000|0.000000,1797.723389|7.000000|0.000000,7,95373918208.000000,N/A,2,5
MOGP_GENERATIONAL,e3b7a1c4-14f1-11f1-9378-303ea725c124,Toxicity,74,158,2110.561035|7.000000|0.000000,0.028464317321777344,7.0,1797.723389|7.000000|0.000000,2110.561035|7.000000|0.000000,1797.723389|7.000000|0.000000,7,85698912256.000000,N/A,2,5
MOGP_GENERATIONAL,e3b7a1c4-14f1-11f1-9378-303ea725c124,Toxicity,74,159,2110.561035|7.000000|0.000000,0.02887749671936035,7.0,1797.723389|7.000000|0.000000,2110.561035|7.000000|0.000000,1797.723389|7.000000|0.000000,7,93467975680.000000,N/A,2,5
MOGP_GENERATIONAL,e3b7a1c4-14f1-11f1-9378-303ea725c124,Toxicity,74,160,2110.561035|7.000000|0.000000,0.028650522232055664,7.0,1797.723389|7.000000|0.000000,2110.561035|7.000000|0.000000,1797.723389|7.000000|0.000000,7,62690357248.000000,N/A,2,5
MOGP_GENERATIONAL,e3b7a1c4-14f1-11f1-9378-303ea725c124,Toxicity,74,161,2110.561035|7.000000|0.000000,0.029278993606567383,7.0,1797.723389|7.000000|0.000000,2110.561035|7.000000|0.000000,1797.723389|7.000000|0.000000,7,103338336256.000000,N/A,2,5
MOGP_GENERATIONAL,e3b7a1c4-14f1-11f1-9378-303ea725c124,Toxicity,74,162,2110.561035|7.000000|0.000000,0.02939128875732422,7.0,1797.723389|7.000000|0.000000,2110.561035|7.000000|0.000000,1797.723389|7.000000|0.000000,7,50065874944.000000,N/A,2,5
MOGP_GENERATIONAL,e3b7a1c4-14f1-11f1-9378-303ea725c124,Toxicity,74,163,2110.561035|7.000000|0.000000,0.02903461456298828,7.0,1797.723389|7.000000|0.000000,2110.561035|7.000000|0.000000,1797.723389|7.000000|0.000000,7,87667277824.000000,N/A,2,5
MOGP_GENERATIONAL,e3b7a1c4-14f1-11f1-9378-303ea725c124,Toxicity,74,164,2110.561035|7.000000|0.000000,0.027927637100219727,7.0,1797.723389|7.000000|0.000000,2110.561035|7.000000|0.000000,1797.723389|7.000000|0.000000,7,38968352768.000000,N/A,2,5
MOGP_GENERATIONAL,e3b7a1c4-14f1-11f1-9378-303ea725c124,Toxicity,74,165,2110.561035|7.000000|0.000000,0.029160022735595703,7.0,1797.723389|7.000000|0.000000,2110.561035|7.000000|0.000000,1797.723389|7.000000|0.000000,7,33050929152.000000,N/A,2,5
MOGP_GENERATIONAL,e3b7a1c4-14f1-11f1-9378-303ea725c124,Toxicity,74,166,2110.561035|7.000000|0.000000,0.029633760452270508,7.0,1797.723389|7.000000|0.000000,2110.561035|7.000000|0.000000,1797.723389|7.000000|0.000000,7,56136855552.000000,N/A,2,5
MOGP_GENERATIONAL,e3b7a1c4-14f1-11f1-9378-303ea725c124,Toxicity,74,167,2110.561035|7.000000|0.000000,0.028887033462524414,7.0,1797.723389|7.000000|0.000000,2110.561035|7.000000|0.000000,1797.723389|7.000000|0.000000,7,14949679104.000000,N/A,2,5
MOGP_GENERATIONAL,e3b7a1c4-14f1-11f1-9378-303ea725c124,Toxicity,74,168,2110.561035|7.000000|0.000000,0.03091287612915039,7.0,1797.723389|7.000000|0.000000,2110.561035|7.000000|0.000000,1797.723389|7.000000|0.000000,7,45968080896.000000,N/A,2,5
MOGP_GENERATIONAL,e3b7a1c4-14f1-11f1-9378-303ea725c124,Toxicity,74,169,2110.561035|7.000000|0.000000,0.029928207397460938,7.0,1797.723389|7.000000|0.000000,2110.561035|7.000000|0.000000,1797.723389|7.000000|0.000000,7,71337451520.000000,N/A,2,5
MOGP_GENERATIONAL,e3b7a1c4-14f1-11f1-9378-303ea725c124,Toxicity,74,170,2110.561035|7.000000|0.000000,0.028842687606811523,7.0,1797.723389|7.000000|0.000000,2110.561035|7.000000|0.000000,1797.723389|7.000000|0.000000,7,66693484544.000000,N/A,2,5
MOGP_GENERATIONAL,e3b7a1c4-14f1-11f1-9378-303ea725c124,Toxicity,74,171,2110.561035|7.000000|0.000000,0.028758764266967773,7.0,1797.723389|7.000000|0.000000,2110.561035|7.000000|0.000000,1797.723389|7.000000|0.000000,7,53360152576.000000,N/A,2,5
MOGP_GENERATIONAL,e3b7a1c4-14f1-11f1-9378-303ea725c124,Toxicity,74,172,2110.561035|7.000000|0.000000,0.028551816940307617,7.0,1797.723389|7.000000|0.000000,2110.561035|7.000000|0.000000,1797.723389|7.000000|0.000000,7,66601676800.000000,N/A,2,5
MOGP_GENERATIONAL,e3b7a1c4-14f1-11f1-9378-303ea725c124,Toxicity,74,173,2110.561035|7.000000|0.000000,0.028451204299926758,7.0,1797.723389|7.000000|0.000000,2110.561035|7.000000|0.000000,1797.723389|7.000000|0.000000,7,68086501376.000000,N/A,2,5
MOGP_GENERATIONAL,e3b7a1c4-14f1-11f1-9378-303ea725c124,Toxicity,74,174,2110.561035|7.000000|0.000000,0.028882503509521484,7.0,1797.723389|7.000000|0.000000,2110.561035|7.000000|0.000000,1797.723389|7.000000|0.000000,7,304795488.000000,N/A,2,5
MOGP_GENERATIONAL,e3b7a1c4-14f1-11f1-9378-303ea725c124,Toxicity,74,175,2110.561035|7.000000|0.000000,0.02903127670288086,7.0,1797.723389|7.000000|0.000000,2110.561035|7.000000|0.000000,1797.723389|7.000000|0.000000,7,46270435328.000000,N/A,2,5
MOGP_GENERATIONAL,e3b7a1c4-14f1-11f1-9378-303ea725c124,Toxicity,74,176,2110.561035|7.000000|0.000000,0.028574705123901367,7.0,1797.723389|7.000000|0.000000,2110.561035|7.000000|0.000000,1797.723389|7.000000|0.000000,7,71470448640.000000,N/A,2,5
MOGP_GENERATIONAL,e3b7a1c4-14f1-11f1-9378-303ea725c124,Toxicity,74,177,2110.561035|7.000000|0.000000,0.029193401336669922,7.0,1797.723389|7.000000|0.000000,2110.561035|7.000000|0.000000,1797.723389|7.000000|0.000000,7,10550810624.000000,N/A,2,5
MOGP_GENERATIONAL,e3b7a1c4-14f1-11f1-9378-303ea725c124,Toxicity,74,178,2110.561035|7.000000|0.000000,0.029145240783691406,7.0,1797.723389|7.000000|0.000000,2110.561035|7.000000|0.000000,1797.723389|7.000000|0.000000,7,45923860480.000000,N/A,2,5
MOGP_GENERATIONAL,e3b7a1c4-14f1-11f1-9378-303ea725c124,Toxicity,74,179,2110.561035|7.000000|0.000000,0.029634475708007812,7.0,1797.723389|7.000000|0.000000,2110.561035|7.000000|0.000000,1797.723389|7.000000|0.000000,7,86058713088.000000,N/A,2,5
MOGP_GENERATIONAL,e3b7a1c4-14f1-11f1-9378-303ea725c124,Toxicity,74,180,2110.561035|7.000000|0.000000,0.028959989547729492,7.0,1797.723389|7.000000|0.000000,2110.561035|7.000000|0.000000,1797.723389|7.000000|0.000000,7,71552155648.000000,N/A,2,5
MOGP_GENERATIONAL,e3b7a1c4-14f1-11f1-9378-303ea725c124,Toxicity,74,181,2110.561035|7.000000|0.000000,0.02941417694091797,7.0,1797.723389|7.000000|0.000000,2110.561035|7.000000|0.000000,1797.723389|7.000000|0.000000,7,72296890368.000000,N/A,2,5
MOGP_GENERATIONAL,e3b7a1c4-14f1-11f1-9378-303ea725c124,Toxicity,74,182,2110.561035|7.000000|0.000000,0.029753446578979492,7.0,1797.723389|7.000000|0.000000,2110.561035|7.000000|0.000000,1797.723389|7.000000|0.000000,7,61222289408.000000,N/A,2,5
MOGP_GENERATIONAL,e3b7a1c4-14f1-11f1-9378-303ea725c124,Toxicity,74,183,2110.561035|7.000000|0.000000,0.031017065048217773,7.0,1797.723389|7.000000|0.000000,2110.561035|7.000000|0.000000,1797.723389|7.000000|0.000000,7,47064821760.000000,N/A,2,5
MOGP_GENERATIONAL,e3b7a1c4-14f1-11f1-9378-303ea725c124,Toxicity,74,184,2110.561035|7.000000|0.000000,0.027603864669799805,7.0,1797.723389|7.000000|0.000000,2110.561035|7.000000|0.000000,1797.723389|7.000000|0.000000,7,2304889.500000,N/A,2,5
MOGP_GENERATIONAL,e3b7a1c4-14f1-11f1-9378-303ea725c124,Toxicity,74,185,2110.561035|7.000000|0.000000,0.03020477294921875,7.0,1797.723389|7.000000|0.000000,2110.561035|7.000000|0.000000,1797.723389|7.000000|0.000000,7,110796357632.000000,N/A,2,5
MOGP_GENERATIONAL,e3b7a1c4-14f1-11f1-9378-303ea725c124,Toxicity,74,186,2110.561035|7.000000|0.000000,0.030060291290283203,7.0,1797.723389|7.000000|0.000000,2110.561035|7.000000|0.000000,1797.723389|7.000000|0.000000,7,69593751552.000000,N/A,2,5
MOGP_GENERATIONAL,e3b7a1c4-14f1-11f1-9378-303ea725c124,Toxicity,74,187,2110.561035|7.000000|0.000000,0.0280303955078125,7.0,1797.723389|7.000000|0.000000,2110.561035|7.000000|0.000000,1797.723389|7.000000|0.000000,7,38947319808.000000,N/A,2,5
MOGP_GENERATIONAL,e3b7a1c4-14f1-11f1-9378-303ea725c124,Toxicity,74,188,2110.561035|7.000000|0.000000,0.028777360916137695,7.0,1797.723389|7.000000|0.000000,2110.561035|7.000000|0.000000,1797.723389|7.000000|0.000000,7,29017327616.000000,N/A,2,5
MOGP_GENERATIONAL,e3b7a1c4-14f1-11f1-9378-303ea725c124,Toxicity,74,189,2110.561035|7.000000|0.000000,0.029561519622802734,7.0,1797.723389|7.000000|0.000000,2110.561035|7.000000|0.000000,1797.723389|7.000000|0.000000,7,53195759616.000000,N/A,2,5
MOGP_GENERATIONAL,e3b7a1c4-14f1-11f1-9378-303ea725c124,Toxicity,74,190,2110.561035|7.000000|0.000000,0.029170989990234375,7.0,1797.723389|7.000000|0.000000,2110.561035|7.000000|0.000000,1797.723389|7.000000|0.000000,7,79760474112.000000,N/A,2,5
MOGP_GENERATIONAL,e3b7a1c4-14f1-11f1-9378-303ea725c124,Toxicity,74,191,2110.561035|7.000000|0.000000,0.029097318649291992,7.0,1797.723389|7.000000|0.000000,2110.561035|7.000000|0.000000,1797.723389|7.000000|0.000000,7,46601523200.000000,N/A,2,5
MOGP_GENERATIONAL,e3b7a1c4-14f1-11f1-9378-303ea725c124,Toxicity,74,192,2110.561035|7.000000|0.000000,0.02750539779663086,7.0,1797.723389|7.000000|0.000000,2110.561035|7.000000|0.000000,1797.723389|7.000000|0.000000,7,8694815744.000000,N/A,2,5
MOGP_GENERATIONAL,e3b7a1c4-14f1-11f1-9378-303ea725c124,Toxicity,74,193,2110.561035|7.000000|0.000000,0.029065608978271484,7.0,1797.723389|7.000000|0.000000,2110.561035|7.000000|0.000000,1797.723389|7.000000|0.000000,7,85578752000.000000,N/A,2,5
MOGP_GENERATIONAL,e3b7a1c4-14f1-11f1-9378-303ea725c124,Toxicity,74,194,2110.561035|7.000000|0.000000,0.029193878173828125,7.0,1797.723389|7.000000|0.000000,2110.561035|7.000000|0.000000,1797.723389|7.000000|0.000000,7,18246760448.000000,N/A,2,5
MOGP_GENERATIONAL,e3b7a1c4-14f1-11f1-9378-303ea725c124,Toxicity,74,195,2110.561035|7.000000|0.000000,0.028078794479370117,7.0,1797.723389|7.000000|0.000000,2110.561035|7.000000|0.000000,1797.723389|7.000000|0.000000,7,68953038848.000000,N/A,2,5
MOGP_GENERATIONAL,e3b7a1c4-14f1-11f1-9378-303ea725c124,Toxicity,74,196,2110.561035|7.000000|0.000000,0.028972864151000977,7.0,1797.723389|7.000000|0.000000,2110.561035|7.000000|0.000000,1797.723389|7.000000|0.000000,7,70642573312.000000,N/A,2,5
MOGP_GENERATIONAL,e3b7a1c4-14f1-11f1-9378-303ea725c124,Toxicity,74,197,2110.561035|7.000000|0.000000,0.0305325984954834,7.0,1797.723389|7.000000|0.000000,2110.561035|7.000000|0.000000,1797.723389|7.000000|0.000000,7,21620310016.000000,N/A,2,5
MOGP_GENERATIONAL,e3b7a1c4-14f1-11f1-9378-303ea725c124,Toxicity,74,198,2110.561035|7.000000|0.000000,0.028519392013549805,7.0,1797.723389|7.000000|0.000000,2110.561035|7.000000|0.000000,1797.723389|7.000000|0.000000,7,18831226880.000000,N/A,2,5
MOGP_GENERATIONAL,e3b7a1c4-14f1-11f1-9378-303ea725c124,Toxicity,74,199,2110.561035|7.000000|0.000000,0.029059648513793945,7.0,1797.723389|7.000000|0.000000,2110.561035|7.000000|0.000000,1797.723389|7.000000|0.000000,7,55366934528.000000,N/A,2,5
MOGP_GENERATIONAL,e3b7a1c4-14f1-11f1-9378-303ea725c124,Toxicity,74,200,2110.561035|7.000000|0.000000,0.029596805572509766,7.0,1797.723389|7.000000|0.000000,2110.561035|7.000000|0.000000,1797.723389|7.000000|0.000000,7,98001657856.000000,N/A,2,5
MOGP_GENERATIONAL,e3b7a1c4-14f1-11f1-9378-303ea725c124,Toxicity,74,201,2110.561035|7.000000|0.000000,0.029021263122558594,7.0,1797.723389|7.000000|0.000000,2110.561035|7.000000|0.000000,1797.723389|7.000000|0.000000,7,85089017856.000000,N/A,2,5
MOGP_GENERATIONAL,e3b7a1c4-14f1-11f1-9378-303ea725c124,Toxicity,74,202,2110.561035|7.000000|0.000000,0.029911279678344727,7.0,1797.723389|7.000000|0.000000,2110.561035|7.000000|0.000000,1797.723389|7.000000|0.000000,7,71642087424.000000,N/A,2,5
MOGP_GENERATIONAL,e3b7a1c4-14f1-11f1-9378-303ea725c124,Toxicity,74,203,2110.561035|7.000000|0.000000,0.029596567153930664,7.0,1797.723389|7.000000|0.000000,2110.561035|7.000000|0.000000,1797.723389|7.000000|0.000000,7,102842925056.000000,N/A,2,5
MOGP_GENERATIONAL,e3b7a1c4-14f1-11f1-9378-303ea725c124,Toxicity,74,204,2110.561035|7.000000|0.000000,0.028437137603759766,7.0,1797.723389|7.000000|0.000000,2110.561035|7.000000|0.000000,1797.723389|7.000000|0.000000,7,87581048832.000000,N/A,2,5
MOGP_GENERATIONAL,e3b7a1c4-14f1-11f1-9378-303ea725c124,Toxicity,74,205,2110.561035|7.000000|0.000000,0.029271602630615234,7.0,1797.723389|7.000000|0.000000,2110.561035|7.000000|0.000000,1797.723389|7.000000|0.000000,7,9582324736.000000,N/A,2,5
MOGP_GENERATIONAL,e3b7a1c4-14f1-11f1-9378-303ea725c124,Toxicity,74,206,2110.561035|7.000000|0.000000,0.029322385787963867,7.0,1797.723389|7.000000|0.000000,2110.561035|7.000000|0.000000,1797.723389|7.000000|0.000000,7,58212851712.000000,N/A,2,5
MOGP_GENERATIONAL,e3b7a1c4-14f1-11f1-9378-303ea725c124,Toxicity,74,207,2110.561035|7.000000|0.000000,0.029149532318115234,7.0,1797.723389|7.000000|0.000000,2110.561035|7.000000|0.000000,1797.723389|7.000000|0.000000,7,91617091584.000000,N/A,2,5
MOGP_GENERATIONAL,e3b7a1c4-14f1-11f1-9378-303ea725c124,Toxicity,74,208,2110.561035|7.000000|0.000000,0.030144453048706055,7.0,1797.723389|7.000000|0.000000,2110.561035|7.000000|0.000000,1797.723389|7.000000|0.000000,7,82192728064.000000,N/A,2,5
MOGP_GENERATIONAL,e3b7a1c4-14f1-11f1-9378-303ea725c124,Toxicity,74,209,2110.561035|7.000000|0.000000,0.029785633087158203,7.0,1797.723389|7.000000|0.000000,2110.561035|7.000000|0.000000,1797.723389|7.000000|0.000000,7,87724883968.000000,N/A,2,5
MOGP_GENERATIONAL,e3b7a1c4-14f1-11f1-9378-303ea725c124,Toxicity,74,210,2110.561035|7.000000|0.000000,0.02919459342956543,7.0,1797.723389|7.000000|0.000000,2110.561035|7.000000|0.000000,1797.723389|7.000000|0.000000,7,32069427200.000000,N/A,2,5
MOGP_GENERATIONAL,e3b7a1c4-14f1-11f1-9378-303ea725c124,Toxicity,74,211,2110.561035|7.000000|0.000000,0.027910947799682617,7.0,1797.723389|7.000000|0.000000,2110.561035|7.000000|0.000000,1797.723389|7.000000|0.000000,7,24031496192.000000,N/A,2,5
MOGP_GENERATIONAL,e3b7a1c4-14f1-11f1-9378-303ea725c124,Toxicity,74,212,2110.561035|7.000000|0.000000,0.02974081039428711,7.0,1797.723389|7.000000|0.000000,2110.561035|7.000000|0.000000,1797.723389|7.000000|0.000000,7,23844804608.000000,N/A,2,5
MOGP_GENERATIONAL,e3b7a1c4-14f1-11f1-9378-303ea725c124,Toxicity,74,213,2110.561035|7.000000|0.000000,0.02984762191772461,7.0,1797.723389|7.000000|0.000000,2110.561035|7.000000|0.000000,1797.723389|7.000000|0.000000,7,34184028160.000000,N/A,2,5
MOGP_GENERATIONAL,e3b7a1c4-14f1-11f1-9378-303ea725c124,Toxicity,74,214,2110.561035|7.000000|0.000000,0.03015589714050293,7.0,1797.723389|7.000000|0.000000,2110.561035|7.000000|0.000000,1797.723389|7.000000|0.000000,7,50228916224.000000,N/A,2,5
MOGP_GENERATIONAL,e3b7a1c4-14f1-11f1-9378-303ea725c124,Toxicity,74,215,2110.561035|7.000000|0.000000,0.028480052947998047,7.0,1797.723389|7.000000|0.000000,2110.561035|7.000000|0.000000,1797.723389|7.000000|0.000000,7,15682617344.000000,N/A,2,5
MOGP_GENERATIONAL,e3b7a1c4-14f1-11f1-9378-303ea725c124,Toxicity,74,216,2110.561035|7.000000|0.000000,0.029076814651489258,7.0,1797.723389|7.000000|0.000000,2110.561035|7.000000|0.000000,1797.723389|7.000000|0.000000,7,49475743744.000000,N/A,2,5
MOGP_GENERATIONAL,e3b7a1c4-14f1-11f1-9378-303ea725c124,Toxicity,74,217,2110.561035|7.000000|0.000000,0.028547048568725586,7.0,1797.723389|7.000000|0.000000,2110.561035|7.000000|0.000000,1797.723389|7.000000|0.000000,7,57874051072.000000,N/A,2,5
MOGP_GENERATIONAL,e3b7a1c4-14f1-11f1-9378-303ea725c124,Toxicity,74,218,2110.561035|7.000000|0.000000,0.028499126434326172,7.0,1797.723389|7.000000|0.000000,2110.561035|7.000000|0.000000,1797.723389|7.000000|0.000000,7,69126717440.000000,N/A,2,5
MOGP_GENERATIONAL,e3b7a1c4-14f1-11f1-9378-303ea725c124,Toxicity,74,219,2110.561035|7.000000|0.000000,0.029590368270874023,7.0,1797.723389|7.000000|0.000000,2110.561035|7.000000|0.000000,1797.723389|7.000000|0.000000,7,64852140.000000,N/A,2,5
MOGP_GENERATIONAL,e3b7a1c4-14f1-11f1-9378-303ea725c124,Toxicity,74,220,2110.561035|7.000000|0.000000,0.029120206832885742,7.0,1797.723389|7.000000|0.000000,2110.561035|7.000000|0.000000,1797.723389|7.000000|0.000000,7,48696586240.000000,N/A,2,5
MOGP_GENERATIONAL,e3b7a1c4-14f1-11f1-9378-303ea725c124,Toxicity,74,221,2110.561035|7.000000|0.000000,0.029917478561401367,7.0,1797.723389|7.000000|0.000000,2110.561035|7.000000|0.000000,1797.723389|7.000000|0.000000,7,34835574784.000000,N/A,2,5
MOGP_GENERATIONAL,e3b7a1c4-14f1-11f1-9378-303ea725c124,Toxicity,74,222,2110.561035|7.000000|0.000000,0.029471397399902344,7.0,1797.723389|7.000000|0.000000,2110.561035|7.000000|0.000000,1797.723389|7.000000|0.000000,7,62152912896.000000,N/A,2,5
MOGP_GENERATIONAL,e3b7a1c4-14f1-11f1-9378-303ea725c124,Toxicity,74,223,2110.561035|7.000000|0.000000,0.02858257293701172,7.0,1797.723389|7.000000|0.000000,2110.561035|7.000000|0.000000,1797.723389|7.000000|0.000000,7,50657169408.000000,N/A,2,5
MOGP_GENERATIONAL,e3b7a1c4-14f1-11f1-9378-303ea725c124,Toxicity,74,224,2110.561035|7.000000|0.000000,0.029010534286499023,7.0,1797.723389|7.000000|0.000000,2110.561035|7.000000|0.000000,1797.723389|7.000000|0.000000,7,30259173376.000000,N/A,2,5
MOGP_GENERATIONAL,e3b7a1c4-14f1-11f1-9378-303ea725c124,Toxicity,74,225,2110.561035|7.000000|0.000000,0.027628660202026367,7.0,1797.723389|7.000000|0.000000,2110.561035|7.000000|0.000000,1797.723389|7.000000|0.000000,7,51723235328.000000,N/A,2,5
MOGP_GENERATIONAL,e3b7a1c4-14f1-11f1-9378-303ea725c124,Toxicity,74,226,2110.561035|7.000000|0.000000,0.029161691665649414,7.0,1797.723389|7.000000|0.000000,2110.561035|7.000000|0.000000,1797.723389|7.000000|0.000000,7,45496647680.000000,N/A,2,5
MOGP_GENERATIONAL,e3b7a1c4-14f1-11f1-9378-303ea725c124,Toxicity,74,227,2110.561035|7.000000|0.000000,0.029703855514526367,7.0,1797.723389|7.000000|0.000000,2110.561035|7.000000|0.000000,1797.723389|7.000000|0.000000,7,81286758400.000000,N/A,2,5
MOGP_GENERATIONAL,e3b7a1c4-14f1-11f1-9378-303ea725c124,Toxicity,74,228,2110.561035|7.000000|0.000000,0.03085947036743164,7.0,1797.723389|7.000000|0.000000,2110.561035|7.000000|0.000000,1797.723389|7.000000|0.000000,7,50399768576.000000,N/A,2,5
MOGP_GENERATIONAL,e3b7a1c4-14f1-11f1-9378-303ea725c124,Toxicity,74,229,2110.561035|7.000000|0.000000,0.029390573501586914,7.0,1797.723389|7.000000|0.000000,2110.561035|7.000000|0.000000,1797.723389|7.000000|0.000000,7,48637308928.000000,N/A,2,5
MOGP_GENERATIONAL,e3b7a1c4-14f1-11f1-9378-303ea725c124,Toxicity,74,230,2110.561035|7.000000|0.000000,0.028776884078979492,7.0,1797.723389|7.000000|0.000000,2110.561035|7.000000|0.000000,1797.723389|7.000000|0.000000,7,46289166336.000000,N/A,2,5
MOGP_GENERATIONAL,e3b7a1c4-14f1-11f1-9378-303ea725c124,Toxicity,74,231,2110.561035|7.000000|0.000000,0.02974724769592285,7.0,1797.723389|7.000000|0.000000,2110.561035|7.000000|0.000000,1797.723389|7.000000|0.000000,7,53164949504.000000,N/A,2,5
MOGP_GENERATIONAL,e3b7a1c4-14f1-11f1-9378-303ea725c124,Toxicity,74,232,2110.561035|7.000000|0.000000,0.028314590454101562,7.0,1797.723389|7.000000|0.000000,2110.561035|7.000000|0.000000,1797.723389|7.000000|0.000000,7,49770262528.000000,N/A,2,5
MOGP_GENERATIONAL,e3b7a1c4-14f1-11f1-9378-303ea725c124,Toxicity,74,233,2110.561035|7.000000|0.000000,0.028782367706298828,7.0,1797.723389|7.000000|0.000000,2110.561035|7.000000|0.000000,1797.723389|7.000000|0.000000,7,67305390080.000000,N/A,2,5
MOGP_GENERATIONAL,e3b7a1c4-14f1-11f1-9378-303ea725c124,Toxicity,74,234,2110.561035|7.000000|0.000000,0.02908635139465332,7.0,1797.723389|7.000000|0.000000,2110.561035|7.000000|0.000000,1797.723389|7.000000|0.000000,7,142113664.000000,N/A,2,5
MOGP_GENERATIONAL,e3b7a1c4-14f1-11f1-9378-303ea725c124,Toxicity,74,235,2110.561035|7.000000|0.000000,0.0284726619720459,7.0,1797.723389|7.000000|0.000000,2110.561035|7.000000|0.000000,1797.723389|7.000000|0.000000,7,5745592.000000,N/A,2,5
MOGP_GENERATIONAL,e3b7a1c4-14f1-11f1-9378-303ea725c124,Toxicity,74,236,2110.561035|7.000000|0.000000,0.027808189392089844,7.0,1797.723389|7.000000|0.000000,2110.561035|7.000000|0.000000,1797.723389|7.000000|0.000000,7,31994918912.000000,N/A,2,5
MOGP_GENERATIONAL,e3b7a1c4-14f1-11f1-9378-303ea725c124,Toxicity,74,237,2110.561035|7.000000|0.000000,0.029933691024780273,7.0,1797.723389|7.000000|0.000000,2110.561035|7.000000|0.000000,1797.723389|7.000000|0.000000,7,88870617088.000000,N/A,2,5
MOGP_GENERATIONAL,e3b7a1c4-14f1-11f1-9378-303ea725c124,Toxicity,74,238,2110.561035|7.000000|0.000000,0.028519392013549805,7.0,1797.723389|7.000000|0.000000,2110.561035|7.000000|0.000000,1797.723389|7.000000|0.000000,7,84388225024.000000,N/A,2,5
MOGP_GENERATIONAL,e3b7a1c4-14f1-11f1-9378-303ea725c124,Toxicity,74,239,2110.561035|7.000000|0.000000,0.02903270721435547,7.0,1797.723389|7.000000|0.000000,2110.561035|7.000000|0.000000,1797.723389|7.000000|0.000000,7,107025997824.000000,N/A,2,5
MOGP_GENERATIONAL,e3b7a1c4-14f1-11f1-9378-303ea725c124,Toxicity,74,240,2110.561035|7.000000|0.000000,0.028545141220092773,7.0,1797.723389|7.000000|0.000000,2110.561035|7.000000|0.000000,1797.723389|7.000000|0.000000,7,70429704192.000000,N/A,2,5
MOGP_GENERATIONAL,e3b7a1c4-14f1-11f1-9378-303ea725c124,Toxicity,74,241,2110.561035|7.000000|0.000000,0.030252695083618164,7.0,1797.723389|7.000000|0.000000,2110.561035|7.000000|0.000000,1797.723389|7.000000|0.000000,7,52695298048.000000,N/A,2,5
MOGP_GENERATIONAL,e3b7a1c4-14f1-11f1-9378-303ea725c124,Toxicity,74,242,2110.561035|7.000000|0.000000,0.02890801429748535,7.0,1797.723389|7.000000|0.000000,2110.561035|7.000000|0.000000,1797.723389|7.000000|0.000000,7,4537115136.000000,N/A,2,5
MOGP_GENERATIONAL,e3b7a1c4-14f1-11f1-9378-303ea725c124,Toxicity,74,243,2110.561035|7.000000|0.000000,0.027933597564697266,7.0,1797.723389|7.000000|0.000000,2110.561035|7.000000|0.000000,1797.723389|7.000000|0.000000,7,75428593664.000000,N/A,2,5
MOGP_GENERATIONAL,e3b7a1c4-14f1-11f1-9378-303ea725c124,Toxicity,74,244,2110.561035|7.000000|0.000000,0.028972387313842773,7.0,1797.723389|7.000000|0.000000,2110.561035|7.000000|0.000000,1797.723389|7.000000|0.000000,7,50982486016.000000,N/A,2,5
MOGP_GENERATIONAL,e3b7a1c4-14f1-11f1-9378-303ea725c124,Toxicity,74,245,2110.561035|7.000000|0.000000,0.028612375259399414,7.0,1797.723389|7.000000|0.000000,2110.561035|7.000000|0.000000,1797.723389|7.000000|0.000000,7,47224078336.000000,N/A,2,5
MOGP_GENERATIONAL,e3b7a1c4-14f1-11f1-9378-303ea725c124,Toxicity,74,246,2110.561035|7.000000|0.000000,0.02890634536743164,7.0,1797.723389|7.000000|0.000000,2110.561035|7.000000|0.000000,1797.723389|7.000000|0.000000,7,94938300416.000000,N/A,2,5
MOGP_GENERATIONAL,e3b7a1c4-14f1-11f1-9378-303ea725c124,Toxicity,74,247,2110.561035|7.000000|0.000000,0.02950263023376465,7.0,1797.723389|7.000000|0.000000,2110.561035|7.000000|0.000000,1797.723389|7.000000|0.000000,7,74015604736.000000,N/A,2,5
MOGP_GENERATIONAL,e3b7a1c4-14f1-11f1-9378-303ea725c124,Toxicity,74,248,2110.561035|7.000000|0.000000,0.03080153465270996,7.0,1797.723389|7.000000|0.000000,2110.561035|7.000000|0.000000,1797.723389|7.000000|0.000000,7,71358554112.000000,N/A,2,5
MOGP_GENERATIONAL,e3b7a1c4-14f1-11f1-9378-303ea725c124,Toxicity,74,249,2110.561035|7.000000|0.000000,0.06659364700317383,7.0,1797.723389|7.000000|0.000000,2110.561035|7.000000|0.000000,1797.723389|7.000000|0.000000,7,52127637504.000000,N/A,2,5
MOGP_GENERATIONAL,e3b7a1c4-14f1-11f1-9378-303ea725c124,Toxicity,74,250,2101.872070|7.000000|0.000000,0.03143167495727539,7.0,1823.694336|7.000000|0.000000,2101.872070|7.000000|0.000000,1823.694336|7.000000|0.000000,7,84059414528.000000,N/A,2,5
