MOGP_GENERATIONAL,d26bbf4e-ef5e-11f0-9be8-6e001b3eef54,Boston,74,0,19.850466|3.000000|0.000000|0.000000|0.000000,1.268280267715454,3.0,19.663256|3.000000|0.000000|0.000000|0.000000,N/A,N/A,0,242997575680.000000,10.194349|3.000000|0.000000|0.000000|0.000000,5
MOGP_GENERATIONAL,d26bbf4e-ef5e-11f0-9be8-6e001b3eef54,Boston,74,1,10.862483|3.000000|0.000000|0.000000|0.000000,0.08517003059387207,3.0,10.398706|3.000000|0.000000|0.000000|0.000000,10.120559|3.000000|1.000000|0.000000|0.000000,9.911440|3.000000|1.000000|0.000000|0.000000,3,62036025344.000000,10.194349|3.000000|0.000000|0.000000|0.000000,5
MOGP_GENERATIONAL,d26bbf4e-ef5e-11f0-9be8-6e001b3eef54,Boston,74,2,9.485033|3.000000|0.000000|0.000000|0.000000,0.05559897422790527,3.0,8.869534|3.000000|0.000000|0.000000|0.000000,9.485033|3.000000|0.000000|0.000000|0.000000,8.869534|3.000000|0.000000|0.000000|0.000000,3,56141910016.000000,10.194349|3.000000|0.000000|0.000000|0.000000,5
MOGP_GENERATIONAL,d26bbf4e-ef5e-11f0-9be8-6e001b3eef54,Boston,74,3,9.485033|3.000000|0.000000|0.000000|0.000000,0.05621790885925293,3.0,8.869534|3.000000|0.000000|0.000000|0.000000,9.485033|3.000000|0.000000|0.000000|0.000000,8.869534|3.000000|0.000000|0.000000|0.000000,3,72563818496.000000,10.194349|3.000000|0.000000|0.000000|0.000000,5
MOGP_GENERATIONAL,d26bbf4e-ef5e-11f0-9be8-6e001b3eef54,Boston,74,4,9.485033|3.000000|0.000000|0.000000|0.000000,0.0596010684967041,3.0,8.869534|3.000000|0.000000|0.000000|0.000000,9.485033|3.000000|0.000000|0.000000|0.000000,8.869534|3.000000|0.000000|0.000000|0.000000,3,77230727168.000000,10.194349|3.000000|0.000000|0.000000|0.000000,5
MOGP_GENERATIONAL,d26bbf4e-ef5e-11f0-9be8-6e001b3eef54,Boston,74,5,9.485033|3.000000|0.000000|0.000000|0.000000,0.06772398948669434,3.0,8.869534|3.000000|0.000000|0.000000|0.000000,9.485033|3.000000|0.000000|0.000000|0.000000,8.869534|3.000000|0.000000|0.000000|0.000000,3,102602620928.000000,10.194349|3.000000|0.000000|0.000000|0.000000,5
MOGP_GENERATIONAL,d26bbf4e-ef5e-11f0-9be8-6e001b3eef54,Boston,74,6,9.485033|3.000000|0.000000|0.000000|0.000000,0.05175018310546875,3.0,8.869534|3.000000|0.000000|0.000000|0.000000,9.485033|3.000000|0.000000|0.000000|0.000000,8.869534|3.000000|0.000000|0.000000|0.000000,3,30167906304.000000,10.194349|3.000000|0.000000|0.000000|0.000000,5
MOGP_GENERATIONAL,d26bbf4e-ef5e-11f0-9be8-6e001b3eef54,Boston,74,7,9.485033|3.000000|0.000000|0.000000|0.000000,0.08149409294128418,3.0,8.869534|3.000000|0.000000|0.000000|0.000000,9.485033|3.000000|0.000000|0.000000|0.000000,8.869534|3.000000|0.000000|0.000000|0.000000,3,940956736.000000,10.194349|3.000000|0.000000|0.000000|0.000000,5
MOGP_GENERATIONAL,d26bbf4e-ef5e-11f0-9be8-6e001b3eef54,Boston,74,8,9.485033|3.000000|0.000000|0.000000|0.000000,0.07386422157287598,3.0,8.869534|3.000000|0.000000|0.000000|0.000000,9.485033|3.000000|0.000000|0.000000|0.000000,8.869534|3.000000|0.000000|0.000000|0.000000,3,79771729920.000000,10.194349|3.000000|0.000000|0.000000|0.000000,5
MOGP_GENERATIONAL,d26bbf4e-ef5e-11f0-9be8-6e001b3eef54,Boston,74,9,9.485033|3.000000|0.000000|0.000000|0.000000,0.0519719123840332,3.0,8.869534|3.000000|0.000000|0.000000|0.000000,8.479274|5.000000|2.000000|0.000000|0.000000,7.764779|5.000000|2.000000|0.000000|0.000000,5,56668135424.000000,10.194349|3.000000|0.000000|0.000000|0.000000,5
MOGP_GENERATIONAL,d26bbf4e-ef5e-11f0-9be8-6e001b3eef54,Boston,74,10,9.485033|3.000000|0.000000|0.000000|0.000000,0.056427955627441406,3.0,8.869534|3.000000|0.000000|0.000000|0.000000,9.485033|3.000000|0.000000|0.000000|0.000000,8.869534|3.000000|0.000000|0.000000|0.000000,3,35629006848.000000,10.194349|3.000000|0.000000|0.000000|0.000000,5
MOGP_GENERATIONAL,d26bbf4e-ef5e-11f0-9be8-6e001b3eef54,Boston,74,11,9.485033|3.000000|0.000000|0.000000|0.000000,0.05116701126098633,3.0,8.869534|3.000000|0.000000|0.000000|0.000000,9.485033|3.000000|0.000000|0.000000|0.000000,8.869534|3.000000|0.000000|0.000000|0.000000,3,35749969920.000000,10.194349|3.000000|0.000000|0.000000|0.000000,5
MOGP_GENERATIONAL,d26bbf4e-ef5e-11f0-9be8-6e001b3eef54,Boston,74,12,9.485033|3.000000|0.000000|0.000000|0.000000,0.05495309829711914,3.0,8.869534|3.000000|0.000000|0.000000|0.000000,9.485033|3.000000|0.000000|0.000000|0.000000,8.869534|3.000000|0.000000|0.000000|0.000000,3,43247525888.000000,10.194349|3.000000|0.000000|0.000000|0.000000,5
MOGP_GENERATIONAL,d26bbf4e-ef5e-11f0-9be8-6e001b3eef54,Boston,74,13,9.485033|3.000000|0.000000|0.000000|0.000000,0.06663918495178223,3.0,8.869534|3.000000|0.000000|0.000000|0.000000,9.485033|3.000000|0.000000|0.000000|0.000000,8.869534|3.000000|0.000000|0.000000|0.000000,3,48093188096.000000,10.194349|3.000000|0.000000|0.000000|0.000000,5
MOGP_GENERATIONAL,d26bbf4e-ef5e-11f0-9be8-6e001b3eef54,Boston,74,14,9.485033|3.000000|0.000000|0.000000|0.000000,0.05354189872741699,3.0,8.869534|3.000000|0.000000|0.000000|0.000000,9.485033|3.000000|0.000000|0.000000|0.000000,8.869534|3.000000|0.000000|0.000000|0.000000,3,61117321216.000000,10.194349|3.000000|0.000000|0.000000|0.000000,5
MOGP_GENERATIONAL,d26bbf4e-ef5e-11f0-9be8-6e001b3eef54,Boston,74,15,9.485033|3.000000|0.000000|0.000000|0.000000,0.060475826263427734,3.0,8.869534|3.000000|0.000000|0.000000|0.000000,9.485033|3.000000|0.000000|0.000000|0.000000,8.869534|3.000000|0.000000|0.000000|0.000000,3,60236660736.000000,10.194349|3.000000|0.000000|0.000000|0.000000,5
MOGP_GENERATIONAL,d26bbf4e-ef5e-11f0-9be8-6e001b3eef54,Boston,74,16,9.485033|3.000000|0.000000|0.000000|0.000000,0.06690096855163574,3.0,8.869534|3.000000|0.000000|0.000000|0.000000,9.485033|3.000000|0.000000|0.000000|0.000000,8.869534|3.000000|0.000000|0.000000|0.000000,3,85077221376.000000,10.194349|3.000000|0.000000|0.000000|0.000000,5
MOGP_GENERATIONAL,d26bbf4e-ef5e-11f0-9be8-6e001b3eef54,Boston,74,17,9.485033|3.000000|0.000000|0.000000|0.000000,0.0575411319732666,3.0,8.869534|3.000000|0.000000|0.000000|0.000000,9.485033|3.000000|0.000000|0.000000|0.000000,8.869534|3.000000|0.000000|0.000000|0.000000,3,80584736768.000000,10.194349|3.000000|0.000000|0.000000|0.000000,5
MOGP_GENERATIONAL,d26bbf4e-ef5e-11f0-9be8-6e001b3eef54,Boston,74,18,9.485033|3.000000|0.000000|0.000000|0.000000,0.052648067474365234,3.0,8.869534|3.000000|0.000000|0.000000|0.000000,9.485033|3.000000|0.000000|0.000000|0.000000,8.869534|3.000000|0.000000|0.000000|0.000000,3,59269029888.000000,10.194349|3.000000|0.000000|0.000000|0.000000,5
MOGP_GENERATIONAL,d26bbf4e-ef5e-11f0-9be8-6e001b3eef54,Boston,74,19,9.485033|3.000000|0.000000|0.000000|0.000000,0.061773061752319336,3.0,8.869534|3.000000|0.000000|0.000000|0.000000,9.485033|3.000000|0.000000|0.000000|0.000000,8.869534|3.000000|0.000000|0.000000|0.000000,3,59254013952.000000,10.194349|3.000000|0.000000|0.000000|0.000000,5
MOGP_GENERATIONAL,d26bbf4e-ef5e-11f0-9be8-6e001b3eef54,Boston,74,20,9.485033|3.000000|0.000000|0.000000|0.000000,0.07307720184326172,3.0,8.869534|3.000000|0.000000|0.000000|0.000000,9.485033|3.000000|0.000000|0.000000|0.000000,8.869534|3.000000|0.000000|0.000000|0.000000,3,26325526528.000000,10.194349|3.000000|0.000000|0.000000|0.000000,5
MOGP_GENERATIONAL,d26bbf4e-ef5e-11f0-9be8-6e001b3eef54,Boston,74,21,9.485033|3.000000|0.000000|0.000000|0.000000,0.05536484718322754,3.0,8.869534|3.000000|0.000000|0.000000|0.000000,9.359615|7.000000|1.000000|0.000000|0.000000,8.726311|7.000000|1.000000|0.000000|0.000000,7,97880072192.000000,10.194349|3.000000|0.000000|0.000000|0.000000,5
MOGP_GENERATIONAL,d26bbf4e-ef5e-11f0-9be8-6e001b3eef54,Boston,74,22,9.485033|3.000000|0.000000|0.000000|0.000000,0.06475210189819336,3.0,8.869534|3.000000|0.000000|0.000000|0.000000,9.485033|3.000000|0.000000|0.000000|0.000000,8.869534|3.000000|0.000000|0.000000|0.000000,3,25863497728.000000,10.194349|3.000000|0.000000|0.000000|0.000000,5
MOGP_GENERATIONAL,d26bbf4e-ef5e-11f0-9be8-6e001b3eef54,Boston,74,23,9.485033|3.000000|0.000000|0.000000|0.000000,0.06108498573303223,3.0,8.869534|3.000000|0.000000|0.000000|0.000000,9.485033|3.000000|0.000000|0.000000|0.000000,8.869534|3.000000|0.000000|0.000000|0.000000,3,50007248896.000000,10.194349|3.000000|0.000000|0.000000|0.000000,5
MOGP_GENERATIONAL,d26bbf4e-ef5e-11f0-9be8-6e001b3eef54,Boston,74,24,9.485033|3.000000|0.000000|0.000000|0.000000,0.05568289756774902,3.0,8.869534|3.000000|0.000000|0.000000|0.000000,9.485033|3.000000|0.000000|0.000000|0.000000,8.869534|3.000000|0.000000|0.000000|0.000000,3,76971753472.000000,10.194349|3.000000|0.000000|0.000000|0.000000,5
MOGP_GENERATIONAL,d26bbf4e-ef5e-11f0-9be8-6e001b3eef54,Boston,74,25,9.485033|3.000000|0.000000|0.000000|0.000000,0.0647120475769043,3.0,8.869534|3.000000|0.000000|0.000000|0.000000,9.485033|3.000000|0.000000|0.000000|0.000000,8.869534|3.000000|0.000000|0.000000|0.000000,3,70622576640.000000,10.194349|3.000000|0.000000|0.000000|0.000000,5
MOGP_GENERATIONAL,d26bbf4e-ef5e-11f0-9be8-6e001b3eef54,Boston,74,26,9.485033|3.000000|0.000000|0.000000|0.000000,0.05872511863708496,3.0,8.869534|3.000000|0.000000|0.000000|0.000000,9.485033|3.000000|0.000000|0.000000|0.000000,8.869534|3.000000|0.000000|0.000000|0.000000,3,75355897856.000000,10.194349|3.000000|0.000000|0.000000|0.000000,5
MOGP_GENERATIONAL,d26bbf4e-ef5e-11f0-9be8-6e001b3eef54,Boston,74,27,9.485033|3.000000|0.000000|0.000000|0.000000,0.05057787895202637,3.0,8.869534|3.000000|0.000000|0.000000|0.000000,8.709475|7.000000|1.000000|0.000000|0.000000,8.063308|7.000000|1.000000|0.000000|0.000000,7,32577271808.000000,10.194349|3.000000|0.000000|0.000000|0.000000,5
MOGP_GENERATIONAL,d26bbf4e-ef5e-11f0-9be8-6e001b3eef54,Boston,74,28,9.485033|3.000000|0.000000|0.000000|0.000000,0.052201032638549805,3.0,8.869534|3.000000|0.000000|0.000000|0.000000,9.485033|3.000000|0.000000|0.000000|0.000000,8.869534|3.000000|0.000000|0.000000|0.000000,3,82534432768.000000,10.194349|3.000000|0.000000|0.000000|0.000000,5
MOGP_GENERATIONAL,d26bbf4e-ef5e-11f0-9be8-6e001b3eef54,Boston,74,29,9.485033|3.000000|0.000000|0.000000|0.000000,0.059906005859375,3.0,8.869534|3.000000|0.000000|0.000000|0.000000,8.471763|7.000000|1.000000|0.000000|0.000000,7.792782|7.000000|1.000000|0.000000|0.000000,7,61650305024.000000,10.194349|3.000000|0.000000|0.000000|0.000000,5
MOGP_GENERATIONAL,d26bbf4e-ef5e-11f0-9be8-6e001b3eef54,Boston,74,30,9.485033|3.000000|0.000000|0.000000|0.000000,0.06074190139770508,3.0,8.869534|3.000000|0.000000|0.000000|0.000000,9.485033|3.000000|0.000000|0.000000|0.000000,8.869534|3.000000|0.000000|0.000000|0.000000,3,68596207616.000000,10.194349|3.000000|0.000000|0.000000|0.000000,5
MOGP_GENERATIONAL,d26bbf4e-ef5e-11f0-9be8-6e001b3eef54,Boston,74,31,9.485033|3.000000|0.000000|0.000000|0.000000,0.06103014945983887,3.0,8.869534|3.000000|0.000000|0.000000|0.000000,9.485033|3.000000|0.000000|0.000000|0.000000,8.869534|3.000000|0.000000|0.000000|0.000000,3,87867654144.000000,10.194349|3.000000|0.000000|0.000000|0.000000,5
MOGP_GENERATIONAL,d26bbf4e-ef5e-11f0-9be8-6e001b3eef54,Boston,74,32,9.485033|3.000000|0.000000|0.000000|0.000000,0.06314611434936523,3.0,8.869534|3.000000|0.000000|0.000000|0.000000,8.699803|7.000000|1.000000|0.000000|0.000000,8.027328|7.000000|1.000000|0.000000|0.000000,7,72604688384.000000,10.194349|3.000000|0.000000|0.000000|0.000000,5
MOGP_GENERATIONAL,d26bbf4e-ef5e-11f0-9be8-6e001b3eef54,Boston,74,33,9.485033|3.000000|0.000000|0.000000|0.000000,0.059082984924316406,3.0,8.869534|3.000000|0.000000|0.000000|0.000000,9.485033|3.000000|0.000000|0.000000|0.000000,8.869534|3.000000|0.000000|0.000000|0.000000,3,105965158400.000000,10.194349|3.000000|0.000000|0.000000|0.000000,5
MOGP_GENERATIONAL,d26bbf4e-ef5e-11f0-9be8-6e001b3eef54,Boston,74,34,9.485033|3.000000|0.000000|0.000000|0.000000,0.05712294578552246,3.0,8.869534|3.000000|0.000000|0.000000|0.000000,9.485033|3.000000|0.000000|0.000000|0.000000,8.869534|3.000000|0.000000|0.000000|0.000000,3,41856937984.000000,10.194349|3.000000|0.000000|0.000000|0.000000,5
MOGP_GENERATIONAL,d26bbf4e-ef5e-11f0-9be8-6e001b3eef54,Boston,74,35,9.485033|3.000000|0.000000|0.000000|0.000000,0.06505203247070312,3.0,8.869534|3.000000|0.000000|0.000000|0.000000,9.485033|3.000000|0.000000|0.000000|0.000000,8.869534|3.000000|0.000000|0.000000|0.000000,3,54011953152.000000,10.194349|3.000000|0.000000|0.000000|0.000000,5
MOGP_GENERATIONAL,d26bbf4e-ef5e-11f0-9be8-6e001b3eef54,Boston,74,36,9.485033|3.000000|0.000000|0.000000|0.000000,0.0654289722442627,3.0,8.869534|3.000000|0.000000|0.000000|0.000000,9.485033|3.000000|0.000000|0.000000|0.000000,8.869534|3.000000|0.000000|0.000000|0.000000,3,87967367168.000000,10.194349|3.000000|0.000000|0.000000|0.000000,5
MOGP_GENERATIONAL,d26bbf4e-ef5e-11f0-9be8-6e001b3eef54,Boston,74,37,9.485033|3.000000|0.000000|0.000000|0.000000,0.07433104515075684,3.0,8.869534|3.000000|0.000000|0.000000|0.000000,9.485033|3.000000|0.000000|0.000000|0.000000,8.869534|3.000000|0.000000|0.000000|0.000000,3,93348347904.000000,10.194349|3.000000|0.000000|0.000000|0.000000,5
MOGP_GENERATIONAL,d26bbf4e-ef5e-11f0-9be8-6e001b3eef54,Boston,74,38,9.485033|3.000000|0.000000|0.000000|0.000000,0.06378507614135742,3.0,8.869534|3.000000|0.000000|0.000000|0.000000,9.485033|3.000000|0.000000|0.000000|0.000000,8.869534|3.000000|0.000000|0.000000|0.000000,3,91992424448.000000,10.194349|3.000000|0.000000|0.000000|0.000000,5
MOGP_GENERATIONAL,d26bbf4e-ef5e-11f0-9be8-6e001b3eef54,Boston,74,39,9.485033|3.000000|0.000000|0.000000|0.000000,0.07117819786071777,3.0,8.869534|3.000000|0.000000|0.000000|0.000000,9.485033|3.000000|0.000000|0.000000|0.000000,8.869534|3.000000|0.000000|0.000000|0.000000,3,93447544832.000000,10.194349|3.000000|0.000000|0.000000|0.000000,5
MOGP_GENERATIONAL,d26bbf4e-ef5e-11f0-9be8-6e001b3eef54,Boston,74,40,9.485033|3.000000|0.000000|0.000000|0.000000,0.06401872634887695,3.0,8.869534|3.000000|0.000000|0.000000|0.000000,9.485033|3.000000|0.000000|0.000000|0.000000,8.869534|3.000000|0.000000|0.000000|0.000000,3,78677417984.000000,10.194349|3.000000|0.000000|0.000000|0.000000,5
MOGP_GENERATIONAL,d26bbf4e-ef5e-11f0-9be8-6e001b3eef54,Boston,74,41,9.485033|3.000000|0.000000|0.000000|0.000000,0.06109428405761719,3.0,8.869534|3.000000|0.000000|0.000000|0.000000,9.485033|3.000000|0.000000|0.000000|0.000000,8.869534|3.000000|0.000000|0.000000|0.000000,3,63307067392.000000,10.194349|3.000000|0.000000|0.000000|0.000000,5
MOGP_GENERATIONAL,d26bbf4e-ef5e-11f0-9be8-6e001b3eef54,Boston,74,42,9.485033|3.000000|0.000000|0.000000|0.000000,0.059517860412597656,3.0,8.869534|3.000000|0.000000|0.000000|0.000000,9.366061|7.000000|1.000000|0.000000|0.000000,8.663060|7.000000|1.000000|0.000000|0.000000,7,80176177152.000000,10.194349|3.000000|0.000000|0.000000|0.000000,5
MOGP_GENERATIONAL,d26bbf4e-ef5e-11f0-9be8-6e001b3eef54,Boston,74,43,9.485033|3.000000|0.000000|0.000000|0.000000,0.05235719680786133,3.0,8.869534|3.000000|0.000000|0.000000|0.000000,8.896304|5.000000|2.000000|1.000000|0.000000,8.182219|5.000000|2.000000|1.000000|0.000000,5,100460150784.000000,10.194349|3.000000|0.000000|0.000000|0.000000,5
MOGP_GENERATIONAL,d26bbf4e-ef5e-11f0-9be8-6e001b3eef54,Boston,74,44,9.485033|3.000000|0.000000|0.000000|0.000000,0.06259012222290039,3.0,8.869534|3.000000|0.000000|0.000000|0.000000,9.485033|3.000000|0.000000|0.000000|0.000000,8.869534|3.000000|0.000000|0.000000|0.000000,3,98859679744.000000,10.194349|3.000000|0.000000|0.000000|0.000000,5
MOGP_GENERATIONAL,d26bbf4e-ef5e-11f0-9be8-6e001b3eef54,Boston,74,45,9.485033|3.000000|0.000000|0.000000|0.000000,0.053613901138305664,3.0,8.869534|3.000000|0.000000|0.000000|0.000000,9.485033|3.000000|0.000000|0.000000|0.000000,8.869534|3.000000|0.000000|0.000000|0.000000,3,113110622208.000000,10.194349|3.000000|0.000000|0.000000|0.000000,5
MOGP_GENERATIONAL,d26bbf4e-ef5e-11f0-9be8-6e001b3eef54,Boston,74,46,9.485033|3.000000|0.000000|0.000000|0.000000,0.051162004470825195,3.0,8.869534|3.000000|0.000000|0.000000|0.000000,9.485033|3.000000|0.000000|0.000000|0.000000,8.869534|3.000000|0.000000|0.000000|0.000000,3,96453943296.000000,10.194349|3.000000|0.000000|0.000000|0.000000,5
MOGP_GENERATIONAL,d26bbf4e-ef5e-11f0-9be8-6e001b3eef54,Boston,74,47,9.485033|3.000000|0.000000|0.000000|0.000000,0.05190706253051758,3.0,8.869534|3.000000|0.000000|0.000000|0.000000,8.913216|7.000000|2.000000|0.000000|0.000000,8.017152|7.000000|2.000000|0.000000|0.000000,7,77587177472.000000,10.194349|3.000000|0.000000|0.000000|0.000000,5
MOGP_GENERATIONAL,d26bbf4e-ef5e-11f0-9be8-6e001b3eef54,Boston,74,48,9.485033|3.000000|0.000000|0.000000|0.000000,0.06405305862426758,3.0,8.869534|3.000000|0.000000|0.000000|0.000000,9.485033|3.000000|0.000000|0.000000|0.000000,8.869534|3.000000|0.000000|0.000000|0.000000,3,119173251072.000000,10.194349|3.000000|0.000000|0.000000|0.000000,5
MOGP_GENERATIONAL,d26bbf4e-ef5e-11f0-9be8-6e001b3eef54,Boston,74,49,9.485033|3.000000|0.000000|0.000000|0.000000,0.052481889724731445,3.0,8.869534|3.000000|0.000000|0.000000|0.000000,9.485033|3.000000|0.000000|0.000000|0.000000,8.869534|3.000000|0.000000|0.000000|0.000000,3,129863925760.000000,10.194349|3.000000|0.000000|0.000000|0.000000,5
MOGP_GENERATIONAL,d26bbf4e-ef5e-11f0-9be8-6e001b3eef54,Boston,74,50,9.485033|3.000000|0.000000|0.000000|0.000000,0.05475497245788574,3.0,8.869534|3.000000|0.000000|0.000000|0.000000,9.485033|3.000000|0.000000|0.000000|0.000000,8.869534|3.000000|0.000000|0.000000|0.000000,3,78183079936.000000,10.194349|3.000000|0.000000|0.000000|0.000000,5
MOGP_GENERATIONAL,d26bbf4e-ef5e-11f0-9be8-6e001b3eef54,Boston,74,51,9.485033|3.000000|0.000000|0.000000|0.000000,0.05359482765197754,3.0,8.869534|3.000000|0.000000|0.000000|0.000000,9.485033|3.000000|0.000000|0.000000|0.000000,8.869534|3.000000|0.000000|0.000000|0.000000,3,49608519680.000000,10.194349|3.000000|0.000000|0.000000|0.000000,5
MOGP_GENERATIONAL,d26bbf4e-ef5e-11f0-9be8-6e001b3eef54,Boston,74,52,9.485033|3.000000|0.000000|0.000000|0.000000,0.05558300018310547,3.0,8.869534|3.000000|0.000000|0.000000|0.000000,9.485033|3.000000|0.000000|0.000000|0.000000,8.869534|3.000000|0.000000|0.000000|0.000000,3,97784430592.000000,10.194349|3.000000|0.000000|0.000000|0.000000,5
MOGP_GENERATIONAL,d26bbf4e-ef5e-11f0-9be8-6e001b3eef54,Boston,74,53,9.485033|3.000000|0.000000|0.000000|0.000000,0.06198716163635254,3.0,8.869534|3.000000|0.000000|0.000000|0.000000,9.485033|3.000000|0.000000|0.000000|0.000000,8.869534|3.000000|0.000000|0.000000|0.000000,3,97235263488.000000,10.194349|3.000000|0.000000|0.000000|0.000000,5
MOGP_GENERATIONAL,d26bbf4e-ef5e-11f0-9be8-6e001b3eef54,Boston,74,54,9.485033|3.000000|0.000000|0.000000|0.000000,0.05317401885986328,3.0,8.869534|3.000000|0.000000|0.000000|0.000000,9.485033|3.000000|0.000000|0.000000|0.000000,8.869534|3.000000|0.000000|0.000000|0.000000,3,74346741760.000000,10.194349|3.000000|0.000000|0.000000|0.000000,5
MOGP_GENERATIONAL,d26bbf4e-ef5e-11f0-9be8-6e001b3eef54,Boston,74,55,9.485033|3.000000|0.000000|0.000000|0.000000,0.05785107612609863,3.0,8.869534|3.000000|0.000000|0.000000|0.000000,9.485033|3.000000|0.000000|0.000000|0.000000,8.869534|3.000000|0.000000|0.000000|0.000000,3,95014477824.000000,10.194349|3.000000|0.000000|0.000000|0.000000,5
MOGP_GENERATIONAL,d26bbf4e-ef5e-11f0-9be8-6e001b3eef54,Boston,74,56,9.485033|3.000000|0.000000|0.000000|0.000000,0.06201601028442383,3.0,8.869534|3.000000|0.000000|0.000000|0.000000,7.334017|7.000000|2.000000|0.000000|0.000000,6.517593|7.000000|2.000000|0.000000|0.000000,7,49083842560.000000,10.194349|3.000000|0.000000|0.000000|0.000000,5
MOGP_GENERATIONAL,d26bbf4e-ef5e-11f0-9be8-6e001b3eef54,Boston,74,57,9.485033|3.000000|0.000000|0.000000|0.000000,0.07733416557312012,3.0,8.869534|3.000000|0.000000|0.000000|0.000000,9.485033|3.000000|0.000000|0.000000|0.000000,8.869534|3.000000|0.000000|0.000000|0.000000,3,86033440768.000000,10.194349|3.000000|0.000000|0.000000|0.000000,5
MOGP_GENERATIONAL,d26bbf4e-ef5e-11f0-9be8-6e001b3eef54,Boston,74,58,9.485033|3.000000|0.000000|0.000000|0.000000,0.05310702323913574,3.0,8.869534|3.000000|0.000000|0.000000|0.000000,9.485033|3.000000|0.000000|0.000000|0.000000,8.869534|3.000000|0.000000|0.000000|0.000000,3,65222164480.000000,10.194349|3.000000|0.000000|0.000000|0.000000,5
MOGP_GENERATIONAL,d26bbf4e-ef5e-11f0-9be8-6e001b3eef54,Boston,74,59,9.485033|3.000000|0.000000|0.000000|0.000000,0.057289838790893555,3.0,8.869534|3.000000|0.000000|0.000000|0.000000,9.485033|3.000000|0.000000|0.000000|0.000000,8.869534|3.000000|0.000000|0.000000|0.000000,3,48487874560.000000,10.194349|3.000000|0.000000|0.000000|0.000000,5
MOGP_GENERATIONAL,d26bbf4e-ef5e-11f0-9be8-6e001b3eef54,Boston,74,60,9.485033|3.000000|0.000000|0.000000|0.000000,0.06533694267272949,3.0,8.869534|3.000000|0.000000|0.000000|0.000000,9.485033|3.000000|0.000000|0.000000|0.000000,8.869534|3.000000|0.000000|0.000000|0.000000,3,44052393984.000000,10.194349|3.000000|0.000000|0.000000|0.000000,5
MOGP_GENERATIONAL,d26bbf4e-ef5e-11f0-9be8-6e001b3eef54,Boston,74,61,9.485033|3.000000|0.000000|0.000000|0.000000,0.05513501167297363,3.0,8.869534|3.000000|0.000000|0.000000|0.000000,9.485033|3.000000|0.000000|0.000000|0.000000,8.869534|3.000000|0.000000|0.000000|0.000000,3,87858593792.000000,10.194349|3.000000|0.000000|0.000000|0.000000,5
MOGP_GENERATIONAL,d26bbf4e-ef5e-11f0-9be8-6e001b3eef54,Boston,74,62,9.485033|3.000000|0.000000|0.000000|0.000000,0.05765795707702637,3.0,8.869534|3.000000|0.000000|0.000000|0.000000,9.485033|3.000000|0.000000|0.000000|0.000000,8.869534|3.000000|0.000000|0.000000|0.000000,3,69582258176.000000,10.194349|3.000000|0.000000|0.000000|0.000000,5
MOGP_GENERATIONAL,d26bbf4e-ef5e-11f0-9be8-6e001b3eef54,Boston,74,63,9.485033|3.000000|0.000000|0.000000|0.000000,0.05112504959106445,3.0,8.869534|3.000000|0.000000|0.000000|0.000000,9.485033|3.000000|0.000000|0.000000|0.000000,8.869534|3.000000|0.000000|0.000000|0.000000,3,49937465344.000000,10.194349|3.000000|0.000000|0.000000|0.000000,5
MOGP_GENERATIONAL,d26bbf4e-ef5e-11f0-9be8-6e001b3eef54,Boston,74,64,9.485033|3.000000|0.000000|0.000000|0.000000,0.057991981506347656,3.0,8.869534|3.000000|0.000000|0.000000|0.000000,8.146890|7.000000|1.000000|0.000000|0.000000,7.474372|7.000000|1.000000|0.000000|0.000000,7,18068928512.000000,10.194349|3.000000|0.000000|0.000000|0.000000,5
MOGP_GENERATIONAL,d26bbf4e-ef5e-11f0-9be8-6e001b3eef54,Boston,74,65,9.485033|3.000000|0.000000|0.000000|0.000000,0.11012601852416992,3.0,8.869534|3.000000|0.000000|0.000000|0.000000,9.485033|3.000000|0.000000|0.000000|0.000000,8.869534|3.000000|0.000000|0.000000|0.000000,3,62186721280.000000,10.194349|3.000000|0.000000|0.000000|0.000000,5
MOGP_GENERATIONAL,d26bbf4e-ef5e-11f0-9be8-6e001b3eef54,Boston,74,66,9.485033|3.000000|0.000000|0.000000|0.000000,0.06812071800231934,3.0,8.869534|3.000000|0.000000|0.000000|0.000000,9.485033|3.000000|0.000000|0.000000|0.000000,8.869534|3.000000|0.000000|0.000000|0.000000,3,81308721152.000000,10.194349|3.000000|0.000000|0.000000|0.000000,5
MOGP_GENERATIONAL,d26bbf4e-ef5e-11f0-9be8-6e001b3eef54,Boston,74,67,9.485033|3.000000|0.000000|0.000000|0.000000,0.060430288314819336,3.0,8.869534|3.000000|0.000000|0.000000|0.000000,9.485033|3.000000|0.000000|0.000000|0.000000,8.869534|3.000000|0.000000|0.000000|0.000000,3,82407366656.000000,10.194349|3.000000|0.000000|0.000000|0.000000,5
MOGP_GENERATIONAL,d26bbf4e-ef5e-11f0-9be8-6e001b3eef54,Boston,74,68,9.485033|3.000000|0.000000|0.000000|0.000000,0.057470083236694336,3.0,8.869534|3.000000|0.000000|0.000000|0.000000,7.334017|7.000000|2.000000|0.000000|0.000000,6.517593|7.000000|2.000000|0.000000|0.000000,7,88183808000.000000,10.194349|3.000000|0.000000|0.000000|0.000000,5
MOGP_GENERATIONAL,d26bbf4e-ef5e-11f0-9be8-6e001b3eef54,Boston,74,69,9.485033|3.000000|0.000000|0.000000|0.000000,0.05327630043029785,3.0,8.869534|3.000000|0.000000|0.000000|0.000000,9.485033|3.000000|0.000000|0.000000|0.000000,8.869534|3.000000|0.000000|0.000000|0.000000,3,78459510784.000000,10.194349|3.000000|0.000000|0.000000|0.000000,5
MOGP_GENERATIONAL,d26bbf4e-ef5e-11f0-9be8-6e001b3eef54,Boston,74,70,9.485033|3.000000|0.000000|0.000000|0.000000,0.05161690711975098,3.0,8.869534|3.000000|0.000000|0.000000|0.000000,9.485033|3.000000|0.000000|0.000000|0.000000,8.869534|3.000000|0.000000|0.000000|0.000000,3,68446220288.000000,10.194349|3.000000|0.000000|0.000000|0.000000,5
MOGP_GENERATIONAL,d26bbf4e-ef5e-11f0-9be8-6e001b3eef54,Boston,74,71,9.485033|3.000000|0.000000|0.000000|0.000000,0.052935123443603516,3.0,8.869534|3.000000|0.000000|0.000000|0.000000,8.913216|7.000000|2.000000|0.000000|0.000000,8.017152|7.000000|2.000000|0.000000|0.000000,7,55572144128.000000,10.194349|3.000000|0.000000|0.000000|0.000000,5
MOGP_GENERATIONAL,d26bbf4e-ef5e-11f0-9be8-6e001b3eef54,Boston,74,72,9.485033|3.000000|0.000000|0.000000|0.000000,0.06046104431152344,3.0,8.869534|3.000000|0.000000|0.000000|0.000000,9.485033|3.000000|0.000000|0.000000|0.000000,8.869534|3.000000|0.000000|0.000000|0.000000,3,78169743360.000000,10.194349|3.000000|0.000000|0.000000|0.000000,5
MOGP_GENERATIONAL,d26bbf4e-ef5e-11f0-9be8-6e001b3eef54,Boston,74,73,9.485033|3.000000|0.000000|0.000000|0.000000,0.057930946350097656,3.0,8.869534|3.000000|0.000000|0.000000|0.000000,9.485033|3.000000|0.000000|0.000000|0.000000,8.869534|3.000000|0.000000|0.000000|0.000000,3,32907571200.000000,10.194349|3.000000|0.000000|0.000000|0.000000,5
MOGP_GENERATIONAL,d26bbf4e-ef5e-11f0-9be8-6e001b3eef54,Boston,74,74,9.485033|3.000000|0.000000|0.000000|0.000000,0.057276248931884766,3.0,8.869534|3.000000|0.000000|0.000000|0.000000,9.485033|3.000000|0.000000|0.000000|0.000000,8.869534|3.000000|0.000000|0.000000|0.000000,3,107201806336.000000,10.194349|3.000000|0.000000|0.000000|0.000000,5
MOGP_GENERATIONAL,d26bbf4e-ef5e-11f0-9be8-6e001b3eef54,Boston,74,75,9.485033|3.000000|0.000000|0.000000|0.000000,0.06445693969726562,3.0,8.869534|3.000000|0.000000|0.000000|0.000000,9.485033|3.000000|0.000000|0.000000|0.000000,8.869534|3.000000|0.000000|0.000000|0.000000,3,70228951040.000000,10.194349|3.000000|0.000000|0.000000|0.000000,5
MOGP_GENERATIONAL,d26bbf4e-ef5e-11f0-9be8-6e001b3eef54,Boston,74,76,9.485033|3.000000|0.000000|0.000000|0.000000,0.05205106735229492,3.0,8.869534|3.000000|0.000000|0.000000|0.000000,8.146890|7.000000|1.000000|0.000000|0.000000,7.474372|7.000000|1.000000|0.000000|0.000000,7,60831858688.000000,10.194349|3.000000|0.000000|0.000000|0.000000,5
MOGP_GENERATIONAL,d26bbf4e-ef5e-11f0-9be8-6e001b3eef54,Boston,74,77,9.485033|3.000000|0.000000|0.000000|0.000000,0.05675077438354492,3.0,8.869534|3.000000|0.000000|0.000000|0.000000,9.485033|3.000000|0.000000|0.000000|0.000000,8.869534|3.000000|0.000000|0.000000|0.000000,3,89953935360.000000,10.194349|3.000000|0.000000|0.000000|0.000000,5
MOGP_GENERATIONAL,d26bbf4e-ef5e-11f0-9be8-6e001b3eef54,Boston,74,78,9.485033|3.000000|0.000000|0.000000|0.000000,0.051238059997558594,3.0,8.869534|3.000000|0.000000|0.000000|0.000000,9.379433|7.000000|0.000000|0.000000|0.000000,8.779922|7.000000|0.000000|0.000000|0.000000,7,91409104896.000000,10.194349|3.000000|0.000000|0.000000|0.000000,5
MOGP_GENERATIONAL,d26bbf4e-ef5e-11f0-9be8-6e001b3eef54,Boston,74,79,9.485033|3.000000|0.000000|0.000000|0.000000,0.05815291404724121,3.0,8.869534|3.000000|0.000000|0.000000|0.000000,9.485033|3.000000|0.000000|0.000000|0.000000,8.869534|3.000000|0.000000|0.000000|0.000000,3,73249751040.000000,10.194349|3.000000|0.000000|0.000000|0.000000,5
MOGP_GENERATIONAL,d26bbf4e-ef5e-11f0-9be8-6e001b3eef54,Boston,74,80,9.485033|3.000000|0.000000|0.000000|0.000000,0.057839155197143555,3.0,8.869534|3.000000|0.000000|0.000000|0.000000,9.485033|3.000000|0.000000|0.000000|0.000000,8.869534|3.000000|0.000000|0.000000|0.000000,3,108564873216.000000,10.194349|3.000000|0.000000|0.000000|0.000000,5
MOGP_GENERATIONAL,d26bbf4e-ef5e-11f0-9be8-6e001b3eef54,Boston,74,81,9.485033|3.000000|0.000000|0.000000|0.000000,0.05295825004577637,3.0,8.869534|3.000000|0.000000|0.000000|0.000000,9.485033|3.000000|0.000000|0.000000|0.000000,8.869534|3.000000|0.000000|0.000000|0.000000,3,109391134720.000000,10.194349|3.000000|0.000000|0.000000|0.000000,5
MOGP_GENERATIONAL,d26bbf4e-ef5e-11f0-9be8-6e001b3eef54,Boston,74,82,9.485033|3.000000|0.000000|0.000000|0.000000,0.056707143783569336,3.0,8.869534|3.000000|0.000000|0.000000|0.000000,8.709475|7.000000|1.000000|0.000000|0.000000,8.063308|7.000000|1.000000|0.000000|0.000000,7,55805505536.000000,10.194349|3.000000|0.000000|0.000000|0.000000,5
MOGP_GENERATIONAL,d26bbf4e-ef5e-11f0-9be8-6e001b3eef54,Boston,74,83,9.485033|3.000000|0.000000|0.000000|0.000000,0.05302596092224121,3.0,8.869534|3.000000|0.000000|0.000000|0.000000,9.485033|3.000000|0.000000|0.000000|0.000000,8.869534|3.000000|0.000000|0.000000|0.000000,3,69505187840.000000,10.194349|3.000000|0.000000|0.000000|0.000000,5
MOGP_GENERATIONAL,d26bbf4e-ef5e-11f0-9be8-6e001b3eef54,Boston,74,84,9.485033|3.000000|0.000000|0.000000|0.000000,0.05401802062988281,3.0,8.869534|3.000000|0.000000|0.000000|0.000000,8.146890|7.000000|1.000000|0.000000|0.000000,7.474372|7.000000|1.000000|0.000000|0.000000,7,68461600768.000000,10.194349|3.000000|0.000000|0.000000|0.000000,5
MOGP_GENERATIONAL,d26bbf4e-ef5e-11f0-9be8-6e001b3eef54,Boston,74,85,9.485033|3.000000|0.000000|0.000000|0.000000,0.05922698974609375,3.0,8.869534|3.000000|0.000000|0.000000|0.000000,9.485033|3.000000|0.000000|0.000000|0.000000,8.869534|3.000000|0.000000|0.000000|0.000000,3,68371415040.000000,10.194349|3.000000|0.000000|0.000000|0.000000,5
MOGP_GENERATIONAL,d26bbf4e-ef5e-11f0-9be8-6e001b3eef54,Boston,74,86,9.485033|3.000000|0.000000|0.000000|0.000000,0.06058907508850098,3.0,8.869534|3.000000|0.000000|0.000000|0.000000,9.485033|3.000000|0.000000|0.000000|0.000000,8.869534|3.000000|0.000000|0.000000|0.000000,3,76230688768.000000,10.194349|3.000000|0.000000|0.000000|0.000000,5
MOGP_GENERATIONAL,d26bbf4e-ef5e-11f0-9be8-6e001b3eef54,Boston,74,87,9.485033|3.000000|0.000000|0.000000|0.000000,0.05291295051574707,3.0,8.869534|3.000000|0.000000|0.000000|0.000000,9.485033|3.000000|0.000000|0.000000|0.000000,8.869534|3.000000|0.000000|0.000000|0.000000,3,84916830208.000000,10.194349|3.000000|0.000000|0.000000|0.000000,5
MOGP_GENERATIONAL,d26bbf4e-ef5e-11f0-9be8-6e001b3eef54,Boston,74,88,9.485033|3.000000|0.000000|0.000000|0.000000,0.05287909507751465,3.0,8.869534|3.000000|0.000000|0.000000|0.000000,9.485033|3.000000|0.000000|0.000000|0.000000,8.869534|3.000000|0.000000|0.000000|0.000000,3,84200570880.000000,10.194349|3.000000|0.000000|0.000000|0.000000,5
MOGP_GENERATIONAL,d26bbf4e-ef5e-11f0-9be8-6e001b3eef54,Boston,74,89,9.485033|3.000000|0.000000|0.000000|0.000000,0.05921483039855957,3.0,8.869534|3.000000|0.000000|0.000000|0.000000,9.485033|3.000000|0.000000|0.000000|0.000000,8.869534|3.000000|0.000000|0.000000|0.000000,3,44823990272.000000,10.194349|3.000000|0.000000|0.000000|0.000000,5
MOGP_GENERATIONAL,d26bbf4e-ef5e-11f0-9be8-6e001b3eef54,Boston,74,90,9.485033|3.000000|0.000000|0.000000|0.000000,0.06000185012817383,3.0,8.869534|3.000000|0.000000|0.000000|0.000000,9.485033|3.000000|0.000000|0.000000|0.000000,8.869534|3.000000|0.000000|0.000000|0.000000,3,68624379904.000000,10.194349|3.000000|0.000000|0.000000|0.000000,5
MOGP_GENERATIONAL,d26bbf4e-ef5e-11f0-9be8-6e001b3eef54,Boston,74,91,9.485033|3.000000|0.000000|0.000000|0.000000,0.06369590759277344,3.0,8.869534|3.000000|0.000000|0.000000|0.000000,7.334017|7.000000|2.000000|0.000000|0.000000,6.517593|7.000000|2.000000|0.000000|0.000000,7,53474742272.000000,10.194349|3.000000|0.000000|0.000000|0.000000,5
MOGP_GENERATIONAL,d26bbf4e-ef5e-11f0-9be8-6e001b3eef54,Boston,74,92,9.485033|3.000000|0.000000|0.000000|0.000000,0.0698392391204834,3.0,8.869534|3.000000|0.000000|0.000000|0.000000,9.366061|7.000000|1.000000|0.000000|0.000000,8.663060|7.000000|1.000000|0.000000|0.000000,7,61126709248.000000,10.194349|3.000000|0.000000|0.000000|0.000000,5
MOGP_GENERATIONAL,d26bbf4e-ef5e-11f0-9be8-6e001b3eef54,Boston,74,93,9.485033|3.000000|0.000000|0.000000|0.000000,0.051812171936035156,3.0,8.869534|3.000000|0.000000|0.000000|0.000000,8.913216|7.000000|2.000000|0.000000|0.000000,8.017152|7.000000|2.000000|0.000000|0.000000,7,77973716992.000000,10.194349|3.000000|0.000000|0.000000|0.000000,5
MOGP_GENERATIONAL,d26bbf4e-ef5e-11f0-9be8-6e001b3eef54,Boston,74,94,9.485033|3.000000|0.000000|0.000000|0.000000,0.060804128646850586,3.0,8.869534|3.000000|0.000000|0.000000|0.000000,9.485033|3.000000|0.000000|0.000000|0.000000,8.869534|3.000000|0.000000|0.000000|0.000000,3,96722575360.000000,10.194349|3.000000|0.000000|0.000000|0.000000,5
MOGP_GENERATIONAL,d26bbf4e-ef5e-11f0-9be8-6e001b3eef54,Boston,74,95,9.485033|3.000000|0.000000|0.000000|0.000000,0.05241203308105469,3.0,8.869534|3.000000|0.000000|0.000000|0.000000,9.485033|3.000000|0.000000|0.000000|0.000000,8.869534|3.000000|0.000000|0.000000|0.000000,3,79846744064.000000,10.194349|3.000000|0.000000|0.000000|0.000000,5
MOGP_GENERATIONAL,d26bbf4e-ef5e-11f0-9be8-6e001b3eef54,Boston,74,96,9.485033|3.000000|0.000000|0.000000|0.000000,0.06272387504577637,3.0,8.869534|3.000000|0.000000|0.000000|0.000000,9.366061|7.000000|1.000000|0.000000|0.000000,8.663060|7.000000|1.000000|0.000000|0.000000,7,87094411264.000000,10.194349|3.000000|0.000000|0.000000|0.000000,5
MOGP_GENERATIONAL,d26bbf4e-ef5e-11f0-9be8-6e001b3eef54,Boston,74,97,9.485033|3.000000|0.000000|0.000000|0.000000,0.0559389591217041,3.0,8.869534|3.000000|0.000000|0.000000|0.000000,8.873704|11.000000|3.000000|2.000000|0.000000,7.556016|11.000000|3.000000|2.000000|0.000000,11,56327639040.000000,10.194349|3.000000|0.000000|0.000000|0.000000,5
MOGP_GENERATIONAL,d26bbf4e-ef5e-11f0-9be8-6e001b3eef54,Boston,74,98,9.485033|3.000000|0.000000|0.000000|0.000000,0.06161212921142578,3.0,8.869534|3.000000|0.000000|0.000000|0.000000,8.699803|7.000000|1.000000|0.000000|0.000000,8.027328|7.000000|1.000000|0.000000|0.000000,7,88707883008.000000,10.194349|3.000000|0.000000|0.000000|0.000000,5
MOGP_GENERATIONAL,d26bbf4e-ef5e-11f0-9be8-6e001b3eef54,Boston,74,99,9.485033|3.000000|0.000000|0.000000|0.000000,0.06932687759399414,3.0,8.869534|3.000000|0.000000|0.000000|0.000000,9.485033|3.000000|0.000000|0.000000|0.000000,8.869534|3.000000|0.000000|0.000000|0.000000,3,57665343488.000000,10.194349|3.000000|0.000000|0.000000|0.000000,5
MOGP_GENERATIONAL,d26bbf4e-ef5e-11f0-9be8-6e001b3eef54,Boston,74,100,9.485033|3.000000|0.000000|0.000000|0.000000,0.05770587921142578,3.0,8.869534|3.000000|0.000000|0.000000|0.000000,9.485033|3.000000|0.000000|0.000000|0.000000,8.869534|3.000000|0.000000|0.000000|0.000000,3,103329742848.000000,10.194349|3.000000|0.000000|0.000000|0.000000,5
MOGP_GENERATIONAL,d26bbf4e-ef5e-11f0-9be8-6e001b3eef54,Boston,74,101,9.485033|3.000000|0.000000|0.000000|0.000000,0.059503793716430664,3.0,8.869534|3.000000|0.000000|0.000000|0.000000,9.485033|3.000000|0.000000|0.000000|0.000000,8.869534|3.000000|0.000000|0.000000|0.000000,3,46301048832.000000,10.194349|3.000000|0.000000|0.000000|0.000000,5
MOGP_GENERATIONAL,d26bbf4e-ef5e-11f0-9be8-6e001b3eef54,Boston,74,102,9.485033|3.000000|0.000000|0.000000|0.000000,0.062272071838378906,3.0,8.869534|3.000000|0.000000|0.000000|0.000000,9.485033|3.000000|0.000000|0.000000|0.000000,8.869534|3.000000|0.000000|0.000000|0.000000,3,91684323328.000000,10.194349|3.000000|0.000000|0.000000|0.000000,5
MOGP_GENERATIONAL,d26bbf4e-ef5e-11f0-9be8-6e001b3eef54,Boston,74,103,9.485033|3.000000|0.000000|0.000000|0.000000,0.05930209159851074,3.0,8.869534|3.000000|0.000000|0.000000|0.000000,9.485033|3.000000|0.000000|0.000000|0.000000,8.869534|3.000000|0.000000|0.000000|0.000000,3,82326609920.000000,10.194349|3.000000|0.000000|0.000000|0.000000,5
MOGP_GENERATIONAL,d26bbf4e-ef5e-11f0-9be8-6e001b3eef54,Boston,74,104,9.485033|3.000000|0.000000|0.000000|0.000000,0.0609133243560791,3.0,8.869534|3.000000|0.000000|0.000000|0.000000,9.485033|3.000000|0.000000|0.000000|0.000000,8.869534|3.000000|0.000000|0.000000|0.000000,3,114600386560.000000,10.194349|3.000000|0.000000|0.000000|0.000000,5
MOGP_GENERATIONAL,d26bbf4e-ef5e-11f0-9be8-6e001b3eef54,Boston,74,105,9.485033|3.000000|0.000000|0.000000|0.000000,0.05295205116271973,3.0,8.869534|3.000000|0.000000|0.000000|0.000000,9.377586|7.000000|1.000000|0.000000|0.000000,8.792406|7.000000|1.000000|0.000000|0.000000,7,104756273152.000000,10.194349|3.000000|0.000000|0.000000|0.000000,5
MOGP_GENERATIONAL,d26bbf4e-ef5e-11f0-9be8-6e001b3eef54,Boston,74,106,9.485033|3.000000|0.000000|0.000000|0.000000,0.05133700370788574,3.0,8.869534|3.000000|0.000000|0.000000|0.000000,9.485033|3.000000|0.000000|0.000000|0.000000,8.869534|3.000000|0.000000|0.000000|0.000000,3,49896132608.000000,10.194349|3.000000|0.000000|0.000000|0.000000,5
MOGP_GENERATIONAL,d26bbf4e-ef5e-11f0-9be8-6e001b3eef54,Boston,74,107,9.485033|3.000000|0.000000|0.000000|0.000000,0.05390620231628418,3.0,8.869534|3.000000|0.000000|0.000000|0.000000,9.485033|3.000000|0.000000|0.000000|0.000000,8.869534|3.000000|0.000000|0.000000|0.000000,3,82511675392.000000,10.194349|3.000000|0.000000|0.000000|0.000000,5
MOGP_GENERATIONAL,d26bbf4e-ef5e-11f0-9be8-6e001b3eef54,Boston,74,108,9.485033|3.000000|0.000000|0.000000|0.000000,0.05234718322753906,3.0,8.869534|3.000000|0.000000|0.000000|0.000000,9.485033|3.000000|0.000000|0.000000|0.000000,8.869534|3.000000|0.000000|0.000000|0.000000,3,29722087424.000000,10.194349|3.000000|0.000000|0.000000|0.000000,5
MOGP_GENERATIONAL,d26bbf4e-ef5e-11f0-9be8-6e001b3eef54,Boston,74,109,9.485033|3.000000|0.000000|0.000000|0.000000,0.05629682540893555,3.0,8.869534|3.000000|0.000000|0.000000|0.000000,9.485033|3.000000|0.000000|0.000000|0.000000,8.869534|3.000000|0.000000|0.000000|0.000000,3,60279906304.000000,10.194349|3.000000|0.000000|0.000000|0.000000,5
MOGP_GENERATIONAL,d26bbf4e-ef5e-11f0-9be8-6e001b3eef54,Boston,74,110,9.485033|3.000000|0.000000|0.000000|0.000000,0.052781105041503906,3.0,8.869534|3.000000|0.000000|0.000000|0.000000,9.327129|7.000000|1.000000|0.000000|0.000000,8.844562|7.000000|1.000000|0.000000|0.000000,7,59999453184.000000,10.194349|3.000000|0.000000|0.000000|0.000000,5
MOGP_GENERATIONAL,d26bbf4e-ef5e-11f0-9be8-6e001b3eef54,Boston,74,111,9.485033|3.000000|0.000000|0.000000|0.000000,0.05456686019897461,3.0,8.869534|3.000000|0.000000|0.000000|0.000000,9.485033|3.000000|0.000000|0.000000|0.000000,8.869534|3.000000|0.000000|0.000000|0.000000,3,111405809664.000000,10.194349|3.000000|0.000000|0.000000|0.000000,5
MOGP_GENERATIONAL,d26bbf4e-ef5e-11f0-9be8-6e001b3eef54,Boston,74,112,9.485033|3.000000|0.000000|0.000000|0.000000,0.06508612632751465,3.0,8.869534|3.000000|0.000000|0.000000|0.000000,9.485033|3.000000|0.000000|0.000000|0.000000,8.869534|3.000000|0.000000|0.000000|0.000000,3,92860751872.000000,10.194349|3.000000|0.000000|0.000000|0.000000,5
MOGP_GENERATIONAL,d26bbf4e-ef5e-11f0-9be8-6e001b3eef54,Boston,74,113,9.485033|3.000000|0.000000|0.000000|0.000000,0.0509638786315918,3.0,8.869534|3.000000|0.000000|0.000000|0.000000,9.485033|3.000000|0.000000|0.000000|0.000000,8.869534|3.000000|0.000000|0.000000|0.000000,3,22521208832.000000,10.194349|3.000000|0.000000|0.000000|0.000000,5
MOGP_GENERATIONAL,d26bbf4e-ef5e-11f0-9be8-6e001b3eef54,Boston,74,114,9.485033|3.000000|0.000000|0.000000|0.000000,0.05456805229187012,3.0,8.869534|3.000000|0.000000|0.000000|0.000000,9.485033|3.000000|0.000000|0.000000|0.000000,8.869534|3.000000|0.000000|0.000000|0.000000,3,57321803776.000000,10.194349|3.000000|0.000000|0.000000|0.000000,5
MOGP_GENERATIONAL,d26bbf4e-ef5e-11f0-9be8-6e001b3eef54,Boston,74,115,9.485033|3.000000|0.000000|0.000000|0.000000,0.05962991714477539,3.0,8.869534|3.000000|0.000000|0.000000|0.000000,9.485033|3.000000|0.000000|0.000000|0.000000,8.869534|3.000000|0.000000|0.000000|0.000000,3,65303855104.000000,10.194349|3.000000|0.000000|0.000000|0.000000,5
MOGP_GENERATIONAL,d26bbf4e-ef5e-11f0-9be8-6e001b3eef54,Boston,74,116,9.485033|3.000000|0.000000|0.000000|0.000000,0.059287071228027344,3.0,8.869534|3.000000|0.000000|0.000000|0.000000,9.485033|3.000000|0.000000|0.000000|0.000000,8.869534|3.000000|0.000000|0.000000|0.000000,3,108133392384.000000,10.194349|3.000000|0.000000|0.000000|0.000000,5
MOGP_GENERATIONAL,d26bbf4e-ef5e-11f0-9be8-6e001b3eef54,Boston,74,117,9.485033|3.000000|0.000000|0.000000|0.000000,0.06317687034606934,3.0,8.869534|3.000000|0.000000|0.000000|0.000000,9.485033|3.000000|0.000000|0.000000|0.000000,8.869534|3.000000|0.000000|0.000000|0.000000,3,103233118208.000000,10.194349|3.000000|0.000000|0.000000|0.000000,5
MOGP_GENERATIONAL,d26bbf4e-ef5e-11f0-9be8-6e001b3eef54,Boston,74,118,9.485033|3.000000|0.000000|0.000000|0.000000,0.056971073150634766,3.0,8.869534|3.000000|0.000000|0.000000|0.000000,9.485033|3.000000|0.000000|0.000000|0.000000,8.869534|3.000000|0.000000|0.000000|0.000000,3,80449560576.000000,10.194349|3.000000|0.000000|0.000000|0.000000,5
MOGP_GENERATIONAL,d26bbf4e-ef5e-11f0-9be8-6e001b3eef54,Boston,74,119,9.485033|3.000000|0.000000|0.000000|0.000000,0.0648798942565918,3.0,8.869534|3.000000|0.000000|0.000000|0.000000,9.485033|3.000000|0.000000|0.000000|0.000000,8.869534|3.000000|0.000000|0.000000|0.000000,3,72994840576.000000,10.194349|3.000000|0.000000|0.000000|0.000000,5
MOGP_GENERATIONAL,d26bbf4e-ef5e-11f0-9be8-6e001b3eef54,Boston,74,120,9.485033|3.000000|0.000000|0.000000|0.000000,0.055082082748413086,3.0,8.869534|3.000000|0.000000|0.000000|0.000000,9.485033|3.000000|0.000000|0.000000|0.000000,8.869534|3.000000|0.000000|0.000000|0.000000,3,61050015744.000000,10.194349|3.000000|0.000000|0.000000|0.000000,5
MOGP_GENERATIONAL,d26bbf4e-ef5e-11f0-9be8-6e001b3eef54,Boston,74,121,9.485033|3.000000|0.000000|0.000000|0.000000,0.0576016902923584,3.0,8.869534|3.000000|0.000000|0.000000|0.000000,9.485033|3.000000|0.000000|0.000000|0.000000,8.869534|3.000000|0.000000|0.000000|0.000000,3,96720699392.000000,10.194349|3.000000|0.000000|0.000000|0.000000,5
MOGP_GENERATIONAL,d26bbf4e-ef5e-11f0-9be8-6e001b3eef54,Boston,74,122,9.485033|3.000000|0.000000|0.000000|0.000000,0.05702972412109375,3.0,8.869534|3.000000|0.000000|0.000000|0.000000,8.913216|7.000000|2.000000|0.000000|0.000000,8.017152|7.000000|2.000000|0.000000|0.000000,7,79717695488.000000,10.194349|3.000000|0.000000|0.000000|0.000000,5
MOGP_GENERATIONAL,d26bbf4e-ef5e-11f0-9be8-6e001b3eef54,Boston,74,123,9.485033|3.000000|0.000000|0.000000|0.000000,0.07230401039123535,3.0,8.869534|3.000000|0.000000|0.000000|0.000000,9.485033|3.000000|0.000000|0.000000|0.000000,8.869534|3.000000|0.000000|0.000000|0.000000,3,79298781184.000000,10.194349|3.000000|0.000000|0.000000|0.000000,5
MOGP_GENERATIONAL,d26bbf4e-ef5e-11f0-9be8-6e001b3eef54,Boston,74,124,9.485033|3.000000|0.000000|0.000000|0.000000,0.05927705764770508,3.0,8.869534|3.000000|0.000000|0.000000|0.000000,9.485033|3.000000|0.000000|0.000000|0.000000,8.869534|3.000000|0.000000|0.000000|0.000000,3,64137613312.000000,10.194349|3.000000|0.000000|0.000000|0.000000,5
MOGP_GENERATIONAL,d26bbf4e-ef5e-11f0-9be8-6e001b3eef54,Boston,74,125,9.485033|3.000000|0.000000|0.000000|0.000000,0.05493593215942383,3.0,8.869534|3.000000|0.000000|0.000000|0.000000,9.485033|3.000000|0.000000|0.000000|0.000000,8.869534|3.000000|0.000000|0.000000|0.000000,3,100246306816.000000,10.194349|3.000000|0.000000|0.000000|0.000000,5
MOGP_GENERATIONAL,d26bbf4e-ef5e-11f0-9be8-6e001b3eef54,Boston,74,126,9.485033|3.000000|0.000000|0.000000|0.000000,0.05765795707702637,3.0,8.869534|3.000000|0.000000|0.000000|0.000000,9.485033|3.000000|0.000000|0.000000|0.000000,8.869534|3.000000|0.000000|0.000000|0.000000,3,14301330432.000000,10.194349|3.000000|0.000000|0.000000|0.000000,5
MOGP_GENERATIONAL,d26bbf4e-ef5e-11f0-9be8-6e001b3eef54,Boston,74,127,9.485033|3.000000|0.000000|0.000000|0.000000,0.05199933052062988,3.0,8.869534|3.000000|0.000000|0.000000|0.000000,9.485033|3.000000|0.000000|0.000000|0.000000,8.869534|3.000000|0.000000|0.000000|0.000000,3,73430261760.000000,10.194349|3.000000|0.000000|0.000000|0.000000,5
MOGP_GENERATIONAL,d26bbf4e-ef5e-11f0-9be8-6e001b3eef54,Boston,74,128,9.485033|3.000000|0.000000|0.000000|0.000000,0.05902910232543945,3.0,8.869534|3.000000|0.000000|0.000000|0.000000,9.485033|3.000000|0.000000|0.000000|0.000000,8.869534|3.000000|0.000000|0.000000|0.000000,3,53221289984.000000,10.194349|3.000000|0.000000|0.000000|0.000000,5
MOGP_GENERATIONAL,d26bbf4e-ef5e-11f0-9be8-6e001b3eef54,Boston,74,129,9.485033|3.000000|0.000000|0.000000|0.000000,0.06102609634399414,3.0,8.869534|3.000000|0.000000|0.000000|0.000000,9.485033|3.000000|0.000000|0.000000|0.000000,8.869534|3.000000|0.000000|0.000000|0.000000,3,88094375936.000000,10.194349|3.000000|0.000000|0.000000|0.000000,5
MOGP_GENERATIONAL,d26bbf4e-ef5e-11f0-9be8-6e001b3eef54,Boston,74,130,9.485033|3.000000|0.000000|0.000000|0.000000,0.05700111389160156,3.0,8.869534|3.000000|0.000000|0.000000|0.000000,9.485033|3.000000|0.000000|0.000000|0.000000,8.869534|3.000000|0.000000|0.000000|0.000000,3,116857143296.000000,10.194349|3.000000|0.000000|0.000000|0.000000,5
MOGP_GENERATIONAL,d26bbf4e-ef5e-11f0-9be8-6e001b3eef54,Boston,74,131,9.485033|3.000000|0.000000|0.000000|0.000000,0.06627726554870605,3.0,8.869534|3.000000|0.000000|0.000000|0.000000,9.485033|3.000000|0.000000|0.000000|0.000000,8.869534|3.000000|0.000000|0.000000|0.000000,3,82557124608.000000,10.194349|3.000000|0.000000|0.000000|0.000000,5
MOGP_GENERATIONAL,d26bbf4e-ef5e-11f0-9be8-6e001b3eef54,Boston,74,132,9.485033|3.000000|0.000000|0.000000|0.000000,0.05822181701660156,3.0,8.869534|3.000000|0.000000|0.000000|0.000000,9.485033|3.000000|0.000000|0.000000|0.000000,8.869534|3.000000|0.000000|0.000000|0.000000,3,83645292544.000000,10.194349|3.000000|0.000000|0.000000|0.000000,5
MOGP_GENERATIONAL,d26bbf4e-ef5e-11f0-9be8-6e001b3eef54,Boston,74,133,9.485033|3.000000|0.000000|0.000000|0.000000,0.057765960693359375,3.0,8.869534|3.000000|0.000000|0.000000|0.000000,9.485033|3.000000|0.000000|0.000000|0.000000,8.869534|3.000000|0.000000|0.000000|0.000000,3,90927276032.000000,10.194349|3.000000|0.000000|0.000000|0.000000,5
MOGP_GENERATIONAL,d26bbf4e-ef5e-11f0-9be8-6e001b3eef54,Boston,74,134,9.485033|3.000000|0.000000|0.000000|0.000000,0.061215877532958984,3.0,8.869534|3.000000|0.000000|0.000000|0.000000,9.485033|3.000000|0.000000|0.000000|0.000000,8.869534|3.000000|0.000000|0.000000|0.000000,3,88399937536.000000,10.194349|3.000000|0.000000|0.000000|0.000000,5
MOGP_GENERATIONAL,d26bbf4e-ef5e-11f0-9be8-6e001b3eef54,Boston,74,135,9.485033|3.000000|0.000000|0.000000|0.000000,0.05154109001159668,3.0,8.869534|3.000000|0.000000|0.000000|0.000000,9.485033|3.000000|0.000000|0.000000|0.000000,8.869534|3.000000|0.000000|0.000000|0.000000,3,116798390272.000000,10.194349|3.000000|0.000000|0.000000|0.000000,5
MOGP_GENERATIONAL,d26bbf4e-ef5e-11f0-9be8-6e001b3eef54,Boston,74,136,9.485033|3.000000|0.000000|0.000000|0.000000,0.05823993682861328,3.0,8.869534|3.000000|0.000000|0.000000|0.000000,9.485033|3.000000|0.000000|0.000000|0.000000,8.869534|3.000000|0.000000|0.000000|0.000000,3,62746308608.000000,10.194349|3.000000|0.000000|0.000000|0.000000,5
MOGP_GENERATIONAL,d26bbf4e-ef5e-11f0-9be8-6e001b3eef54,Boston,74,137,9.485033|3.000000|0.000000|0.000000|0.000000,0.05545377731323242,3.0,8.869534|3.000000|0.000000|0.000000|0.000000,8.146890|7.000000|1.000000|0.000000|0.000000,7.474372|7.000000|1.000000|0.000000|0.000000,7,78910300160.000000,10.194349|3.000000|0.000000|0.000000|0.000000,5
MOGP_GENERATIONAL,d26bbf4e-ef5e-11f0-9be8-6e001b3eef54,Boston,74,138,9.485033|3.000000|0.000000|0.000000|0.000000,0.061936140060424805,3.0,8.869534|3.000000|0.000000|0.000000|0.000000,9.485033|3.000000|0.000000|0.000000|0.000000,8.869534|3.000000|0.000000|0.000000|0.000000,3,71087996928.000000,10.194349|3.000000|0.000000|0.000000|0.000000,5
MOGP_GENERATIONAL,d26bbf4e-ef5e-11f0-9be8-6e001b3eef54,Boston,74,139,9.485033|3.000000|0.000000|0.000000|0.000000,0.05599474906921387,3.0,8.869534|3.000000|0.000000|0.000000|0.000000,9.485033|3.000000|0.000000|0.000000|0.000000,8.869534|3.000000|0.000000|0.000000|0.000000,3,91799363584.000000,10.194349|3.000000|0.000000|0.000000|0.000000,5
MOGP_GENERATIONAL,d26bbf4e-ef5e-11f0-9be8-6e001b3eef54,Boston,74,140,9.485033|3.000000|0.000000|0.000000|0.000000,0.06290888786315918,3.0,8.869534|3.000000|0.000000|0.000000|0.000000,9.485033|3.000000|0.000000|0.000000|0.000000,8.869534|3.000000|0.000000|0.000000|0.000000,3,78014930944.000000,10.194349|3.000000|0.000000|0.000000|0.000000,5
MOGP_GENERATIONAL,d26bbf4e-ef5e-11f0-9be8-6e001b3eef54,Boston,74,141,9.485033|3.000000|0.000000|0.000000|0.000000,0.05606508255004883,3.0,8.869534|3.000000|0.000000|0.000000|0.000000,9.485033|3.000000|0.000000|0.000000|0.000000,8.869534|3.000000|0.000000|0.000000|0.000000,3,100845428736.000000,10.194349|3.000000|0.000000|0.000000|0.000000,5
MOGP_GENERATIONAL,d26bbf4e-ef5e-11f0-9be8-6e001b3eef54,Boston,74,142,9.485033|3.000000|0.000000|0.000000|0.000000,0.06245613098144531,3.0,8.869534|3.000000|0.000000|0.000000|0.000000,9.485033|3.000000|0.000000|0.000000|0.000000,8.869534|3.000000|0.000000|0.000000|0.000000,3,58104352768.000000,10.194349|3.000000|0.000000|0.000000|0.000000,5
MOGP_GENERATIONAL,d26bbf4e-ef5e-11f0-9be8-6e001b3eef54,Boston,74,143,9.485033|3.000000|0.000000|0.000000|0.000000,0.06205010414123535,3.0,8.869534|3.000000|0.000000|0.000000|0.000000,9.485033|3.000000|0.000000|0.000000|0.000000,8.869534|3.000000|0.000000|0.000000|0.000000,3,83837026304.000000,10.194349|3.000000|0.000000|0.000000|0.000000,5
MOGP_GENERATIONAL,d26bbf4e-ef5e-11f0-9be8-6e001b3eef54,Boston,74,144,9.485033|3.000000|0.000000|0.000000|0.000000,0.05441784858703613,3.0,8.869534|3.000000|0.000000|0.000000|0.000000,9.485033|3.000000|0.000000|0.000000|0.000000,8.869534|3.000000|0.000000|0.000000|0.000000,3,96501276672.000000,10.194349|3.000000|0.000000|0.000000|0.000000,5
MOGP_GENERATIONAL,d26bbf4e-ef5e-11f0-9be8-6e001b3eef54,Boston,74,145,9.485033|3.000000|0.000000|0.000000|0.000000,0.054347991943359375,3.0,8.869534|3.000000|0.000000|0.000000|0.000000,9.485033|3.000000|0.000000|0.000000|0.000000,8.869534|3.000000|0.000000|0.000000|0.000000,3,116688379904.000000,10.194349|3.000000|0.000000|0.000000|0.000000,5
MOGP_GENERATIONAL,d26bbf4e-ef5e-11f0-9be8-6e001b3eef54,Boston,74,146,9.485033|3.000000|0.000000|0.000000|0.000000,0.05167388916015625,3.0,8.869534|3.000000|0.000000|0.000000|0.000000,9.485033|3.000000|0.000000|0.000000|0.000000,8.869534|3.000000|0.000000|0.000000|0.000000,3,106875912192.000000,10.194349|3.000000|0.000000|0.000000|0.000000,5
MOGP_GENERATIONAL,d26bbf4e-ef5e-11f0-9be8-6e001b3eef54,Boston,74,147,9.485033|3.000000|0.000000|0.000000|0.000000,0.058318138122558594,3.0,8.869534|3.000000|0.000000|0.000000|0.000000,9.485033|3.000000|0.000000|0.000000|0.000000,8.869534|3.000000|0.000000|0.000000|0.000000,3,66755436544.000000,10.194349|3.000000|0.000000|0.000000|0.000000,5
MOGP_GENERATIONAL,d26bbf4e-ef5e-11f0-9be8-6e001b3eef54,Boston,74,148,9.485033|3.000000|0.000000|0.000000|0.000000,0.052451133728027344,3.0,8.869534|3.000000|0.000000|0.000000|0.000000,9.485033|3.000000|0.000000|0.000000|0.000000,8.869534|3.000000|0.000000|0.000000|0.000000,3,93508493312.000000,10.194349|3.000000|0.000000|0.000000|0.000000,5
MOGP_GENERATIONAL,d26bbf4e-ef5e-11f0-9be8-6e001b3eef54,Boston,74,149,9.485033|3.000000|0.000000|0.000000|0.000000,0.06006789207458496,3.0,8.869534|3.000000|0.000000|0.000000|0.000000,9.485033|3.000000|0.000000|0.000000|0.000000,8.869534|3.000000|0.000000|0.000000|0.000000,3,96313688064.000000,10.194349|3.000000|0.000000|0.000000|0.000000,5
MOGP_GENERATIONAL,d26bbf4e-ef5e-11f0-9be8-6e001b3eef54,Boston,74,150,9.485033|3.000000|0.000000|0.000000|0.000000,0.057412147521972656,3.0,8.869534|3.000000|0.000000|0.000000|0.000000,9.485033|3.000000|0.000000|0.000000|0.000000,8.869534|3.000000|0.000000|0.000000|0.000000,3,136125022208.000000,10.194349|3.000000|0.000000|0.000000|0.000000,5
MOGP_GENERATIONAL,d26bbf4e-ef5e-11f0-9be8-6e001b3eef54,Boston,74,151,9.485033|3.000000|0.000000|0.000000|0.000000,0.08736586570739746,3.0,8.869534|3.000000|0.000000|0.000000|0.000000,9.485033|3.000000|0.000000|0.000000|0.000000,8.869534|3.000000|0.000000|0.000000|0.000000,3,114810904576.000000,10.194349|3.000000|0.000000|0.000000|0.000000,5
MOGP_GENERATIONAL,d26bbf4e-ef5e-11f0-9be8-6e001b3eef54,Boston,74,152,9.485033|3.000000|0.000000|0.000000|0.000000,0.059387922286987305,3.0,8.869534|3.000000|0.000000|0.000000|0.000000,7.334017|7.000000|2.000000|0.000000|0.000000,6.517593|7.000000|2.000000|0.000000|0.000000,7,39187931136.000000,10.194349|3.000000|0.000000|0.000000|0.000000,5
MOGP_GENERATIONAL,d26bbf4e-ef5e-11f0-9be8-6e001b3eef54,Boston,74,153,9.485033|3.000000|0.000000|0.000000|0.000000,0.05320119857788086,3.0,8.869534|3.000000|0.000000|0.000000|0.000000,9.485033|3.000000|0.000000|0.000000|0.000000,8.869534|3.000000|0.000000|0.000000|0.000000,3,86808518656.000000,10.194349|3.000000|0.000000|0.000000|0.000000,5
MOGP_GENERATIONAL,d26bbf4e-ef5e-11f0-9be8-6e001b3eef54,Boston,74,154,9.485033|3.000000|0.000000|0.000000|0.000000,0.06407499313354492,3.0,8.869534|3.000000|0.000000|0.000000|0.000000,9.485033|3.000000|0.000000|0.000000|0.000000,8.869534|3.000000|0.000000|0.000000|0.000000,3,64750194688.000000,10.194349|3.000000|0.000000|0.000000|0.000000,5
MOGP_GENERATIONAL,d26bbf4e-ef5e-11f0-9be8-6e001b3eef54,Boston,74,155,9.485033|3.000000|0.000000|0.000000|0.000000,0.0615079402923584,3.0,8.869534|3.000000|0.000000|0.000000|0.000000,9.485033|3.000000|0.000000|0.000000|0.000000,8.869534|3.000000|0.000000|0.000000|0.000000,3,83722936320.000000,10.194349|3.000000|0.000000|0.000000|0.000000,5
MOGP_GENERATIONAL,d26bbf4e-ef5e-11f0-9be8-6e001b3eef54,Boston,74,156,9.485033|3.000000|0.000000|0.000000|0.000000,0.057724952697753906,3.0,8.869534|3.000000|0.000000|0.000000|0.000000,9.485033|3.000000|0.000000|0.000000|0.000000,8.869534|3.000000|0.000000|0.000000|0.000000,3,49332436992.000000,10.194349|3.000000|0.000000|0.000000|0.000000,5
MOGP_GENERATIONAL,d26bbf4e-ef5e-11f0-9be8-6e001b3eef54,Boston,74,157,9.485033|3.000000|0.000000|0.000000|0.000000,0.05594301223754883,3.0,8.869534|3.000000|0.000000|0.000000|0.000000,9.485033|3.000000|0.000000|0.000000|0.000000,8.869534|3.000000|0.000000|0.000000|0.000000,3,23443707904.000000,10.194349|3.000000|0.000000|0.000000|0.000000,5
MOGP_GENERATIONAL,d26bbf4e-ef5e-11f0-9be8-6e001b3eef54,Boston,74,158,9.485033|3.000000|0.000000|0.000000|0.000000,0.06213569641113281,3.0,8.869534|3.000000|0.000000|0.000000|0.000000,8.913216|7.000000|2.000000|0.000000|0.000000,8.017152|7.000000|2.000000|0.000000|0.000000,7,82371657728.000000,10.194349|3.000000|0.000000|0.000000|0.000000,5
MOGP_GENERATIONAL,d26bbf4e-ef5e-11f0-9be8-6e001b3eef54,Boston,74,159,9.485033|3.000000|0.000000|0.000000|0.000000,0.05499696731567383,3.0,8.869534|3.000000|0.000000|0.000000|0.000000,9.485033|3.000000|0.000000|0.000000|0.000000,8.869534|3.000000|0.000000|0.000000|0.000000,3,77155573760.000000,10.194349|3.000000|0.000000|0.000000|0.000000,5
MOGP_GENERATIONAL,d26bbf4e-ef5e-11f0-9be8-6e001b3eef54,Boston,74,160,9.485033|3.000000|0.000000|0.000000|0.000000,0.05484914779663086,3.0,8.869534|3.000000|0.000000|0.000000|0.000000,9.485033|3.000000|0.000000|0.000000|0.000000,8.869534|3.000000|0.000000|0.000000|0.000000,3,83035389952.000000,10.194349|3.000000|0.000000|0.000000|0.000000,5
MOGP_GENERATIONAL,d26bbf4e-ef5e-11f0-9be8-6e001b3eef54,Boston,74,161,9.485033|3.000000|0.000000|0.000000|0.000000,0.06041693687438965,3.0,8.869534|3.000000|0.000000|0.000000|0.000000,9.485033|3.000000|0.000000|0.000000|0.000000,8.869534|3.000000|0.000000|0.000000|0.000000,3,106775937024.000000,10.194349|3.000000|0.000000|0.000000|0.000000,5
MOGP_GENERATIONAL,d26bbf4e-ef5e-11f0-9be8-6e001b3eef54,Boston,74,162,9.485033|3.000000|0.000000|0.000000|0.000000,0.06262803077697754,3.0,8.869534|3.000000|0.000000|0.000000|0.000000,9.485033|3.000000|0.000000|0.000000|0.000000,8.869534|3.000000|0.000000|0.000000|0.000000,3,105100656640.000000,10.194349|3.000000|0.000000|0.000000|0.000000,5
MOGP_GENERATIONAL,d26bbf4e-ef5e-11f0-9be8-6e001b3eef54,Boston,74,163,9.485033|3.000000|0.000000|0.000000|0.000000,0.053671836853027344,3.0,8.869534|3.000000|0.000000|0.000000|0.000000,9.485033|3.000000|0.000000|0.000000|0.000000,8.869534|3.000000|0.000000|0.000000|0.000000,3,47770406912.000000,10.194349|3.000000|0.000000|0.000000|0.000000,5
MOGP_GENERATIONAL,d26bbf4e-ef5e-11f0-9be8-6e001b3eef54,Boston,74,164,9.485033|3.000000|0.000000|0.000000|0.000000,0.05552101135253906,3.0,8.869534|3.000000|0.000000|0.000000|0.000000,9.485033|3.000000|0.000000|0.000000|0.000000,8.869534|3.000000|0.000000|0.000000|0.000000,3,84679876608.000000,10.194349|3.000000|0.000000|0.000000|0.000000,5
MOGP_GENERATIONAL,d26bbf4e-ef5e-11f0-9be8-6e001b3eef54,Boston,74,165,9.485033|3.000000|0.000000|0.000000|0.000000,0.05549001693725586,3.0,8.869534|3.000000|0.000000|0.000000|0.000000,9.150545|5.000000|2.000000|0.000000|0.000000,8.402699|5.000000|2.000000|0.000000|0.000000,5,57498046464.000000,10.194349|3.000000|0.000000|0.000000|0.000000,5
MOGP_GENERATIONAL,d26bbf4e-ef5e-11f0-9be8-6e001b3eef54,Boston,74,166,9.485033|3.000000|0.000000|0.000000|0.000000,0.05905270576477051,3.0,8.869534|3.000000|0.000000|0.000000|0.000000,8.777045|11.000000|2.000000|2.000000|0.000000,8.278812|11.000000|2.000000|2.000000|0.000000,11,49533620224.000000,10.194349|3.000000|0.000000|0.000000|0.000000,5
MOGP_GENERATIONAL,d26bbf4e-ef5e-11f0-9be8-6e001b3eef54,Boston,74,167,9.485033|3.000000|0.000000|0.000000|0.000000,0.062072038650512695,3.0,8.869534|3.000000|0.000000|0.000000|0.000000,9.485033|3.000000|0.000000|0.000000|0.000000,8.869534|3.000000|0.000000|0.000000|0.000000,3,119244300288.000000,10.194349|3.000000|0.000000|0.000000|0.000000,5
MOGP_GENERATIONAL,d26bbf4e-ef5e-11f0-9be8-6e001b3eef54,Boston,74,168,9.485033|3.000000|0.000000|0.000000|0.000000,0.05366396903991699,3.0,8.869534|3.000000|0.000000|0.000000|0.000000,9.485033|3.000000|0.000000|0.000000|0.000000,8.869534|3.000000|0.000000|0.000000|0.000000,3,51770101760.000000,10.194349|3.000000|0.000000|0.000000|0.000000,5
MOGP_GENERATIONAL,d26bbf4e-ef5e-11f0-9be8-6e001b3eef54,Boston,74,169,9.485033|3.000000|0.000000|0.000000|0.000000,0.056616783142089844,3.0,8.869534|3.000000|0.000000|0.000000|0.000000,9.485033|3.000000|0.000000|0.000000|0.000000,8.869534|3.000000|0.000000|0.000000|0.000000,3,69875408896.000000,10.194349|3.000000|0.000000|0.000000|0.000000,5
MOGP_GENERATIONAL,d26bbf4e-ef5e-11f0-9be8-6e001b3eef54,Boston,74,170,9.485033|3.000000|0.000000|0.000000|0.000000,0.05863690376281738,3.0,8.869534|3.000000|0.000000|0.000000|0.000000,9.485033|3.000000|0.000000|0.000000|0.000000,8.869534|3.000000|0.000000|0.000000|0.000000,3,38881067008.000000,10.194349|3.000000|0.000000|0.000000|0.000000,5
MOGP_GENERATIONAL,d26bbf4e-ef5e-11f0-9be8-6e001b3eef54,Boston,74,171,9.485033|3.000000|0.000000|0.000000|0.000000,0.06293892860412598,3.0,8.869534|3.000000|0.000000|0.000000|0.000000,9.485033|3.000000|0.000000|0.000000|0.000000,8.869534|3.000000|0.000000|0.000000|0.000000,3,85501222912.000000,10.194349|3.000000|0.000000|0.000000|0.000000,5
MOGP_GENERATIONAL,d26bbf4e-ef5e-11f0-9be8-6e001b3eef54,Boston,74,172,9.485033|3.000000|0.000000|0.000000|0.000000,0.06473183631896973,3.0,8.869534|3.000000|0.000000|0.000000|0.000000,8.699803|7.000000|1.000000|0.000000|0.000000,8.027328|7.000000|1.000000|0.000000|0.000000,7,101400403968.000000,10.194349|3.000000|0.000000|0.000000|0.000000,5
MOGP_GENERATIONAL,d26bbf4e-ef5e-11f0-9be8-6e001b3eef54,Boston,74,173,9.485033|3.000000|0.000000|0.000000|0.000000,0.05236196517944336,3.0,8.869534|3.000000|0.000000|0.000000|0.000000,9.485033|3.000000|0.000000|0.000000|0.000000,8.869534|3.000000|0.000000|0.000000|0.000000,3,89005989888.000000,10.194349|3.000000|0.000000|0.000000|0.000000,5
MOGP_GENERATIONAL,d26bbf4e-ef5e-11f0-9be8-6e001b3eef54,Boston,74,174,9.485033|3.000000|0.000000|0.000000|0.000000,0.051301002502441406,3.0,8.869534|3.000000|0.000000|0.000000|0.000000,9.485033|3.000000|0.000000|0.000000|0.000000,8.869534|3.000000|0.000000|0.000000|0.000000,3,75062181888.000000,10.194349|3.000000|0.000000|0.000000|0.000000,5
MOGP_GENERATIONAL,d26bbf4e-ef5e-11f0-9be8-6e001b3eef54,Boston,74,175,9.485033|3.000000|0.000000|0.000000|0.000000,0.05545520782470703,3.0,8.869534|3.000000|0.000000|0.000000|0.000000,9.327129|7.000000|1.000000|0.000000|0.000000,8.844562|7.000000|1.000000|0.000000|0.000000,7,54687547392.000000,10.194349|3.000000|0.000000|0.000000|0.000000,5
MOGP_GENERATIONAL,d26bbf4e-ef5e-11f0-9be8-6e001b3eef54,Boston,74,176,9.485033|3.000000|0.000000|0.000000|0.000000,0.055849313735961914,3.0,8.869534|3.000000|0.000000|0.000000|0.000000,9.485033|3.000000|0.000000|0.000000|0.000000,8.869534|3.000000|0.000000|0.000000|0.000000,3,132988796928.000000,10.194349|3.000000|0.000000|0.000000|0.000000,5
MOGP_GENERATIONAL,d26bbf4e-ef5e-11f0-9be8-6e001b3eef54,Boston,74,177,9.485033|3.000000|0.000000|0.000000|0.000000,0.0620119571685791,3.0,8.869534|3.000000|0.000000|0.000000|0.000000,9.485033|3.000000|0.000000|0.000000|0.000000,8.869534|3.000000|0.000000|0.000000|0.000000,3,80069173248.000000,10.194349|3.000000|0.000000|0.000000|0.000000,5
MOGP_GENERATIONAL,d26bbf4e-ef5e-11f0-9be8-6e001b3eef54,Boston,74,178,9.485033|3.000000|0.000000|0.000000|0.000000,0.0545198917388916,3.0,8.869534|3.000000|0.000000|0.000000|0.000000,9.485033|3.000000|0.000000|0.000000|0.000000,8.869534|3.000000|0.000000|0.000000|0.000000,3,89456386048.000000,10.194349|3.000000|0.000000|0.000000|0.000000,5
MOGP_GENERATIONAL,d26bbf4e-ef5e-11f0-9be8-6e001b3eef54,Boston,74,179,9.485033|3.000000|0.000000|0.000000|0.000000,0.05777573585510254,3.0,8.869534|3.000000|0.000000|0.000000|0.000000,8.913216|7.000000|2.000000|0.000000|0.000000,8.017152|7.000000|2.000000|0.000000|0.000000,7,49937465344.000000,10.194349|3.000000|0.000000|0.000000|0.000000,5
MOGP_GENERATIONAL,d26bbf4e-ef5e-11f0-9be8-6e001b3eef54,Boston,74,180,9.485033|3.000000|0.000000|0.000000|0.000000,0.057817697525024414,3.0,8.869534|3.000000|0.000000|0.000000|0.000000,8.709475|7.000000|1.000000|0.000000|0.000000,8.063308|7.000000|1.000000|0.000000|0.000000,7,99437101056.000000,10.194349|3.000000|0.000000|0.000000|0.000000,5
MOGP_GENERATIONAL,d26bbf4e-ef5e-11f0-9be8-6e001b3eef54,Boston,74,181,9.485033|3.000000|0.000000|0.000000|0.000000,0.05120205879211426,3.0,8.869534|3.000000|0.000000|0.000000|0.000000,9.485033|3.000000|0.000000|0.000000|0.000000,8.869534|3.000000|0.000000|0.000000|0.000000,3,76950503424.000000,10.194349|3.000000|0.000000|0.000000|0.000000,5
MOGP_GENERATIONAL,d26bbf4e-ef5e-11f0-9be8-6e001b3eef54,Boston,74,182,9.485033|3.000000|0.000000|0.000000|0.000000,0.05855584144592285,3.0,8.869534|3.000000|0.000000|0.000000|0.000000,9.366061|7.000000|1.000000|0.000000|0.000000,8.663060|7.000000|1.000000|0.000000|0.000000,7,82171797504.000000,10.194349|3.000000|0.000000|0.000000|0.000000,5
MOGP_GENERATIONAL,d26bbf4e-ef5e-11f0-9be8-6e001b3eef54,Boston,74,183,9.485033|3.000000|0.000000|0.000000|0.000000,0.05463886260986328,3.0,8.869534|3.000000|0.000000|0.000000|0.000000,9.485033|3.000000|0.000000|0.000000|0.000000,8.869534|3.000000|0.000000|0.000000|0.000000,3,119660658688.000000,10.194349|3.000000|0.000000|0.000000|0.000000,5
MOGP_GENERATIONAL,d26bbf4e-ef5e-11f0-9be8-6e001b3eef54,Boston,74,184,9.485033|3.000000|0.000000|0.000000|0.000000,0.06222105026245117,3.0,8.869534|3.000000|0.000000|0.000000|0.000000,9.485033|3.000000|0.000000|0.000000|0.000000,8.869534|3.000000|0.000000|0.000000|0.000000,3,88230019072.000000,10.194349|3.000000|0.000000|0.000000|0.000000,5
MOGP_GENERATIONAL,d26bbf4e-ef5e-11f0-9be8-6e001b3eef54,Boston,74,185,9.485033|3.000000|0.000000|0.000000|0.000000,0.0520479679107666,3.0,8.869534|3.000000|0.000000|0.000000|0.000000,9.485033|3.000000|0.000000|0.000000|0.000000,8.869534|3.000000|0.000000|0.000000|0.000000,3,71762567168.000000,10.194349|3.000000|0.000000|0.000000|0.000000,5
MOGP_GENERATIONAL,d26bbf4e-ef5e-11f0-9be8-6e001b3eef54,Boston,74,186,9.485033|3.000000|0.000000|0.000000|0.000000,0.05462074279785156,3.0,8.869534|3.000000|0.000000|0.000000|0.000000,9.485033|3.000000|0.000000|0.000000|0.000000,8.869534|3.000000|0.000000|0.000000|0.000000,3,12577359872.000000,10.194349|3.000000|0.000000|0.000000|0.000000,5
MOGP_GENERATIONAL,d26bbf4e-ef5e-11f0-9be8-6e001b3eef54,Boston,74,187,9.485033|3.000000|0.000000|0.000000|0.000000,0.0578460693359375,3.0,8.869534|3.000000|0.000000|0.000000|0.000000,9.485033|3.000000|0.000000|0.000000|0.000000,8.869534|3.000000|0.000000|0.000000|0.000000,3,46091194368.000000,10.194349|3.000000|0.000000|0.000000|0.000000,5
MOGP_GENERATIONAL,d26bbf4e-ef5e-11f0-9be8-6e001b3eef54,Boston,74,188,9.485033|3.000000|0.000000|0.000000|0.000000,0.0525670051574707,3.0,8.869534|3.000000|0.000000|0.000000|0.000000,9.485033|3.000000|0.000000|0.000000|0.000000,8.869534|3.000000|0.000000|0.000000|0.000000,3,94232936448.000000,10.194349|3.000000|0.000000|0.000000|0.000000,5
MOGP_GENERATIONAL,d26bbf4e-ef5e-11f0-9be8-6e001b3eef54,Boston,74,189,9.485033|3.000000|0.000000|0.000000|0.000000,0.05900907516479492,3.0,8.869534|3.000000|0.000000|0.000000|0.000000,9.485033|3.000000|0.000000|0.000000|0.000000,8.869534|3.000000|0.000000|0.000000|0.000000,3,74195992576.000000,10.194349|3.000000|0.000000|0.000000|0.000000,5
MOGP_GENERATIONAL,d26bbf4e-ef5e-11f0-9be8-6e001b3eef54,Boston,74,190,9.485033|3.000000|0.000000|0.000000|0.000000,0.052558183670043945,3.0,8.869534|3.000000|0.000000|0.000000|0.000000,9.485033|3.000000|0.000000|0.000000|0.000000,8.869534|3.000000|0.000000|0.000000|0.000000,3,64295735296.000000,10.194349|3.000000|0.000000|0.000000|0.000000,5
MOGP_GENERATIONAL,d26bbf4e-ef5e-11f0-9be8-6e001b3eef54,Boston,74,191,9.485033|3.000000|0.000000|0.000000|0.000000,0.05340719223022461,3.0,8.869534|3.000000|0.000000|0.000000|0.000000,9.485033|3.000000|0.000000|0.000000|0.000000,8.869534|3.000000|0.000000|0.000000|0.000000,3,87308345344.000000,10.194349|3.000000|0.000000|0.000000|0.000000,5
MOGP_GENERATIONAL,d26bbf4e-ef5e-11f0-9be8-6e001b3eef54,Boston,74,192,9.485033|3.000000|0.000000|0.000000|0.000000,0.05464506149291992,3.0,8.869534|3.000000|0.000000|0.000000|0.000000,9.485033|3.000000|0.000000|0.000000|0.000000,8.869534|3.000000|0.000000|0.000000|0.000000,3,67597611008.000000,10.194349|3.000000|0.000000|0.000000|0.000000,5
MOGP_GENERATIONAL,d26bbf4e-ef5e-11f0-9be8-6e001b3eef54,Boston,74,193,9.485033|3.000000|0.000000|0.000000|0.000000,0.058994293212890625,3.0,8.869534|3.000000|0.000000|0.000000|0.000000,9.485033|3.000000|0.000000|0.000000|0.000000,8.869534|3.000000|0.000000|0.000000|0.000000,3,89634037760.000000,10.194349|3.000000|0.000000|0.000000|0.000000,5
MOGP_GENERATIONAL,d26bbf4e-ef5e-11f0-9be8-6e001b3eef54,Boston,74,194,9.485033|3.000000|0.000000|0.000000|0.000000,0.0529942512512207,3.0,8.869534|3.000000|0.000000|0.000000|0.000000,9.485033|3.000000|0.000000|0.000000|0.000000,8.869534|3.000000|0.000000|0.000000|0.000000,3,95697395712.000000,10.194349|3.000000|0.000000|0.000000|0.000000,5
MOGP_GENERATIONAL,d26bbf4e-ef5e-11f0-9be8-6e001b3eef54,Boston,74,195,9.485033|3.000000|0.000000|0.000000|0.000000,0.06143808364868164,3.0,8.869534|3.000000|0.000000|0.000000|0.000000,9.379433|7.000000|0.000000|0.000000|0.000000,8.779922|7.000000|0.000000|0.000000|0.000000,7,98885361664.000000,10.194349|3.000000|0.000000|0.000000|0.000000,5
MOGP_GENERATIONAL,d26bbf4e-ef5e-11f0-9be8-6e001b3eef54,Boston,74,196,9.485033|3.000000|0.000000|0.000000|0.000000,0.05174708366394043,3.0,8.869534|3.000000|0.000000|0.000000|0.000000,9.485033|3.000000|0.000000|0.000000|0.000000,8.869534|3.000000|0.000000|0.000000|0.000000,3,53880102912.000000,10.194349|3.000000|0.000000|0.000000|0.000000,5
MOGP_GENERATIONAL,d26bbf4e-ef5e-11f0-9be8-6e001b3eef54,Boston,74,197,9.485033|3.000000|0.000000|0.000000|0.000000,0.11521410942077637,3.0,8.869534|3.000000|0.000000|0.000000|0.000000,9.485033|3.000000|0.000000|0.000000|0.000000,8.869534|3.000000|0.000000|0.000000|0.000000,3,62455717888.000000,10.194349|3.000000|0.000000|0.000000|0.000000,5
MOGP_GENERATIONAL,d26bbf4e-ef5e-11f0-9be8-6e001b3eef54,Boston,74,198,9.485033|3.000000|0.000000|0.000000|0.000000,0.052842140197753906,3.0,8.869534|3.000000|0.000000|0.000000|0.000000,9.485033|3.000000|0.000000|0.000000|0.000000,8.869534|3.000000|0.000000|0.000000|0.000000,3,113017716736.000000,10.194349|3.000000|0.000000|0.000000|0.000000,5
MOGP_GENERATIONAL,d26bbf4e-ef5e-11f0-9be8-6e001b3eef54,Boston,74,199,9.485033|3.000000|0.000000|0.000000|0.000000,0.052340030670166016,3.0,8.869534|3.000000|0.000000|0.000000|0.000000,9.485033|3.000000|0.000000|0.000000|0.000000,8.869534|3.000000|0.000000|0.000000|0.000000,3,114783698944.000000,10.194349|3.000000|0.000000|0.000000|0.000000,5
MOGP_GENERATIONAL,d26bbf4e-ef5e-11f0-9be8-6e001b3eef54,Boston,74,200,9.485033|3.000000|0.000000|0.000000|0.000000,0.0649268627166748,3.0,8.869534|3.000000|0.000000|0.000000|0.000000,9.485033|3.000000|0.000000|0.000000|0.000000,8.869534|3.000000|0.000000|0.000000|0.000000,3,82826354688.000000,10.194349|3.000000|0.000000|0.000000|0.000000,5
MOGP_GENERATIONAL,d26bbf4e-ef5e-11f0-9be8-6e001b3eef54,Boston,74,201,9.485033|3.000000|0.000000|0.000000|0.000000,0.05836009979248047,3.0,8.869534|3.000000|0.000000|0.000000|0.000000,8.913216|7.000000|2.000000|0.000000|0.000000,8.017152|7.000000|2.000000|0.000000|0.000000,7,71696465920.000000,10.194349|3.000000|0.000000|0.000000|0.000000,5
MOGP_GENERATIONAL,d26bbf4e-ef5e-11f0-9be8-6e001b3eef54,Boston,74,202,9.485033|3.000000|0.000000|0.000000|0.000000,0.053872108459472656,3.0,8.869534|3.000000|0.000000|0.000000|0.000000,9.485033|3.000000|0.000000|0.000000|0.000000,8.869534|3.000000|0.000000|0.000000|0.000000,3,86958260224.000000,10.194349|3.000000|0.000000|0.000000|0.000000,5
MOGP_GENERATIONAL,d26bbf4e-ef5e-11f0-9be8-6e001b3eef54,Boston,74,203,9.485033|3.000000|0.000000|0.000000|0.000000,0.05842185020446777,3.0,8.869534|3.000000|0.000000|0.000000|0.000000,9.485033|3.000000|0.000000|0.000000|0.000000,8.869534|3.000000|0.000000|0.000000|0.000000,3,44569583616.000000,10.194349|3.000000|0.000000|0.000000|0.000000,5
MOGP_GENERATIONAL,d26bbf4e-ef5e-11f0-9be8-6e001b3eef54,Boston,74,204,9.485033|3.000000|0.000000|0.000000|0.000000,0.053106069564819336,3.0,8.869534|3.000000|0.000000|0.000000|0.000000,9.485033|3.000000|0.000000|0.000000|0.000000,8.869534|3.000000|0.000000|0.000000|0.000000,3,28450521088.000000,10.194349|3.000000|0.000000|0.000000|0.000000,5
MOGP_GENERATIONAL,d26bbf4e-ef5e-11f0-9be8-6e001b3eef54,Boston,74,205,9.485033|3.000000|0.000000|0.000000|0.000000,0.05164504051208496,3.0,8.869534|3.000000|0.000000|0.000000|0.000000,9.485033|3.000000|0.000000|0.000000|0.000000,8.869534|3.000000|0.000000|0.000000|0.000000,3,51467747328.000000,10.194349|3.000000|0.000000|0.000000|0.000000,5
MOGP_GENERATIONAL,d26bbf4e-ef5e-11f0-9be8-6e001b3eef54,Boston,74,206,9.485033|3.000000|0.000000|0.000000|0.000000,0.05735182762145996,3.0,8.869534|3.000000|0.000000|0.000000|0.000000,9.485033|3.000000|0.000000|0.000000|0.000000,8.869534|3.000000|0.000000|0.000000|0.000000,3,74669547520.000000,10.194349|3.000000|0.000000|0.000000|0.000000,5
MOGP_GENERATIONAL,d26bbf4e-ef5e-11f0-9be8-6e001b3eef54,Boston,74,207,9.485033|3.000000|0.000000|0.000000|0.000000,0.0621490478515625,3.0,8.869534|3.000000|0.000000|0.000000|0.000000,9.485033|3.000000|0.000000|0.000000|0.000000,8.869534|3.000000|0.000000|0.000000|0.000000,3,107083735040.000000,10.194349|3.000000|0.000000|0.000000|0.000000,5
MOGP_GENERATIONAL,d26bbf4e-ef5e-11f0-9be8-6e001b3eef54,Boston,74,208,9.485033|3.000000|0.000000|0.000000|0.000000,0.06384396553039551,3.0,8.869534|3.000000|0.000000|0.000000|0.000000,9.485033|3.000000|0.000000|0.000000|0.000000,8.869534|3.000000|0.000000|0.000000|0.000000,3,49968136192.000000,10.194349|3.000000|0.000000|0.000000|0.000000,5
MOGP_GENERATIONAL,d26bbf4e-ef5e-11f0-9be8-6e001b3eef54,Boston,74,209,9.485033|3.000000|0.000000|0.000000|0.000000,0.05262637138366699,3.0,8.869534|3.000000|0.000000|0.000000|0.000000,9.485033|3.000000|0.000000|0.000000|0.000000,8.869534|3.000000|0.000000|0.000000|0.000000,3,106638606336.000000,10.194349|3.000000|0.000000|0.000000|0.000000,5
MOGP_GENERATIONAL,d26bbf4e-ef5e-11f0-9be8-6e001b3eef54,Boston,74,210,9.485033|3.000000|0.000000|0.000000|0.000000,0.060185909271240234,3.0,8.869534|3.000000|0.000000|0.000000|0.000000,9.485033|3.000000|0.000000|0.000000|0.000000,8.869534|3.000000|0.000000|0.000000|0.000000,3,97060323328.000000,10.194349|3.000000|0.000000|0.000000|0.000000,5
MOGP_GENERATIONAL,d26bbf4e-ef5e-11f0-9be8-6e001b3eef54,Boston,74,211,9.485033|3.000000|0.000000|0.000000|0.000000,0.052108049392700195,3.0,8.869534|3.000000|0.000000|0.000000|0.000000,9.485033|3.000000|0.000000|0.000000|0.000000,8.869534|3.000000|0.000000|0.000000|0.000000,3,38902161408.000000,10.194349|3.000000|0.000000|0.000000|0.000000,5
MOGP_GENERATIONAL,d26bbf4e-ef5e-11f0-9be8-6e001b3eef54,Boston,74,212,9.485033|3.000000|0.000000|0.000000|0.000000,0.056365013122558594,3.0,8.869534|3.000000|0.000000|0.000000|0.000000,9.485033|3.000000|0.000000|0.000000|0.000000,8.869534|3.000000|0.000000|0.000000|0.000000,3,92925411328.000000,10.194349|3.000000|0.000000|0.000000|0.000000,5
MOGP_GENERATIONAL,d26bbf4e-ef5e-11f0-9be8-6e001b3eef54,Boston,74,213,9.485033|3.000000|0.000000|0.000000|0.000000,0.05263996124267578,3.0,8.869534|3.000000|0.000000|0.000000|0.000000,9.485033|3.000000|0.000000|0.000000|0.000000,8.869534|3.000000|0.000000|0.000000|0.000000,3,55878213632.000000,10.194349|3.000000|0.000000|0.000000|0.000000,5
MOGP_GENERATIONAL,d26bbf4e-ef5e-11f0-9be8-6e001b3eef54,Boston,74,214,9.485033|3.000000|0.000000|0.000000|0.000000,0.051898956298828125,3.0,8.869534|3.000000|0.000000|0.000000|0.000000,9.485033|3.000000|0.000000|0.000000|0.000000,8.869534|3.000000|0.000000|0.000000|0.000000,3,82793783296.000000,10.194349|3.000000|0.000000|0.000000|0.000000,5
MOGP_GENERATIONAL,d26bbf4e-ef5e-11f0-9be8-6e001b3eef54,Boston,74,215,9.485033|3.000000|0.000000|0.000000|0.000000,0.05208086967468262,3.0,8.869534|3.000000|0.000000|0.000000|0.000000,9.198582|7.000000|1.000000|0.000000|0.000000,8.935313|7.000000|1.000000|0.000000|0.000000,7,58208186368.000000,10.194349|3.000000|0.000000|0.000000|0.000000,5
MOGP_GENERATIONAL,d26bbf4e-ef5e-11f0-9be8-6e001b3eef54,Boston,74,216,9.485033|3.000000|0.000000|0.000000|0.000000,0.05483222007751465,3.0,8.869534|3.000000|0.000000|0.000000|0.000000,8.709475|7.000000|1.000000|0.000000|0.000000,8.063308|7.000000|1.000000|0.000000|0.000000,7,39284772864.000000,10.194349|3.000000|0.000000|0.000000|0.000000,5
MOGP_GENERATIONAL,d26bbf4e-ef5e-11f0-9be8-6e001b3eef54,Boston,74,217,9.485033|3.000000|0.000000|0.000000|0.000000,0.05321812629699707,3.0,8.869534|3.000000|0.000000|0.000000|0.000000,9.485033|3.000000|0.000000|0.000000|0.000000,8.869534|3.000000|0.000000|0.000000|0.000000,3,105196765184.000000,10.194349|3.000000|0.000000|0.000000|0.000000,5
MOGP_GENERATIONAL,d26bbf4e-ef5e-11f0-9be8-6e001b3eef54,Boston,74,218,9.485033|3.000000|0.000000|0.000000|0.000000,0.05919909477233887,3.0,8.869534|3.000000|0.000000|0.000000|0.000000,9.485033|3.000000|0.000000|0.000000|0.000000,8.869534|3.000000|0.000000|0.000000|0.000000,3,87620501504.000000,10.194349|3.000000|0.000000|0.000000|0.000000,5
MOGP_GENERATIONAL,d26bbf4e-ef5e-11f0-9be8-6e001b3eef54,Boston,74,219,9.485033|3.000000|0.000000|0.000000|0.000000,0.051474809646606445,3.0,8.869534|3.000000|0.000000|0.000000|0.000000,9.485033|3.000000|0.000000|0.000000|0.000000,8.869534|3.000000|0.000000|0.000000|0.000000,3,73308192768.000000,10.194349|3.000000|0.000000|0.000000|0.000000,5
MOGP_GENERATIONAL,d26bbf4e-ef5e-11f0-9be8-6e001b3eef54,Boston,74,220,9.485033|3.000000|0.000000|0.000000|0.000000,0.06070208549499512,3.0,8.869534|3.000000|0.000000|0.000000|0.000000,9.485033|3.000000|0.000000|0.000000|0.000000,8.869534|3.000000|0.000000|0.000000|0.000000,3,90366959616.000000,10.194349|3.000000|0.000000|0.000000|0.000000,5
MOGP_GENERATIONAL,d26bbf4e-ef5e-11f0-9be8-6e001b3eef54,Boston,74,221,9.485033|3.000000|0.000000|0.000000|0.000000,0.05366802215576172,3.0,8.869534|3.000000|0.000000|0.000000|0.000000,9.485033|3.000000|0.000000|0.000000|0.000000,8.869534|3.000000|0.000000|0.000000|0.000000,3,88950128640.000000,10.194349|3.000000|0.000000|0.000000|0.000000,5
MOGP_GENERATIONAL,d26bbf4e-ef5e-11f0-9be8-6e001b3eef54,Boston,74,222,9.485033|3.000000|0.000000|0.000000|0.000000,0.05895400047302246,3.0,8.869534|3.000000|0.000000|0.000000|0.000000,9.485033|3.000000|0.000000|0.000000|0.000000,8.869534|3.000000|0.000000|0.000000|0.000000,3,90169131008.000000,10.194349|3.000000|0.000000|0.000000|0.000000,5
MOGP_GENERATIONAL,d26bbf4e-ef5e-11f0-9be8-6e001b3eef54,Boston,74,223,9.485033|3.000000|0.000000|0.000000|0.000000,0.054373979568481445,3.0,8.869534|3.000000|0.000000|0.000000|0.000000,9.379433|7.000000|0.000000|0.000000|0.000000,8.779922|7.000000|0.000000|0.000000|0.000000,7,104371093504.000000,10.194349|3.000000|0.000000|0.000000|0.000000,5
MOGP_GENERATIONAL,d26bbf4e-ef5e-11f0-9be8-6e001b3eef54,Boston,74,224,9.485033|3.000000|0.000000|0.000000|0.000000,0.06939530372619629,3.0,8.869534|3.000000|0.000000|0.000000|0.000000,9.485033|3.000000|0.000000|0.000000|0.000000,8.869534|3.000000|0.000000|0.000000|0.000000,3,97132183552.000000,10.194349|3.000000|0.000000|0.000000|0.000000,5
MOGP_GENERATIONAL,d26bbf4e-ef5e-11f0-9be8-6e001b3eef54,Boston,74,225,9.485033|3.000000|0.000000|0.000000|0.000000,0.05096292495727539,3.0,8.869534|3.000000|0.000000|0.000000|0.000000,9.485033|3.000000|0.000000|0.000000|0.000000,8.869534|3.000000|0.000000|0.000000|0.000000,3,95482707968.000000,10.194349|3.000000|0.000000|0.000000|0.000000,5
MOGP_GENERATIONAL,d26bbf4e-ef5e-11f0-9be8-6e001b3eef54,Boston,74,226,9.485033|3.000000|0.000000|0.000000|0.000000,0.05280470848083496,3.0,8.869534|3.000000|0.000000|0.000000|0.000000,9.350648|7.000000|1.000000|0.000000|0.000000,8.657818|7.000000|1.000000|0.000000|0.000000,7,95252070400.000000,10.194349|3.000000|0.000000|0.000000|0.000000,5
MOGP_GENERATIONAL,d26bbf4e-ef5e-11f0-9be8-6e001b3eef54,Boston,74,227,9.485033|3.000000|0.000000|0.000000|0.000000,0.05815720558166504,3.0,8.869534|3.000000|0.000000|0.000000|0.000000,9.485033|3.000000|0.000000|0.000000|0.000000,8.869534|3.000000|0.000000|0.000000|0.000000,3,105735806976.000000,10.194349|3.000000|0.000000|0.000000|0.000000,5
MOGP_GENERATIONAL,d26bbf4e-ef5e-11f0-9be8-6e001b3eef54,Boston,74,228,9.485033|3.000000|0.000000|0.000000|0.000000,0.07188892364501953,3.0,8.869534|3.000000|0.000000|0.000000|0.000000,9.485033|3.000000|0.000000|0.000000|0.000000,8.869534|3.000000|0.000000|0.000000|0.000000,3,96833814528.000000,10.194349|3.000000|0.000000|0.000000|0.000000,5
MOGP_GENERATIONAL,d26bbf4e-ef5e-11f0-9be8-6e001b3eef54,Boston,74,229,9.485033|3.000000|0.000000|0.000000|0.000000,0.052184104919433594,3.0,8.869534|3.000000|0.000000|0.000000|0.000000,9.485033|3.000000|0.000000|0.000000|0.000000,8.869534|3.000000|0.000000|0.000000|0.000000,3,96250863616.000000,10.194349|3.000000|0.000000|0.000000|0.000000,5
MOGP_GENERATIONAL,d26bbf4e-ef5e-11f0-9be8-6e001b3eef54,Boston,74,230,9.485033|3.000000|0.000000|0.000000|0.000000,0.061112165451049805,3.0,8.869534|3.000000|0.000000|0.000000|0.000000,9.485033|3.000000|0.000000|0.000000|0.000000,8.869534|3.000000|0.000000|0.000000|0.000000,3,105203892224.000000,10.194349|3.000000|0.000000|0.000000|0.000000,5
MOGP_GENERATIONAL,d26bbf4e-ef5e-11f0-9be8-6e001b3eef54,Boston,74,231,9.485033|3.000000|0.000000|0.000000|0.000000,0.05808591842651367,3.0,8.869534|3.000000|0.000000|0.000000|0.000000,9.485033|3.000000|0.000000|0.000000|0.000000,8.869534|3.000000|0.000000|0.000000|0.000000,3,107227037696.000000,10.194349|3.000000|0.000000|0.000000|0.000000,5
MOGP_GENERATIONAL,d26bbf4e-ef5e-11f0-9be8-6e001b3eef54,Boston,74,232,9.485033|3.000000|0.000000|0.000000|0.000000,0.062432050704956055,3.0,8.869534|3.000000|0.000000|0.000000|0.000000,9.485033|3.000000|0.000000|0.000000|0.000000,8.869534|3.000000|0.000000|0.000000|0.000000,3,71972200448.000000,10.194349|3.000000|0.000000|0.000000|0.000000,5
MOGP_GENERATIONAL,d26bbf4e-ef5e-11f0-9be8-6e001b3eef54,Boston,74,233,9.485033|3.000000|0.000000|0.000000|0.000000,0.052510976791381836,3.0,8.869534|3.000000|0.000000|0.000000|0.000000,9.485033|3.000000|0.000000|0.000000|0.000000,8.869534|3.000000|0.000000|0.000000|0.000000,3,73593692160.000000,10.194349|3.000000|0.000000|0.000000|0.000000,5
MOGP_GENERATIONAL,d26bbf4e-ef5e-11f0-9be8-6e001b3eef54,Boston,74,234,9.485033|3.000000|0.000000|0.000000|0.000000,0.057100772857666016,3.0,8.869534|3.000000|0.000000|0.000000|0.000000,9.485033|3.000000|0.000000|0.000000|0.000000,8.869534|3.000000|0.000000|0.000000|0.000000,3,63852150784.000000,10.194349|3.000000|0.000000|0.000000|0.000000,5
MOGP_GENERATIONAL,d26bbf4e-ef5e-11f0-9be8-6e001b3eef54,Boston,74,235,9.485033|3.000000|0.000000|0.000000|0.000000,0.052027225494384766,3.0,8.869534|3.000000|0.000000|0.000000|0.000000,9.485033|3.000000|0.000000|0.000000|0.000000,8.869534|3.000000|0.000000|0.000000|0.000000,3,89265438720.000000,10.194349|3.000000|0.000000|0.000000|0.000000,5
MOGP_GENERATIONAL,d26bbf4e-ef5e-11f0-9be8-6e001b3eef54,Boston,74,236,9.485033|3.000000|0.000000|0.000000|0.000000,0.05031609535217285,3.0,8.869534|3.000000|0.000000|0.000000|0.000000,9.485033|3.000000|0.000000|0.000000|0.000000,8.869534|3.000000|0.000000|0.000000|0.000000,3,36939214848.000000,10.194349|3.000000|0.000000|0.000000|0.000000,5
MOGP_GENERATIONAL,d26bbf4e-ef5e-11f0-9be8-6e001b3eef54,Boston,74,237,9.485033|3.000000|0.000000|0.000000|0.000000,0.056853294372558594,3.0,8.869534|3.000000|0.000000|0.000000|0.000000,9.485033|3.000000|0.000000|0.000000|0.000000,8.869534|3.000000|0.000000|0.000000|0.000000,3,53073801216.000000,10.194349|3.000000|0.000000|0.000000|0.000000,5
MOGP_GENERATIONAL,d26bbf4e-ef5e-11f0-9be8-6e001b3eef54,Boston,74,238,9.485033|3.000000|0.000000|0.000000|0.000000,0.05307793617248535,3.0,8.869534|3.000000|0.000000|0.000000|0.000000,9.485033|3.000000|0.000000|0.000000|0.000000,8.869534|3.000000|0.000000|0.000000|0.000000,3,57469513728.000000,10.194349|3.000000|0.000000|0.000000|0.000000,5
MOGP_GENERATIONAL,d26bbf4e-ef5e-11f0-9be8-6e001b3eef54,Boston,74,239,9.485033|3.000000|0.000000|0.000000|0.000000,0.055685997009277344,3.0,8.869534|3.000000|0.000000|0.000000|0.000000,9.485033|3.000000|0.000000|0.000000|0.000000,8.869534|3.000000|0.000000|0.000000|0.000000,3,103840768000.000000,10.194349|3.000000|0.000000|0.000000|0.000000,5
MOGP_GENERATIONAL,d26bbf4e-ef5e-11f0-9be8-6e001b3eef54,Boston,74,240,9.485033|3.000000|0.000000|0.000000|0.000000,0.059226274490356445,3.0,8.869534|3.000000|0.000000|0.000000|0.000000,9.485033|3.000000|0.000000|0.000000|0.000000,8.869534|3.000000|0.000000|0.000000|0.000000,3,48783093760.000000,10.194349|3.000000|0.000000|0.000000|0.000000,5
MOGP_GENERATIONAL,d26bbf4e-ef5e-11f0-9be8-6e001b3eef54,Boston,74,241,9.485033|3.000000|0.000000|0.000000|0.000000,0.06565499305725098,3.0,8.869534|3.000000|0.000000|0.000000|0.000000,9.485033|3.000000|0.000000|0.000000|0.000000,8.869534|3.000000|0.000000|0.000000|0.000000,3,62163988480.000000,10.194349|3.000000|0.000000|0.000000|0.000000,5
MOGP_GENERATIONAL,d26bbf4e-ef5e-11f0-9be8-6e001b3eef54,Boston,74,242,9.485033|3.000000|0.000000|0.000000|0.000000,0.05765581130981445,3.0,8.869534|3.000000|0.000000|0.000000|0.000000,9.485033|3.000000|0.000000|0.000000|0.000000,8.869534|3.000000|0.000000|0.000000|0.000000,3,85013159936.000000,10.194349|3.000000|0.000000|0.000000|0.000000,5
MOGP_GENERATIONAL,d26bbf4e-ef5e-11f0-9be8-6e001b3eef54,Boston,74,243,9.485033|3.000000|0.000000|0.000000|0.000000,0.05888700485229492,3.0,8.869534|3.000000|0.000000|0.000000|0.000000,9.485033|3.000000|0.000000|0.000000|0.000000,8.869534|3.000000|0.000000|0.000000|0.000000,3,70137004032.000000,10.194349|3.000000|0.000000|0.000000|0.000000,5
MOGP_GENERATIONAL,d26bbf4e-ef5e-11f0-9be8-6e001b3eef54,Boston,74,244,9.485033|3.000000|0.000000|0.000000|0.000000,0.05278801918029785,3.0,8.869534|3.000000|0.000000|0.000000|0.000000,9.485033|3.000000|0.000000|0.000000|0.000000,8.869534|3.000000|0.000000|0.000000|0.000000,3,49654661120.000000,10.194349|3.000000|0.000000|0.000000|0.000000,5
MOGP_GENERATIONAL,d26bbf4e-ef5e-11f0-9be8-6e001b3eef54,Boston,74,245,9.485033|3.000000|0.000000|0.000000|0.000000,0.05737495422363281,3.0,8.869534|3.000000|0.000000|0.000000|0.000000,9.485033|3.000000|0.000000|0.000000|0.000000,8.869534|3.000000|0.000000|0.000000|0.000000,3,78102134784.000000,10.194349|3.000000|0.000000|0.000000|0.000000,5
MOGP_GENERATIONAL,d26bbf4e-ef5e-11f0-9be8-6e001b3eef54,Boston,74,246,9.485033|3.000000|0.000000|0.000000|0.000000,0.051035165786743164,3.0,8.869534|3.000000|0.000000|0.000000|0.000000,9.485033|3.000000|0.000000|0.000000|0.000000,8.869534|3.000000|0.000000|0.000000|0.000000,3,88102887424.000000,10.194349|3.000000|0.000000|0.000000|0.000000,5
MOGP_GENERATIONAL,d26bbf4e-ef5e-11f0-9be8-6e001b3eef54,Boston,74,247,9.485033|3.000000|0.000000|0.000000|0.000000,0.06304216384887695,3.0,8.869534|3.000000|0.000000|0.000000|0.000000,9.485033|3.000000|0.000000|0.000000|0.000000,8.869534|3.000000|0.000000|0.000000|0.000000,3,91980324864.000000,10.194349|3.000000|0.000000|0.000000|0.000000,5
MOGP_GENERATIONAL,d26bbf4e-ef5e-11f0-9be8-6e001b3eef54,Boston,74,248,9.485033|3.000000|0.000000|0.000000|0.000000,0.058122873306274414,3.0,8.869534|3.000000|0.000000|0.000000|0.000000,9.485033|3.000000|0.000000|0.000000|0.000000,8.869534|3.000000|0.000000|0.000000|0.000000,3,86076366848.000000,10.194349|3.000000|0.000000|0.000000|0.000000,5
MOGP_GENERATIONAL,d26bbf4e-ef5e-11f0-9be8-6e001b3eef54,Boston,74,249,9.485033|3.000000|0.000000|0.000000|0.000000,0.059266090393066406,3.0,8.869534|3.000000|0.000000|0.000000|0.000000,8.146890|7.000000|1.000000|0.000000|0.000000,7.474372|7.000000|1.000000|0.000000|0.000000,7,109695270912.000000,10.194349|3.000000|0.000000|0.000000|0.000000,5
MOGP_GENERATIONAL,d26bbf4e-ef5e-11f0-9be8-6e001b3eef54,Boston,74,250,9.485033|3.000000|0.000000|0.000000|0.000000,0.05337810516357422,3.0,8.869534|3.000000|0.000000|0.000000|0.000000,9.485033|3.000000|0.000000|0.000000|0.000000,8.869534|3.000000|0.000000|0.000000|0.000000,3,25179439104.000000,10.194349|3.000000|0.000000|0.000000|0.000000,5
