MOGP_NSGAII,f009fa24-f018-11f0-b9e8-6e001b3eef54,Boston,74,0,19.879362|3.000000|0.000000,1.1681239604949951,3.0,19.595148|3.000000|0.000000,N/A,N/A,0,243726123008.000000,N/A,5
MOGP_NSGAII,f009fa24-f018-11f0-b9e8-6e001b3eef54,Boston,74,1,10.830136|3.000000|0.000000,4.529208183288574,3.0,10.361690|3.000000|0.000000,8.600306|3.000000|2.000000,8.032568|3.000000|2.000000,3,19505.310547,N/A,5
MOGP_NSGAII,f009fa24-f018-11f0-b9e8-6e001b3eef54,Boston,74,2,10.830136|3.000000|0.000000,4.459388256072998,3.0,10.361690|3.000000|0.000000,8.600306|3.000000|2.000000,8.032568|3.000000|2.000000,3,288487.750000,N/A,5
MOGP_NSGAII,f009fa24-f018-11f0-b9e8-6e001b3eef54,Boston,74,3,9.692871|3.000000|0.000000,4.41798996925354,3.0,9.141944|3.000000|0.000000,8.460498|5.000000|2.000000,9.546216|5.000000|2.000000,5,304844.906250,N/A,5
MOGP_NSGAII,f009fa24-f018-11f0-b9e8-6e001b3eef54,Boston,74,4,9.479940|3.000000|0.000000,4.4320969581604,3.0,8.919014|3.000000|0.000000,8.460498|5.000000|2.000000,9.546216|5.000000|2.000000,5,4.544305,N/A,5
MOGP_NSGAII,f009fa24-f018-11f0-b9e8-6e001b3eef54,Boston,74,5,9.466879|3.000000|0.000000,4.572792053222656,3.0,8.914588|3.000000|0.000000,8.460498|5.000000|2.000000,9.546216|5.000000|2.000000,5,1.877366,N/A,5
MOGP_NSGAII,f009fa24-f018-11f0-b9e8-6e001b3eef54,Boston,74,6,9.466879|3.000000|0.000000,4.663347959518433,3.0,8.914588|3.000000|0.000000,8.086712|3.000000|1.000000,7.625052|3.000000|1.000000,3,1.303629,N/A,5
MOGP_NSGAII,f009fa24-f018-11f0-b9e8-6e001b3eef54,Boston,74,7,9.466879|3.000000|0.000000,4.716532945632935,3.0,8.914588|3.000000|0.000000,8.086712|3.000000|1.000000,7.625052|3.000000|1.000000,3,0.884521,N/A,5
MOGP_NSGAII,f009fa24-f018-11f0-b9e8-6e001b3eef54,Boston,74,8,9.466879|3.000000|0.000000,4.64170503616333,3.0,8.914588|3.000000|0.000000,8.086712|3.000000|1.000000,7.625052|3.000000|1.000000,3,0.622886,N/A,5
MOGP_NSGAII,f009fa24-f018-11f0-b9e8-6e001b3eef54,Boston,74,9,9.466879|3.000000|0.000000,4.543037176132202,3.0,8.914588|3.000000|0.000000,8.067730|7.000000|2.000000,7.579619|7.000000|2.000000,7,0.616178,N/A,5
MOGP_NSGAII,f009fa24-f018-11f0-b9e8-6e001b3eef54,Boston,74,10,9.466879|3.000000|0.000000,4.62702202796936,3.0,8.914588|3.000000|0.000000,8.067730|7.000000|2.000000,7.579619|7.000000|2.000000,7,0.561583,N/A,5
MOGP_NSGAII,f009fa24-f018-11f0-b9e8-6e001b3eef54,Boston,74,11,9.466879|3.000000|0.000000,4.520349979400635,3.0,8.914588|3.000000|0.000000,8.067730|7.000000|2.000000,7.579619|7.000000|2.000000,7,0.593994,N/A,5
MOGP_NSGAII,f009fa24-f018-11f0-b9e8-6e001b3eef54,Boston,74,12,9.466879|3.000000|0.000000,4.802908182144165,3.0,8.914588|3.000000|0.000000,7.847497|7.000000|3.000000,7.374614|7.000000|3.000000,7,0.595512,N/A,5
MOGP_NSGAII,f009fa24-f018-11f0-b9e8-6e001b3eef54,Boston,74,13,9.466879|3.000000|0.000000,4.840229034423828,3.0,8.914588|3.000000|0.000000,7.847497|7.000000|3.000000,7.374614|7.000000|3.000000,7,0.650047,N/A,5
MOGP_NSGAII,f009fa24-f018-11f0-b9e8-6e001b3eef54,Boston,74,14,9.466879|3.000000|0.000000,4.685877084732056,3.0,8.914588|3.000000|0.000000,7.847497|7.000000|3.000000,7.374614|7.000000|3.000000,7,0.638156,N/A,5
MOGP_NSGAII,f009fa24-f018-11f0-b9e8-6e001b3eef54,Boston,74,15,9.466879|3.000000|0.000000,4.473181962966919,3.0,8.914588|3.000000|0.000000,7.847497|7.000000|3.000000,7.374614|7.000000|3.000000,7,0.608669,N/A,5
MOGP_NSGAII,f009fa24-f018-11f0-b9e8-6e001b3eef54,Boston,74,16,9.466879|3.000000|0.000000,4.490288972854614,3.0,8.914588|3.000000|0.000000,7.847497|7.000000|3.000000,7.374614|7.000000|3.000000,7,0.580719,N/A,5
MOGP_NSGAII,f009fa24-f018-11f0-b9e8-6e001b3eef54,Boston,74,17,9.466879|3.000000|0.000000,4.5544939041137695,3.0,8.914588|3.000000|0.000000,7.847497|7.000000|3.000000,7.374614|7.000000|3.000000,7,0.401814,N/A,5
MOGP_NSGAII,f009fa24-f018-11f0-b9e8-6e001b3eef54,Boston,74,18,9.466879|3.000000|0.000000,4.539973974227905,3.0,8.914588|3.000000|0.000000,7.847497|7.000000|3.000000,7.374614|7.000000|3.000000,7,0.393815,N/A,5
MOGP_NSGAII,f009fa24-f018-11f0-b9e8-6e001b3eef54,Boston,74,19,9.466879|3.000000|0.000000,4.844211101531982,3.0,8.914588|3.000000|0.000000,7.847497|7.000000|3.000000,7.374614|7.000000|3.000000,7,0.408207,N/A,5
MOGP_NSGAII,f009fa24-f018-11f0-b9e8-6e001b3eef54,Boston,74,20,9.466879|3.000000|0.000000,4.991487979888916,3.0,8.914588|3.000000|0.000000,7.847497|7.000000|3.000000,7.374614|7.000000|3.000000,7,0.422301,N/A,5
MOGP_NSGAII,f009fa24-f018-11f0-b9e8-6e001b3eef54,Boston,74,21,9.466879|3.000000|0.000000,5.427942991256714,3.0,8.914588|3.000000|0.000000,7.847497|7.000000|3.000000,7.374614|7.000000|3.000000,7,0.311689,N/A,5
MOGP_NSGAII,f009fa24-f018-11f0-b9e8-6e001b3eef54,Boston,74,22,9.466879|3.000000|0.000000,6.142400026321411,3.0,8.914588|3.000000|0.000000,7.847497|7.000000|3.000000,7.374614|7.000000|3.000000,7,0.166308,N/A,5
MOGP_NSGAII,f009fa24-f018-11f0-b9e8-6e001b3eef54,Boston,74,23,9.466879|3.000000|0.000000,8.131734848022461,3.0,8.914588|3.000000|0.000000,7.847497|7.000000|3.000000,7.374614|7.000000|3.000000,7,0.180367,N/A,5
MOGP_NSGAII,f009fa24-f018-11f0-b9e8-6e001b3eef54,Boston,74,24,9.466879|3.000000|0.000000,8.37766981124878,3.0,8.914588|3.000000|0.000000,7.847497|7.000000|3.000000,7.374614|7.000000|3.000000,7,0.180367,N/A,5
MOGP_NSGAII,f009fa24-f018-11f0-b9e8-6e001b3eef54,Boston,74,25,9.466879|3.000000|0.000000,8.394899845123291,3.0,8.914588|3.000000|0.000000,7.847497|7.000000|3.000000,7.374614|7.000000|3.000000,7,0.180367,N/A,5
MOGP_NSGAII,f009fa24-f018-11f0-b9e8-6e001b3eef54,Boston,74,26,9.466879|3.000000|0.000000,8.245893001556396,3.0,8.914588|3.000000|0.000000,7.847497|7.000000|3.000000,7.374614|7.000000|3.000000,7,0.180367,N/A,5
MOGP_NSGAII,f009fa24-f018-11f0-b9e8-6e001b3eef54,Boston,74,27,9.466879|3.000000|0.000000,8.145929098129272,3.0,8.914588|3.000000|0.000000,7.847497|7.000000|3.000000,7.374614|7.000000|3.000000,7,0.180367,N/A,5
MOGP_NSGAII,f009fa24-f018-11f0-b9e8-6e001b3eef54,Boston,74,28,9.466879|3.000000|0.000000,8.262022972106934,3.0,8.914588|3.000000|0.000000,7.847497|7.000000|3.000000,7.374614|7.000000|3.000000,7,0.180367,N/A,5
MOGP_NSGAII,f009fa24-f018-11f0-b9e8-6e001b3eef54,Boston,74,29,9.466879|3.000000|0.000000,8.447142839431763,3.0,8.914588|3.000000|0.000000,7.847497|7.000000|3.000000,7.374614|7.000000|3.000000,7,0.180367,N/A,5
MOGP_NSGAII,f009fa24-f018-11f0-b9e8-6e001b3eef54,Boston,74,30,9.466879|3.000000|0.000000,8.174849033355713,3.0,8.914588|3.000000|0.000000,7.847497|7.000000|3.000000,7.374614|7.000000|3.000000,7,0.180367,N/A,5
MOGP_NSGAII,f009fa24-f018-11f0-b9e8-6e001b3eef54,Boston,74,31,9.466879|3.000000|0.000000,8.593920946121216,3.0,8.914588|3.000000|0.000000,7.847497|7.000000|3.000000,7.374614|7.000000|3.000000,7,0.180367,N/A,5
MOGP_NSGAII,f009fa24-f018-11f0-b9e8-6e001b3eef54,Boston,74,32,9.466879|3.000000|0.000000,8.233089923858643,3.0,8.914588|3.000000|0.000000,7.847497|7.000000|3.000000,7.374614|7.000000|3.000000,7,0.180367,N/A,5
MOGP_NSGAII,f009fa24-f018-11f0-b9e8-6e001b3eef54,Boston,74,33,9.466879|3.000000|0.000000,8.158342123031616,3.0,8.914588|3.000000|0.000000,7.847497|7.000000|3.000000,7.374614|7.000000|3.000000,7,0.180367,N/A,5
MOGP_NSGAII,f009fa24-f018-11f0-b9e8-6e001b3eef54,Boston,74,34,9.466879|3.000000|0.000000,8.20734190940857,3.0,8.914588|3.000000|0.000000,7.847497|7.000000|3.000000,7.374614|7.000000|3.000000,7,0.180367,N/A,5
MOGP_NSGAII,f009fa24-f018-11f0-b9e8-6e001b3eef54,Boston,74,35,9.466879|3.000000|0.000000,8.017484188079834,3.0,8.914588|3.000000|0.000000,7.847497|7.000000|3.000000,7.374614|7.000000|3.000000,7,0.180367,N/A,5
MOGP_NSGAII,f009fa24-f018-11f0-b9e8-6e001b3eef54,Boston,74,36,9.466879|3.000000|0.000000,8.427144050598145,3.0,8.914588|3.000000|0.000000,7.847497|7.000000|3.000000,7.374614|7.000000|3.000000,7,0.180367,N/A,5
MOGP_NSGAII,f009fa24-f018-11f0-b9e8-6e001b3eef54,Boston,74,37,9.466879|3.000000|0.000000,7.999408960342407,3.0,8.914588|3.000000|0.000000,7.847497|7.000000|3.000000,7.374614|7.000000|3.000000,7,0.180367,N/A,5
MOGP_NSGAII,f009fa24-f018-11f0-b9e8-6e001b3eef54,Boston,74,38,9.466879|3.000000|0.000000,8.23691201210022,3.0,8.914588|3.000000|0.000000,7.847497|7.000000|3.000000,7.374614|7.000000|3.000000,7,0.180367,N/A,5
MOGP_NSGAII,f009fa24-f018-11f0-b9e8-6e001b3eef54,Boston,74,39,9.466879|3.000000|0.000000,8.102703094482422,3.0,8.914588|3.000000|0.000000,7.847497|7.000000|3.000000,7.374614|7.000000|3.000000,7,0.180367,N/A,5
MOGP_NSGAII,f009fa24-f018-11f0-b9e8-6e001b3eef54,Boston,74,40,9.466879|3.000000|0.000000,8.246939182281494,3.0,8.914588|3.000000|0.000000,7.847497|7.000000|3.000000,7.374614|7.000000|3.000000,7,0.195870,N/A,5
MOGP_NSGAII,f009fa24-f018-11f0-b9e8-6e001b3eef54,Boston,74,41,9.466879|3.000000|0.000000,8.134263753890991,3.0,8.914588|3.000000|0.000000,7.847497|7.000000|3.000000,7.374614|7.000000|3.000000,7,0.195870,N/A,5
MOGP_NSGAII,f009fa24-f018-11f0-b9e8-6e001b3eef54,Boston,74,42,9.466879|3.000000|0.000000,8.198061227798462,3.0,8.914588|3.000000|0.000000,7.847497|7.000000|3.000000,7.374614|7.000000|3.000000,7,0.195870,N/A,5
MOGP_NSGAII,f009fa24-f018-11f0-b9e8-6e001b3eef54,Boston,74,43,9.466879|3.000000|0.000000,8.164566040039062,3.0,8.914588|3.000000|0.000000,7.847497|7.000000|3.000000,7.374614|7.000000|3.000000,7,0.210162,N/A,5
MOGP_NSGAII,f009fa24-f018-11f0-b9e8-6e001b3eef54,Boston,74,44,9.466879|3.000000|0.000000,8.203374862670898,3.0,8.914588|3.000000|0.000000,7.847497|7.000000|3.000000,7.374614|7.000000|3.000000,7,0.210162,N/A,5
MOGP_NSGAII,f009fa24-f018-11f0-b9e8-6e001b3eef54,Boston,74,45,9.466879|3.000000|0.000000,8.443205118179321,3.0,8.914588|3.000000|0.000000,7.847497|7.000000|3.000000,7.374614|7.000000|3.000000,7,0.210162,N/A,5
MOGP_NSGAII,f009fa24-f018-11f0-b9e8-6e001b3eef54,Boston,74,46,9.466879|3.000000|0.000000,8.20214295387268,3.0,8.914588|3.000000|0.000000,7.847497|7.000000|3.000000,7.374614|7.000000|3.000000,7,0.210162,N/A,5
MOGP_NSGAII,f009fa24-f018-11f0-b9e8-6e001b3eef54,Boston,74,47,9.466879|3.000000|0.000000,8.203316926956177,3.0,8.914588|3.000000|0.000000,7.847497|7.000000|3.000000,7.374614|7.000000|3.000000,7,0.210162,N/A,5
MOGP_NSGAII,f009fa24-f018-11f0-b9e8-6e001b3eef54,Boston,74,48,9.466879|3.000000|0.000000,7.838632822036743,3.0,8.914588|3.000000|0.000000,7.847497|7.000000|3.000000,7.374614|7.000000|3.000000,7,0.210162,N/A,5
MOGP_NSGAII,f009fa24-f018-11f0-b9e8-6e001b3eef54,Boston,74,49,9.466879|3.000000|0.000000,7.9159228801727295,3.0,8.914588|3.000000|0.000000,7.847497|7.000000|3.000000,7.374614|7.000000|3.000000,7,0.210162,N/A,5
MOGP_NSGAII,f009fa24-f018-11f0-b9e8-6e001b3eef54,Boston,74,50,9.466879|3.000000|0.000000,8.349268913269043,3.0,8.914588|3.000000|0.000000,7.847497|7.000000|3.000000,7.374614|7.000000|3.000000,7,0.210162,N/A,5
MOGP_NSGAII,f009fa24-f018-11f0-b9e8-6e001b3eef54,Boston,74,51,9.466879|3.000000|0.000000,8.347005128860474,3.0,8.914588|3.000000|0.000000,7.847497|7.000000|3.000000,7.374614|7.000000|3.000000,7,0.210162,N/A,5
MOGP_NSGAII,f009fa24-f018-11f0-b9e8-6e001b3eef54,Boston,74,52,9.466879|3.000000|0.000000,10.286139965057373,3.0,8.914588|3.000000|0.000000,7.847497|7.000000|3.000000,7.374614|7.000000|3.000000,7,0.210162,N/A,5
MOGP_NSGAII,f009fa24-f018-11f0-b9e8-6e001b3eef54,Boston,74,53,9.466879|3.000000|0.000000,8.214790105819702,3.0,8.914588|3.000000|0.000000,7.847497|7.000000|3.000000,7.374614|7.000000|3.000000,7,0.210162,N/A,5
MOGP_NSGAII,f009fa24-f018-11f0-b9e8-6e001b3eef54,Boston,74,54,9.466879|3.000000|0.000000,8.586257934570312,3.0,8.914588|3.000000|0.000000,7.847497|7.000000|3.000000,7.374614|7.000000|3.000000,7,0.210162,N/A,5
MOGP_NSGAII,f009fa24-f018-11f0-b9e8-6e001b3eef54,Boston,74,55,9.466879|3.000000|0.000000,8.403136968612671,3.0,8.914588|3.000000|0.000000,7.847497|7.000000|3.000000,7.374614|7.000000|3.000000,7,0.210162,N/A,5
MOGP_NSGAII,f009fa24-f018-11f0-b9e8-6e001b3eef54,Boston,74,56,9.466879|3.000000|0.000000,8.282355070114136,3.0,8.914588|3.000000|0.000000,7.847497|7.000000|3.000000,7.374614|7.000000|3.000000,7,0.210162,N/A,5
MOGP_NSGAII,f009fa24-f018-11f0-b9e8-6e001b3eef54,Boston,74,57,9.466879|3.000000|0.000000,8.22089695930481,3.0,8.914588|3.000000|0.000000,7.847497|7.000000|3.000000,7.374614|7.000000|3.000000,7,0.210162,N/A,5
MOGP_NSGAII,f009fa24-f018-11f0-b9e8-6e001b3eef54,Boston,74,58,9.466879|3.000000|0.000000,8.332858085632324,3.0,8.914588|3.000000|0.000000,7.847497|7.000000|3.000000,7.374614|7.000000|3.000000,7,0.210162,N/A,5
MOGP_NSGAII,f009fa24-f018-11f0-b9e8-6e001b3eef54,Boston,74,59,9.466879|3.000000|0.000000,8.637571096420288,3.0,8.914588|3.000000|0.000000,7.847497|7.000000|3.000000,7.374614|7.000000|3.000000,7,0.210162,N/A,5
MOGP_NSGAII,f009fa24-f018-11f0-b9e8-6e001b3eef54,Boston,74,60,9.466879|3.000000|0.000000,8.426331996917725,3.0,8.914588|3.000000|0.000000,7.847497|7.000000|3.000000,7.374614|7.000000|3.000000,7,0.210162,N/A,5
MOGP_NSGAII,f009fa24-f018-11f0-b9e8-6e001b3eef54,Boston,74,61,9.466879|3.000000|0.000000,8.244635343551636,3.0,8.914588|3.000000|0.000000,7.847497|7.000000|3.000000,7.374614|7.000000|3.000000,7,0.210162,N/A,5
MOGP_NSGAII,f009fa24-f018-11f0-b9e8-6e001b3eef54,Boston,74,62,9.466879|3.000000|0.000000,8.215386867523193,3.0,8.914588|3.000000|0.000000,7.847497|7.000000|3.000000,7.374614|7.000000|3.000000,7,0.210162,N/A,5
MOGP_NSGAII,f009fa24-f018-11f0-b9e8-6e001b3eef54,Boston,74,63,9.466879|3.000000|0.000000,8.262235879898071,3.0,8.914588|3.000000|0.000000,7.847497|7.000000|3.000000,7.374614|7.000000|3.000000,7,0.210162,N/A,5
MOGP_NSGAII,f009fa24-f018-11f0-b9e8-6e001b3eef54,Boston,74,64,9.466879|3.000000|0.000000,7.856557130813599,3.0,8.914588|3.000000|0.000000,7.847497|7.000000|3.000000,7.374614|7.000000|3.000000,7,0.210162,N/A,5
MOGP_NSGAII,f009fa24-f018-11f0-b9e8-6e001b3eef54,Boston,74,65,9.466879|3.000000|0.000000,8.114969968795776,3.0,8.914588|3.000000|0.000000,7.847497|7.000000|3.000000,7.374614|7.000000|3.000000,7,0.210162,N/A,5
MOGP_NSGAII,f009fa24-f018-11f0-b9e8-6e001b3eef54,Boston,74,66,9.466879|3.000000|0.000000,7.829207181930542,3.0,8.914588|3.000000|0.000000,7.847497|7.000000|3.000000,7.374614|7.000000|3.000000,7,0.210162,N/A,5
MOGP_NSGAII,f009fa24-f018-11f0-b9e8-6e001b3eef54,Boston,74,67,9.466879|3.000000|0.000000,7.863048076629639,3.0,8.914588|3.000000|0.000000,7.847497|7.000000|3.000000,7.374614|7.000000|3.000000,7,0.210162,N/A,5
MOGP_NSGAII,f009fa24-f018-11f0-b9e8-6e001b3eef54,Boston,74,68,9.466879|3.000000|0.000000,8.401955842971802,3.0,8.914588|3.000000|0.000000,7.847497|7.000000|3.000000,7.374614|7.000000|3.000000,7,0.210162,N/A,5
MOGP_NSGAII,f009fa24-f018-11f0-b9e8-6e001b3eef54,Boston,74,69,9.466879|3.000000|0.000000,8.305085897445679,3.0,8.914588|3.000000|0.000000,7.847497|7.000000|3.000000,7.374614|7.000000|3.000000,7,0.210162,N/A,5
MOGP_NSGAII,f009fa24-f018-11f0-b9e8-6e001b3eef54,Boston,74,70,9.466879|3.000000|0.000000,8.230800867080688,3.0,8.914588|3.000000|0.000000,7.847497|7.000000|3.000000,7.374614|7.000000|3.000000,7,0.210162,N/A,5
MOGP_NSGAII,f009fa24-f018-11f0-b9e8-6e001b3eef54,Boston,74,71,9.466879|3.000000|0.000000,8.130449056625366,3.0,8.914588|3.000000|0.000000,7.847497|7.000000|3.000000,7.374614|7.000000|3.000000,7,0.210162,N/A,5
MOGP_NSGAII,f009fa24-f018-11f0-b9e8-6e001b3eef54,Boston,74,72,9.466879|3.000000|0.000000,8.461538791656494,3.0,8.914588|3.000000|0.000000,7.847497|7.000000|3.000000,7.374614|7.000000|3.000000,7,0.210162,N/A,5
MOGP_NSGAII,f009fa24-f018-11f0-b9e8-6e001b3eef54,Boston,74,73,9.466879|3.000000|0.000000,8.039455890655518,3.0,8.914588|3.000000|0.000000,7.847497|7.000000|3.000000,7.374614|7.000000|3.000000,7,0.210162,N/A,5
MOGP_NSGAII,f009fa24-f018-11f0-b9e8-6e001b3eef54,Boston,74,74,9.466879|3.000000|0.000000,8.290524005889893,3.0,8.914588|3.000000|0.000000,7.847497|7.000000|3.000000,7.374614|7.000000|3.000000,7,0.210162,N/A,5
MOGP_NSGAII,f009fa24-f018-11f0-b9e8-6e001b3eef54,Boston,74,75,9.466879|3.000000|0.000000,8.048837900161743,3.0,8.914588|3.000000|0.000000,7.847497|7.000000|3.000000,7.374614|7.000000|3.000000,7,0.210162,N/A,5
MOGP_NSGAII,f009fa24-f018-11f0-b9e8-6e001b3eef54,Boston,74,76,9.466879|3.000000|0.000000,8.541595935821533,3.0,8.914588|3.000000|0.000000,7.847497|7.000000|3.000000,7.374614|7.000000|3.000000,7,0.210162,N/A,5
MOGP_NSGAII,f009fa24-f018-11f0-b9e8-6e001b3eef54,Boston,74,77,9.466879|3.000000|0.000000,8.195252895355225,3.0,8.914588|3.000000|0.000000,7.847497|7.000000|3.000000,7.374614|7.000000|3.000000,7,0.210162,N/A,5
MOGP_NSGAII,f009fa24-f018-11f0-b9e8-6e001b3eef54,Boston,74,78,9.466879|3.000000|0.000000,7.918848037719727,3.0,8.914588|3.000000|0.000000,7.847497|7.000000|3.000000,7.374614|7.000000|3.000000,7,0.210162,N/A,5
MOGP_NSGAII,f009fa24-f018-11f0-b9e8-6e001b3eef54,Boston,74,79,9.466879|3.000000|0.000000,8.0261869430542,3.0,8.914588|3.000000|0.000000,7.847497|7.000000|3.000000,7.374614|7.000000|3.000000,7,0.210162,N/A,5
MOGP_NSGAII,f009fa24-f018-11f0-b9e8-6e001b3eef54,Boston,74,80,9.466879|3.000000|0.000000,7.96531081199646,3.0,8.914588|3.000000|0.000000,7.847497|7.000000|3.000000,7.374614|7.000000|3.000000,7,0.210162,N/A,5
MOGP_NSGAII,f009fa24-f018-11f0-b9e8-6e001b3eef54,Boston,74,81,9.466879|3.000000|0.000000,8.41968321800232,3.0,8.914588|3.000000|0.000000,7.847497|7.000000|3.000000,7.374614|7.000000|3.000000,7,0.210162,N/A,5
MOGP_NSGAII,f009fa24-f018-11f0-b9e8-6e001b3eef54,Boston,74,82,9.466879|3.000000|0.000000,8.1252601146698,3.0,8.914588|3.000000|0.000000,7.847497|7.000000|3.000000,7.374614|7.000000|3.000000,7,0.210162,N/A,5
MOGP_NSGAII,f009fa24-f018-11f0-b9e8-6e001b3eef54,Boston,74,83,9.466879|3.000000|0.000000,7.998108148574829,3.0,8.914588|3.000000|0.000000,7.847497|7.000000|3.000000,7.374614|7.000000|3.000000,7,0.210162,N/A,5
MOGP_NSGAII,f009fa24-f018-11f0-b9e8-6e001b3eef54,Boston,74,84,9.466879|3.000000|0.000000,8.34667706489563,3.0,8.914588|3.000000|0.000000,7.847497|7.000000|3.000000,7.374614|7.000000|3.000000,7,0.210162,N/A,5
MOGP_NSGAII,f009fa24-f018-11f0-b9e8-6e001b3eef54,Boston,74,85,9.466879|3.000000|0.000000,8.39334225654602,3.0,8.914588|3.000000|0.000000,7.847497|7.000000|3.000000,7.374614|7.000000|3.000000,7,0.210162,N/A,5
MOGP_NSGAII,f009fa24-f018-11f0-b9e8-6e001b3eef54,Boston,74,86,9.466879|3.000000|0.000000,7.9338929653167725,3.0,8.914588|3.000000|0.000000,7.847497|7.000000|3.000000,7.374614|7.000000|3.000000,7,0.210162,N/A,5
MOGP_NSGAII,f009fa24-f018-11f0-b9e8-6e001b3eef54,Boston,74,87,9.466879|3.000000|0.000000,8.454400062561035,3.0,8.914588|3.000000|0.000000,7.847497|7.000000|3.000000,7.374614|7.000000|3.000000,7,0.210162,N/A,5
MOGP_NSGAII,f009fa24-f018-11f0-b9e8-6e001b3eef54,Boston,74,88,9.466879|3.000000|0.000000,8.022226810455322,3.0,8.914588|3.000000|0.000000,7.847497|7.000000|3.000000,7.374614|7.000000|3.000000,7,0.210162,N/A,5
MOGP_NSGAII,f009fa24-f018-11f0-b9e8-6e001b3eef54,Boston,74,89,9.466879|3.000000|0.000000,8.33640193939209,3.0,8.914588|3.000000|0.000000,7.847497|7.000000|3.000000,7.374614|7.000000|3.000000,7,0.210162,N/A,5
MOGP_NSGAII,f009fa24-f018-11f0-b9e8-6e001b3eef54,Boston,74,90,9.466879|3.000000|0.000000,8.036472797393799,3.0,8.914588|3.000000|0.000000,7.847497|7.000000|3.000000,7.374614|7.000000|3.000000,7,0.210162,N/A,5
MOGP_NSGAII,f009fa24-f018-11f0-b9e8-6e001b3eef54,Boston,74,91,9.466879|3.000000|0.000000,8.041600942611694,3.0,8.914588|3.000000|0.000000,7.847497|7.000000|3.000000,7.374614|7.000000|3.000000,7,0.210162,N/A,5
MOGP_NSGAII,f009fa24-f018-11f0-b9e8-6e001b3eef54,Boston,74,92,9.466879|3.000000|0.000000,8.058109283447266,3.0,8.914588|3.000000|0.000000,7.847497|7.000000|3.000000,7.374614|7.000000|3.000000,7,0.210162,N/A,5
MOGP_NSGAII,f009fa24-f018-11f0-b9e8-6e001b3eef54,Boston,74,93,9.466879|3.000000|0.000000,8.277879238128662,3.0,8.914588|3.000000|0.000000,7.847497|7.000000|3.000000,7.374614|7.000000|3.000000,7,0.210162,N/A,5
MOGP_NSGAII,f009fa24-f018-11f0-b9e8-6e001b3eef54,Boston,74,94,9.466879|3.000000|0.000000,8.218149900436401,3.0,8.914588|3.000000|0.000000,7.847497|7.000000|3.000000,7.374614|7.000000|3.000000,7,0.210162,N/A,5
MOGP_NSGAII,f009fa24-f018-11f0-b9e8-6e001b3eef54,Boston,74,95,9.466879|3.000000|0.000000,8.138134956359863,3.0,8.914588|3.000000|0.000000,7.847497|7.000000|3.000000,7.374614|7.000000|3.000000,7,0.210162,N/A,5
MOGP_NSGAII,f009fa24-f018-11f0-b9e8-6e001b3eef54,Boston,74,96,9.466879|3.000000|0.000000,7.8994269371032715,3.0,8.914588|3.000000|0.000000,7.847497|7.000000|3.000000,7.374614|7.000000|3.000000,7,0.210162,N/A,5
MOGP_NSGAII,f009fa24-f018-11f0-b9e8-6e001b3eef54,Boston,74,97,9.466879|3.000000|0.000000,8.130473852157593,3.0,8.914588|3.000000|0.000000,7.847497|7.000000|3.000000,7.374614|7.000000|3.000000,7,0.210162,N/A,5
MOGP_NSGAII,f009fa24-f018-11f0-b9e8-6e001b3eef54,Boston,74,98,9.466879|3.000000|0.000000,7.987794876098633,3.0,8.914588|3.000000|0.000000,7.847497|7.000000|3.000000,7.374614|7.000000|3.000000,7,0.210162,N/A,5
MOGP_NSGAII,f009fa24-f018-11f0-b9e8-6e001b3eef54,Boston,74,99,9.466879|3.000000|0.000000,7.948824882507324,3.0,8.914588|3.000000|0.000000,7.847497|7.000000|3.000000,7.374614|7.000000|3.000000,7,0.210162,N/A,5
MOGP_NSGAII,f009fa24-f018-11f0-b9e8-6e001b3eef54,Boston,74,100,9.466879|3.000000|0.000000,8.12627100944519,3.0,8.914588|3.000000|0.000000,7.847497|7.000000|3.000000,7.374614|7.000000|3.000000,7,0.210162,N/A,5
MOGP_NSGAII,f009fa24-f018-11f0-b9e8-6e001b3eef54,Boston,74,101,9.466879|3.000000|0.000000,7.617264986038208,3.0,8.914588|3.000000|0.000000,7.847497|7.000000|3.000000,7.374614|7.000000|3.000000,7,0.210162,N/A,5
MOGP_NSGAII,f009fa24-f018-11f0-b9e8-6e001b3eef54,Boston,74,102,9.466879|3.000000|0.000000,8.251248121261597,3.0,8.914588|3.000000|0.000000,7.847497|7.000000|3.000000,7.374614|7.000000|3.000000,7,0.210162,N/A,5
MOGP_NSGAII,f009fa24-f018-11f0-b9e8-6e001b3eef54,Boston,74,103,9.466879|3.000000|0.000000,8.166499137878418,3.0,8.914588|3.000000|0.000000,7.847497|7.000000|3.000000,7.374614|7.000000|3.000000,7,0.210162,N/A,5
MOGP_NSGAII,f009fa24-f018-11f0-b9e8-6e001b3eef54,Boston,74,104,9.466879|3.000000|0.000000,8.332212924957275,3.0,8.914588|3.000000|0.000000,7.847497|7.000000|3.000000,7.374614|7.000000|3.000000,7,0.210162,N/A,5
MOGP_NSGAII,f009fa24-f018-11f0-b9e8-6e001b3eef54,Boston,74,105,9.466879|3.000000|0.000000,8.023730039596558,3.0,8.914588|3.000000|0.000000,7.847497|7.000000|3.000000,7.374614|7.000000|3.000000,7,0.210162,N/A,5
MOGP_NSGAII,f009fa24-f018-11f0-b9e8-6e001b3eef54,Boston,74,106,9.466879|3.000000|0.000000,8.020238161087036,3.0,8.914588|3.000000|0.000000,7.847497|7.000000|3.000000,7.374614|7.000000|3.000000,7,0.210162,N/A,5
MOGP_NSGAII,f009fa24-f018-11f0-b9e8-6e001b3eef54,Boston,74,107,9.466879|3.000000|0.000000,8.243648052215576,3.0,8.914588|3.000000|0.000000,7.847497|7.000000|3.000000,7.374614|7.000000|3.000000,7,0.210162,N/A,5
MOGP_NSGAII,f009fa24-f018-11f0-b9e8-6e001b3eef54,Boston,74,108,9.466879|3.000000|0.000000,8.208853006362915,3.0,8.914588|3.000000|0.000000,7.847497|7.000000|3.000000,7.374614|7.000000|3.000000,7,0.210162,N/A,5
MOGP_NSGAII,f009fa24-f018-11f0-b9e8-6e001b3eef54,Boston,74,109,9.466879|3.000000|0.000000,8.33552098274231,3.0,8.914588|3.000000|0.000000,7.847497|7.000000|3.000000,7.374614|7.000000|3.000000,7,0.210162,N/A,5
MOGP_NSGAII,f009fa24-f018-11f0-b9e8-6e001b3eef54,Boston,74,110,9.466879|3.000000|0.000000,8.124253273010254,3.0,8.914588|3.000000|0.000000,7.847497|7.000000|3.000000,7.374614|7.000000|3.000000,7,0.210162,N/A,5
MOGP_NSGAII,f009fa24-f018-11f0-b9e8-6e001b3eef54,Boston,74,111,9.466879|3.000000|0.000000,8.250716924667358,3.0,8.914588|3.000000|0.000000,7.847497|7.000000|3.000000,7.374614|7.000000|3.000000,7,0.210162,N/A,5
MOGP_NSGAII,f009fa24-f018-11f0-b9e8-6e001b3eef54,Boston,74,112,9.466879|3.000000|0.000000,8.608935117721558,3.0,8.914588|3.000000|0.000000,7.847497|7.000000|3.000000,7.374614|7.000000|3.000000,7,0.210162,N/A,5
MOGP_NSGAII,f009fa24-f018-11f0-b9e8-6e001b3eef54,Boston,74,113,9.466879|3.000000|0.000000,8.323549032211304,3.0,8.914588|3.000000|0.000000,7.847497|7.000000|3.000000,7.374614|7.000000|3.000000,7,0.210162,N/A,5
MOGP_NSGAII,f009fa24-f018-11f0-b9e8-6e001b3eef54,Boston,74,114,9.466879|3.000000|0.000000,8.06298017501831,3.0,8.914588|3.000000|0.000000,7.847497|7.000000|3.000000,7.374614|7.000000|3.000000,7,0.210162,N/A,5
MOGP_NSGAII,f009fa24-f018-11f0-b9e8-6e001b3eef54,Boston,74,115,9.466879|3.000000|0.000000,8.11820101737976,3.0,8.914588|3.000000|0.000000,7.847497|7.000000|3.000000,7.374614|7.000000|3.000000,7,0.210162,N/A,5
MOGP_NSGAII,f009fa24-f018-11f0-b9e8-6e001b3eef54,Boston,74,116,9.466879|3.000000|0.000000,8.416404962539673,3.0,8.914588|3.000000|0.000000,7.847497|7.000000|3.000000,7.374614|7.000000|3.000000,7,0.210162,N/A,5
MOGP_NSGAII,f009fa24-f018-11f0-b9e8-6e001b3eef54,Boston,74,117,9.466879|3.000000|0.000000,8.309258699417114,3.0,8.914588|3.000000|0.000000,7.847497|7.000000|3.000000,7.374614|7.000000|3.000000,7,0.210162,N/A,5
MOGP_NSGAII,f009fa24-f018-11f0-b9e8-6e001b3eef54,Boston,74,118,9.466879|3.000000|0.000000,8.00848937034607,3.0,8.914588|3.000000|0.000000,7.847497|7.000000|3.000000,7.374614|7.000000|3.000000,7,0.210162,N/A,5
MOGP_NSGAII,f009fa24-f018-11f0-b9e8-6e001b3eef54,Boston,74,119,9.466879|3.000000|0.000000,7.960768222808838,3.0,8.914588|3.000000|0.000000,7.847497|7.000000|3.000000,7.374614|7.000000|3.000000,7,0.210162,N/A,5
MOGP_NSGAII,f009fa24-f018-11f0-b9e8-6e001b3eef54,Boston,74,120,9.466879|3.000000|0.000000,8.234138250350952,3.0,8.914588|3.000000|0.000000,7.847497|7.000000|3.000000,7.374614|7.000000|3.000000,7,0.210162,N/A,5
MOGP_NSGAII,f009fa24-f018-11f0-b9e8-6e001b3eef54,Boston,74,121,9.466879|3.000000|0.000000,7.76985764503479,3.0,8.914588|3.000000|0.000000,7.847497|7.000000|3.000000,7.374614|7.000000|3.000000,7,0.210162,N/A,5
MOGP_NSGAII,f009fa24-f018-11f0-b9e8-6e001b3eef54,Boston,74,122,9.466879|3.000000|0.000000,8.162945985794067,3.0,8.914588|3.000000|0.000000,7.847497|7.000000|3.000000,7.374614|7.000000|3.000000,7,0.210162,N/A,5
MOGP_NSGAII,f009fa24-f018-11f0-b9e8-6e001b3eef54,Boston,74,123,9.466879|3.000000|0.000000,8.532521963119507,3.0,8.914588|3.000000|0.000000,7.847497|7.000000|3.000000,7.374614|7.000000|3.000000,7,0.210162,N/A,5
MOGP_NSGAII,f009fa24-f018-11f0-b9e8-6e001b3eef54,Boston,74,124,9.466879|3.000000|0.000000,8.195247888565063,3.0,8.914588|3.000000|0.000000,7.847497|7.000000|3.000000,7.374614|7.000000|3.000000,7,0.210162,N/A,5
MOGP_NSGAII,f009fa24-f018-11f0-b9e8-6e001b3eef54,Boston,74,125,9.466879|3.000000|0.000000,8.116245985031128,3.0,8.914588|3.000000|0.000000,7.847497|7.000000|3.000000,7.374614|7.000000|3.000000,7,0.210162,N/A,5
MOGP_NSGAII,f009fa24-f018-11f0-b9e8-6e001b3eef54,Boston,74,126,9.466879|3.000000|0.000000,8.235596895217896,3.0,8.914588|3.000000|0.000000,7.847497|7.000000|3.000000,7.374614|7.000000|3.000000,7,0.210162,N/A,5
MOGP_NSGAII,f009fa24-f018-11f0-b9e8-6e001b3eef54,Boston,74,127,9.466879|3.000000|0.000000,8.545104026794434,3.0,8.914588|3.000000|0.000000,7.847497|7.000000|3.000000,7.374614|7.000000|3.000000,7,0.210162,N/A,5
MOGP_NSGAII,f009fa24-f018-11f0-b9e8-6e001b3eef54,Boston,74,128,9.466879|3.000000|0.000000,7.965787172317505,3.0,8.914588|3.000000|0.000000,7.847497|7.000000|3.000000,7.374614|7.000000|3.000000,7,0.210162,N/A,5
MOGP_NSGAII,f009fa24-f018-11f0-b9e8-6e001b3eef54,Boston,74,129,9.466879|3.000000|0.000000,8.156653881072998,3.0,8.914588|3.000000|0.000000,7.847497|7.000000|3.000000,7.374614|7.000000|3.000000,7,0.210162,N/A,5
MOGP_NSGAII,f009fa24-f018-11f0-b9e8-6e001b3eef54,Boston,74,130,9.466879|3.000000|0.000000,8.196941137313843,3.0,8.914588|3.000000|0.000000,7.847497|7.000000|3.000000,7.374614|7.000000|3.000000,7,0.210162,N/A,5
MOGP_NSGAII,f009fa24-f018-11f0-b9e8-6e001b3eef54,Boston,74,131,9.466879|3.000000|0.000000,8.062228918075562,3.0,8.914588|3.000000|0.000000,7.847497|7.000000|3.000000,7.374614|7.000000|3.000000,7,0.210162,N/A,5
MOGP_NSGAII,f009fa24-f018-11f0-b9e8-6e001b3eef54,Boston,74,132,9.466879|3.000000|0.000000,8.189799308776855,3.0,8.914588|3.000000|0.000000,7.847497|7.000000|3.000000,7.374614|7.000000|3.000000,7,0.210162,N/A,5
MOGP_NSGAII,f009fa24-f018-11f0-b9e8-6e001b3eef54,Boston,74,133,9.466879|3.000000|0.000000,8.105520963668823,3.0,8.914588|3.000000|0.000000,7.847497|7.000000|3.000000,7.374614|7.000000|3.000000,7,0.210162,N/A,5
MOGP_NSGAII,f009fa24-f018-11f0-b9e8-6e001b3eef54,Boston,74,134,9.466879|3.000000|0.000000,8.048248767852783,3.0,8.914588|3.000000|0.000000,7.847497|7.000000|3.000000,7.374614|7.000000|3.000000,7,0.210162,N/A,5
MOGP_NSGAII,f009fa24-f018-11f0-b9e8-6e001b3eef54,Boston,74,135,9.466879|3.000000|0.000000,7.858579874038696,3.0,8.914588|3.000000|0.000000,7.847497|7.000000|3.000000,7.374614|7.000000|3.000000,7,0.210162,N/A,5
MOGP_NSGAII,f009fa24-f018-11f0-b9e8-6e001b3eef54,Boston,74,136,9.466879|3.000000|0.000000,8.327823162078857,3.0,8.914588|3.000000|0.000000,7.847497|7.000000|3.000000,7.374614|7.000000|3.000000,7,0.210162,N/A,5
MOGP_NSGAII,f009fa24-f018-11f0-b9e8-6e001b3eef54,Boston,74,137,9.466879|3.000000|0.000000,8.023425102233887,3.0,8.914588|3.000000|0.000000,7.847497|7.000000|3.000000,7.374614|7.000000|3.000000,7,0.210162,N/A,5
MOGP_NSGAII,f009fa24-f018-11f0-b9e8-6e001b3eef54,Boston,74,138,9.466879|3.000000|0.000000,8.204943180084229,3.0,8.914588|3.000000|0.000000,7.847497|7.000000|3.000000,7.374614|7.000000|3.000000,7,0.210162,N/A,5
MOGP_NSGAII,f009fa24-f018-11f0-b9e8-6e001b3eef54,Boston,74,139,9.466879|3.000000|0.000000,8.16929006576538,3.0,8.914588|3.000000|0.000000,7.847497|7.000000|3.000000,7.374614|7.000000|3.000000,7,0.210162,N/A,5
MOGP_NSGAII,f009fa24-f018-11f0-b9e8-6e001b3eef54,Boston,74,140,9.466879|3.000000|0.000000,8.084125995635986,3.0,8.914588|3.000000|0.000000,7.847497|7.000000|3.000000,7.374614|7.000000|3.000000,7,0.210162,N/A,5
MOGP_NSGAII,f009fa24-f018-11f0-b9e8-6e001b3eef54,Boston,74,141,9.466879|3.000000|0.000000,8.042046070098877,3.0,8.914588|3.000000|0.000000,7.847497|7.000000|3.000000,7.374614|7.000000|3.000000,7,0.210162,N/A,5
MOGP_NSGAII,f009fa24-f018-11f0-b9e8-6e001b3eef54,Boston,74,142,9.466879|3.000000|0.000000,8.076583862304688,3.0,8.914588|3.000000|0.000000,7.847497|7.000000|3.000000,7.374614|7.000000|3.000000,7,0.210162,N/A,5
MOGP_NSGAII,f009fa24-f018-11f0-b9e8-6e001b3eef54,Boston,74,143,9.466879|3.000000|0.000000,8.264036178588867,3.0,8.914588|3.000000|0.000000,7.847497|7.000000|3.000000,7.374614|7.000000|3.000000,7,0.210162,N/A,5
MOGP_NSGAII,f009fa24-f018-11f0-b9e8-6e001b3eef54,Boston,74,144,9.466879|3.000000|0.000000,8.102587938308716,3.0,8.914588|3.000000|0.000000,7.847497|7.000000|3.000000,7.374614|7.000000|3.000000,7,0.210162,N/A,5
MOGP_NSGAII,f009fa24-f018-11f0-b9e8-6e001b3eef54,Boston,74,145,9.466879|3.000000|0.000000,8.273789167404175,3.0,8.914588|3.000000|0.000000,7.847497|7.000000|3.000000,7.374614|7.000000|3.000000,7,0.210162,N/A,5
MOGP_NSGAII,f009fa24-f018-11f0-b9e8-6e001b3eef54,Boston,74,146,9.466879|3.000000|0.000000,8.073583126068115,3.0,8.914588|3.000000|0.000000,7.847497|7.000000|3.000000,7.374614|7.000000|3.000000,7,0.210162,N/A,5
MOGP_NSGAII,f009fa24-f018-11f0-b9e8-6e001b3eef54,Boston,74,147,9.466879|3.000000|0.000000,8.093080759048462,3.0,8.914588|3.000000|0.000000,7.847497|7.000000|3.000000,7.374614|7.000000|3.000000,7,0.210162,N/A,5
MOGP_NSGAII,f009fa24-f018-11f0-b9e8-6e001b3eef54,Boston,74,148,9.466879|3.000000|0.000000,7.92718505859375,3.0,8.914588|3.000000|0.000000,7.847497|7.000000|3.000000,7.374614|7.000000|3.000000,7,0.210162,N/A,5
MOGP_NSGAII,f009fa24-f018-11f0-b9e8-6e001b3eef54,Boston,74,149,9.466879|3.000000|0.000000,7.786638021469116,3.0,8.914588|3.000000|0.000000,7.847497|7.000000|3.000000,7.374614|7.000000|3.000000,7,0.210162,N/A,5
MOGP_NSGAII,f009fa24-f018-11f0-b9e8-6e001b3eef54,Boston,74,150,9.466879|3.000000|0.000000,8.12407112121582,3.0,8.914588|3.000000|0.000000,7.847497|7.000000|3.000000,7.374614|7.000000|3.000000,7,0.210162,N/A,5
MOGP_NSGAII,f009fa24-f018-11f0-b9e8-6e001b3eef54,Boston,74,151,9.466879|3.000000|0.000000,7.912705898284912,3.0,8.914588|3.000000|0.000000,7.847497|7.000000|3.000000,7.374614|7.000000|3.000000,7,0.210162,N/A,5
MOGP_NSGAII,f009fa24-f018-11f0-b9e8-6e001b3eef54,Boston,74,152,9.466879|3.000000|0.000000,8.188583850860596,3.0,8.914588|3.000000|0.000000,7.847497|7.000000|3.000000,7.374614|7.000000|3.000000,7,0.210162,N/A,5
MOGP_NSGAII,f009fa24-f018-11f0-b9e8-6e001b3eef54,Boston,74,153,9.466879|3.000000|0.000000,7.534397840499878,3.0,8.914588|3.000000|0.000000,7.847497|7.000000|3.000000,7.374614|7.000000|3.000000,7,0.210162,N/A,5
MOGP_NSGAII,f009fa24-f018-11f0-b9e8-6e001b3eef54,Boston,74,154,9.466879|3.000000|0.000000,8.144768714904785,3.0,8.914588|3.000000|0.000000,7.847497|7.000000|3.000000,7.374614|7.000000|3.000000,7,0.210162,N/A,5
MOGP_NSGAII,f009fa24-f018-11f0-b9e8-6e001b3eef54,Boston,74,155,9.466879|3.000000|0.000000,7.870032072067261,3.0,8.914588|3.000000|0.000000,7.847497|7.000000|3.000000,7.374614|7.000000|3.000000,7,0.210162,N/A,5
MOGP_NSGAII,f009fa24-f018-11f0-b9e8-6e001b3eef54,Boston,74,156,9.466879|3.000000|0.000000,8.122154951095581,3.0,8.914588|3.000000|0.000000,7.847497|7.000000|3.000000,7.374614|7.000000|3.000000,7,0.210162,N/A,5
MOGP_NSGAII,f009fa24-f018-11f0-b9e8-6e001b3eef54,Boston,74,157,9.466879|3.000000|0.000000,8.160990953445435,3.0,8.914588|3.000000|0.000000,7.847497|7.000000|3.000000,7.374614|7.000000|3.000000,7,0.210162,N/A,5
MOGP_NSGAII,f009fa24-f018-11f0-b9e8-6e001b3eef54,Boston,74,158,9.466879|3.000000|0.000000,7.903132200241089,3.0,8.914588|3.000000|0.000000,7.847497|7.000000|3.000000,7.374614|7.000000|3.000000,7,0.210162,N/A,5
MOGP_NSGAII,f009fa24-f018-11f0-b9e8-6e001b3eef54,Boston,74,159,9.466879|3.000000|0.000000,8.073364973068237,3.0,8.914588|3.000000|0.000000,7.847497|7.000000|3.000000,7.374614|7.000000|3.000000,7,0.210162,N/A,5
MOGP_NSGAII,f009fa24-f018-11f0-b9e8-6e001b3eef54,Boston,74,160,9.466879|3.000000|0.000000,8.203230857849121,3.0,8.914588|3.000000|0.000000,7.847497|7.000000|3.000000,7.374614|7.000000|3.000000,7,0.210162,N/A,5
MOGP_NSGAII,f009fa24-f018-11f0-b9e8-6e001b3eef54,Boston,74,161,9.466879|3.000000|0.000000,8.073978185653687,3.0,8.914588|3.000000|0.000000,7.847497|7.000000|3.000000,7.374614|7.000000|3.000000,7,0.210162,N/A,5
MOGP_NSGAII,f009fa24-f018-11f0-b9e8-6e001b3eef54,Boston,74,162,9.466879|3.000000|0.000000,7.890113115310669,3.0,8.914588|3.000000|0.000000,7.847497|7.000000|3.000000,7.374614|7.000000|3.000000,7,0.210162,N/A,5
MOGP_NSGAII,f009fa24-f018-11f0-b9e8-6e001b3eef54,Boston,74,163,9.466879|3.000000|0.000000,8.222429037094116,3.0,8.914588|3.000000|0.000000,7.847497|7.000000|3.000000,7.374614|7.000000|3.000000,7,0.210162,N/A,5
MOGP_NSGAII,f009fa24-f018-11f0-b9e8-6e001b3eef54,Boston,74,164,9.466879|3.000000|0.000000,8.27936315536499,3.0,8.914588|3.000000|0.000000,7.847497|7.000000|3.000000,7.374614|7.000000|3.000000,7,0.210162,N/A,5
MOGP_NSGAII,f009fa24-f018-11f0-b9e8-6e001b3eef54,Boston,74,165,9.466879|3.000000|0.000000,8.337135791778564,3.0,8.914588|3.000000|0.000000,7.847497|7.000000|3.000000,7.374614|7.000000|3.000000,7,0.210162,N/A,5
MOGP_NSGAII,f009fa24-f018-11f0-b9e8-6e001b3eef54,Boston,74,166,9.466879|3.000000|0.000000,8.29390287399292,3.0,8.914588|3.000000|0.000000,7.847497|7.000000|3.000000,7.374614|7.000000|3.000000,7,0.210162,N/A,5
MOGP_NSGAII,f009fa24-f018-11f0-b9e8-6e001b3eef54,Boston,74,167,9.466879|3.000000|0.000000,8.037495136260986,3.0,8.914588|3.000000|0.000000,7.847497|7.000000|3.000000,7.374614|7.000000|3.000000,7,0.210162,N/A,5
MOGP_NSGAII,f009fa24-f018-11f0-b9e8-6e001b3eef54,Boston,74,168,9.466879|3.000000|0.000000,7.774409055709839,3.0,8.914588|3.000000|0.000000,7.847497|7.000000|3.000000,7.374614|7.000000|3.000000,7,0.210162,N/A,5
MOGP_NSGAII,f009fa24-f018-11f0-b9e8-6e001b3eef54,Boston,74,169,9.466879|3.000000|0.000000,8.134026050567627,3.0,8.914588|3.000000|0.000000,7.847497|7.000000|3.000000,7.374614|7.000000|3.000000,7,0.210162,N/A,5
MOGP_NSGAII,f009fa24-f018-11f0-b9e8-6e001b3eef54,Boston,74,170,9.466879|3.000000|0.000000,7.807348966598511,3.0,8.914588|3.000000|0.000000,7.847497|7.000000|3.000000,7.374614|7.000000|3.000000,7,0.210162,N/A,5
MOGP_NSGAII,f009fa24-f018-11f0-b9e8-6e001b3eef54,Boston,74,171,9.466879|3.000000|0.000000,7.73972225189209,3.0,8.914588|3.000000|0.000000,7.847497|7.000000|3.000000,7.374614|7.000000|3.000000,7,0.210162,N/A,5
MOGP_NSGAII,f009fa24-f018-11f0-b9e8-6e001b3eef54,Boston,74,172,9.466879|3.000000|0.000000,7.69737696647644,3.0,8.914588|3.000000|0.000000,7.847497|7.000000|3.000000,7.374614|7.000000|3.000000,7,0.210162,N/A,5
MOGP_NSGAII,f009fa24-f018-11f0-b9e8-6e001b3eef54,Boston,74,173,9.466879|3.000000|0.000000,7.673817157745361,3.0,8.914588|3.000000|0.000000,7.263223|11.000000|3.000000,6.760020|11.000000|3.000000,11,0.236521,N/A,5
MOGP_NSGAII,f009fa24-f018-11f0-b9e8-6e001b3eef54,Boston,74,174,9.466879|3.000000|0.000000,7.880688905715942,3.0,8.914588|3.000000|0.000000,7.263223|11.000000|3.000000,6.760020|11.000000|3.000000,11,0.236521,N/A,5
MOGP_NSGAII,f009fa24-f018-11f0-b9e8-6e001b3eef54,Boston,74,175,9.466879|3.000000|0.000000,7.749898910522461,3.0,8.914588|3.000000|0.000000,7.263223|11.000000|3.000000,6.760020|11.000000|3.000000,11,0.236521,N/A,5
MOGP_NSGAII,f009fa24-f018-11f0-b9e8-6e001b3eef54,Boston,74,176,9.466879|3.000000|0.000000,7.72421669960022,3.0,8.914588|3.000000|0.000000,7.263223|11.000000|3.000000,6.760020|11.000000|3.000000,11,0.236521,N/A,5
MOGP_NSGAII,f009fa24-f018-11f0-b9e8-6e001b3eef54,Boston,74,177,9.466879|3.000000|0.000000,7.859969139099121,3.0,8.914588|3.000000|0.000000,7.263223|11.000000|3.000000,6.760020|11.000000|3.000000,11,0.236521,N/A,5
MOGP_NSGAII,f009fa24-f018-11f0-b9e8-6e001b3eef54,Boston,74,178,9.466879|3.000000|0.000000,7.830947160720825,3.0,8.914588|3.000000|0.000000,7.263223|11.000000|3.000000,6.760020|11.000000|3.000000,11,0.236521,N/A,5
MOGP_NSGAII,f009fa24-f018-11f0-b9e8-6e001b3eef54,Boston,74,179,9.466879|3.000000|0.000000,7.64149808883667,3.0,8.914588|3.000000|0.000000,7.263223|11.000000|3.000000,6.760020|11.000000|3.000000,11,0.236521,N/A,5
MOGP_NSGAII,f009fa24-f018-11f0-b9e8-6e001b3eef54,Boston,74,180,9.466879|3.000000|0.000000,7.986563205718994,3.0,8.914588|3.000000|0.000000,7.263223|11.000000|3.000000,6.760020|11.000000|3.000000,11,0.236521,N/A,5
MOGP_NSGAII,f009fa24-f018-11f0-b9e8-6e001b3eef54,Boston,74,181,9.466879|3.000000|0.000000,7.626149892807007,3.0,8.914588|3.000000|0.000000,7.263223|11.000000|3.000000,6.760020|11.000000|3.000000,11,0.236521,N/A,5
MOGP_NSGAII,f009fa24-f018-11f0-b9e8-6e001b3eef54,Boston,74,182,9.466879|3.000000|0.000000,7.658264875411987,3.0,8.914588|3.000000|0.000000,7.263223|11.000000|3.000000,6.760020|11.000000|3.000000,11,0.236521,N/A,5
MOGP_NSGAII,f009fa24-f018-11f0-b9e8-6e001b3eef54,Boston,74,183,9.466879|3.000000|0.000000,7.7298970222473145,3.0,8.914588|3.000000|0.000000,7.263223|11.000000|3.000000,6.760020|11.000000|3.000000,11,0.236521,N/A,5
MOGP_NSGAII,f009fa24-f018-11f0-b9e8-6e001b3eef54,Boston,74,184,9.466879|3.000000|0.000000,7.810791015625,3.0,8.914588|3.000000|0.000000,6.602340|9.000000|2.000000,6.765856|9.000000|2.000000,9,0.253366,N/A,5
MOGP_NSGAII,f009fa24-f018-11f0-b9e8-6e001b3eef54,Boston,74,185,9.466879|3.000000|0.000000,7.793503999710083,3.0,8.914588|3.000000|0.000000,6.602340|9.000000|2.000000,6.765856|9.000000|2.000000,9,0.253366,N/A,5
MOGP_NSGAII,f009fa24-f018-11f0-b9e8-6e001b3eef54,Boston,74,186,9.466879|3.000000|0.000000,7.779044151306152,3.0,8.914588|3.000000|0.000000,4.979671|9.000000|2.000000,4.866287|9.000000|2.000000,9,0.306098,N/A,5
MOGP_NSGAII,f009fa24-f018-11f0-b9e8-6e001b3eef54,Boston,74,187,9.466879|3.000000|0.000000,7.672723770141602,3.0,8.914588|3.000000|0.000000,4.979671|9.000000|2.000000,4.866287|9.000000|2.000000,9,0.378117,N/A,5
MOGP_NSGAII,f009fa24-f018-11f0-b9e8-6e001b3eef54,Boston,74,188,9.466879|3.000000|0.000000,7.7159600257873535,3.0,8.914588|3.000000|0.000000,4.979671|9.000000|2.000000,4.866287|9.000000|2.000000,9,0.378117,N/A,5
MOGP_NSGAII,f009fa24-f018-11f0-b9e8-6e001b3eef54,Boston,74,189,9.466879|3.000000|0.000000,7.5111448764801025,3.0,8.914588|3.000000|0.000000,4.979671|9.000000|2.000000,4.866287|9.000000|2.000000,9,0.378117,N/A,5
MOGP_NSGAII,f009fa24-f018-11f0-b9e8-6e001b3eef54,Boston,74,190,9.466879|3.000000|0.000000,7.605456829071045,3.0,8.914588|3.000000|0.000000,4.979671|9.000000|2.000000,4.866287|9.000000|2.000000,9,0.378117,N/A,5
MOGP_NSGAII,f009fa24-f018-11f0-b9e8-6e001b3eef54,Boston,74,191,9.466879|3.000000|0.000000,10.290523767471313,3.0,8.914588|3.000000|0.000000,4.979671|9.000000|2.000000,4.866287|9.000000|2.000000,9,0.378117,N/A,5
MOGP_NSGAII,f009fa24-f018-11f0-b9e8-6e001b3eef54,Boston,74,192,9.466879|3.000000|0.000000,7.847469091415405,3.0,8.914588|3.000000|0.000000,4.979671|9.000000|2.000000,4.866287|9.000000|2.000000,9,0.378117,N/A,5
MOGP_NSGAII,f009fa24-f018-11f0-b9e8-6e001b3eef54,Boston,74,193,9.466879|3.000000|0.000000,7.796152830123901,3.0,8.914588|3.000000|0.000000,4.979671|9.000000|2.000000,4.866287|9.000000|2.000000,9,0.378117,N/A,5
MOGP_NSGAII,f009fa24-f018-11f0-b9e8-6e001b3eef54,Boston,74,194,9.466879|3.000000|0.000000,8.008524179458618,3.0,8.914588|3.000000|0.000000,4.979671|9.000000|2.000000,4.866287|9.000000|2.000000,9,0.378117,N/A,5
MOGP_NSGAII,f009fa24-f018-11f0-b9e8-6e001b3eef54,Boston,74,195,9.466879|3.000000|0.000000,7.710424900054932,3.0,8.914588|3.000000|0.000000,4.979671|9.000000|2.000000,4.866287|9.000000|2.000000,9,0.378117,N/A,5
MOGP_NSGAII,f009fa24-f018-11f0-b9e8-6e001b3eef54,Boston,74,196,9.466879|3.000000|0.000000,7.616124868392944,3.0,8.914588|3.000000|0.000000,4.979671|9.000000|2.000000,4.866287|9.000000|2.000000,9,0.378117,N/A,5
MOGP_NSGAII,f009fa24-f018-11f0-b9e8-6e001b3eef54,Boston,74,197,9.466879|3.000000|0.000000,7.793830871582031,3.0,8.914588|3.000000|0.000000,4.979671|9.000000|2.000000,4.866287|9.000000|2.000000,9,0.378117,N/A,5
MOGP_NSGAII,f009fa24-f018-11f0-b9e8-6e001b3eef54,Boston,74,198,9.466879|3.000000|0.000000,7.753496170043945,3.0,8.914588|3.000000|0.000000,4.979671|9.000000|2.000000,4.866287|9.000000|2.000000,9,0.378117,N/A,5
MOGP_NSGAII,f009fa24-f018-11f0-b9e8-6e001b3eef54,Boston,74,199,9.466879|3.000000|0.000000,7.813476800918579,3.0,8.914588|3.000000|0.000000,4.979671|9.000000|2.000000,4.866287|9.000000|2.000000,9,0.378117,N/A,5
MOGP_NSGAII,f009fa24-f018-11f0-b9e8-6e001b3eef54,Boston,74,200,9.466879|3.000000|0.000000,7.720805883407593,3.0,8.914588|3.000000|0.000000,4.979671|9.000000|2.000000,4.866287|9.000000|2.000000,9,0.378117,N/A,5
MOGP_NSGAII,f009fa24-f018-11f0-b9e8-6e001b3eef54,Boston,74,201,9.466879|3.000000|0.000000,7.897088050842285,3.0,8.914588|3.000000|0.000000,4.979671|9.000000|2.000000,4.866287|9.000000|2.000000,9,0.378117,N/A,5
MOGP_NSGAII,f009fa24-f018-11f0-b9e8-6e001b3eef54,Boston,74,202,9.466879|3.000000|0.000000,7.636700868606567,3.0,8.914588|3.000000|0.000000,4.979671|9.000000|2.000000,4.866287|9.000000|2.000000,9,0.378117,N/A,5
MOGP_NSGAII,f009fa24-f018-11f0-b9e8-6e001b3eef54,Boston,74,203,9.466879|3.000000|0.000000,7.756333112716675,3.0,8.914588|3.000000|0.000000,4.979671|9.000000|2.000000,4.866287|9.000000|2.000000,9,0.378117,N/A,5
MOGP_NSGAII,f009fa24-f018-11f0-b9e8-6e001b3eef54,Boston,74,204,9.466879|3.000000|0.000000,7.696197986602783,3.0,8.914588|3.000000|0.000000,4.979671|9.000000|2.000000,4.866287|9.000000|2.000000,9,0.378117,N/A,5
MOGP_NSGAII,f009fa24-f018-11f0-b9e8-6e001b3eef54,Boston,74,205,9.466879|3.000000|0.000000,7.623952150344849,3.0,8.914588|3.000000|0.000000,4.979671|9.000000|2.000000,4.866287|9.000000|2.000000,9,0.378117,N/A,5
MOGP_NSGAII,f009fa24-f018-11f0-b9e8-6e001b3eef54,Boston,74,206,9.466879|3.000000|0.000000,7.784786939620972,3.0,8.914588|3.000000|0.000000,4.979671|9.000000|2.000000,4.866287|9.000000|2.000000,9,0.378117,N/A,5
MOGP_NSGAII,f009fa24-f018-11f0-b9e8-6e001b3eef54,Boston,74,207,9.466879|3.000000|0.000000,7.776844024658203,3.0,8.914588|3.000000|0.000000,4.979671|9.000000|2.000000,4.866287|9.000000|2.000000,9,0.378117,N/A,5
MOGP_NSGAII,f009fa24-f018-11f0-b9e8-6e001b3eef54,Boston,74,208,9.466879|3.000000|0.000000,7.913939952850342,3.0,8.914588|3.000000|0.000000,4.979671|9.000000|2.000000,4.866287|9.000000|2.000000,9,0.378117,N/A,5
MOGP_NSGAII,f009fa24-f018-11f0-b9e8-6e001b3eef54,Boston,74,209,9.466879|3.000000|0.000000,7.487307786941528,3.0,8.914588|3.000000|0.000000,4.979671|9.000000|2.000000,4.866287|9.000000|2.000000,9,0.378117,N/A,5
MOGP_NSGAII,f009fa24-f018-11f0-b9e8-6e001b3eef54,Boston,74,210,9.466879|3.000000|0.000000,7.399996995925903,3.0,8.914588|3.000000|0.000000,4.979671|9.000000|2.000000,4.866287|9.000000|2.000000,9,0.378117,N/A,5
MOGP_NSGAII,f009fa24-f018-11f0-b9e8-6e001b3eef54,Boston,74,211,9.466879|3.000000|0.000000,7.588438987731934,3.0,8.914588|3.000000|0.000000,4.979671|9.000000|2.000000,4.866287|9.000000|2.000000,9,0.378117,N/A,5
MOGP_NSGAII,f009fa24-f018-11f0-b9e8-6e001b3eef54,Boston,74,212,9.466879|3.000000|0.000000,7.6827452182769775,3.0,8.914588|3.000000|0.000000,4.979671|9.000000|2.000000,4.866287|9.000000|2.000000,9,0.378117,N/A,5
MOGP_NSGAII,f009fa24-f018-11f0-b9e8-6e001b3eef54,Boston,74,213,9.466879|3.000000|0.000000,7.765950918197632,3.0,8.914588|3.000000|0.000000,4.979671|9.000000|2.000000,4.866287|9.000000|2.000000,9,0.378117,N/A,5
MOGP_NSGAII,f009fa24-f018-11f0-b9e8-6e001b3eef54,Boston,74,214,9.466879|3.000000|0.000000,7.648683071136475,3.0,8.914588|3.000000|0.000000,4.979671|9.000000|2.000000,4.866287|9.000000|2.000000,9,0.378117,N/A,5
MOGP_NSGAII,f009fa24-f018-11f0-b9e8-6e001b3eef54,Boston,74,215,9.466879|3.000000|0.000000,7.7121241092681885,3.0,8.914588|3.000000|0.000000,4.979671|9.000000|2.000000,4.866287|9.000000|2.000000,9,0.378117,N/A,5
MOGP_NSGAII,f009fa24-f018-11f0-b9e8-6e001b3eef54,Boston,74,216,9.466879|3.000000|0.000000,7.737184047698975,3.0,8.914588|3.000000|0.000000,4.979671|9.000000|2.000000,4.866287|9.000000|2.000000,9,0.378117,N/A,5
MOGP_NSGAII,f009fa24-f018-11f0-b9e8-6e001b3eef54,Boston,74,217,9.466879|3.000000|0.000000,7.624237775802612,3.0,8.914588|3.000000|0.000000,4.979671|9.000000|2.000000,4.866287|9.000000|2.000000,9,0.357619,N/A,5
MOGP_NSGAII,f009fa24-f018-11f0-b9e8-6e001b3eef54,Boston,74,218,9.466879|3.000000|0.000000,7.923432111740112,3.0,8.914588|3.000000|0.000000,4.979671|9.000000|2.000000,4.866287|9.000000|2.000000,9,0.342187,N/A,5
MOGP_NSGAII,f009fa24-f018-11f0-b9e8-6e001b3eef54,Boston,74,219,9.466879|3.000000|0.000000,7.978442907333374,3.0,8.914588|3.000000|0.000000,4.979671|9.000000|2.000000,4.866287|9.000000|2.000000,9,0.342187,N/A,5
MOGP_NSGAII,f009fa24-f018-11f0-b9e8-6e001b3eef54,Boston,74,220,9.466879|3.000000|0.000000,7.752084970474243,3.0,8.914588|3.000000|0.000000,4.979671|9.000000|2.000000,4.866287|9.000000|2.000000,9,0.342187,N/A,5
MOGP_NSGAII,f009fa24-f018-11f0-b9e8-6e001b3eef54,Boston,74,221,9.466879|3.000000|0.000000,7.774994850158691,3.0,8.914588|3.000000|0.000000,4.979671|9.000000|2.000000,4.866287|9.000000|2.000000,9,0.342187,N/A,5
MOGP_NSGAII,f009fa24-f018-11f0-b9e8-6e001b3eef54,Boston,74,222,9.466879|3.000000|0.000000,8.117273807525635,3.0,8.914588|3.000000|0.000000,4.979671|9.000000|2.000000,4.866287|9.000000|2.000000,9,0.353247,N/A,5
MOGP_NSGAII,f009fa24-f018-11f0-b9e8-6e001b3eef54,Boston,74,223,9.466879|3.000000|0.000000,8.075047016143799,3.0,8.914588|3.000000|0.000000,4.979671|9.000000|2.000000,4.866287|9.000000|2.000000,9,0.353247,N/A,5
MOGP_NSGAII,f009fa24-f018-11f0-b9e8-6e001b3eef54,Boston,74,224,9.466879|3.000000|0.000000,7.775223016738892,3.0,8.914588|3.000000|0.000000,4.979671|9.000000|2.000000,4.866287|9.000000|2.000000,9,0.353247,N/A,5
MOGP_NSGAII,f009fa24-f018-11f0-b9e8-6e001b3eef54,Boston,74,225,9.466879|3.000000|0.000000,7.943821907043457,3.0,8.914588|3.000000|0.000000,4.979671|9.000000|2.000000,4.866287|9.000000|2.000000,9,0.353247,N/A,5
MOGP_NSGAII,f009fa24-f018-11f0-b9e8-6e001b3eef54,Boston,74,226,9.466879|3.000000|0.000000,7.890278100967407,3.0,8.914588|3.000000|0.000000,4.979671|9.000000|2.000000,4.866287|9.000000|2.000000,9,0.353247,N/A,5
MOGP_NSGAII,f009fa24-f018-11f0-b9e8-6e001b3eef54,Boston,74,227,9.466879|3.000000|0.000000,8.054211139678955,3.0,8.914588|3.000000|0.000000,4.979671|9.000000|2.000000,4.866287|9.000000|2.000000,9,0.353247,N/A,5
MOGP_NSGAII,f009fa24-f018-11f0-b9e8-6e001b3eef54,Boston,74,228,9.466879|3.000000|0.000000,8.055213928222656,3.0,8.914588|3.000000|0.000000,4.979671|9.000000|2.000000,4.866287|9.000000|2.000000,9,0.353247,N/A,5
MOGP_NSGAII,f009fa24-f018-11f0-b9e8-6e001b3eef54,Boston,74,229,9.466879|3.000000|0.000000,7.885744094848633,3.0,8.914588|3.000000|0.000000,4.979671|9.000000|2.000000,4.866287|9.000000|2.000000,9,0.353247,N/A,5
MOGP_NSGAII,f009fa24-f018-11f0-b9e8-6e001b3eef54,Boston,74,230,9.466879|3.000000|0.000000,7.74432110786438,3.0,8.914588|3.000000|0.000000,4.979671|9.000000|2.000000,4.866287|9.000000|2.000000,9,0.353247,N/A,5
MOGP_NSGAII,f009fa24-f018-11f0-b9e8-6e001b3eef54,Boston,74,231,9.466879|3.000000|0.000000,7.8310041427612305,3.0,8.914588|3.000000|0.000000,4.979671|9.000000|2.000000,4.866287|9.000000|2.000000,9,0.353247,N/A,5
MOGP_NSGAII,f009fa24-f018-11f0-b9e8-6e001b3eef54,Boston,74,232,9.466879|3.000000|0.000000,8.122466087341309,3.0,8.914588|3.000000|0.000000,4.979671|9.000000|2.000000,4.866287|9.000000|2.000000,9,0.353247,N/A,5
MOGP_NSGAII,f009fa24-f018-11f0-b9e8-6e001b3eef54,Boston,74,233,9.466879|3.000000|0.000000,7.894059181213379,3.0,8.914588|3.000000|0.000000,4.979671|9.000000|2.000000,4.866287|9.000000|2.000000,9,0.353247,N/A,5
MOGP_NSGAII,f009fa24-f018-11f0-b9e8-6e001b3eef54,Boston,74,234,9.466879|3.000000|0.000000,7.909850835800171,3.0,8.914588|3.000000|0.000000,4.979671|9.000000|2.000000,4.866287|9.000000|2.000000,9,0.353247,N/A,5
MOGP_NSGAII,f009fa24-f018-11f0-b9e8-6e001b3eef54,Boston,74,235,9.466879|3.000000|0.000000,7.887715816497803,3.0,8.914588|3.000000|0.000000,4.979671|9.000000|2.000000,4.866287|9.000000|2.000000,9,0.353247,N/A,5
MOGP_NSGAII,f009fa24-f018-11f0-b9e8-6e001b3eef54,Boston,74,236,9.466879|3.000000|0.000000,8.04000997543335,3.0,8.914588|3.000000|0.000000,4.979671|9.000000|2.000000,4.866287|9.000000|2.000000,9,0.353247,N/A,5
MOGP_NSGAII,f009fa24-f018-11f0-b9e8-6e001b3eef54,Boston,74,237,9.466879|3.000000|0.000000,7.765740633010864,3.0,8.914588|3.000000|0.000000,4.979671|9.000000|2.000000,4.866287|9.000000|2.000000,9,0.353247,N/A,5
MOGP_NSGAII,f009fa24-f018-11f0-b9e8-6e001b3eef54,Boston,74,238,9.466879|3.000000|0.000000,7.894557952880859,3.0,8.914588|3.000000|0.000000,4.979671|9.000000|2.000000,4.866287|9.000000|2.000000,9,0.353247,N/A,5
MOGP_NSGAII,f009fa24-f018-11f0-b9e8-6e001b3eef54,Boston,74,239,9.466879|3.000000|0.000000,8.03004789352417,3.0,8.914588|3.000000|0.000000,4.979671|9.000000|2.000000,4.866287|9.000000|2.000000,9,0.353247,N/A,5
MOGP_NSGAII,f009fa24-f018-11f0-b9e8-6e001b3eef54,Boston,74,240,9.466879|3.000000|0.000000,7.901324033737183,3.0,8.914588|3.000000|0.000000,4.979671|9.000000|2.000000,4.866287|9.000000|2.000000,9,0.353247,N/A,5
MOGP_NSGAII,f009fa24-f018-11f0-b9e8-6e001b3eef54,Boston,74,241,9.466879|3.000000|0.000000,8.124531030654907,3.0,8.914588|3.000000|0.000000,4.979671|9.000000|2.000000,4.866287|9.000000|2.000000,9,0.353247,N/A,5
MOGP_NSGAII,f009fa24-f018-11f0-b9e8-6e001b3eef54,Boston,74,242,9.466879|3.000000|0.000000,8.146031141281128,3.0,8.914588|3.000000|0.000000,4.979671|9.000000|2.000000,4.866287|9.000000|2.000000,9,0.353247,N/A,5
MOGP_NSGAII,f009fa24-f018-11f0-b9e8-6e001b3eef54,Boston,74,243,9.466879|3.000000|0.000000,8.022149085998535,3.0,8.914588|3.000000|0.000000,4.979671|9.000000|2.000000,4.866287|9.000000|2.000000,9,0.353247,N/A,5
MOGP_NSGAII,f009fa24-f018-11f0-b9e8-6e001b3eef54,Boston,74,244,9.466879|3.000000|0.000000,8.085755109786987,3.0,8.914588|3.000000|0.000000,4.979671|9.000000|2.000000,4.866287|9.000000|2.000000,9,0.353247,N/A,5
MOGP_NSGAII,f009fa24-f018-11f0-b9e8-6e001b3eef54,Boston,74,245,9.466879|3.000000|0.000000,7.986405849456787,3.0,8.914588|3.000000|0.000000,4.979671|9.000000|2.000000,4.866287|9.000000|2.000000,9,0.353247,N/A,5
MOGP_NSGAII,f009fa24-f018-11f0-b9e8-6e001b3eef54,Boston,74,246,9.466879|3.000000|0.000000,7.8411970138549805,3.0,8.914588|3.000000|0.000000,4.979671|9.000000|2.000000,4.866287|9.000000|2.000000,9,0.353247,N/A,5
MOGP_NSGAII,f009fa24-f018-11f0-b9e8-6e001b3eef54,Boston,74,247,9.466879|3.000000|0.000000,7.649615049362183,3.0,8.914588|3.000000|0.000000,4.979671|9.000000|2.000000,4.866287|9.000000|2.000000,9,0.353247,N/A,5
MOGP_NSGAII,f009fa24-f018-11f0-b9e8-6e001b3eef54,Boston,74,248,9.466879|3.000000|0.000000,7.920562982559204,3.0,8.914588|3.000000|0.000000,4.979671|9.000000|2.000000,4.866287|9.000000|2.000000,9,0.353247,N/A,5
MOGP_NSGAII,f009fa24-f018-11f0-b9e8-6e001b3eef54,Boston,74,249,9.466879|3.000000|0.000000,7.662300109863281,3.0,8.914588|3.000000|0.000000,4.979671|9.000000|2.000000,4.866287|9.000000|2.000000,9,0.353247,N/A,5
MOGP_NSGAII,f009fa24-f018-11f0-b9e8-6e001b3eef54,Boston,74,250,9.466879|3.000000|0.000000,7.963827848434448,3.0,8.914588|3.000000|0.000000,4.979671|9.000000|2.000000,4.866287|9.000000|2.000000,9,0.353247,N/A,5
