MOGP_GENERATIONAL,6268e4a8-f1a0-11f0-a51a-6e001b3eef54,Toxicity,74,0,2332.746826|15.000000,1.1121540069580078,15.0,1731.054932|15.000000,N/A,N/A,0,159356289024.000000,N/A,5
MOGP_GENERATIONAL,6268e4a8-f1a0-11f0-a51a-6e001b3eef54,Toxicity,74,1,2332.746826|15.000000,0.02350163459777832,15.0,1731.054932|15.000000,2332.746826|15.000000,1731.054932|15.000000,15,42215346176.000000,N/A,5
MOGP_GENERATIONAL,6268e4a8-f1a0-11f0-a51a-6e001b3eef54,Toxicity,74,2,2299.870850|3.000000,0.024364233016967773,3.0,1986.828003|3.000000,2299.870850|3.000000,1986.828003|3.000000,3,30098712576.000000,N/A,5
MOGP_GENERATIONAL,6268e4a8-f1a0-11f0-a51a-6e001b3eef54,Toxicity,74,3,2296.754150|3.000000,0.021424055099487305,3.0,2056.812256|3.000000,2296.754150|3.000000,2056.812256|3.000000,3,100271996928.000000,N/A,5
MOGP_GENERATIONAL,6268e4a8-f1a0-11f0-a51a-6e001b3eef54,Toxicity,74,4,2256.157715|3.000000,0.017687082290649414,3.0,1903.635376|3.000000,2256.157715|3.000000,1903.635376|3.000000,3,46983290880.000000,N/A,5
MOGP_GENERATIONAL,6268e4a8-f1a0-11f0-a51a-6e001b3eef54,Toxicity,74,5,2256.157715|3.000000,0.019747018814086914,3.0,1903.635376|3.000000,2256.157715|3.000000,1903.635376|3.000000,3,31657742336.000000,N/A,5
MOGP_GENERATIONAL,6268e4a8-f1a0-11f0-a51a-6e001b3eef54,Toxicity,74,6,2256.157715|3.000000,0.020137786865234375,3.0,1903.635376|3.000000,2256.157715|3.000000,1903.635376|3.000000,3,32800528384.000000,N/A,5
MOGP_GENERATIONAL,6268e4a8-f1a0-11f0-a51a-6e001b3eef54,Toxicity,74,7,2256.157715|3.000000,0.0204617977142334,3.0,1903.635376|3.000000,2256.157715|3.000000,1903.635376|3.000000,3,77982466048.000000,N/A,5
MOGP_GENERATIONAL,6268e4a8-f1a0-11f0-a51a-6e001b3eef54,Toxicity,74,8,2256.157715|3.000000,0.02665877342224121,3.0,1903.635376|3.000000,2256.157715|3.000000,1903.635376|3.000000,3,40432451584.000000,N/A,5
MOGP_GENERATIONAL,6268e4a8-f1a0-11f0-a51a-6e001b3eef54,Toxicity,74,9,2256.157715|3.000000,0.019402027130126953,3.0,1903.635376|3.000000,2256.157715|3.000000,1903.635376|3.000000,3,6874326016.000000,N/A,5
MOGP_GENERATIONAL,6268e4a8-f1a0-11f0-a51a-6e001b3eef54,Toxicity,74,10,2256.157715|3.000000,0.020291805267333984,3.0,1903.635376|3.000000,2256.157715|3.000000,1903.635376|3.000000,3,74788888576.000000,N/A,5
MOGP_GENERATIONAL,6268e4a8-f1a0-11f0-a51a-6e001b3eef54,Toxicity,74,11,2256.157715|3.000000,0.026751041412353516,3.0,1903.635376|3.000000,2256.157715|3.000000,1903.635376|3.000000,3,18351923200.000000,N/A,5
MOGP_GENERATIONAL,6268e4a8-f1a0-11f0-a51a-6e001b3eef54,Toxicity,74,12,2256.157715|3.000000,0.019025087356567383,3.0,1903.635376|3.000000,2256.157715|3.000000,1903.635376|3.000000,3,64098766848.000000,N/A,5
MOGP_GENERATIONAL,6268e4a8-f1a0-11f0-a51a-6e001b3eef54,Toxicity,74,13,2256.157715|3.000000,0.030974149703979492,3.0,1903.635376|3.000000,2256.157715|3.000000,1903.635376|3.000000,3,14055587840.000000,N/A,5
MOGP_GENERATIONAL,6268e4a8-f1a0-11f0-a51a-6e001b3eef54,Toxicity,74,14,2256.157715|3.000000,0.02356719970703125,3.0,1903.635376|3.000000,2256.157715|3.000000,1903.635376|3.000000,3,52588118016.000000,N/A,5
MOGP_GENERATIONAL,6268e4a8-f1a0-11f0-a51a-6e001b3eef54,Toxicity,74,15,2256.157715|3.000000,0.01993703842163086,3.0,1903.635376|3.000000,2256.157715|3.000000,1903.635376|3.000000,3,72804220928.000000,N/A,5
MOGP_GENERATIONAL,6268e4a8-f1a0-11f0-a51a-6e001b3eef54,Toxicity,74,16,2256.157715|3.000000,0.019431114196777344,3.0,1903.635376|3.000000,2256.157715|3.000000,1903.635376|3.000000,3,37068259328.000000,N/A,5
MOGP_GENERATIONAL,6268e4a8-f1a0-11f0-a51a-6e001b3eef54,Toxicity,74,17,2256.157715|3.000000,0.019787073135375977,3.0,1903.635376|3.000000,2256.157715|3.000000,1903.635376|3.000000,3,31776393216.000000,N/A,5
MOGP_GENERATIONAL,6268e4a8-f1a0-11f0-a51a-6e001b3eef54,Toxicity,74,18,2256.157715|3.000000,0.02672576904296875,3.0,1903.635376|3.000000,2256.157715|3.000000,1903.635376|3.000000,3,49923694592.000000,N/A,5
MOGP_GENERATIONAL,6268e4a8-f1a0-11f0-a51a-6e001b3eef54,Toxicity,74,19,2256.157715|3.000000,0.021394968032836914,3.0,1903.635376|3.000000,2256.157715|3.000000,1903.635376|3.000000,3,20421226496.000000,N/A,5
MOGP_GENERATIONAL,6268e4a8-f1a0-11f0-a51a-6e001b3eef54,Toxicity,74,20,2256.157715|3.000000,0.026082754135131836,3.0,1903.635376|3.000000,2256.157715|3.000000,1903.635376|3.000000,3,34525851648.000000,N/A,5
MOGP_GENERATIONAL,6268e4a8-f1a0-11f0-a51a-6e001b3eef54,Toxicity,74,21,2256.157715|3.000000,0.026945114135742188,3.0,1903.635376|3.000000,2256.157715|3.000000,1903.635376|3.000000,3,425447.562500,N/A,5
MOGP_GENERATIONAL,6268e4a8-f1a0-11f0-a51a-6e001b3eef54,Toxicity,74,22,2256.157715|3.000000,0.0207669734954834,3.0,1903.635376|3.000000,2256.157715|3.000000,1903.635376|3.000000,3,47935770624.000000,N/A,5
MOGP_GENERATIONAL,6268e4a8-f1a0-11f0-a51a-6e001b3eef54,Toxicity,74,23,2169.086670|7.000000,0.02628302574157715,7.0,1911.984741|7.000000,2169.086670|7.000000,1911.984741|7.000000,7,6774745088.000000,N/A,5
MOGP_GENERATIONAL,6268e4a8-f1a0-11f0-a51a-6e001b3eef54,Toxicity,74,24,2169.086670|7.000000,0.020092248916625977,7.0,1911.984741|7.000000,2169.086670|7.000000,1911.984741|7.000000,7,56033320960.000000,N/A,5
MOGP_GENERATIONAL,6268e4a8-f1a0-11f0-a51a-6e001b3eef54,Toxicity,74,25,2169.086670|7.000000,0.020378828048706055,7.0,1911.984741|7.000000,2169.086670|7.000000,1911.984741|7.000000,7,51991056384.000000,N/A,5
MOGP_GENERATIONAL,6268e4a8-f1a0-11f0-a51a-6e001b3eef54,Toxicity,74,26,2169.086670|7.000000,0.021304845809936523,7.0,1911.984741|7.000000,2169.086670|7.000000,1911.984741|7.000000,7,25612920832.000000,N/A,5
MOGP_GENERATIONAL,6268e4a8-f1a0-11f0-a51a-6e001b3eef54,Toxicity,74,27,2169.086670|7.000000,0.024904966354370117,7.0,1911.984741|7.000000,2169.086670|7.000000,1911.984741|7.000000,7,52046454784.000000,N/A,5
MOGP_GENERATIONAL,6268e4a8-f1a0-11f0-a51a-6e001b3eef54,Toxicity,74,28,2169.086670|7.000000,0.020804166793823242,7.0,1911.984741|7.000000,2169.086670|7.000000,1911.984741|7.000000,7,73949421568.000000,N/A,5
MOGP_GENERATIONAL,6268e4a8-f1a0-11f0-a51a-6e001b3eef54,Toxicity,74,29,2169.086670|7.000000,0.027568817138671875,7.0,1911.984741|7.000000,2169.086670|7.000000,1911.984741|7.000000,7,12982011904.000000,N/A,5
MOGP_GENERATIONAL,6268e4a8-f1a0-11f0-a51a-6e001b3eef54,Toxicity,74,30,2169.086670|7.000000,0.01887226104736328,7.0,1911.984741|7.000000,2169.086670|7.000000,1911.984741|7.000000,7,48451923968.000000,N/A,5
MOGP_GENERATIONAL,6268e4a8-f1a0-11f0-a51a-6e001b3eef54,Toxicity,74,31,2169.086670|7.000000,0.018830060958862305,7.0,1911.984741|7.000000,2169.086670|7.000000,1911.984741|7.000000,7,65331564.000000,N/A,5
MOGP_GENERATIONAL,6268e4a8-f1a0-11f0-a51a-6e001b3eef54,Toxicity,74,32,2169.086670|7.000000,0.026612043380737305,7.0,1911.984741|7.000000,2169.086670|7.000000,1911.984741|7.000000,7,30537766912.000000,N/A,5
MOGP_GENERATIONAL,6268e4a8-f1a0-11f0-a51a-6e001b3eef54,Toxicity,74,33,2169.086670|7.000000,0.019804000854492188,7.0,1911.984741|7.000000,2169.086670|7.000000,1911.984741|7.000000,7,58895863808.000000,N/A,5
MOGP_GENERATIONAL,6268e4a8-f1a0-11f0-a51a-6e001b3eef54,Toxicity,74,34,2169.086670|7.000000,0.04386711120605469,7.0,1911.984741|7.000000,2169.086670|7.000000,1911.984741|7.000000,7,49916211200.000000,N/A,5
MOGP_GENERATIONAL,6268e4a8-f1a0-11f0-a51a-6e001b3eef54,Toxicity,74,35,2169.086670|7.000000,0.019379854202270508,7.0,1911.984741|7.000000,2169.086670|7.000000,1911.984741|7.000000,7,12368943104.000000,N/A,5
MOGP_GENERATIONAL,6268e4a8-f1a0-11f0-a51a-6e001b3eef54,Toxicity,74,36,2169.086670|7.000000,0.019253969192504883,7.0,1911.984741|7.000000,2169.086670|7.000000,1911.984741|7.000000,7,64481366016.000000,N/A,5
MOGP_GENERATIONAL,6268e4a8-f1a0-11f0-a51a-6e001b3eef54,Toxicity,74,37,2169.086670|7.000000,0.03159594535827637,7.0,1911.984741|7.000000,2169.086670|7.000000,1911.984741|7.000000,7,58857431040.000000,N/A,5
MOGP_GENERATIONAL,6268e4a8-f1a0-11f0-a51a-6e001b3eef54,Toxicity,74,38,2169.086670|7.000000,0.017406940460205078,7.0,1911.984741|7.000000,2169.086670|7.000000,1911.984741|7.000000,7,1675415.125000,N/A,5
MOGP_GENERATIONAL,6268e4a8-f1a0-11f0-a51a-6e001b3eef54,Toxicity,74,39,2169.086670|7.000000,0.025613069534301758,7.0,1911.984741|7.000000,2169.086670|7.000000,1911.984741|7.000000,7,49972559872.000000,N/A,5
MOGP_GENERATIONAL,6268e4a8-f1a0-11f0-a51a-6e001b3eef54,Toxicity,74,40,2169.086670|7.000000,0.0266571044921875,7.0,1911.984741|7.000000,2169.086670|7.000000,1911.984741|7.000000,7,9848.355469,N/A,5
MOGP_GENERATIONAL,6268e4a8-f1a0-11f0-a51a-6e001b3eef54,Toxicity,74,41,2169.086670|7.000000,0.027257919311523438,7.0,1911.984741|7.000000,2169.086670|7.000000,1911.984741|7.000000,7,49784045568.000000,N/A,5
MOGP_GENERATIONAL,6268e4a8-f1a0-11f0-a51a-6e001b3eef54,Toxicity,74,42,2169.086670|7.000000,0.019945859909057617,7.0,1911.984741|7.000000,2169.086670|7.000000,1911.984741|7.000000,7,63806017536.000000,N/A,5
MOGP_GENERATIONAL,6268e4a8-f1a0-11f0-a51a-6e001b3eef54,Toxicity,74,43,2169.086670|7.000000,0.019238948822021484,7.0,1911.984741|7.000000,2169.086670|7.000000,1911.984741|7.000000,7,87251230720.000000,N/A,5
MOGP_GENERATIONAL,6268e4a8-f1a0-11f0-a51a-6e001b3eef54,Toxicity,74,44,2169.086670|7.000000,0.025058984756469727,7.0,1911.984741|7.000000,2169.086670|7.000000,1911.984741|7.000000,7,18884.718750,N/A,5
MOGP_GENERATIONAL,6268e4a8-f1a0-11f0-a51a-6e001b3eef54,Toxicity,74,45,2169.086670|7.000000,0.026754140853881836,7.0,1911.984741|7.000000,2169.086670|7.000000,1911.984741|7.000000,7,7885348352.000000,N/A,5
MOGP_GENERATIONAL,6268e4a8-f1a0-11f0-a51a-6e001b3eef54,Toxicity,74,46,2169.086670|7.000000,0.02628493309020996,7.0,1911.984741|7.000000,2169.086670|7.000000,1911.984741|7.000000,7,85077082112.000000,N/A,5
MOGP_GENERATIONAL,6268e4a8-f1a0-11f0-a51a-6e001b3eef54,Toxicity,74,47,2169.086670|7.000000,0.02749800682067871,7.0,1911.984741|7.000000,2169.086670|7.000000,1911.984741|7.000000,7,8746141696.000000,N/A,5
MOGP_GENERATIONAL,6268e4a8-f1a0-11f0-a51a-6e001b3eef54,Toxicity,74,48,2169.086670|7.000000,0.018329858779907227,7.0,1911.984741|7.000000,2169.086670|7.000000,1911.984741|7.000000,7,12003703808.000000,N/A,5
MOGP_GENERATIONAL,6268e4a8-f1a0-11f0-a51a-6e001b3eef54,Toxicity,74,49,2169.086670|7.000000,0.027459144592285156,7.0,1911.984741|7.000000,2169.086670|7.000000,1911.984741|7.000000,7,16476220416.000000,N/A,5
MOGP_GENERATIONAL,6268e4a8-f1a0-11f0-a51a-6e001b3eef54,Toxicity,74,50,2169.086670|7.000000,0.02591109275817871,7.0,1911.984741|7.000000,2169.086670|7.000000,1911.984741|7.000000,7,60345921536.000000,N/A,5
MOGP_GENERATIONAL,6268e4a8-f1a0-11f0-a51a-6e001b3eef54,Toxicity,74,51,2169.086670|7.000000,0.019929885864257812,7.0,1911.984741|7.000000,2169.086670|7.000000,1911.984741|7.000000,7,70325518336.000000,N/A,5
MOGP_GENERATIONAL,6268e4a8-f1a0-11f0-a51a-6e001b3eef54,Toxicity,74,52,2169.086670|7.000000,0.02550220489501953,7.0,1911.984741|7.000000,2169.086670|7.000000,1911.984741|7.000000,7,52979957760.000000,N/A,5
MOGP_GENERATIONAL,6268e4a8-f1a0-11f0-a51a-6e001b3eef54,Toxicity,74,53,2169.086670|7.000000,0.02087092399597168,7.0,1911.984741|7.000000,2169.086670|7.000000,1911.984741|7.000000,7,29440403456.000000,N/A,5
MOGP_GENERATIONAL,6268e4a8-f1a0-11f0-a51a-6e001b3eef54,Toxicity,74,54,2169.086670|7.000000,0.022696256637573242,7.0,1911.984741|7.000000,2169.086670|7.000000,1911.984741|7.000000,7,18284083200.000000,N/A,5
MOGP_GENERATIONAL,6268e4a8-f1a0-11f0-a51a-6e001b3eef54,Toxicity,74,55,2169.086670|7.000000,0.02706003189086914,7.0,1911.984741|7.000000,2169.086670|7.000000,1911.984741|7.000000,7,53434626048.000000,N/A,5
MOGP_GENERATIONAL,6268e4a8-f1a0-11f0-a51a-6e001b3eef54,Toxicity,74,56,2169.086670|7.000000,0.019123077392578125,7.0,1911.984741|7.000000,2169.086670|7.000000,1911.984741|7.000000,7,46004973568.000000,N/A,5
MOGP_GENERATIONAL,6268e4a8-f1a0-11f0-a51a-6e001b3eef54,Toxicity,74,57,2169.086670|7.000000,0.02771472930908203,7.0,1911.984741|7.000000,2169.086670|7.000000,1911.984741|7.000000,7,60298190848.000000,N/A,5
MOGP_GENERATIONAL,6268e4a8-f1a0-11f0-a51a-6e001b3eef54,Toxicity,74,58,2169.086670|7.000000,0.027838945388793945,7.0,1911.984741|7.000000,2169.086670|7.000000,1911.984741|7.000000,7,38977032192.000000,N/A,5
MOGP_GENERATIONAL,6268e4a8-f1a0-11f0-a51a-6e001b3eef54,Toxicity,74,59,2169.086670|7.000000,0.01895594596862793,7.0,1911.984741|7.000000,2169.086670|7.000000,1911.984741|7.000000,7,167541.796875,N/A,5
MOGP_GENERATIONAL,6268e4a8-f1a0-11f0-a51a-6e001b3eef54,Toxicity,74,60,2169.086670|7.000000,0.018520116806030273,7.0,1911.984741|7.000000,2169.086670|7.000000,1911.984741|7.000000,7,42925924352.000000,N/A,5
MOGP_GENERATIONAL,6268e4a8-f1a0-11f0-a51a-6e001b3eef54,Toxicity,74,61,2169.086670|7.000000,0.018498897552490234,7.0,1911.984741|7.000000,2169.086670|7.000000,1911.984741|7.000000,7,49784045568.000000,N/A,5
MOGP_GENERATIONAL,6268e4a8-f1a0-11f0-a51a-6e001b3eef54,Toxicity,74,62,2169.086670|7.000000,0.025748014450073242,7.0,1911.984741|7.000000,2169.086670|7.000000,1911.984741|7.000000,7,45607219200.000000,N/A,5
MOGP_GENERATIONAL,6268e4a8-f1a0-11f0-a51a-6e001b3eef54,Toxicity,74,63,2169.086670|7.000000,0.01976609230041504,7.0,1911.984741|7.000000,2169.086670|7.000000,1911.984741|7.000000,7,33606072320.000000,N/A,5
MOGP_GENERATIONAL,6268e4a8-f1a0-11f0-a51a-6e001b3eef54,Toxicity,74,64,2169.086670|7.000000,0.028057098388671875,7.0,1911.984741|7.000000,2169.086670|7.000000,1911.984741|7.000000,7,39186796544.000000,N/A,5
MOGP_GENERATIONAL,6268e4a8-f1a0-11f0-a51a-6e001b3eef54,Toxicity,74,65,2169.086670|7.000000,0.026732921600341797,7.0,1911.984741|7.000000,2169.086670|7.000000,1911.984741|7.000000,7,58542837760.000000,N/A,5
MOGP_GENERATIONAL,6268e4a8-f1a0-11f0-a51a-6e001b3eef54,Toxicity,74,66,2169.086670|7.000000,0.020015239715576172,7.0,1911.984741|7.000000,2169.086670|7.000000,1911.984741|7.000000,7,13988.663086,N/A,5
MOGP_GENERATIONAL,6268e4a8-f1a0-11f0-a51a-6e001b3eef54,Toxicity,74,67,2169.086670|7.000000,0.020671844482421875,7.0,1911.984741|7.000000,2169.086670|7.000000,1911.984741|7.000000,7,70618243072.000000,N/A,5
MOGP_GENERATIONAL,6268e4a8-f1a0-11f0-a51a-6e001b3eef54,Toxicity,74,68,2169.086670|7.000000,0.02353811264038086,7.0,1911.984741|7.000000,2169.086670|7.000000,1911.984741|7.000000,7,58267856896.000000,N/A,5
MOGP_GENERATIONAL,6268e4a8-f1a0-11f0-a51a-6e001b3eef54,Toxicity,74,69,2169.086670|7.000000,0.028692007064819336,7.0,1911.984741|7.000000,2169.086670|7.000000,1911.984741|7.000000,7,49784045568.000000,N/A,5
MOGP_GENERATIONAL,6268e4a8-f1a0-11f0-a51a-6e001b3eef54,Toxicity,74,70,2169.086670|7.000000,0.02669215202331543,7.0,1911.984741|7.000000,2169.086670|7.000000,1911.984741|7.000000,7,48543846400.000000,N/A,5
MOGP_GENERATIONAL,6268e4a8-f1a0-11f0-a51a-6e001b3eef54,Toxicity,74,71,2169.086670|7.000000,0.021435022354125977,7.0,1911.984741|7.000000,2169.086670|7.000000,1911.984741|7.000000,7,52292554752.000000,N/A,5
MOGP_GENERATIONAL,6268e4a8-f1a0-11f0-a51a-6e001b3eef54,Toxicity,74,72,2169.086670|7.000000,0.024920940399169922,7.0,1911.984741|7.000000,2169.086670|7.000000,1911.984741|7.000000,7,59950882816.000000,N/A,5
MOGP_GENERATIONAL,6268e4a8-f1a0-11f0-a51a-6e001b3eef54,Toxicity,74,73,2169.086670|7.000000,0.019768953323364258,7.0,1911.984741|7.000000,2169.086670|7.000000,1911.984741|7.000000,7,27894362112.000000,N/A,5
MOGP_GENERATIONAL,6268e4a8-f1a0-11f0-a51a-6e001b3eef54,Toxicity,74,74,2169.086670|7.000000,0.038758039474487305,7.0,1911.984741|7.000000,2169.086670|7.000000,1911.984741|7.000000,7,55002783744.000000,N/A,5
MOGP_GENERATIONAL,6268e4a8-f1a0-11f0-a51a-6e001b3eef54,Toxicity,74,75,2169.086670|7.000000,0.019901037216186523,7.0,1911.984741|7.000000,2169.086670|7.000000,1911.984741|7.000000,7,108392505344.000000,N/A,5
MOGP_GENERATIONAL,6268e4a8-f1a0-11f0-a51a-6e001b3eef54,Toxicity,74,76,2169.086670|7.000000,0.018024921417236328,7.0,1911.984741|7.000000,2169.086670|7.000000,1911.984741|7.000000,7,43504087040.000000,N/A,5
MOGP_GENERATIONAL,6268e4a8-f1a0-11f0-a51a-6e001b3eef54,Toxicity,74,77,2169.086670|7.000000,0.02685689926147461,7.0,1911.984741|7.000000,2169.086670|7.000000,1911.984741|7.000000,7,60846800896.000000,N/A,5
MOGP_GENERATIONAL,6268e4a8-f1a0-11f0-a51a-6e001b3eef54,Toxicity,74,78,2169.086670|7.000000,0.020274877548217773,7.0,1911.984741|7.000000,2169.086670|7.000000,1911.984741|7.000000,7,59309633536.000000,N/A,5
MOGP_GENERATIONAL,6268e4a8-f1a0-11f0-a51a-6e001b3eef54,Toxicity,74,79,2169.086670|7.000000,0.02480006217956543,7.0,1911.984741|7.000000,2169.086670|7.000000,1911.984741|7.000000,7,19161886720.000000,N/A,5
MOGP_GENERATIONAL,6268e4a8-f1a0-11f0-a51a-6e001b3eef54,Toxicity,74,80,2169.086670|7.000000,0.01918506622314453,7.0,1911.984741|7.000000,2169.086670|7.000000,1911.984741|7.000000,7,38217453568.000000,N/A,5
MOGP_GENERATIONAL,6268e4a8-f1a0-11f0-a51a-6e001b3eef54,Toxicity,74,81,2169.086670|7.000000,0.020343780517578125,7.0,1911.984741|7.000000,2169.086670|7.000000,1911.984741|7.000000,7,44407803904.000000,N/A,5
MOGP_GENERATIONAL,6268e4a8-f1a0-11f0-a51a-6e001b3eef54,Toxicity,74,82,2169.086670|7.000000,0.03841090202331543,7.0,1911.984741|7.000000,2169.086670|7.000000,1911.984741|7.000000,7,62749777920.000000,N/A,5
MOGP_GENERATIONAL,6268e4a8-f1a0-11f0-a51a-6e001b3eef54,Toxicity,74,83,2169.086670|7.000000,0.025436878204345703,7.0,1911.984741|7.000000,2169.086670|7.000000,1911.984741|7.000000,7,56287109120.000000,N/A,5
MOGP_GENERATIONAL,6268e4a8-f1a0-11f0-a51a-6e001b3eef54,Toxicity,74,84,2169.086670|7.000000,0.021118879318237305,7.0,1911.984741|7.000000,2169.086670|7.000000,1911.984741|7.000000,7,50524844032.000000,N/A,5
MOGP_GENERATIONAL,6268e4a8-f1a0-11f0-a51a-6e001b3eef54,Toxicity,74,85,2169.086670|7.000000,0.026426076889038086,7.0,1911.984741|7.000000,2169.086670|7.000000,1911.984741|7.000000,7,34863628288.000000,N/A,5
MOGP_GENERATIONAL,6268e4a8-f1a0-11f0-a51a-6e001b3eef54,Toxicity,74,86,2169.086670|7.000000,0.01912212371826172,7.0,1911.984741|7.000000,2169.086670|7.000000,1911.984741|7.000000,7,40724000768.000000,N/A,5
MOGP_GENERATIONAL,6268e4a8-f1a0-11f0-a51a-6e001b3eef54,Toxicity,74,87,2169.086670|7.000000,0.029019832611083984,7.0,1911.984741|7.000000,2169.086670|7.000000,1911.984741|7.000000,7,45633798144.000000,N/A,5
MOGP_GENERATIONAL,6268e4a8-f1a0-11f0-a51a-6e001b3eef54,Toxicity,74,88,2169.086670|7.000000,0.028383970260620117,7.0,1911.984741|7.000000,2169.086670|7.000000,1911.984741|7.000000,7,9210701824.000000,N/A,5
MOGP_GENERATIONAL,6268e4a8-f1a0-11f0-a51a-6e001b3eef54,Toxicity,74,89,2169.086670|7.000000,0.019101858139038086,7.0,1911.984741|7.000000,2169.086670|7.000000,1911.984741|7.000000,7,39287975936.000000,N/A,5
MOGP_GENERATIONAL,6268e4a8-f1a0-11f0-a51a-6e001b3eef54,Toxicity,74,90,2169.086670|7.000000,0.0238492488861084,7.0,1911.984741|7.000000,2169.086670|7.000000,1911.984741|7.000000,7,43222462464.000000,N/A,5
MOGP_GENERATIONAL,6268e4a8-f1a0-11f0-a51a-6e001b3eef54,Toxicity,74,91,2169.086670|7.000000,0.0203549861907959,7.0,1911.984741|7.000000,2169.086670|7.000000,1911.984741|7.000000,7,49166360576.000000,N/A,5
MOGP_GENERATIONAL,6268e4a8-f1a0-11f0-a51a-6e001b3eef54,Toxicity,74,92,2169.086670|7.000000,0.018628835678100586,7.0,1911.984741|7.000000,2169.086670|7.000000,1911.984741|7.000000,7,45278416896.000000,N/A,5
MOGP_GENERATIONAL,6268e4a8-f1a0-11f0-a51a-6e001b3eef54,Toxicity,74,93,2169.086670|7.000000,0.01997208595275879,7.0,1911.984741|7.000000,2169.086670|7.000000,1911.984741|7.000000,7,10405865472.000000,N/A,5
MOGP_GENERATIONAL,6268e4a8-f1a0-11f0-a51a-6e001b3eef54,Toxicity,74,94,2169.086670|7.000000,0.020370960235595703,7.0,1911.984741|7.000000,2169.086670|7.000000,1911.984741|7.000000,7,49425567744.000000,N/A,5
MOGP_GENERATIONAL,6268e4a8-f1a0-11f0-a51a-6e001b3eef54,Toxicity,74,95,2169.086670|7.000000,0.02163410186767578,7.0,1911.984741|7.000000,2169.086670|7.000000,1911.984741|7.000000,7,20602050560.000000,N/A,5
MOGP_GENERATIONAL,6268e4a8-f1a0-11f0-a51a-6e001b3eef54,Toxicity,74,96,2169.086670|7.000000,0.08328819274902344,7.0,1911.984741|7.000000,2169.086670|7.000000,1911.984741|7.000000,7,32267108352.000000,N/A,5
MOGP_GENERATIONAL,6268e4a8-f1a0-11f0-a51a-6e001b3eef54,Toxicity,74,97,2169.086670|7.000000,0.019564151763916016,7.0,1911.984741|7.000000,2169.086670|7.000000,1911.984741|7.000000,7,34305234944.000000,N/A,5
MOGP_GENERATIONAL,6268e4a8-f1a0-11f0-a51a-6e001b3eef54,Toxicity,74,98,2169.086670|7.000000,0.019194841384887695,7.0,1911.984741|7.000000,2169.086670|7.000000,1911.984741|7.000000,7,299464.718750,N/A,5
MOGP_GENERATIONAL,6268e4a8-f1a0-11f0-a51a-6e001b3eef54,Toxicity,74,99,2169.086670|7.000000,0.02742910385131836,7.0,1911.984741|7.000000,2169.086670|7.000000,1911.984741|7.000000,7,5531549184.000000,N/A,5
MOGP_GENERATIONAL,6268e4a8-f1a0-11f0-a51a-6e001b3eef54,Toxicity,74,100,2169.086670|7.000000,0.019256114959716797,7.0,1911.984741|7.000000,2169.086670|7.000000,1911.984741|7.000000,7,6774743040.000000,N/A,5
MOGP_GENERATIONAL,6268e4a8-f1a0-11f0-a51a-6e001b3eef54,Toxicity,74,101,2169.086670|7.000000,0.018958091735839844,7.0,1911.984741|7.000000,2169.086670|7.000000,1911.984741|7.000000,7,42408493056.000000,N/A,5
MOGP_GENERATIONAL,6268e4a8-f1a0-11f0-a51a-6e001b3eef54,Toxicity,74,102,2169.086670|7.000000,0.026510000228881836,7.0,1911.984741|7.000000,2169.086670|7.000000,1911.984741|7.000000,7,35798646784.000000,N/A,5
MOGP_GENERATIONAL,6268e4a8-f1a0-11f0-a51a-6e001b3eef54,Toxicity,74,103,2169.086670|7.000000,0.027098894119262695,7.0,1911.984741|7.000000,2169.086670|7.000000,1911.984741|7.000000,7,59126345728.000000,N/A,5
MOGP_GENERATIONAL,6268e4a8-f1a0-11f0-a51a-6e001b3eef54,Toxicity,74,104,2169.086670|7.000000,0.028892993927001953,7.0,1911.984741|7.000000,2169.086670|7.000000,1911.984741|7.000000,7,64881295360.000000,N/A,5
MOGP_GENERATIONAL,6268e4a8-f1a0-11f0-a51a-6e001b3eef54,Toxicity,74,105,2169.086670|7.000000,0.0193331241607666,7.0,1911.984741|7.000000,2169.086670|7.000000,1911.984741|7.000000,7,70425427968.000000,N/A,5
MOGP_GENERATIONAL,6268e4a8-f1a0-11f0-a51a-6e001b3eef54,Toxicity,74,106,2169.086670|7.000000,0.026839733123779297,7.0,1911.984741|7.000000,2169.086670|7.000000,1911.984741|7.000000,7,44375674880.000000,N/A,5
MOGP_GENERATIONAL,6268e4a8-f1a0-11f0-a51a-6e001b3eef54,Toxicity,74,107,2169.086670|7.000000,0.020016908645629883,7.0,1911.984741|7.000000,2169.086670|7.000000,1911.984741|7.000000,7,32500881408.000000,N/A,5
MOGP_GENERATIONAL,6268e4a8-f1a0-11f0-a51a-6e001b3eef54,Toxicity,74,108,2169.086670|7.000000,0.019564151763916016,7.0,1911.984741|7.000000,2169.086670|7.000000,1911.984741|7.000000,7,104104607744.000000,N/A,5
MOGP_GENERATIONAL,6268e4a8-f1a0-11f0-a51a-6e001b3eef54,Toxicity,74,109,2169.086670|7.000000,0.021834135055541992,7.0,1911.984741|7.000000,2169.086670|7.000000,1911.984741|7.000000,7,72533393408.000000,N/A,5
MOGP_GENERATIONAL,6268e4a8-f1a0-11f0-a51a-6e001b3eef54,Toxicity,74,110,2169.086670|7.000000,0.019878864288330078,7.0,1911.984741|7.000000,2169.086670|7.000000,1911.984741|7.000000,7,56673923072.000000,N/A,5
MOGP_GENERATIONAL,6268e4a8-f1a0-11f0-a51a-6e001b3eef54,Toxicity,74,111,2169.086670|7.000000,0.0333249568939209,7.0,1911.984741|7.000000,2169.086670|7.000000,1911.984741|7.000000,7,42453733376.000000,N/A,5
MOGP_GENERATIONAL,6268e4a8-f1a0-11f0-a51a-6e001b3eef54,Toxicity,74,112,2169.086670|7.000000,0.028423070907592773,7.0,1911.984741|7.000000,2169.086670|7.000000,1911.984741|7.000000,7,30502795264.000000,N/A,5
MOGP_GENERATIONAL,6268e4a8-f1a0-11f0-a51a-6e001b3eef54,Toxicity,74,113,2169.086670|7.000000,0.02657294273376465,7.0,1911.984741|7.000000,2169.086670|7.000000,1911.984741|7.000000,7,31944976384.000000,N/A,5
MOGP_GENERATIONAL,6268e4a8-f1a0-11f0-a51a-6e001b3eef54,Toxicity,74,114,2169.086670|7.000000,0.02636122703552246,7.0,1911.984741|7.000000,2169.086670|7.000000,1911.984741|7.000000,7,55397093376.000000,N/A,5
MOGP_GENERATIONAL,6268e4a8-f1a0-11f0-a51a-6e001b3eef54,Toxicity,74,115,2169.086670|7.000000,0.019464969635009766,7.0,1911.984741|7.000000,2169.086670|7.000000,1911.984741|7.000000,7,7681645.500000,N/A,5
MOGP_GENERATIONAL,6268e4a8-f1a0-11f0-a51a-6e001b3eef54,Toxicity,74,116,2169.086670|7.000000,0.020076990127563477,7.0,1911.984741|7.000000,2169.086670|7.000000,1911.984741|7.000000,7,27423512576.000000,N/A,5
MOGP_GENERATIONAL,6268e4a8-f1a0-11f0-a51a-6e001b3eef54,Toxicity,74,117,2169.086670|7.000000,0.020053386688232422,7.0,1911.984741|7.000000,2169.086670|7.000000,1911.984741|7.000000,7,48696578048.000000,N/A,5
MOGP_GENERATIONAL,6268e4a8-f1a0-11f0-a51a-6e001b3eef54,Toxicity,74,118,2169.086670|7.000000,0.019464969635009766,7.0,1911.984741|7.000000,2169.086670|7.000000,1911.984741|7.000000,7,23793377280.000000,N/A,5
MOGP_GENERATIONAL,6268e4a8-f1a0-11f0-a51a-6e001b3eef54,Toxicity,74,119,2169.086670|7.000000,0.01958179473876953,7.0,1911.984741|7.000000,2169.086670|7.000000,1911.984741|7.000000,7,53916635136.000000,N/A,5
MOGP_GENERATIONAL,6268e4a8-f1a0-11f0-a51a-6e001b3eef54,Toxicity,74,120,2169.086670|7.000000,0.018520832061767578,7.0,1911.984741|7.000000,2169.086670|7.000000,1911.984741|7.000000,7,6029861.500000,N/A,5
MOGP_GENERATIONAL,6268e4a8-f1a0-11f0-a51a-6e001b3eef54,Toxicity,74,121,2169.086670|7.000000,0.027221202850341797,7.0,1911.984741|7.000000,2169.086670|7.000000,1911.984741|7.000000,7,28325720064.000000,N/A,5
MOGP_GENERATIONAL,6268e4a8-f1a0-11f0-a51a-6e001b3eef54,Toxicity,74,122,2169.086670|7.000000,0.024358034133911133,7.0,1911.984741|7.000000,2169.086670|7.000000,1911.984741|7.000000,7,65629962240.000000,N/A,5
MOGP_GENERATIONAL,6268e4a8-f1a0-11f0-a51a-6e001b3eef54,Toxicity,74,123,2169.086670|7.000000,0.019371986389160156,7.0,1911.984741|7.000000,2169.086670|7.000000,1911.984741|7.000000,7,6795172352.000000,N/A,5
MOGP_GENERATIONAL,6268e4a8-f1a0-11f0-a51a-6e001b3eef54,Toxicity,74,124,2169.086670|7.000000,0.019245147705078125,7.0,1911.984741|7.000000,2169.086670|7.000000,1911.984741|7.000000,7,69716533248.000000,N/A,5
MOGP_GENERATIONAL,6268e4a8-f1a0-11f0-a51a-6e001b3eef54,Toxicity,74,125,2169.086670|7.000000,0.0270998477935791,7.0,1911.984741|7.000000,2169.086670|7.000000,1911.984741|7.000000,7,69662998528.000000,N/A,5
MOGP_GENERATIONAL,6268e4a8-f1a0-11f0-a51a-6e001b3eef54,Toxicity,74,126,2169.086670|7.000000,0.019053220748901367,7.0,1911.984741|7.000000,2169.086670|7.000000,1911.984741|7.000000,7,38633496576.000000,N/A,5
MOGP_GENERATIONAL,6268e4a8-f1a0-11f0-a51a-6e001b3eef54,Toxicity,74,127,2169.086670|7.000000,0.026268959045410156,7.0,1911.984741|7.000000,2169.086670|7.000000,1911.984741|7.000000,7,3920784896.000000,N/A,5
MOGP_GENERATIONAL,6268e4a8-f1a0-11f0-a51a-6e001b3eef54,Toxicity,74,128,2169.086670|7.000000,0.019376754760742188,7.0,1911.984741|7.000000,2169.086670|7.000000,1911.984741|7.000000,7,47308894208.000000,N/A,5
MOGP_GENERATIONAL,6268e4a8-f1a0-11f0-a51a-6e001b3eef54,Toxicity,74,129,2169.086670|7.000000,0.022136211395263672,7.0,1911.984741|7.000000,2169.086670|7.000000,1911.984741|7.000000,7,60703596544.000000,N/A,5
MOGP_GENERATIONAL,6268e4a8-f1a0-11f0-a51a-6e001b3eef54,Toxicity,74,130,2169.086670|7.000000,0.021506786346435547,7.0,1911.984741|7.000000,2169.086670|7.000000,1911.984741|7.000000,7,15653319680.000000,N/A,5
MOGP_GENERATIONAL,6268e4a8-f1a0-11f0-a51a-6e001b3eef54,Toxicity,74,131,2169.086670|7.000000,0.019754886627197266,7.0,1911.984741|7.000000,2169.086670|7.000000,1911.984741|7.000000,7,9581005824.000000,N/A,5
MOGP_GENERATIONAL,6268e4a8-f1a0-11f0-a51a-6e001b3eef54,Toxicity,74,132,2169.086670|7.000000,0.02087712287902832,7.0,1911.984741|7.000000,2169.086670|7.000000,1911.984741|7.000000,7,45500592128.000000,N/A,5
MOGP_GENERATIONAL,6268e4a8-f1a0-11f0-a51a-6e001b3eef54,Toxicity,74,133,2169.086670|7.000000,0.026429414749145508,7.0,1911.984741|7.000000,2169.086670|7.000000,1911.984741|7.000000,7,50080452608.000000,N/A,5
MOGP_GENERATIONAL,6268e4a8-f1a0-11f0-a51a-6e001b3eef54,Toxicity,74,134,2169.086670|7.000000,0.023119211196899414,7.0,1911.984741|7.000000,2169.086670|7.000000,1911.984741|7.000000,7,21006669824.000000,N/A,5
MOGP_GENERATIONAL,6268e4a8-f1a0-11f0-a51a-6e001b3eef54,Toxicity,74,135,2169.086670|7.000000,0.03537392616271973,7.0,1911.984741|7.000000,2169.086670|7.000000,1911.984741|7.000000,7,49906003968.000000,N/A,5
MOGP_GENERATIONAL,6268e4a8-f1a0-11f0-a51a-6e001b3eef54,Toxicity,74,136,2169.086670|7.000000,0.020569801330566406,7.0,1911.984741|7.000000,2169.086670|7.000000,1911.984741|7.000000,7,50961088512.000000,N/A,5
MOGP_GENERATIONAL,6268e4a8-f1a0-11f0-a51a-6e001b3eef54,Toxicity,74,137,2169.086670|7.000000,0.018311262130737305,7.0,1911.984741|7.000000,2169.086670|7.000000,1911.984741|7.000000,7,49927688192.000000,N/A,5
MOGP_GENERATIONAL,6268e4a8-f1a0-11f0-a51a-6e001b3eef54,Toxicity,74,138,2169.086670|7.000000,0.028307199478149414,7.0,1911.984741|7.000000,2169.086670|7.000000,1911.984741|7.000000,7,49320964096.000000,N/A,5
MOGP_GENERATIONAL,6268e4a8-f1a0-11f0-a51a-6e001b3eef54,Toxicity,74,139,2169.086670|7.000000,0.027003765106201172,7.0,1911.984741|7.000000,2169.086670|7.000000,1911.984741|7.000000,7,3911403264.000000,N/A,5
MOGP_GENERATIONAL,6268e4a8-f1a0-11f0-a51a-6e001b3eef54,Toxicity,74,140,2169.086670|7.000000,0.01891303062438965,7.0,1911.984741|7.000000,2169.086670|7.000000,1911.984741|7.000000,7,13522704384.000000,N/A,5
MOGP_GENERATIONAL,6268e4a8-f1a0-11f0-a51a-6e001b3eef54,Toxicity,74,141,2169.086670|7.000000,0.026575803756713867,7.0,1911.984741|7.000000,2169.086670|7.000000,1911.984741|7.000000,7,32752396288.000000,N/A,5
MOGP_GENERATIONAL,6268e4a8-f1a0-11f0-a51a-6e001b3eef54,Toxicity,74,142,2169.086670|7.000000,0.022198915481567383,7.0,1911.984741|7.000000,2169.086670|7.000000,1911.984741|7.000000,7,44364447744.000000,N/A,5
MOGP_GENERATIONAL,6268e4a8-f1a0-11f0-a51a-6e001b3eef54,Toxicity,74,143,2169.086670|7.000000,0.033570051193237305,7.0,1911.984741|7.000000,2169.086670|7.000000,1911.984741|7.000000,7,51424677888.000000,N/A,5
MOGP_GENERATIONAL,6268e4a8-f1a0-11f0-a51a-6e001b3eef54,Toxicity,74,144,2169.086670|7.000000,0.018921852111816406,7.0,1911.984741|7.000000,2169.086670|7.000000,1911.984741|7.000000,7,57573093376.000000,N/A,5
MOGP_GENERATIONAL,6268e4a8-f1a0-11f0-a51a-6e001b3eef54,Toxicity,74,145,2169.086670|7.000000,0.020899057388305664,7.0,1911.984741|7.000000,2169.086670|7.000000,1911.984741|7.000000,7,49034473472.000000,N/A,5
MOGP_GENERATIONAL,6268e4a8-f1a0-11f0-a51a-6e001b3eef54,Toxicity,74,146,2169.086670|7.000000,0.019526004791259766,7.0,1911.984741|7.000000,2169.086670|7.000000,1911.984741|7.000000,7,49937469440.000000,N/A,5
MOGP_GENERATIONAL,6268e4a8-f1a0-11f0-a51a-6e001b3eef54,Toxicity,74,147,2169.086670|7.000000,0.021284103393554688,7.0,1911.984741|7.000000,2169.086670|7.000000,1911.984741|7.000000,7,2971575296.000000,N/A,5
MOGP_GENERATIONAL,6268e4a8-f1a0-11f0-a51a-6e001b3eef54,Toxicity,74,148,2169.086670|7.000000,0.027497053146362305,7.0,1911.984741|7.000000,2169.086670|7.000000,1911.984741|7.000000,7,12129307648.000000,N/A,5
MOGP_GENERATIONAL,6268e4a8-f1a0-11f0-a51a-6e001b3eef54,Toxicity,74,149,2169.086670|7.000000,0.019794940948486328,7.0,1911.984741|7.000000,2169.086670|7.000000,1911.984741|7.000000,7,57951760384.000000,N/A,5
MOGP_GENERATIONAL,6268e4a8-f1a0-11f0-a51a-6e001b3eef54,Toxicity,74,150,2169.086670|7.000000,0.01791214942932129,7.0,1911.984741|7.000000,2169.086670|7.000000,1911.984741|7.000000,7,45302140928.000000,N/A,5
MOGP_GENERATIONAL,6268e4a8-f1a0-11f0-a51a-6e001b3eef54,Toxicity,74,151,2169.086670|7.000000,0.026887893676757812,7.0,1911.984741|7.000000,2169.086670|7.000000,1911.984741|7.000000,7,48668041216.000000,N/A,5
MOGP_GENERATIONAL,6268e4a8-f1a0-11f0-a51a-6e001b3eef54,Toxicity,74,152,2169.086670|7.000000,0.027863025665283203,7.0,1911.984741|7.000000,2169.086670|7.000000,1911.984741|7.000000,7,22039590912.000000,N/A,5
MOGP_GENERATIONAL,6268e4a8-f1a0-11f0-a51a-6e001b3eef54,Toxicity,74,153,2169.086670|7.000000,0.020311832427978516,7.0,1911.984741|7.000000,2169.086670|7.000000,1911.984741|7.000000,7,40241881088.000000,N/A,5
MOGP_GENERATIONAL,6268e4a8-f1a0-11f0-a51a-6e001b3eef54,Toxicity,74,154,2169.086670|7.000000,0.02238011360168457,7.0,1911.984741|7.000000,2169.086670|7.000000,1911.984741|7.000000,7,55114194944.000000,N/A,5
MOGP_GENERATIONAL,6268e4a8-f1a0-11f0-a51a-6e001b3eef54,Toxicity,74,155,2169.086670|7.000000,0.0253753662109375,7.0,1911.984741|7.000000,2169.086670|7.000000,1911.984741|7.000000,7,52705320960.000000,N/A,5
MOGP_GENERATIONAL,6268e4a8-f1a0-11f0-a51a-6e001b3eef54,Toxicity,74,156,2169.086670|7.000000,0.019840002059936523,7.0,1911.984741|7.000000,2169.086670|7.000000,1911.984741|7.000000,7,50664538112.000000,N/A,5
MOGP_GENERATIONAL,6268e4a8-f1a0-11f0-a51a-6e001b3eef54,Toxicity,74,157,2169.086670|7.000000,0.022190093994140625,7.0,1911.984741|7.000000,2169.086670|7.000000,1911.984741|7.000000,7,64208822272.000000,N/A,5
MOGP_GENERATIONAL,6268e4a8-f1a0-11f0-a51a-6e001b3eef54,Toxicity,74,158,2169.086670|7.000000,0.026823043823242188,7.0,1911.984741|7.000000,2169.086670|7.000000,1911.984741|7.000000,7,59441278976.000000,N/A,5
MOGP_GENERATIONAL,6268e4a8-f1a0-11f0-a51a-6e001b3eef54,Toxicity,74,159,2169.086670|7.000000,0.020227909088134766,7.0,1911.984741|7.000000,2169.086670|7.000000,1911.984741|7.000000,7,55965261824.000000,N/A,5
MOGP_GENERATIONAL,6268e4a8-f1a0-11f0-a51a-6e001b3eef54,Toxicity,74,160,2169.086670|7.000000,0.023380041122436523,7.0,1911.984741|7.000000,2169.086670|7.000000,1911.984741|7.000000,7,64428740608.000000,N/A,5
MOGP_GENERATIONAL,6268e4a8-f1a0-11f0-a51a-6e001b3eef54,Toxicity,74,161,2169.086670|7.000000,0.01993083953857422,7.0,1911.984741|7.000000,2169.086670|7.000000,1911.984741|7.000000,7,48879161344.000000,N/A,5
MOGP_GENERATIONAL,6268e4a8-f1a0-11f0-a51a-6e001b3eef54,Toxicity,74,162,2169.086670|7.000000,0.025619029998779297,7.0,1911.984741|7.000000,2169.086670|7.000000,1911.984741|7.000000,7,69333606400.000000,N/A,5
MOGP_GENERATIONAL,6268e4a8-f1a0-11f0-a51a-6e001b3eef54,Toxicity,74,163,2169.086670|7.000000,0.021680116653442383,7.0,1911.984741|7.000000,2169.086670|7.000000,1911.984741|7.000000,7,23460388864.000000,N/A,5
MOGP_GENERATIONAL,6268e4a8-f1a0-11f0-a51a-6e001b3eef54,Toxicity,74,164,2169.086670|7.000000,0.01968693733215332,7.0,1911.984741|7.000000,2169.086670|7.000000,1911.984741|7.000000,7,145.377167,N/A,5
MOGP_GENERATIONAL,6268e4a8-f1a0-11f0-a51a-6e001b3eef54,Toxicity,74,165,2169.086670|7.000000,0.02297663688659668,7.0,1911.984741|7.000000,2169.086670|7.000000,1911.984741|7.000000,7,3911403264.000000,N/A,5
MOGP_GENERATIONAL,6268e4a8-f1a0-11f0-a51a-6e001b3eef54,Toxicity,74,166,2169.086670|7.000000,0.09578704833984375,7.0,1911.984741|7.000000,2169.086670|7.000000,1911.984741|7.000000,7,49050779648.000000,N/A,5
MOGP_GENERATIONAL,6268e4a8-f1a0-11f0-a51a-6e001b3eef54,Toxicity,74,167,2169.086670|7.000000,0.019911766052246094,7.0,1911.984741|7.000000,2169.086670|7.000000,1911.984741|7.000000,7,32233005056.000000,N/A,5
MOGP_GENERATIONAL,6268e4a8-f1a0-11f0-a51a-6e001b3eef54,Toxicity,74,168,2169.086670|7.000000,0.02761697769165039,7.0,1911.984741|7.000000,2169.086670|7.000000,1911.984741|7.000000,7,53040877568.000000,N/A,5
MOGP_GENERATIONAL,6268e4a8-f1a0-11f0-a51a-6e001b3eef54,Toxicity,74,169,2169.086670|7.000000,0.020189762115478516,7.0,1911.984741|7.000000,2169.086670|7.000000,1911.984741|7.000000,7,67144912896.000000,N/A,5
MOGP_GENERATIONAL,6268e4a8-f1a0-11f0-a51a-6e001b3eef54,Toxicity,74,170,2169.086670|7.000000,0.026829004287719727,7.0,1911.984741|7.000000,2169.086670|7.000000,1911.984741|7.000000,7,44533657600.000000,N/A,5
MOGP_GENERATIONAL,6268e4a8-f1a0-11f0-a51a-6e001b3eef54,Toxicity,74,171,2169.086670|7.000000,0.01951313018798828,7.0,1911.984741|7.000000,2169.086670|7.000000,1911.984741|7.000000,7,11220318208.000000,N/A,5
MOGP_GENERATIONAL,6268e4a8-f1a0-11f0-a51a-6e001b3eef54,Toxicity,74,172,2169.086670|7.000000,0.02665996551513672,7.0,1911.984741|7.000000,2169.086670|7.000000,1911.984741|7.000000,7,65505132544.000000,N/A,5
MOGP_GENERATIONAL,6268e4a8-f1a0-11f0-a51a-6e001b3eef54,Toxicity,74,173,2169.086670|7.000000,0.020080089569091797,7.0,1911.984741|7.000000,2169.086670|7.000000,1911.984741|7.000000,7,66292551680.000000,N/A,5
MOGP_GENERATIONAL,6268e4a8-f1a0-11f0-a51a-6e001b3eef54,Toxicity,74,174,2169.086670|7.000000,0.02685379981994629,7.0,1911.984741|7.000000,2169.086670|7.000000,1911.984741|7.000000,7,14902888448.000000,N/A,5
MOGP_GENERATIONAL,6268e4a8-f1a0-11f0-a51a-6e001b3eef54,Toxicity,74,175,2169.086670|7.000000,0.020236730575561523,7.0,1911.984741|7.000000,2169.086670|7.000000,1911.984741|7.000000,7,24916290.000000,N/A,5
MOGP_GENERATIONAL,6268e4a8-f1a0-11f0-a51a-6e001b3eef54,Toxicity,74,176,2169.086670|7.000000,0.01908111572265625,7.0,1911.984741|7.000000,2169.086670|7.000000,1911.984741|7.000000,7,75937538048.000000,N/A,5
MOGP_GENERATIONAL,6268e4a8-f1a0-11f0-a51a-6e001b3eef54,Toxicity,74,177,2169.086670|7.000000,0.01795196533203125,7.0,1911.984741|7.000000,2169.086670|7.000000,1911.984741|7.000000,7,85.231071,N/A,5
MOGP_GENERATIONAL,6268e4a8-f1a0-11f0-a51a-6e001b3eef54,Toxicity,74,178,2169.086670|7.000000,0.026243209838867188,7.0,1911.984741|7.000000,2169.086670|7.000000,1911.984741|7.000000,7,7879976448.000000,N/A,5
MOGP_GENERATIONAL,6268e4a8-f1a0-11f0-a51a-6e001b3eef54,Toxicity,74,179,2169.086670|7.000000,0.022270917892456055,7.0,1911.984741|7.000000,2169.086670|7.000000,1911.984741|7.000000,7,25653698560.000000,N/A,5
MOGP_GENERATIONAL,6268e4a8-f1a0-11f0-a51a-6e001b3eef54,Toxicity,74,180,2169.086670|7.000000,0.019604921340942383,7.0,1911.984741|7.000000,2169.086670|7.000000,1911.984741|7.000000,7,49441775616.000000,N/A,5
MOGP_GENERATIONAL,6268e4a8-f1a0-11f0-a51a-6e001b3eef54,Toxicity,74,181,2169.086670|7.000000,0.029030323028564453,7.0,1911.984741|7.000000,2169.086670|7.000000,1911.984741|7.000000,7,40256856064.000000,N/A,5
MOGP_GENERATIONAL,6268e4a8-f1a0-11f0-a51a-6e001b3eef54,Toxicity,74,182,2169.086670|7.000000,0.023400306701660156,7.0,1911.984741|7.000000,2169.086670|7.000000,1911.984741|7.000000,7,30287874048.000000,N/A,5
MOGP_GENERATIONAL,6268e4a8-f1a0-11f0-a51a-6e001b3eef54,Toxicity,74,183,2169.086670|7.000000,0.027467966079711914,7.0,1911.984741|7.000000,2169.086670|7.000000,1911.984741|7.000000,7,3911403264.000000,N/A,5
MOGP_GENERATIONAL,6268e4a8-f1a0-11f0-a51a-6e001b3eef54,Toxicity,74,184,2169.086670|7.000000,0.018523216247558594,7.0,1911.984741|7.000000,2169.086670|7.000000,1911.984741|7.000000,7,167538.703125,N/A,5
MOGP_GENERATIONAL,6268e4a8-f1a0-11f0-a51a-6e001b3eef54,Toxicity,74,185,2169.086670|7.000000,0.020318984985351562,7.0,1911.984741|7.000000,2169.086670|7.000000,1911.984741|7.000000,7,103897071616.000000,N/A,5
MOGP_GENERATIONAL,6268e4a8-f1a0-11f0-a51a-6e001b3eef54,Toxicity,74,186,2169.086670|7.000000,0.026144027709960938,7.0,1911.984741|7.000000,2169.086670|7.000000,1911.984741|7.000000,7,8358716928.000000,N/A,5
MOGP_GENERATIONAL,6268e4a8-f1a0-11f0-a51a-6e001b3eef54,Toxicity,74,187,2169.086670|7.000000,0.021281003952026367,7.0,1911.984741|7.000000,2169.086670|7.000000,1911.984741|7.000000,7,72033583104.000000,N/A,5
MOGP_GENERATIONAL,6268e4a8-f1a0-11f0-a51a-6e001b3eef54,Toxicity,74,188,2169.086670|7.000000,0.023064136505126953,7.0,1911.984741|7.000000,2169.086670|7.000000,1911.984741|7.000000,7,1346304.125000,N/A,5
MOGP_GENERATIONAL,6268e4a8-f1a0-11f0-a51a-6e001b3eef54,Toxicity,74,189,2169.086670|7.000000,0.027764081954956055,7.0,1911.984741|7.000000,2169.086670|7.000000,1911.984741|7.000000,7,88867110912.000000,N/A,5
MOGP_GENERATIONAL,6268e4a8-f1a0-11f0-a51a-6e001b3eef54,Toxicity,74,190,2169.086670|7.000000,0.02809596061706543,7.0,1911.984741|7.000000,2169.086670|7.000000,1911.984741|7.000000,7,51026046976.000000,N/A,5
MOGP_GENERATIONAL,6268e4a8-f1a0-11f0-a51a-6e001b3eef54,Toxicity,74,191,2169.086670|7.000000,0.017884016036987305,7.0,1911.984741|7.000000,2169.086670|7.000000,1911.984741|7.000000,7,19556980736.000000,N/A,5
MOGP_GENERATIONAL,6268e4a8-f1a0-11f0-a51a-6e001b3eef54,Toxicity,74,192,2169.086670|7.000000,0.020075082778930664,7.0,1911.984741|7.000000,2169.086670|7.000000,1911.984741|7.000000,7,49165611008.000000,N/A,5
MOGP_GENERATIONAL,6268e4a8-f1a0-11f0-a51a-6e001b3eef54,Toxicity,74,193,2169.086670|7.000000,0.019279956817626953,7.0,1911.984741|7.000000,2169.086670|7.000000,1911.984741|7.000000,7,50366402560.000000,N/A,5
MOGP_GENERATIONAL,6268e4a8-f1a0-11f0-a51a-6e001b3eef54,Toxicity,74,194,2169.086670|7.000000,0.02603888511657715,7.0,1911.984741|7.000000,2169.086670|7.000000,1911.984741|7.000000,7,49937764352.000000,N/A,5
MOGP_GENERATIONAL,6268e4a8-f1a0-11f0-a51a-6e001b3eef54,Toxicity,74,195,2169.086670|7.000000,0.018141984939575195,7.0,1911.984741|7.000000,2169.086670|7.000000,1911.984741|7.000000,7,30272829440.000000,N/A,5
MOGP_GENERATIONAL,6268e4a8-f1a0-11f0-a51a-6e001b3eef54,Toxicity,74,196,2169.086670|7.000000,0.023437976837158203,7.0,1911.984741|7.000000,2169.086670|7.000000,1911.984741|7.000000,7,49710809088.000000,N/A,5
MOGP_GENERATIONAL,6268e4a8-f1a0-11f0-a51a-6e001b3eef54,Toxicity,74,197,2169.086670|7.000000,0.029128074645996094,7.0,1911.984741|7.000000,2169.086670|7.000000,1911.984741|7.000000,7,34064881664.000000,N/A,5
MOGP_GENERATIONAL,6268e4a8-f1a0-11f0-a51a-6e001b3eef54,Toxicity,74,198,2169.086670|7.000000,0.021461963653564453,7.0,1911.984741|7.000000,2169.086670|7.000000,1911.984741|7.000000,7,12981399552.000000,N/A,5
MOGP_GENERATIONAL,6268e4a8-f1a0-11f0-a51a-6e001b3eef54,Toxicity,74,199,2169.086670|7.000000,0.026958942413330078,7.0,1911.984741|7.000000,2169.086670|7.000000,1911.984741|7.000000,7,67095642112.000000,N/A,5
MOGP_GENERATIONAL,6268e4a8-f1a0-11f0-a51a-6e001b3eef54,Toxicity,74,200,2169.086670|7.000000,0.028424978256225586,7.0,1911.984741|7.000000,2169.086670|7.000000,1911.984741|7.000000,7,3911403264.000000,N/A,5
MOGP_GENERATIONAL,6268e4a8-f1a0-11f0-a51a-6e001b3eef54,Toxicity,74,201,2169.086670|7.000000,0.02161574363708496,7.0,1911.984741|7.000000,2169.086670|7.000000,1911.984741|7.000000,7,68365467648.000000,N/A,5
MOGP_GENERATIONAL,6268e4a8-f1a0-11f0-a51a-6e001b3eef54,Toxicity,74,202,2169.086670|7.000000,0.026916027069091797,7.0,1911.984741|7.000000,2169.086670|7.000000,1911.984741|7.000000,7,49832833024.000000,N/A,5
MOGP_GENERATIONAL,6268e4a8-f1a0-11f0-a51a-6e001b3eef54,Toxicity,74,203,2169.086670|7.000000,0.023501157760620117,7.0,1911.984741|7.000000,2169.086670|7.000000,1911.984741|7.000000,7,50822856704.000000,N/A,5
MOGP_GENERATIONAL,6268e4a8-f1a0-11f0-a51a-6e001b3eef54,Toxicity,74,204,2169.086670|7.000000,0.03497600555419922,7.0,1911.984741|7.000000,2169.086670|7.000000,1911.984741|7.000000,7,90.040092,N/A,5
MOGP_GENERATIONAL,6268e4a8-f1a0-11f0-a51a-6e001b3eef54,Toxicity,74,205,2169.086670|7.000000,0.02048206329345703,7.0,1911.984741|7.000000,2169.086670|7.000000,1911.984741|7.000000,7,65351237632.000000,N/A,5
MOGP_GENERATIONAL,6268e4a8-f1a0-11f0-a51a-6e001b3eef54,Toxicity,74,206,2169.086670|7.000000,0.01797199249267578,7.0,1911.984741|7.000000,2169.086670|7.000000,1911.984741|7.000000,7,72113373184.000000,N/A,5
MOGP_GENERATIONAL,6268e4a8-f1a0-11f0-a51a-6e001b3eef54,Toxicity,74,207,2169.086670|7.000000,0.027922391891479492,7.0,1911.984741|7.000000,2169.086670|7.000000,1911.984741|7.000000,7,85132001280.000000,N/A,5
MOGP_GENERATIONAL,6268e4a8-f1a0-11f0-a51a-6e001b3eef54,Toxicity,74,208,2169.086670|7.000000,0.02418375015258789,7.0,1911.984741|7.000000,2169.086670|7.000000,1911.984741|7.000000,7,26210852864.000000,N/A,5
MOGP_GENERATIONAL,6268e4a8-f1a0-11f0-a51a-6e001b3eef54,Toxicity,74,209,2169.086670|7.000000,0.02661919593811035,7.0,1911.984741|7.000000,2169.086670|7.000000,1911.984741|7.000000,7,15135896576.000000,N/A,5
MOGP_GENERATIONAL,6268e4a8-f1a0-11f0-a51a-6e001b3eef54,Toxicity,74,210,2169.086670|7.000000,0.019534826278686523,7.0,1911.984741|7.000000,2169.086670|7.000000,1911.984741|7.000000,7,49304522752.000000,N/A,5
MOGP_GENERATIONAL,6268e4a8-f1a0-11f0-a51a-6e001b3eef54,Toxicity,74,211,2169.086670|7.000000,0.01945781707763672,7.0,1911.984741|7.000000,2169.086670|7.000000,1911.984741|7.000000,7,12368942080.000000,N/A,5
MOGP_GENERATIONAL,6268e4a8-f1a0-11f0-a51a-6e001b3eef54,Toxicity,74,212,2169.086670|7.000000,0.01844191551208496,7.0,1911.984741|7.000000,2169.086670|7.000000,1911.984741|7.000000,7,29181196288.000000,N/A,5
MOGP_GENERATIONAL,6268e4a8-f1a0-11f0-a51a-6e001b3eef54,Toxicity,74,213,2169.086670|7.000000,0.027075767517089844,7.0,1911.984741|7.000000,2169.086670|7.000000,1911.984741|7.000000,7,49784565760.000000,N/A,5
MOGP_GENERATIONAL,6268e4a8-f1a0-11f0-a51a-6e001b3eef54,Toxicity,74,214,2169.086670|7.000000,0.019644975662231445,7.0,1911.984741|7.000000,2169.086670|7.000000,1911.984741|7.000000,7,49764323328.000000,N/A,5
MOGP_GENERATIONAL,6268e4a8-f1a0-11f0-a51a-6e001b3eef54,Toxicity,74,215,2169.086670|7.000000,0.03869199752807617,7.0,1911.984741|7.000000,2169.086670|7.000000,1911.984741|7.000000,7,70529327104.000000,N/A,5
MOGP_GENERATIONAL,6268e4a8-f1a0-11f0-a51a-6e001b3eef54,Toxicity,74,216,2169.086670|7.000000,0.023393869400024414,7.0,1911.984741|7.000000,2169.086670|7.000000,1911.984741|7.000000,7,76929048576.000000,N/A,5
MOGP_GENERATIONAL,6268e4a8-f1a0-11f0-a51a-6e001b3eef54,Toxicity,74,217,2169.086670|7.000000,0.019904136657714844,7.0,1911.984741|7.000000,2169.086670|7.000000,1911.984741|7.000000,7,47904907264.000000,N/A,5
MOGP_GENERATIONAL,6268e4a8-f1a0-11f0-a51a-6e001b3eef54,Toxicity,74,218,2169.086670|7.000000,0.020277023315429688,7.0,1911.984741|7.000000,2169.086670|7.000000,1911.984741|7.000000,7,55636545536.000000,N/A,5
MOGP_GENERATIONAL,6268e4a8-f1a0-11f0-a51a-6e001b3eef54,Toxicity,74,219,2169.086670|7.000000,0.020186185836791992,7.0,1911.984741|7.000000,2169.086670|7.000000,1911.984741|7.000000,7,17953816576.000000,N/A,5
MOGP_GENERATIONAL,6268e4a8-f1a0-11f0-a51a-6e001b3eef54,Toxicity,74,220,2169.086670|7.000000,0.01973414421081543,7.0,1911.984741|7.000000,2169.086670|7.000000,1911.984741|7.000000,7,51980959744.000000,N/A,5
MOGP_GENERATIONAL,6268e4a8-f1a0-11f0-a51a-6e001b3eef54,Toxicity,74,221,2169.086670|7.000000,0.019066810607910156,7.0,1911.984741|7.000000,2169.086670|7.000000,1911.984741|7.000000,7,7349221888.000000,N/A,5
MOGP_GENERATIONAL,6268e4a8-f1a0-11f0-a51a-6e001b3eef54,Toxicity,74,222,2169.086670|7.000000,0.02586221694946289,7.0,1911.984741|7.000000,2169.086670|7.000000,1911.984741|7.000000,7,52000432128.000000,N/A,5
MOGP_GENERATIONAL,6268e4a8-f1a0-11f0-a51a-6e001b3eef54,Toxicity,74,223,2169.086670|7.000000,0.02581620216369629,7.0,1911.984741|7.000000,2169.086670|7.000000,1911.984741|7.000000,7,16127130624.000000,N/A,5
MOGP_GENERATIONAL,6268e4a8-f1a0-11f0-a51a-6e001b3eef54,Toxicity,74,224,2169.086670|7.000000,0.025670289993286133,7.0,1911.984741|7.000000,2169.086670|7.000000,1911.984741|7.000000,7,49783951360.000000,N/A,5
MOGP_GENERATIONAL,6268e4a8-f1a0-11f0-a51a-6e001b3eef54,Toxicity,74,225,2169.086670|7.000000,0.01880812644958496,7.0,1911.984741|7.000000,2169.086670|7.000000,1911.984741|7.000000,7,49475780608.000000,N/A,5
MOGP_GENERATIONAL,6268e4a8-f1a0-11f0-a51a-6e001b3eef54,Toxicity,74,226,2169.086670|7.000000,0.028187036514282227,7.0,1911.984741|7.000000,2169.086670|7.000000,1911.984741|7.000000,7,68153614336.000000,N/A,5
MOGP_GENERATIONAL,6268e4a8-f1a0-11f0-a51a-6e001b3eef54,Toxicity,74,227,2169.086670|7.000000,0.02663278579711914,7.0,1911.984741|7.000000,2169.086670|7.000000,1911.984741|7.000000,7,43684794368.000000,N/A,5
MOGP_GENERATIONAL,6268e4a8-f1a0-11f0-a51a-6e001b3eef54,Toxicity,74,228,2169.086670|7.000000,0.018809080123901367,7.0,1911.984741|7.000000,2169.086670|7.000000,1911.984741|7.000000,7,13336850432.000000,N/A,5
MOGP_GENERATIONAL,6268e4a8-f1a0-11f0-a51a-6e001b3eef54,Toxicity,74,229,2169.086670|7.000000,0.020980119705200195,7.0,1911.984741|7.000000,2169.086670|7.000000,1911.984741|7.000000,7,75466915840.000000,N/A,5
MOGP_GENERATIONAL,6268e4a8-f1a0-11f0-a51a-6e001b3eef54,Toxicity,74,230,2169.086670|7.000000,0.01996016502380371,7.0,1911.984741|7.000000,2169.086670|7.000000,1911.984741|7.000000,7,49937469440.000000,N/A,5
MOGP_GENERATIONAL,6268e4a8-f1a0-11f0-a51a-6e001b3eef54,Toxicity,74,231,2169.086670|7.000000,0.01853322982788086,7.0,1911.984741|7.000000,2169.086670|7.000000,1911.984741|7.000000,7,46961942528.000000,N/A,5
MOGP_GENERATIONAL,6268e4a8-f1a0-11f0-a51a-6e001b3eef54,Toxicity,74,232,2169.086670|7.000000,0.027015209197998047,7.0,1911.984741|7.000000,2169.086670|7.000000,1911.984741|7.000000,7,68526006272.000000,N/A,5
MOGP_GENERATIONAL,6268e4a8-f1a0-11f0-a51a-6e001b3eef54,Toxicity,74,233,2169.086670|7.000000,0.026184797286987305,7.0,1911.984741|7.000000,2169.086670|7.000000,1911.984741|7.000000,7,58825261056.000000,N/A,5
MOGP_GENERATIONAL,6268e4a8-f1a0-11f0-a51a-6e001b3eef54,Toxicity,74,234,2169.086670|7.000000,0.018749237060546875,7.0,1911.984741|7.000000,2169.086670|7.000000,1911.984741|7.000000,7,42744225792.000000,N/A,5
MOGP_GENERATIONAL,6268e4a8-f1a0-11f0-a51a-6e001b3eef54,Toxicity,74,235,2169.086670|7.000000,0.020631074905395508,7.0,1911.984741|7.000000,2169.086670|7.000000,1911.984741|7.000000,7,22253180928.000000,N/A,5
MOGP_GENERATIONAL,6268e4a8-f1a0-11f0-a51a-6e001b3eef54,Toxicity,74,236,2169.086670|7.000000,0.036112308502197266,7.0,1911.984741|7.000000,2169.086670|7.000000,1911.984741|7.000000,7,5347980800.000000,N/A,5
MOGP_GENERATIONAL,6268e4a8-f1a0-11f0-a51a-6e001b3eef54,Toxicity,74,237,2169.086670|7.000000,0.019322872161865234,7.0,1911.984741|7.000000,2169.086670|7.000000,1911.984741|7.000000,7,6947729920.000000,N/A,5
MOGP_GENERATIONAL,6268e4a8-f1a0-11f0-a51a-6e001b3eef54,Toxicity,74,238,2169.086670|7.000000,0.02296900749206543,7.0,1911.984741|7.000000,2169.086670|7.000000,1911.984741|7.000000,7,81847296000.000000,N/A,5
MOGP_GENERATIONAL,6268e4a8-f1a0-11f0-a51a-6e001b3eef54,Toxicity,74,239,2169.086670|7.000000,0.019622802734375,7.0,1911.984741|7.000000,2169.086670|7.000000,1911.984741|7.000000,7,19129518080.000000,N/A,5
MOGP_GENERATIONAL,6268e4a8-f1a0-11f0-a51a-6e001b3eef54,Toxicity,74,240,2169.086670|7.000000,0.020256996154785156,7.0,1911.984741|7.000000,2169.086670|7.000000,1911.984741|7.000000,7,40340410368.000000,N/A,5
MOGP_GENERATIONAL,6268e4a8-f1a0-11f0-a51a-6e001b3eef54,Toxicity,74,241,2169.086670|7.000000,0.01882195472717285,7.0,1911.984741|7.000000,2169.086670|7.000000,1911.984741|7.000000,7,83666518016.000000,N/A,5
MOGP_GENERATIONAL,6268e4a8-f1a0-11f0-a51a-6e001b3eef54,Toxicity,74,242,2169.086670|7.000000,0.01885199546813965,7.0,1911.984741|7.000000,2169.086670|7.000000,1911.984741|7.000000,7,35144216576.000000,N/A,5
MOGP_GENERATIONAL,6268e4a8-f1a0-11f0-a51a-6e001b3eef54,Toxicity,74,243,2169.086670|7.000000,0.029473066329956055,7.0,1911.984741|7.000000,2169.086670|7.000000,1911.984741|7.000000,7,66450649088.000000,N/A,5
MOGP_GENERATIONAL,6268e4a8-f1a0-11f0-a51a-6e001b3eef54,Toxicity,74,244,2169.086670|7.000000,0.018132925033569336,7.0,1911.984741|7.000000,2169.086670|7.000000,1911.984741|7.000000,7,11734155264.000000,N/A,5
MOGP_GENERATIONAL,6268e4a8-f1a0-11f0-a51a-6e001b3eef54,Toxicity,74,245,2169.086670|7.000000,0.02668595314025879,7.0,1911.984741|7.000000,2169.086670|7.000000,1911.984741|7.000000,7,60043304960.000000,N/A,5
MOGP_GENERATIONAL,6268e4a8-f1a0-11f0-a51a-6e001b3eef54,Toxicity,74,246,2169.086670|7.000000,0.020557165145874023,7.0,1911.984741|7.000000,2169.086670|7.000000,1911.984741|7.000000,7,52922363904.000000,N/A,5
MOGP_GENERATIONAL,6268e4a8-f1a0-11f0-a51a-6e001b3eef54,Toxicity,74,247,2169.086670|7.000000,0.023899078369140625,7.0,1911.984741|7.000000,2169.086670|7.000000,1911.984741|7.000000,7,3911403264.000000,N/A,5
MOGP_GENERATIONAL,6268e4a8-f1a0-11f0-a51a-6e001b3eef54,Toxicity,74,248,2169.086670|7.000000,0.03053879737854004,7.0,1911.984741|7.000000,2169.086670|7.000000,1911.984741|7.000000,7,53725732864.000000,N/A,5
MOGP_GENERATIONAL,6268e4a8-f1a0-11f0-a51a-6e001b3eef54,Toxicity,74,249,2169.086670|7.000000,0.02025294303894043,7.0,1911.984741|7.000000,2169.086670|7.000000,1911.984741|7.000000,7,52292186112.000000,N/A,5
MOGP_GENERATIONAL,6268e4a8-f1a0-11f0-a51a-6e001b3eef54,Toxicity,74,250,2169.086670|7.000000,0.02712702751159668,7.0,1911.984741|7.000000,2169.086670|7.000000,1911.984741|7.000000,7,68737810432.000000,N/A,5
