MOGP_NSGAII,fc8e218e-f032-11f0-846b-6e001b3eef54,Boston,74,0,19.582897|3.000000|0.000000|0.000000|0.000000,1.1749980449676514,3.0,20.278479|3.000000|0.000000|0.000000|0.000000,N/A,N/A,0,243229868032.000000,N/A,5
MOGP_NSGAII,fc8e218e-f032-11f0-846b-6e001b3eef54,Boston,74,1,10.545382|3.000000|0.000000|0.000000|0.000000,4.979576826095581,3.0,11.132970|3.000000|0.000000|0.000000|0.000000,9.283476|5.000000|2.000000|0.000000|0.000000,11.924703|5.000000|2.000000|0.000000|0.000000,5,3899.248291,N/A,5
MOGP_NSGAII,fc8e218e-f032-11f0-846b-6e001b3eef54,Boston,74,2,9.470054|3.000000|0.000000|0.000000|0.000000,4.850012302398682,3.0,9.613909|3.000000|0.000000|0.000000|0.000000,9.283476|5.000000|2.000000|0.000000|0.000000,11.924703|5.000000|2.000000|0.000000|0.000000,5,3899.413574,N/A,5
MOGP_NSGAII,fc8e218e-f032-11f0-846b-6e001b3eef54,Boston,74,3,9.387965|3.000000|0.000000|0.000000|0.000000,4.962504148483276,3.0,9.855182|3.000000|0.000000|0.000000|0.000000,9.283476|5.000000|2.000000|0.000000|0.000000,11.924703|5.000000|2.000000|0.000000|0.000000,5,4.077730,N/A,5
MOGP_NSGAII,fc8e218e-f032-11f0-846b-6e001b3eef54,Boston,74,4,9.387965|3.000000|0.000000|0.000000|0.000000,5.490584135055542,3.0,9.855182|3.000000|0.000000|0.000000|0.000000,9.283476|5.000000|2.000000|0.000000|0.000000,11.924703|5.000000|2.000000|0.000000|0.000000,5,1.180675,N/A,5
MOGP_NSGAII,fc8e218e-f032-11f0-846b-6e001b3eef54,Boston,74,5,9.387965|3.000000|0.000000|0.000000|0.000000,6.696860074996948,3.0,9.855182|3.000000|0.000000|0.000000|0.000000,9.283476|5.000000|2.000000|0.000000|0.000000,11.924703|5.000000|2.000000|0.000000|0.000000,5,0.478889,N/A,5
MOGP_NSGAII,fc8e218e-f032-11f0-846b-6e001b3eef54,Boston,74,6,9.387965|3.000000|0.000000|0.000000|0.000000,9.084588050842285,3.0,9.855182|3.000000|0.000000|0.000000|0.000000,9.283476|5.000000|2.000000|0.000000|0.000000,11.924703|5.000000|2.000000|0.000000|0.000000,5,0.186935,N/A,5
MOGP_NSGAII,fc8e218e-f032-11f0-846b-6e001b3eef54,Boston,74,7,9.387965|3.000000|0.000000|0.000000|0.000000,12.77825403213501,3.0,9.855182|3.000000|0.000000|0.000000|0.000000,8.579651|7.000000|2.000000|0.000000|0.000000,8.824066|7.000000|2.000000|0.000000|0.000000,7,0.102507,N/A,5
MOGP_NSGAII,fc8e218e-f032-11f0-846b-6e001b3eef54,Boston,74,8,9.387965|3.000000|0.000000|0.000000|0.000000,13.953376054763794,3.0,9.855182|3.000000|0.000000|0.000000|0.000000,8.579651|7.000000|2.000000|0.000000|0.000000,8.824066|7.000000|2.000000|0.000000|0.000000,7,0.102507,N/A,5
MOGP_NSGAII,fc8e218e-f032-11f0-846b-6e001b3eef54,Boston,74,9,9.387965|3.000000|0.000000|0.000000|0.000000,14.470365047454834,3.0,9.855182|3.000000|0.000000|0.000000|0.000000,8.579651|7.000000|2.000000|0.000000|0.000000,8.824066|7.000000|2.000000|0.000000|0.000000,7,0.102507,N/A,5
MOGP_NSGAII,fc8e218e-f032-11f0-846b-6e001b3eef54,Boston,74,10,9.387965|3.000000|0.000000|0.000000|0.000000,14.209226846694946,3.0,9.855182|3.000000|0.000000|0.000000|0.000000,8.579651|7.000000|2.000000|0.000000|0.000000,8.824066|7.000000|2.000000|0.000000|0.000000,7,0.102507,N/A,5
MOGP_NSGAII,fc8e218e-f032-11f0-846b-6e001b3eef54,Boston,74,11,9.387965|3.000000|0.000000|0.000000|0.000000,14.121806144714355,3.0,9.855182|3.000000|0.000000|0.000000|0.000000,8.579651|7.000000|2.000000|0.000000|0.000000,8.824066|7.000000|2.000000|0.000000|0.000000,7,0.102507,N/A,5
MOGP_NSGAII,fc8e218e-f032-11f0-846b-6e001b3eef54,Boston,74,12,9.387965|3.000000|0.000000|0.000000|0.000000,14.551046133041382,3.0,9.855182|3.000000|0.000000|0.000000|0.000000,8.579651|7.000000|2.000000|0.000000|0.000000,8.824066|7.000000|2.000000|0.000000|0.000000,7,0.111879,N/A,5
MOGP_NSGAII,fc8e218e-f032-11f0-846b-6e001b3eef54,Boston,74,13,9.387965|3.000000|0.000000|0.000000|0.000000,13.957412004470825,3.0,9.855182|3.000000|0.000000|0.000000|0.000000,8.579651|7.000000|2.000000|0.000000|0.000000,8.824066|7.000000|2.000000|0.000000|0.000000,7,0.119363,N/A,5
MOGP_NSGAII,fc8e218e-f032-11f0-846b-6e001b3eef54,Boston,74,14,9.387965|3.000000|0.000000|0.000000|0.000000,13.918982028961182,3.0,9.855182|3.000000|0.000000|0.000000|0.000000,8.579651|7.000000|2.000000|0.000000|0.000000,8.824066|7.000000|2.000000|0.000000|0.000000,7,0.127634,N/A,5
MOGP_NSGAII,fc8e218e-f032-11f0-846b-6e001b3eef54,Boston,74,15,9.387965|3.000000|0.000000|0.000000|0.000000,13.425024032592773,3.0,9.855182|3.000000|0.000000|0.000000|0.000000,7.097400|7.000000|2.000000|0.000000|0.000000,7.101529|7.000000|2.000000|0.000000|0.000000,7,0.197303,N/A,5
MOGP_NSGAII,fc8e218e-f032-11f0-846b-6e001b3eef54,Boston,74,16,9.387965|3.000000|0.000000|0.000000|0.000000,13.609789848327637,3.0,9.855182|3.000000|0.000000|0.000000|0.000000,7.097400|7.000000|2.000000|0.000000|0.000000,7.101529|7.000000|2.000000|0.000000|0.000000,7,0.197303,N/A,5
MOGP_NSGAII,fc8e218e-f032-11f0-846b-6e001b3eef54,Boston,74,17,9.387965|3.000000|0.000000|0.000000|0.000000,13.709825992584229,3.0,9.855182|3.000000|0.000000|0.000000|0.000000,7.097400|7.000000|2.000000|0.000000|0.000000,7.101529|7.000000|2.000000|0.000000|0.000000,7,0.210443,N/A,5
MOGP_NSGAII,fc8e218e-f032-11f0-846b-6e001b3eef54,Boston,74,18,9.387965|3.000000|0.000000|0.000000|0.000000,13.115760326385498,3.0,9.855182|3.000000|0.000000|0.000000|0.000000,7.097400|7.000000|2.000000|0.000000|0.000000,7.101529|7.000000|2.000000|0.000000|0.000000,7,0.212464,N/A,5
MOGP_NSGAII,fc8e218e-f032-11f0-846b-6e001b3eef54,Boston,74,19,9.387965|3.000000|0.000000|0.000000|0.000000,13.407155990600586,3.0,9.855182|3.000000|0.000000|0.000000|0.000000,7.097400|7.000000|2.000000|0.000000|0.000000,7.101529|7.000000|2.000000|0.000000|0.000000,7,0.214357,N/A,5
MOGP_NSGAII,fc8e218e-f032-11f0-846b-6e001b3eef54,Boston,74,20,9.387965|3.000000|0.000000|0.000000|0.000000,13.659847974777222,3.0,9.855182|3.000000|0.000000|0.000000|0.000000,7.097400|7.000000|2.000000|0.000000|0.000000,7.101529|7.000000|2.000000|0.000000|0.000000,7,0.269768,N/A,5
MOGP_NSGAII,fc8e218e-f032-11f0-846b-6e001b3eef54,Boston,74,21,9.387965|3.000000|0.000000|0.000000|0.000000,13.41582703590393,3.0,9.855182|3.000000|0.000000|0.000000|0.000000,7.097400|7.000000|2.000000|0.000000|0.000000,7.101529|7.000000|2.000000|0.000000|0.000000,7,0.269768,N/A,5
MOGP_NSGAII,fc8e218e-f032-11f0-846b-6e001b3eef54,Boston,74,22,9.387965|3.000000|0.000000|0.000000|0.000000,13.467632055282593,3.0,9.855182|3.000000|0.000000|0.000000|0.000000,7.097400|7.000000|2.000000|0.000000|0.000000,7.101529|7.000000|2.000000|0.000000|0.000000,7,0.270002,N/A,5
MOGP_NSGAII,fc8e218e-f032-11f0-846b-6e001b3eef54,Boston,74,23,9.387965|3.000000|0.000000|0.000000|0.000000,13.789386987686157,3.0,9.855182|3.000000|0.000000|0.000000|0.000000,7.097400|7.000000|2.000000|0.000000|0.000000,7.101529|7.000000|2.000000|0.000000|0.000000,7,0.270368,N/A,5
MOGP_NSGAII,fc8e218e-f032-11f0-846b-6e001b3eef54,Boston,74,24,9.387965|3.000000|0.000000|0.000000|0.000000,13.446327209472656,3.0,9.855182|3.000000|0.000000|0.000000|0.000000,7.097400|7.000000|2.000000|0.000000|0.000000,7.101529|7.000000|2.000000|0.000000|0.000000,7,0.273175,N/A,5
MOGP_NSGAII,fc8e218e-f032-11f0-846b-6e001b3eef54,Boston,74,25,9.387965|3.000000|0.000000|0.000000|0.000000,12.876116037368774,3.0,9.855182|3.000000|0.000000|0.000000|0.000000,7.097400|7.000000|2.000000|0.000000|0.000000,7.101529|7.000000|2.000000|0.000000|0.000000,7,0.275921,N/A,5
MOGP_NSGAII,fc8e218e-f032-11f0-846b-6e001b3eef54,Boston,74,26,9.387965|3.000000|0.000000|0.000000|0.000000,12.585605144500732,3.0,9.855182|3.000000|0.000000|0.000000|0.000000,7.097400|7.000000|2.000000|0.000000|0.000000,7.101529|7.000000|2.000000|0.000000|0.000000,7,0.282513,N/A,5
MOGP_NSGAII,fc8e218e-f032-11f0-846b-6e001b3eef54,Boston,74,27,9.387965|3.000000|0.000000|0.000000|0.000000,12.584058046340942,3.0,9.855182|3.000000|0.000000|0.000000|0.000000,7.097400|7.000000|2.000000|0.000000|0.000000,7.101529|7.000000|2.000000|0.000000|0.000000,7,0.282513,N/A,5
MOGP_NSGAII,fc8e218e-f032-11f0-846b-6e001b3eef54,Boston,74,28,9.387965|3.000000|0.000000|0.000000|0.000000,12.810366868972778,3.0,9.855182|3.000000|0.000000|0.000000|0.000000,7.097400|7.000000|2.000000|0.000000|0.000000,7.101529|7.000000|2.000000|0.000000|0.000000,7,0.286792,N/A,5
MOGP_NSGAII,fc8e218e-f032-11f0-846b-6e001b3eef54,Boston,74,29,9.387965|3.000000|0.000000|0.000000|0.000000,12.642407894134521,3.0,9.855182|3.000000|0.000000|0.000000|0.000000,7.097400|7.000000|2.000000|0.000000|0.000000,7.101529|7.000000|2.000000|0.000000|0.000000,7,0.345410,N/A,5
MOGP_NSGAII,fc8e218e-f032-11f0-846b-6e001b3eef54,Boston,74,30,9.387965|3.000000|0.000000|0.000000|0.000000,12.609795093536377,3.0,9.855182|3.000000|0.000000|0.000000|0.000000,7.097400|7.000000|2.000000|0.000000|0.000000,7.101529|7.000000|2.000000|0.000000|0.000000,7,0.345410,N/A,5
MOGP_NSGAII,fc8e218e-f032-11f0-846b-6e001b3eef54,Boston,74,31,9.387965|3.000000|0.000000|0.000000|0.000000,12.510650157928467,3.0,9.855182|3.000000|0.000000|0.000000|0.000000,7.097400|7.000000|2.000000|0.000000|0.000000,7.101529|7.000000|2.000000|0.000000|0.000000,7,0.352999,N/A,5
MOGP_NSGAII,fc8e218e-f032-11f0-846b-6e001b3eef54,Boston,74,32,9.387965|3.000000|0.000000|0.000000|0.000000,11.269394159317017,3.0,9.855182|3.000000|0.000000|0.000000|0.000000,7.097400|7.000000|2.000000|0.000000|0.000000,7.101529|7.000000|2.000000|0.000000|0.000000,7,0.361691,N/A,5
MOGP_NSGAII,fc8e218e-f032-11f0-846b-6e001b3eef54,Boston,74,33,9.387965|3.000000|0.000000|0.000000|0.000000,10.8383629322052,3.0,9.855182|3.000000|0.000000|0.000000|0.000000,7.097400|7.000000|2.000000|0.000000|0.000000,7.101529|7.000000|2.000000|0.000000|0.000000,7,0.368809,N/A,5
MOGP_NSGAII,fc8e218e-f032-11f0-846b-6e001b3eef54,Boston,74,34,9.387965|3.000000|0.000000|0.000000|0.000000,10.36306118965149,3.0,9.855182|3.000000|0.000000|0.000000|0.000000,7.097400|7.000000|2.000000|0.000000|0.000000,7.101529|7.000000|2.000000|0.000000|0.000000,7,0.393766,N/A,5
MOGP_NSGAII,fc8e218e-f032-11f0-846b-6e001b3eef54,Boston,74,35,9.387965|3.000000|0.000000|0.000000|0.000000,10.007812023162842,3.0,9.855182|3.000000|0.000000|0.000000|0.000000,7.097400|7.000000|2.000000|0.000000|0.000000,7.101529|7.000000|2.000000|0.000000|0.000000,7,0.405123,N/A,5
MOGP_NSGAII,fc8e218e-f032-11f0-846b-6e001b3eef54,Boston,74,36,9.387965|3.000000|0.000000|0.000000|0.000000,9.006209135055542,3.0,9.855182|3.000000|0.000000|0.000000|0.000000,7.097400|7.000000|2.000000|0.000000|0.000000,7.101529|7.000000|2.000000|0.000000|0.000000,7,0.419954,N/A,5
MOGP_NSGAII,fc8e218e-f032-11f0-846b-6e001b3eef54,Boston,74,37,9.387965|3.000000|0.000000|0.000000|0.000000,8.037090063095093,3.0,9.855182|3.000000|0.000000|0.000000|0.000000,7.097400|7.000000|2.000000|0.000000|0.000000,7.101529|7.000000|2.000000|0.000000|0.000000,7,0.400464,N/A,5
MOGP_NSGAII,fc8e218e-f032-11f0-846b-6e001b3eef54,Boston,74,38,9.387965|3.000000|0.000000|0.000000|0.000000,9.990631818771362,3.0,9.855182|3.000000|0.000000|0.000000|0.000000,7.097400|7.000000|2.000000|0.000000|0.000000,7.101529|7.000000|2.000000|0.000000|0.000000,7,0.246698,N/A,5
MOGP_NSGAII,fc8e218e-f032-11f0-846b-6e001b3eef54,Boston,74,39,9.387965|3.000000|0.000000|0.000000|0.000000,14.001565217971802,3.0,9.855182|3.000000|0.000000|0.000000|0.000000,7.097400|7.000000|2.000000|0.000000|0.000000,7.101529|7.000000|2.000000|0.000000|0.000000,7,0.246707,N/A,5
MOGP_NSGAII,fc8e218e-f032-11f0-846b-6e001b3eef54,Boston,74,40,9.387965|3.000000|0.000000|0.000000|0.000000,14.108427047729492,3.0,9.855182|3.000000|0.000000|0.000000|0.000000,7.097400|7.000000|2.000000|0.000000|0.000000,7.101529|7.000000|2.000000|0.000000|0.000000,7,0.246740,N/A,5
MOGP_NSGAII,fc8e218e-f032-11f0-846b-6e001b3eef54,Boston,74,41,9.387965|3.000000|0.000000|0.000000|0.000000,13.070416927337646,3.0,9.855182|3.000000|0.000000|0.000000|0.000000,7.097400|7.000000|2.000000|0.000000|0.000000,7.101529|7.000000|2.000000|0.000000|0.000000,7,0.246758,N/A,5
MOGP_NSGAII,fc8e218e-f032-11f0-846b-6e001b3eef54,Boston,74,42,9.387965|3.000000|0.000000|0.000000|0.000000,12.318032264709473,3.0,9.855182|3.000000|0.000000|0.000000|0.000000,7.097400|7.000000|2.000000|0.000000|0.000000,7.101529|7.000000|2.000000|0.000000|0.000000,7,0.246657,N/A,5
MOGP_NSGAII,fc8e218e-f032-11f0-846b-6e001b3eef54,Boston,74,43,9.387965|3.000000|0.000000|0.000000|0.000000,10.833332061767578,3.0,9.855182|3.000000|0.000000|0.000000|0.000000,7.097400|7.000000|2.000000|0.000000|0.000000,7.101529|7.000000|2.000000|0.000000|0.000000,7,0.246104,N/A,5
MOGP_NSGAII,fc8e218e-f032-11f0-846b-6e001b3eef54,Boston,74,44,9.387965|3.000000|0.000000|0.000000|0.000000,9.49894404411316,3.0,9.855182|3.000000|0.000000|0.000000|0.000000,7.097400|7.000000|2.000000|0.000000|0.000000,7.101529|7.000000|2.000000|0.000000|0.000000,7,0.243707,N/A,5
MOGP_NSGAII,fc8e218e-f032-11f0-846b-6e001b3eef54,Boston,74,45,9.387965|3.000000|0.000000|0.000000|0.000000,9.010969877243042,3.0,9.855182|3.000000|0.000000|0.000000|0.000000,7.097400|7.000000|2.000000|0.000000|0.000000,7.101529|7.000000|2.000000|0.000000|0.000000,7,0.236898,N/A,5
MOGP_NSGAII,fc8e218e-f032-11f0-846b-6e001b3eef54,Boston,74,46,9.387965|3.000000|0.000000|0.000000|0.000000,10.750180006027222,3.0,9.855182|3.000000|0.000000|0.000000|0.000000,7.097400|7.000000|2.000000|0.000000|0.000000,7.101529|7.000000|2.000000|0.000000|0.000000,7,0.192741,N/A,5
MOGP_NSGAII,fc8e218e-f032-11f0-846b-6e001b3eef54,Boston,74,47,9.387965|3.000000|0.000000|0.000000|0.000000,10.403986930847168,3.0,9.855182|3.000000|0.000000|0.000000|0.000000,7.097400|7.000000|2.000000|0.000000|0.000000,7.101529|7.000000|2.000000|0.000000|0.000000,7,0.192741,N/A,5
MOGP_NSGAII,fc8e218e-f032-11f0-846b-6e001b3eef54,Boston,74,48,9.387965|3.000000|0.000000|0.000000|0.000000,10.840068817138672,3.0,9.855182|3.000000|0.000000|0.000000|0.000000,7.097400|7.000000|2.000000|0.000000|0.000000,7.101529|7.000000|2.000000|0.000000|0.000000,7,0.192741,N/A,5
MOGP_NSGAII,fc8e218e-f032-11f0-846b-6e001b3eef54,Boston,74,49,9.387965|3.000000|0.000000|0.000000|0.000000,11.148732900619507,3.0,9.855182|3.000000|0.000000|0.000000|0.000000,7.097400|7.000000|2.000000|0.000000|0.000000,7.101529|7.000000|2.000000|0.000000|0.000000,7,0.192741,N/A,5
MOGP_NSGAII,fc8e218e-f032-11f0-846b-6e001b3eef54,Boston,74,50,9.387965|3.000000|0.000000|0.000000|0.000000,11.122688055038452,3.0,9.855182|3.000000|0.000000|0.000000|0.000000,7.097400|7.000000|2.000000|0.000000|0.000000,7.101529|7.000000|2.000000|0.000000|0.000000,7,0.218784,N/A,5
MOGP_NSGAII,fc8e218e-f032-11f0-846b-6e001b3eef54,Boston,74,51,9.387965|3.000000|0.000000|0.000000|0.000000,10.983195781707764,3.0,9.855182|3.000000|0.000000|0.000000|0.000000,7.097400|7.000000|2.000000|0.000000|0.000000,7.101529|7.000000|2.000000|0.000000|0.000000,7,0.218784,N/A,5
MOGP_NSGAII,fc8e218e-f032-11f0-846b-6e001b3eef54,Boston,74,52,9.387965|3.000000|0.000000|0.000000|0.000000,10.740938901901245,3.0,9.855182|3.000000|0.000000|0.000000|0.000000,7.097400|7.000000|2.000000|0.000000|0.000000,7.101529|7.000000|2.000000|0.000000|0.000000,7,0.218784,N/A,5
MOGP_NSGAII,fc8e218e-f032-11f0-846b-6e001b3eef54,Boston,74,53,9.387965|3.000000|0.000000|0.000000|0.000000,10.818637132644653,3.0,9.855182|3.000000|0.000000|0.000000|0.000000,7.097400|7.000000|2.000000|0.000000|0.000000,7.101529|7.000000|2.000000|0.000000|0.000000,7,0.218784,N/A,5
MOGP_NSGAII,fc8e218e-f032-11f0-846b-6e001b3eef54,Boston,74,54,9.387965|3.000000|0.000000|0.000000|0.000000,10.95473313331604,3.0,9.855182|3.000000|0.000000|0.000000|0.000000,7.097400|7.000000|2.000000|0.000000|0.000000,7.101529|7.000000|2.000000|0.000000|0.000000,7,0.218784,N/A,5
MOGP_NSGAII,fc8e218e-f032-11f0-846b-6e001b3eef54,Boston,74,55,9.387965|3.000000|0.000000|0.000000|0.000000,10.904017925262451,3.0,9.855182|3.000000|0.000000|0.000000|0.000000,7.097400|7.000000|2.000000|0.000000|0.000000,7.101529|7.000000|2.000000|0.000000|0.000000,7,0.230655,N/A,5
MOGP_NSGAII,fc8e218e-f032-11f0-846b-6e001b3eef54,Boston,74,56,9.387965|3.000000|0.000000|0.000000|0.000000,10.952759027481079,3.0,9.855182|3.000000|0.000000|0.000000|0.000000,7.097400|7.000000|2.000000|0.000000|0.000000,7.101529|7.000000|2.000000|0.000000|0.000000,7,0.230655,N/A,5
MOGP_NSGAII,fc8e218e-f032-11f0-846b-6e001b3eef54,Boston,74,57,9.387965|3.000000|0.000000|0.000000|0.000000,11.158109903335571,3.0,9.855182|3.000000|0.000000|0.000000|0.000000,7.097400|7.000000|2.000000|0.000000|0.000000,7.101529|7.000000|2.000000|0.000000|0.000000,7,0.230655,N/A,5
MOGP_NSGAII,fc8e218e-f032-11f0-846b-6e001b3eef54,Boston,74,58,9.387965|3.000000|0.000000|0.000000|0.000000,10.771058797836304,3.0,9.855182|3.000000|0.000000|0.000000|0.000000,7.097400|7.000000|2.000000|0.000000|0.000000,7.101529|7.000000|2.000000|0.000000|0.000000,7,0.230655,N/A,5
MOGP_NSGAII,fc8e218e-f032-11f0-846b-6e001b3eef54,Boston,74,59,9.387965|3.000000|0.000000|0.000000|0.000000,11.076484203338623,3.0,9.855182|3.000000|0.000000|0.000000|0.000000,7.097400|7.000000|2.000000|0.000000|0.000000,7.101529|7.000000|2.000000|0.000000|0.000000,7,0.230655,N/A,5
MOGP_NSGAII,fc8e218e-f032-11f0-846b-6e001b3eef54,Boston,74,60,9.387965|3.000000|0.000000|0.000000|0.000000,11.111912965774536,3.0,9.855182|3.000000|0.000000|0.000000|0.000000,7.097400|7.000000|2.000000|0.000000|0.000000,7.101529|7.000000|2.000000|0.000000|0.000000,7,0.230655,N/A,5
MOGP_NSGAII,fc8e218e-f032-11f0-846b-6e001b3eef54,Boston,74,61,9.387965|3.000000|0.000000|0.000000|0.000000,10.758966207504272,3.0,9.855182|3.000000|0.000000|0.000000|0.000000,7.097400|7.000000|2.000000|0.000000|0.000000,7.101529|7.000000|2.000000|0.000000|0.000000,7,0.230655,N/A,5
MOGP_NSGAII,fc8e218e-f032-11f0-846b-6e001b3eef54,Boston,74,62,9.387965|3.000000|0.000000|0.000000|0.000000,11.324436902999878,3.0,9.855182|3.000000|0.000000|0.000000|0.000000,7.097400|7.000000|2.000000|0.000000|0.000000,7.101529|7.000000|2.000000|0.000000|0.000000,7,0.230655,N/A,5
MOGP_NSGAII,fc8e218e-f032-11f0-846b-6e001b3eef54,Boston,74,63,9.387965|3.000000|0.000000|0.000000|0.000000,11.000409126281738,3.0,9.855182|3.000000|0.000000|0.000000|0.000000,7.097400|7.000000|2.000000|0.000000|0.000000,7.101529|7.000000|2.000000|0.000000|0.000000,7,0.230655,N/A,5
MOGP_NSGAII,fc8e218e-f032-11f0-846b-6e001b3eef54,Boston,74,64,9.387965|3.000000|0.000000|0.000000|0.000000,10.663289070129395,3.0,9.855182|3.000000|0.000000|0.000000|0.000000,7.097400|7.000000|2.000000|0.000000|0.000000,7.101529|7.000000|2.000000|0.000000|0.000000,7,0.230655,N/A,5
MOGP_NSGAII,fc8e218e-f032-11f0-846b-6e001b3eef54,Boston,74,65,9.387965|3.000000|0.000000|0.000000|0.000000,11.116244077682495,3.0,9.855182|3.000000|0.000000|0.000000|0.000000,7.097400|7.000000|2.000000|0.000000|0.000000,7.101529|7.000000|2.000000|0.000000|0.000000,7,0.230655,N/A,5
MOGP_NSGAII,fc8e218e-f032-11f0-846b-6e001b3eef54,Boston,74,66,9.387965|3.000000|0.000000|0.000000|0.000000,10.787521123886108,3.0,9.855182|3.000000|0.000000|0.000000|0.000000,7.097400|7.000000|2.000000|0.000000|0.000000,7.101529|7.000000|2.000000|0.000000|0.000000,7,0.230906,N/A,5
MOGP_NSGAII,fc8e218e-f032-11f0-846b-6e001b3eef54,Boston,74,67,9.387965|3.000000|0.000000|0.000000|0.000000,10.888885974884033,3.0,9.855182|3.000000|0.000000|0.000000|0.000000,7.097400|7.000000|2.000000|0.000000|0.000000,7.101529|7.000000|2.000000|0.000000|0.000000,7,0.230906,N/A,5
MOGP_NSGAII,fc8e218e-f032-11f0-846b-6e001b3eef54,Boston,74,68,9.387965|3.000000|0.000000|0.000000|0.000000,11.174499750137329,3.0,9.855182|3.000000|0.000000|0.000000|0.000000,7.097400|7.000000|2.000000|0.000000|0.000000,7.101529|7.000000|2.000000|0.000000|0.000000,7,0.230906,N/A,5
MOGP_NSGAII,fc8e218e-f032-11f0-846b-6e001b3eef54,Boston,74,69,9.387965|3.000000|0.000000|0.000000|0.000000,10.839231967926025,3.0,9.855182|3.000000|0.000000|0.000000|0.000000,7.097400|7.000000|2.000000|0.000000|0.000000,7.101529|7.000000|2.000000|0.000000|0.000000,7,0.230906,N/A,5
MOGP_NSGAII,fc8e218e-f032-11f0-846b-6e001b3eef54,Boston,74,70,9.387965|3.000000|0.000000|0.000000|0.000000,10.93672800064087,3.0,9.855182|3.000000|0.000000|0.000000|0.000000,7.097400|7.000000|2.000000|0.000000|0.000000,7.101529|7.000000|2.000000|0.000000|0.000000,7,0.230906,N/A,5
MOGP_NSGAII,fc8e218e-f032-11f0-846b-6e001b3eef54,Boston,74,71,9.387965|3.000000|0.000000|0.000000|0.000000,10.736529111862183,3.0,9.855182|3.000000|0.000000|0.000000|0.000000,7.097400|7.000000|2.000000|0.000000|0.000000,7.101529|7.000000|2.000000|0.000000|0.000000,7,0.230906,N/A,5
MOGP_NSGAII,fc8e218e-f032-11f0-846b-6e001b3eef54,Boston,74,72,9.387965|3.000000|0.000000|0.000000|0.000000,11.270429134368896,3.0,9.855182|3.000000|0.000000|0.000000|0.000000,7.097400|7.000000|2.000000|0.000000|0.000000,7.101529|7.000000|2.000000|0.000000|0.000000,7,0.230906,N/A,5
MOGP_NSGAII,fc8e218e-f032-11f0-846b-6e001b3eef54,Boston,74,73,9.387965|3.000000|0.000000|0.000000|0.000000,10.891079902648926,3.0,9.855182|3.000000|0.000000|0.000000|0.000000,7.097400|7.000000|2.000000|0.000000|0.000000,7.101529|7.000000|2.000000|0.000000|0.000000,7,0.230906,N/A,5
MOGP_NSGAII,fc8e218e-f032-11f0-846b-6e001b3eef54,Boston,74,74,9.387965|3.000000|0.000000|0.000000|0.000000,10.880807876586914,3.0,9.855182|3.000000|0.000000|0.000000|0.000000,7.097400|7.000000|2.000000|0.000000|0.000000,7.101529|7.000000|2.000000|0.000000|0.000000,7,0.230906,N/A,5
MOGP_NSGAII,fc8e218e-f032-11f0-846b-6e001b3eef54,Boston,74,75,9.387965|3.000000|0.000000|0.000000|0.000000,10.948407888412476,3.0,9.855182|3.000000|0.000000|0.000000|0.000000,7.097400|7.000000|2.000000|0.000000|0.000000,7.101529|7.000000|2.000000|0.000000|0.000000,7,0.230906,N/A,5
MOGP_NSGAII,fc8e218e-f032-11f0-846b-6e001b3eef54,Boston,74,76,9.387965|3.000000|0.000000|0.000000|0.000000,10.894959926605225,3.0,9.855182|3.000000|0.000000|0.000000|0.000000,7.097400|7.000000|2.000000|0.000000|0.000000,7.101529|7.000000|2.000000|0.000000|0.000000,7,0.230906,N/A,5
MOGP_NSGAII,fc8e218e-f032-11f0-846b-6e001b3eef54,Boston,74,77,9.387965|3.000000|0.000000|0.000000|0.000000,11.429038763046265,3.0,9.855182|3.000000|0.000000|0.000000|0.000000,7.097400|7.000000|2.000000|0.000000|0.000000,7.101529|7.000000|2.000000|0.000000|0.000000,7,0.253274,N/A,5
MOGP_NSGAII,fc8e218e-f032-11f0-846b-6e001b3eef54,Boston,74,78,9.387965|3.000000|0.000000|0.000000|0.000000,10.81057596206665,3.0,9.855182|3.000000|0.000000|0.000000|0.000000,7.097400|7.000000|2.000000|0.000000|0.000000,7.101529|7.000000|2.000000|0.000000|0.000000,7,0.253274,N/A,5
MOGP_NSGAII,fc8e218e-f032-11f0-846b-6e001b3eef54,Boston,74,79,9.387965|3.000000|0.000000|0.000000|0.000000,10.884671926498413,3.0,9.855182|3.000000|0.000000|0.000000|0.000000,7.097400|7.000000|2.000000|0.000000|0.000000,7.101529|7.000000|2.000000|0.000000|0.000000,7,0.253274,N/A,5
MOGP_NSGAII,fc8e218e-f032-11f0-846b-6e001b3eef54,Boston,74,80,9.387965|3.000000|0.000000|0.000000|0.000000,11.166321277618408,3.0,9.855182|3.000000|0.000000|0.000000|0.000000,7.097400|7.000000|2.000000|0.000000|0.000000,7.101529|7.000000|2.000000|0.000000|0.000000,7,0.253274,N/A,5
MOGP_NSGAII,fc8e218e-f032-11f0-846b-6e001b3eef54,Boston,74,81,9.387965|3.000000|0.000000|0.000000|0.000000,10.986125946044922,3.0,9.855182|3.000000|0.000000|0.000000|0.000000,7.097400|7.000000|2.000000|0.000000|0.000000,7.101529|7.000000|2.000000|0.000000|0.000000,7,0.253274,N/A,5
MOGP_NSGAII,fc8e218e-f032-11f0-846b-6e001b3eef54,Boston,74,82,9.387965|3.000000|0.000000|0.000000|0.000000,11.44892692565918,3.0,9.855182|3.000000|0.000000|0.000000|0.000000,7.097400|7.000000|2.000000|0.000000|0.000000,7.101529|7.000000|2.000000|0.000000|0.000000,7,0.253972,N/A,5
MOGP_NSGAII,fc8e218e-f032-11f0-846b-6e001b3eef54,Boston,74,83,9.387965|3.000000|0.000000|0.000000|0.000000,11.038832187652588,3.0,9.855182|3.000000|0.000000|0.000000|0.000000,7.097400|7.000000|2.000000|0.000000|0.000000,7.101529|7.000000|2.000000|0.000000|0.000000,7,0.253972,N/A,5
MOGP_NSGAII,fc8e218e-f032-11f0-846b-6e001b3eef54,Boston,74,84,9.387965|3.000000|0.000000|0.000000|0.000000,10.822962045669556,3.0,9.855182|3.000000|0.000000|0.000000|0.000000,7.097400|7.000000|2.000000|0.000000|0.000000,7.101529|7.000000|2.000000|0.000000|0.000000,7,0.253972,N/A,5
MOGP_NSGAII,fc8e218e-f032-11f0-846b-6e001b3eef54,Boston,74,85,9.387965|3.000000|0.000000|0.000000|0.000000,10.853324890136719,3.0,9.855182|3.000000|0.000000|0.000000|0.000000,7.097400|7.000000|2.000000|0.000000|0.000000,7.101529|7.000000|2.000000|0.000000|0.000000,7,0.253972,N/A,5
MOGP_NSGAII,fc8e218e-f032-11f0-846b-6e001b3eef54,Boston,74,86,9.387965|3.000000|0.000000|0.000000|0.000000,10.655003070831299,3.0,9.855182|3.000000|0.000000|0.000000|0.000000,7.097400|7.000000|2.000000|0.000000|0.000000,7.101529|7.000000|2.000000|0.000000|0.000000,7,0.253972,N/A,5
MOGP_NSGAII,fc8e218e-f032-11f0-846b-6e001b3eef54,Boston,74,87,9.387965|3.000000|0.000000|0.000000|0.000000,10.729941129684448,3.0,9.855182|3.000000|0.000000|0.000000|0.000000,7.097400|7.000000|2.000000|0.000000|0.000000,7.101529|7.000000|2.000000|0.000000|0.000000,7,0.253972,N/A,5
MOGP_NSGAII,fc8e218e-f032-11f0-846b-6e001b3eef54,Boston,74,88,9.387965|3.000000|0.000000|0.000000|0.000000,10.92225193977356,3.0,9.855182|3.000000|0.000000|0.000000|0.000000,7.097400|7.000000|2.000000|0.000000|0.000000,7.101529|7.000000|2.000000|0.000000|0.000000,7,0.253972,N/A,5
MOGP_NSGAII,fc8e218e-f032-11f0-846b-6e001b3eef54,Boston,74,89,9.387965|3.000000|0.000000|0.000000|0.000000,11.062138080596924,3.0,9.855182|3.000000|0.000000|0.000000|0.000000,7.097400|7.000000|2.000000|0.000000|0.000000,7.101529|7.000000|2.000000|0.000000|0.000000,7,0.253972,N/A,5
MOGP_NSGAII,fc8e218e-f032-11f0-846b-6e001b3eef54,Boston,74,90,9.387965|3.000000|0.000000|0.000000|0.000000,11.059980154037476,3.0,9.855182|3.000000|0.000000|0.000000|0.000000,7.097400|7.000000|2.000000|0.000000|0.000000,7.101529|7.000000|2.000000|0.000000|0.000000,7,0.253972,N/A,5
MOGP_NSGAII,fc8e218e-f032-11f0-846b-6e001b3eef54,Boston,74,91,9.387965|3.000000|0.000000|0.000000|0.000000,10.933637142181396,3.0,9.855182|3.000000|0.000000|0.000000|0.000000,7.097400|7.000000|2.000000|0.000000|0.000000,7.101529|7.000000|2.000000|0.000000|0.000000,7,0.253972,N/A,5
MOGP_NSGAII,fc8e218e-f032-11f0-846b-6e001b3eef54,Boston,74,92,9.387965|3.000000|0.000000|0.000000|0.000000,11.0123450756073,3.0,9.855182|3.000000|0.000000|0.000000|0.000000,7.097400|7.000000|2.000000|0.000000|0.000000,7.101529|7.000000|2.000000|0.000000|0.000000,7,0.253972,N/A,5
MOGP_NSGAII,fc8e218e-f032-11f0-846b-6e001b3eef54,Boston,74,93,9.387965|3.000000|0.000000|0.000000|0.000000,10.76840591430664,3.0,9.855182|3.000000|0.000000|0.000000|0.000000,7.097400|7.000000|2.000000|0.000000|0.000000,7.101529|7.000000|2.000000|0.000000|0.000000,7,0.253972,N/A,5
MOGP_NSGAII,fc8e218e-f032-11f0-846b-6e001b3eef54,Boston,74,94,9.387965|3.000000|0.000000|0.000000|0.000000,11.062012910842896,3.0,9.855182|3.000000|0.000000|0.000000|0.000000,7.097400|7.000000|2.000000|0.000000|0.000000,7.101529|7.000000|2.000000|0.000000|0.000000,7,0.253972,N/A,5
MOGP_NSGAII,fc8e218e-f032-11f0-846b-6e001b3eef54,Boston,74,95,9.387965|3.000000|0.000000|0.000000|0.000000,10.877308130264282,3.0,9.855182|3.000000|0.000000|0.000000|0.000000,7.097400|7.000000|2.000000|0.000000|0.000000,7.101529|7.000000|2.000000|0.000000|0.000000,7,0.253972,N/A,5
MOGP_NSGAII,fc8e218e-f032-11f0-846b-6e001b3eef54,Boston,74,96,9.387965|3.000000|0.000000|0.000000|0.000000,10.50252389907837,3.0,9.855182|3.000000|0.000000|0.000000|0.000000,7.097400|7.000000|2.000000|0.000000|0.000000,7.101529|7.000000|2.000000|0.000000|0.000000,7,0.253972,N/A,5
MOGP_NSGAII,fc8e218e-f032-11f0-846b-6e001b3eef54,Boston,74,97,9.387965|3.000000|0.000000|0.000000|0.000000,11.171486139297485,3.0,9.855182|3.000000|0.000000|0.000000|0.000000,7.097400|7.000000|2.000000|0.000000|0.000000,7.101529|7.000000|2.000000|0.000000|0.000000,7,0.253972,N/A,5
MOGP_NSGAII,fc8e218e-f032-11f0-846b-6e001b3eef54,Boston,74,98,9.387965|3.000000|0.000000|0.000000|0.000000,10.919007062911987,3.0,9.855182|3.000000|0.000000|0.000000|0.000000,7.097400|7.000000|2.000000|0.000000|0.000000,7.101529|7.000000|2.000000|0.000000|0.000000,7,0.253972,N/A,5
MOGP_NSGAII,fc8e218e-f032-11f0-846b-6e001b3eef54,Boston,74,99,9.387965|3.000000|0.000000|0.000000|0.000000,11.17253303527832,3.0,9.855182|3.000000|0.000000|0.000000|0.000000,7.097400|7.000000|2.000000|0.000000|0.000000,7.101529|7.000000|2.000000|0.000000|0.000000,7,0.253972,N/A,5
MOGP_NSGAII,fc8e218e-f032-11f0-846b-6e001b3eef54,Boston,74,100,9.387965|3.000000|0.000000|0.000000|0.000000,11.944193840026855,3.0,9.855182|3.000000|0.000000|0.000000|0.000000,7.097400|7.000000|2.000000|0.000000|0.000000,7.101529|7.000000|2.000000|0.000000|0.000000,7,0.253972,N/A,5
MOGP_NSGAII,fc8e218e-f032-11f0-846b-6e001b3eef54,Boston,74,101,9.387965|3.000000|0.000000|0.000000|0.000000,10.80630111694336,3.0,9.855182|3.000000|0.000000|0.000000|0.000000,7.097400|7.000000|2.000000|0.000000|0.000000,7.101529|7.000000|2.000000|0.000000|0.000000,7,0.253972,N/A,5
MOGP_NSGAII,fc8e218e-f032-11f0-846b-6e001b3eef54,Boston,74,102,9.387965|3.000000|0.000000|0.000000|0.000000,11.320546627044678,3.0,9.855182|3.000000|0.000000|0.000000|0.000000,7.097400|7.000000|2.000000|0.000000|0.000000,7.101529|7.000000|2.000000|0.000000|0.000000,7,0.253972,N/A,5
MOGP_NSGAII,fc8e218e-f032-11f0-846b-6e001b3eef54,Boston,74,103,9.387965|3.000000|0.000000|0.000000|0.000000,10.365535020828247,3.0,9.855182|3.000000|0.000000|0.000000|0.000000,7.097400|7.000000|2.000000|0.000000|0.000000,7.101529|7.000000|2.000000|0.000000|0.000000,7,0.253972,N/A,5
MOGP_NSGAII,fc8e218e-f032-11f0-846b-6e001b3eef54,Boston,74,104,9.387965|3.000000|0.000000|0.000000|0.000000,10.772900104522705,3.0,9.855182|3.000000|0.000000|0.000000|0.000000,7.097400|7.000000|2.000000|0.000000|0.000000,7.101529|7.000000|2.000000|0.000000|0.000000,7,0.253972,N/A,5
MOGP_NSGAII,fc8e218e-f032-11f0-846b-6e001b3eef54,Boston,74,105,9.387965|3.000000|0.000000|0.000000|0.000000,10.875738143920898,3.0,9.855182|3.000000|0.000000|0.000000|0.000000,7.097400|7.000000|2.000000|0.000000|0.000000,7.101529|7.000000|2.000000|0.000000|0.000000,7,0.253972,N/A,5
MOGP_NSGAII,fc8e218e-f032-11f0-846b-6e001b3eef54,Boston,74,106,9.387965|3.000000|0.000000|0.000000|0.000000,10.795491695404053,3.0,9.855182|3.000000|0.000000|0.000000|0.000000,7.097400|7.000000|2.000000|0.000000|0.000000,7.101529|7.000000|2.000000|0.000000|0.000000,7,0.253972,N/A,5
MOGP_NSGAII,fc8e218e-f032-11f0-846b-6e001b3eef54,Boston,74,107,9.387965|3.000000|0.000000|0.000000|0.000000,11.024340152740479,3.0,9.855182|3.000000|0.000000|0.000000|0.000000,7.097400|7.000000|2.000000|0.000000|0.000000,7.101529|7.000000|2.000000|0.000000|0.000000,7,0.253972,N/A,5
MOGP_NSGAII,fc8e218e-f032-11f0-846b-6e001b3eef54,Boston,74,108,9.387965|3.000000|0.000000|0.000000|0.000000,11.094684839248657,3.0,9.855182|3.000000|0.000000|0.000000|0.000000,7.097400|7.000000|2.000000|0.000000|0.000000,7.101529|7.000000|2.000000|0.000000|0.000000,7,0.253972,N/A,5
MOGP_NSGAII,fc8e218e-f032-11f0-846b-6e001b3eef54,Boston,74,109,9.387965|3.000000|0.000000|0.000000|0.000000,11.175009965896606,3.0,9.855182|3.000000|0.000000|0.000000|0.000000,7.097400|7.000000|2.000000|0.000000|0.000000,7.101529|7.000000|2.000000|0.000000|0.000000,7,0.253972,N/A,5
MOGP_NSGAII,fc8e218e-f032-11f0-846b-6e001b3eef54,Boston,74,110,9.387965|3.000000|0.000000|0.000000|0.000000,10.817010164260864,3.0,9.855182|3.000000|0.000000|0.000000|0.000000,7.097400|7.000000|2.000000|0.000000|0.000000,7.101529|7.000000|2.000000|0.000000|0.000000,7,0.260082,N/A,5
MOGP_NSGAII,fc8e218e-f032-11f0-846b-6e001b3eef54,Boston,74,111,9.387965|3.000000|0.000000|0.000000|0.000000,11.02884292602539,3.0,9.855182|3.000000|0.000000|0.000000|0.000000,7.097400|7.000000|2.000000|0.000000|0.000000,7.101529|7.000000|2.000000|0.000000|0.000000,7,0.260082,N/A,5
MOGP_NSGAII,fc8e218e-f032-11f0-846b-6e001b3eef54,Boston,74,112,9.387965|3.000000|0.000000|0.000000|0.000000,10.912832021713257,3.0,9.855182|3.000000|0.000000|0.000000|0.000000,7.097400|7.000000|2.000000|0.000000|0.000000,7.101529|7.000000|2.000000|0.000000|0.000000,7,0.260082,N/A,5
MOGP_NSGAII,fc8e218e-f032-11f0-846b-6e001b3eef54,Boston,74,113,9.387965|3.000000|0.000000|0.000000|0.000000,10.440074920654297,3.0,9.855182|3.000000|0.000000|0.000000|0.000000,7.097400|7.000000|2.000000|0.000000|0.000000,7.101529|7.000000|2.000000|0.000000|0.000000,7,0.260082,N/A,5
MOGP_NSGAII,fc8e218e-f032-11f0-846b-6e001b3eef54,Boston,74,114,9.387965|3.000000|0.000000|0.000000|0.000000,10.882490873336792,3.0,9.855182|3.000000|0.000000|0.000000|0.000000,7.097400|7.000000|2.000000|0.000000|0.000000,7.101529|7.000000|2.000000|0.000000|0.000000,7,0.260082,N/A,5
MOGP_NSGAII,fc8e218e-f032-11f0-846b-6e001b3eef54,Boston,74,115,9.387965|3.000000|0.000000|0.000000|0.000000,10.662462949752808,3.0,9.855182|3.000000|0.000000|0.000000|0.000000,7.097400|7.000000|2.000000|0.000000|0.000000,7.101529|7.000000|2.000000|0.000000|0.000000,7,0.260082,N/A,5
MOGP_NSGAII,fc8e218e-f032-11f0-846b-6e001b3eef54,Boston,74,116,9.387965|3.000000|0.000000|0.000000|0.000000,10.92684292793274,3.0,9.855182|3.000000|0.000000|0.000000|0.000000,7.097400|7.000000|2.000000|0.000000|0.000000,7.101529|7.000000|2.000000|0.000000|0.000000,7,0.260082,N/A,5
MOGP_NSGAII,fc8e218e-f032-11f0-846b-6e001b3eef54,Boston,74,117,9.387965|3.000000|0.000000|0.000000|0.000000,10.671220064163208,3.0,9.855182|3.000000|0.000000|0.000000|0.000000,7.097400|7.000000|2.000000|0.000000|0.000000,7.101529|7.000000|2.000000|0.000000|0.000000,7,0.260082,N/A,5
MOGP_NSGAII,fc8e218e-f032-11f0-846b-6e001b3eef54,Boston,74,118,9.387965|3.000000|0.000000|0.000000|0.000000,10.995240926742554,3.0,9.855182|3.000000|0.000000|0.000000|0.000000,7.097400|7.000000|2.000000|0.000000|0.000000,7.101529|7.000000|2.000000|0.000000|0.000000,7,0.260082,N/A,5
MOGP_NSGAII,fc8e218e-f032-11f0-846b-6e001b3eef54,Boston,74,119,9.387965|3.000000|0.000000|0.000000|0.000000,11.040316820144653,3.0,9.855182|3.000000|0.000000|0.000000|0.000000,7.097400|7.000000|2.000000|0.000000|0.000000,7.101529|7.000000|2.000000|0.000000|0.000000,7,0.260082,N/A,5
MOGP_NSGAII,fc8e218e-f032-11f0-846b-6e001b3eef54,Boston,74,120,9.387965|3.000000|0.000000|0.000000|0.000000,10.491445064544678,3.0,9.855182|3.000000|0.000000|0.000000|0.000000,7.097400|7.000000|2.000000|0.000000|0.000000,7.101529|7.000000|2.000000|0.000000|0.000000,7,0.260082,N/A,5
MOGP_NSGAII,fc8e218e-f032-11f0-846b-6e001b3eef54,Boston,74,121,9.387965|3.000000|0.000000|0.000000|0.000000,10.702198028564453,3.0,9.855182|3.000000|0.000000|0.000000|0.000000,7.097400|7.000000|2.000000|0.000000|0.000000,7.101529|7.000000|2.000000|0.000000|0.000000,7,0.260082,N/A,5
MOGP_NSGAII,fc8e218e-f032-11f0-846b-6e001b3eef54,Boston,74,122,9.387965|3.000000|0.000000|0.000000|0.000000,10.243644952774048,3.0,9.855182|3.000000|0.000000|0.000000|0.000000,7.097400|7.000000|2.000000|0.000000|0.000000,7.101529|7.000000|2.000000|0.000000|0.000000,7,0.260082,N/A,5
MOGP_NSGAII,fc8e218e-f032-11f0-846b-6e001b3eef54,Boston,74,123,9.387965|3.000000|0.000000|0.000000|0.000000,10.809767961502075,3.0,9.855182|3.000000|0.000000|0.000000|0.000000,7.097400|7.000000|2.000000|0.000000|0.000000,7.101529|7.000000|2.000000|0.000000|0.000000,7,0.260082,N/A,5
MOGP_NSGAII,fc8e218e-f032-11f0-846b-6e001b3eef54,Boston,74,124,9.387965|3.000000|0.000000|0.000000|0.000000,10.713422060012817,3.0,9.855182|3.000000|0.000000|0.000000|0.000000,7.097400|7.000000|2.000000|0.000000|0.000000,7.101529|7.000000|2.000000|0.000000|0.000000,7,0.260082,N/A,5
MOGP_NSGAII,fc8e218e-f032-11f0-846b-6e001b3eef54,Boston,74,125,9.387965|3.000000|0.000000|0.000000|0.000000,11.209890842437744,3.0,9.855182|3.000000|0.000000|0.000000|0.000000,7.097400|7.000000|2.000000|0.000000|0.000000,7.101529|7.000000|2.000000|0.000000|0.000000,7,0.260082,N/A,5
MOGP_NSGAII,fc8e218e-f032-11f0-846b-6e001b3eef54,Boston,74,126,9.387965|3.000000|0.000000|0.000000|0.000000,11.325196981430054,3.0,9.855182|3.000000|0.000000|0.000000|0.000000,7.097400|7.000000|2.000000|0.000000|0.000000,7.101529|7.000000|2.000000|0.000000|0.000000,7,0.260082,N/A,5
MOGP_NSGAII,fc8e218e-f032-11f0-846b-6e001b3eef54,Boston,74,127,9.387965|3.000000|0.000000|0.000000|0.000000,10.843905925750732,3.0,9.855182|3.000000|0.000000|0.000000|0.000000,7.097400|7.000000|2.000000|0.000000|0.000000,7.101529|7.000000|2.000000|0.000000|0.000000,7,0.260400,N/A,5
MOGP_NSGAII,fc8e218e-f032-11f0-846b-6e001b3eef54,Boston,74,128,9.387965|3.000000|0.000000|0.000000|0.000000,11.015209913253784,3.0,9.855182|3.000000|0.000000|0.000000|0.000000,7.097400|7.000000|2.000000|0.000000|0.000000,7.101529|7.000000|2.000000|0.000000|0.000000,7,0.260400,N/A,5
MOGP_NSGAII,fc8e218e-f032-11f0-846b-6e001b3eef54,Boston,74,129,9.387965|3.000000|0.000000|0.000000|0.000000,10.75632905960083,3.0,9.855182|3.000000|0.000000|0.000000|0.000000,7.097400|7.000000|2.000000|0.000000|0.000000,7.101529|7.000000|2.000000|0.000000|0.000000,7,0.260400,N/A,5
MOGP_NSGAII,fc8e218e-f032-11f0-846b-6e001b3eef54,Boston,74,130,9.387965|3.000000|0.000000|0.000000|0.000000,10.916284799575806,3.0,9.855182|3.000000|0.000000|0.000000|0.000000,7.097400|7.000000|2.000000|0.000000|0.000000,7.101529|7.000000|2.000000|0.000000|0.000000,7,0.260400,N/A,5
MOGP_NSGAII,fc8e218e-f032-11f0-846b-6e001b3eef54,Boston,74,131,9.387965|3.000000|0.000000|0.000000|0.000000,10.727360010147095,3.0,9.855182|3.000000|0.000000|0.000000|0.000000,7.097400|7.000000|2.000000|0.000000|0.000000,7.101529|7.000000|2.000000|0.000000|0.000000,7,0.260400,N/A,5
MOGP_NSGAII,fc8e218e-f032-11f0-846b-6e001b3eef54,Boston,74,132,9.387965|3.000000|0.000000|0.000000|0.000000,11.20297908782959,3.0,9.855182|3.000000|0.000000|0.000000|0.000000,7.097400|7.000000|2.000000|0.000000|0.000000,7.101529|7.000000|2.000000|0.000000|0.000000,7,0.260400,N/A,5
MOGP_NSGAII,fc8e218e-f032-11f0-846b-6e001b3eef54,Boston,74,133,9.387965|3.000000|0.000000|0.000000|0.000000,11.20948600769043,3.0,9.855182|3.000000|0.000000|0.000000|0.000000,7.097400|7.000000|2.000000|0.000000|0.000000,7.101529|7.000000|2.000000|0.000000|0.000000,7,0.260400,N/A,5
MOGP_NSGAII,fc8e218e-f032-11f0-846b-6e001b3eef54,Boston,74,134,9.387965|3.000000|0.000000|0.000000|0.000000,11.252324104309082,3.0,9.855182|3.000000|0.000000|0.000000|0.000000,7.097400|7.000000|2.000000|0.000000|0.000000,7.101529|7.000000|2.000000|0.000000|0.000000,7,0.260400,N/A,5
MOGP_NSGAII,fc8e218e-f032-11f0-846b-6e001b3eef54,Boston,74,135,9.387965|3.000000|0.000000|0.000000|0.000000,10.82639479637146,3.0,9.855182|3.000000|0.000000|0.000000|0.000000,7.097400|7.000000|2.000000|0.000000|0.000000,7.101529|7.000000|2.000000|0.000000|0.000000,7,0.260400,N/A,5
MOGP_NSGAII,fc8e218e-f032-11f0-846b-6e001b3eef54,Boston,74,136,9.387965|3.000000|0.000000|0.000000|0.000000,10.84189510345459,3.0,9.855182|3.000000|0.000000|0.000000|0.000000,7.097400|7.000000|2.000000|0.000000|0.000000,7.101529|7.000000|2.000000|0.000000|0.000000,7,0.260400,N/A,5
MOGP_NSGAII,fc8e218e-f032-11f0-846b-6e001b3eef54,Boston,74,137,9.387965|3.000000|0.000000|0.000000|0.000000,10.805998802185059,3.0,9.855182|3.000000|0.000000|0.000000|0.000000,7.097400|7.000000|2.000000|0.000000|0.000000,7.101529|7.000000|2.000000|0.000000|0.000000,7,0.260400,N/A,5
MOGP_NSGAII,fc8e218e-f032-11f0-846b-6e001b3eef54,Boston,74,138,9.387965|3.000000|0.000000|0.000000|0.000000,10.828876972198486,3.0,9.855182|3.000000|0.000000|0.000000|0.000000,7.097400|7.000000|2.000000|0.000000|0.000000,7.101529|7.000000|2.000000|0.000000|0.000000,7,0.260400,N/A,5
MOGP_NSGAII,fc8e218e-f032-11f0-846b-6e001b3eef54,Boston,74,139,9.387965|3.000000|0.000000|0.000000|0.000000,10.772833108901978,3.0,9.855182|3.000000|0.000000|0.000000|0.000000,7.097400|7.000000|2.000000|0.000000|0.000000,7.101529|7.000000|2.000000|0.000000|0.000000,7,0.260400,N/A,5
MOGP_NSGAII,fc8e218e-f032-11f0-846b-6e001b3eef54,Boston,74,140,9.387965|3.000000|0.000000|0.000000|0.000000,11.06420087814331,3.0,9.855182|3.000000|0.000000|0.000000|0.000000,7.097400|7.000000|2.000000|0.000000|0.000000,7.101529|7.000000|2.000000|0.000000|0.000000,7,0.260400,N/A,5
MOGP_NSGAII,fc8e218e-f032-11f0-846b-6e001b3eef54,Boston,74,141,9.387965|3.000000|0.000000|0.000000|0.000000,10.988079071044922,3.0,9.855182|3.000000|0.000000|0.000000|0.000000,7.097400|7.000000|2.000000|0.000000|0.000000,7.101529|7.000000|2.000000|0.000000|0.000000,7,0.260400,N/A,5
MOGP_NSGAII,fc8e218e-f032-11f0-846b-6e001b3eef54,Boston,74,142,9.387965|3.000000|0.000000|0.000000|0.000000,10.319825887680054,3.0,9.855182|3.000000|0.000000|0.000000|0.000000,7.097400|7.000000|2.000000|0.000000|0.000000,7.101529|7.000000|2.000000|0.000000|0.000000,7,0.260400,N/A,5
MOGP_NSGAII,fc8e218e-f032-11f0-846b-6e001b3eef54,Boston,74,143,9.387965|3.000000|0.000000|0.000000|0.000000,11.382654905319214,3.0,9.855182|3.000000|0.000000|0.000000|0.000000,7.097400|7.000000|2.000000|0.000000|0.000000,7.101529|7.000000|2.000000|0.000000|0.000000,7,0.260400,N/A,5
MOGP_NSGAII,fc8e218e-f032-11f0-846b-6e001b3eef54,Boston,74,144,9.387965|3.000000|0.000000|0.000000|0.000000,10.976080894470215,3.0,9.855182|3.000000|0.000000|0.000000|0.000000,7.097400|7.000000|2.000000|0.000000|0.000000,7.101529|7.000000|2.000000|0.000000|0.000000,7,0.260400,N/A,5
MOGP_NSGAII,fc8e218e-f032-11f0-846b-6e001b3eef54,Boston,74,145,9.387965|3.000000|0.000000|0.000000|0.000000,11.130735874176025,3.0,9.855182|3.000000|0.000000|0.000000|0.000000,7.097400|7.000000|2.000000|0.000000|0.000000,7.101529|7.000000|2.000000|0.000000|0.000000,7,0.260400,N/A,5
MOGP_NSGAII,fc8e218e-f032-11f0-846b-6e001b3eef54,Boston,74,146,9.387965|3.000000|0.000000|0.000000|0.000000,11.349430561065674,3.0,9.855182|3.000000|0.000000|0.000000|0.000000,7.097400|7.000000|2.000000|0.000000|0.000000,7.101529|7.000000|2.000000|0.000000|0.000000,7,0.260400,N/A,5
MOGP_NSGAII,fc8e218e-f032-11f0-846b-6e001b3eef54,Boston,74,147,9.387965|3.000000|0.000000|0.000000|0.000000,10.513990879058838,3.0,9.855182|3.000000|0.000000|0.000000|0.000000,7.097400|7.000000|2.000000|0.000000|0.000000,7.101529|7.000000|2.000000|0.000000|0.000000,7,0.260400,N/A,5
MOGP_NSGAII,fc8e218e-f032-11f0-846b-6e001b3eef54,Boston,74,148,9.387965|3.000000|0.000000|0.000000|0.000000,10.804588794708252,3.0,9.855182|3.000000|0.000000|0.000000|0.000000,7.097400|7.000000|2.000000|0.000000|0.000000,7.101529|7.000000|2.000000|0.000000|0.000000,7,0.260400,N/A,5
MOGP_NSGAII,fc8e218e-f032-11f0-846b-6e001b3eef54,Boston,74,149,9.387965|3.000000|0.000000|0.000000|0.000000,10.67110824584961,3.0,9.855182|3.000000|0.000000|0.000000|0.000000,7.097400|7.000000|2.000000|0.000000|0.000000,7.101529|7.000000|2.000000|0.000000|0.000000,7,0.231516,N/A,5
MOGP_NSGAII,fc8e218e-f032-11f0-846b-6e001b3eef54,Boston,74,150,9.387965|3.000000|0.000000|0.000000|0.000000,10.65500807762146,3.0,9.855182|3.000000|0.000000|0.000000|0.000000,7.097400|7.000000|2.000000|0.000000|0.000000,7.101529|7.000000|2.000000|0.000000|0.000000,7,0.231516,N/A,5
MOGP_NSGAII,fc8e218e-f032-11f0-846b-6e001b3eef54,Boston,74,151,9.387965|3.000000|0.000000|0.000000|0.000000,10.459283828735352,3.0,9.855182|3.000000|0.000000|0.000000|0.000000,7.097400|7.000000|2.000000|0.000000|0.000000,7.101529|7.000000|2.000000|0.000000|0.000000,7,0.231516,N/A,5
MOGP_NSGAII,fc8e218e-f032-11f0-846b-6e001b3eef54,Boston,74,152,9.387965|3.000000|0.000000|0.000000|0.000000,10.886121988296509,3.0,9.855182|3.000000|0.000000|0.000000|0.000000,7.097400|7.000000|2.000000|0.000000|0.000000,7.101529|7.000000|2.000000|0.000000|0.000000,7,0.231516,N/A,5
MOGP_NSGAII,fc8e218e-f032-11f0-846b-6e001b3eef54,Boston,74,153,9.387965|3.000000|0.000000|0.000000|0.000000,10.531513214111328,3.0,9.855182|3.000000|0.000000|0.000000|0.000000,7.097400|7.000000|2.000000|0.000000|0.000000,7.101529|7.000000|2.000000|0.000000|0.000000,7,0.231516,N/A,5
MOGP_NSGAII,fc8e218e-f032-11f0-846b-6e001b3eef54,Boston,74,154,9.387965|3.000000|0.000000|0.000000|0.000000,10.873295783996582,3.0,9.855182|3.000000|0.000000|0.000000|0.000000,7.097400|7.000000|2.000000|0.000000|0.000000,7.101529|7.000000|2.000000|0.000000|0.000000,7,0.231516,N/A,5
MOGP_NSGAII,fc8e218e-f032-11f0-846b-6e001b3eef54,Boston,74,155,9.387965|3.000000|0.000000|0.000000|0.000000,11.018238306045532,3.0,9.855182|3.000000|0.000000|0.000000|0.000000,7.097400|7.000000|2.000000|0.000000|0.000000,7.101529|7.000000|2.000000|0.000000|0.000000,7,0.231516,N/A,5
MOGP_NSGAII,fc8e218e-f032-11f0-846b-6e001b3eef54,Boston,74,156,9.387965|3.000000|0.000000|0.000000|0.000000,10.855027914047241,3.0,9.855182|3.000000|0.000000|0.000000|0.000000,7.097400|7.000000|2.000000|0.000000|0.000000,7.101529|7.000000|2.000000|0.000000|0.000000,7,0.231516,N/A,5
MOGP_NSGAII,fc8e218e-f032-11f0-846b-6e001b3eef54,Boston,74,157,9.387965|3.000000|0.000000|0.000000|0.000000,10.583917140960693,3.0,9.855182|3.000000|0.000000|0.000000|0.000000,7.097400|7.000000|2.000000|0.000000|0.000000,7.101529|7.000000|2.000000|0.000000|0.000000,7,0.231516,N/A,5
MOGP_NSGAII,fc8e218e-f032-11f0-846b-6e001b3eef54,Boston,74,158,9.387965|3.000000|0.000000|0.000000|0.000000,11.132355213165283,3.0,9.855182|3.000000|0.000000|0.000000|0.000000,7.097400|7.000000|2.000000|0.000000|0.000000,7.101529|7.000000|2.000000|0.000000|0.000000,7,0.231516,N/A,5
MOGP_NSGAII,fc8e218e-f032-11f0-846b-6e001b3eef54,Boston,74,159,9.387965|3.000000|0.000000|0.000000|0.000000,10.515022039413452,3.0,9.855182|3.000000|0.000000|0.000000|0.000000,7.097400|7.000000|2.000000|0.000000|0.000000,7.101529|7.000000|2.000000|0.000000|0.000000,7,0.242730,N/A,5
MOGP_NSGAII,fc8e218e-f032-11f0-846b-6e001b3eef54,Boston,74,160,9.387965|3.000000|0.000000|0.000000|0.000000,10.958688974380493,3.0,9.855182|3.000000|0.000000|0.000000|0.000000,7.097400|7.000000|2.000000|0.000000|0.000000,7.101529|7.000000|2.000000|0.000000|0.000000,7,0.242730,N/A,5
MOGP_NSGAII,fc8e218e-f032-11f0-846b-6e001b3eef54,Boston,74,161,9.387965|3.000000|0.000000|0.000000|0.000000,10.904139995574951,3.0,9.855182|3.000000|0.000000|0.000000|0.000000,7.097400|7.000000|2.000000|0.000000|0.000000,7.101529|7.000000|2.000000|0.000000|0.000000,7,0.242730,N/A,5
MOGP_NSGAII,fc8e218e-f032-11f0-846b-6e001b3eef54,Boston,74,162,9.387965|3.000000|0.000000|0.000000|0.000000,11.146425008773804,3.0,9.855182|3.000000|0.000000|0.000000|0.000000,7.097400|7.000000|2.000000|0.000000|0.000000,7.101529|7.000000|2.000000|0.000000|0.000000,7,0.242730,N/A,5
MOGP_NSGAII,fc8e218e-f032-11f0-846b-6e001b3eef54,Boston,74,163,9.387965|3.000000|0.000000|0.000000|0.000000,10.404293775558472,3.0,9.855182|3.000000|0.000000|0.000000|0.000000,7.097400|7.000000|2.000000|0.000000|0.000000,7.101529|7.000000|2.000000|0.000000|0.000000,7,0.242730,N/A,5
MOGP_NSGAII,fc8e218e-f032-11f0-846b-6e001b3eef54,Boston,74,164,9.387965|3.000000|0.000000|0.000000|0.000000,10.60807991027832,3.0,9.855182|3.000000|0.000000|0.000000|0.000000,7.097400|7.000000|2.000000|0.000000|0.000000,7.101529|7.000000|2.000000|0.000000|0.000000,7,0.242730,N/A,5
MOGP_NSGAII,fc8e218e-f032-11f0-846b-6e001b3eef54,Boston,74,165,9.387965|3.000000|0.000000|0.000000|0.000000,11.244937896728516,3.0,9.855182|3.000000|0.000000|0.000000|0.000000,7.097400|7.000000|2.000000|0.000000|0.000000,7.101529|7.000000|2.000000|0.000000|0.000000,7,0.242730,N/A,5
MOGP_NSGAII,fc8e218e-f032-11f0-846b-6e001b3eef54,Boston,74,166,9.387965|3.000000|0.000000|0.000000|0.000000,11.177175045013428,3.0,9.855182|3.000000|0.000000|0.000000|0.000000,7.097400|7.000000|2.000000|0.000000|0.000000,7.101529|7.000000|2.000000|0.000000|0.000000,7,0.242730,N/A,5
MOGP_NSGAII,fc8e218e-f032-11f0-846b-6e001b3eef54,Boston,74,167,9.387965|3.000000|0.000000|0.000000|0.000000,10.499320983886719,3.0,9.855182|3.000000|0.000000|0.000000|0.000000,7.097400|7.000000|2.000000|0.000000|0.000000,7.101529|7.000000|2.000000|0.000000|0.000000,7,0.242730,N/A,5
MOGP_NSGAII,fc8e218e-f032-11f0-846b-6e001b3eef54,Boston,74,168,9.387965|3.000000|0.000000|0.000000|0.000000,10.941531896591187,3.0,9.855182|3.000000|0.000000|0.000000|0.000000,7.097400|7.000000|2.000000|0.000000|0.000000,7.101529|7.000000|2.000000|0.000000|0.000000,7,0.242730,N/A,5
MOGP_NSGAII,fc8e218e-f032-11f0-846b-6e001b3eef54,Boston,74,169,9.387965|3.000000|0.000000|0.000000|0.000000,10.80875015258789,3.0,9.855182|3.000000|0.000000|0.000000|0.000000,7.097400|7.000000|2.000000|0.000000|0.000000,7.101529|7.000000|2.000000|0.000000|0.000000,7,0.242730,N/A,5
MOGP_NSGAII,fc8e218e-f032-11f0-846b-6e001b3eef54,Boston,74,170,9.387965|3.000000|0.000000|0.000000|0.000000,10.951433897018433,3.0,9.855182|3.000000|0.000000|0.000000|0.000000,7.097400|7.000000|2.000000|0.000000|0.000000,7.101529|7.000000|2.000000|0.000000|0.000000,7,0.242730,N/A,5
MOGP_NSGAII,fc8e218e-f032-11f0-846b-6e001b3eef54,Boston,74,171,9.387965|3.000000|0.000000|0.000000|0.000000,10.935965061187744,3.0,9.855182|3.000000|0.000000|0.000000|0.000000,7.097400|7.000000|2.000000|0.000000|0.000000,7.101529|7.000000|2.000000|0.000000|0.000000,7,0.242730,N/A,5
MOGP_NSGAII,fc8e218e-f032-11f0-846b-6e001b3eef54,Boston,74,172,9.387965|3.000000|0.000000|0.000000|0.000000,10.936498880386353,3.0,9.855182|3.000000|0.000000|0.000000|0.000000,7.097400|7.000000|2.000000|0.000000|0.000000,7.101529|7.000000|2.000000|0.000000|0.000000,7,0.242730,N/A,5
MOGP_NSGAII,fc8e218e-f032-11f0-846b-6e001b3eef54,Boston,74,173,9.387965|3.000000|0.000000|0.000000|0.000000,10.666049242019653,3.0,9.855182|3.000000|0.000000|0.000000|0.000000,7.097400|7.000000|2.000000|0.000000|0.000000,7.101529|7.000000|2.000000|0.000000|0.000000,7,0.242730,N/A,5
MOGP_NSGAII,fc8e218e-f032-11f0-846b-6e001b3eef54,Boston,74,174,9.387965|3.000000|0.000000|0.000000|0.000000,11.10531497001648,3.0,9.855182|3.000000|0.000000|0.000000|0.000000,7.097400|7.000000|2.000000|0.000000|0.000000,7.101529|7.000000|2.000000|0.000000|0.000000,7,0.242730,N/A,5
MOGP_NSGAII,fc8e218e-f032-11f0-846b-6e001b3eef54,Boston,74,175,9.387965|3.000000|0.000000|0.000000|0.000000,11.132452726364136,3.0,9.855182|3.000000|0.000000|0.000000|0.000000,7.097400|7.000000|2.000000|0.000000|0.000000,7.101529|7.000000|2.000000|0.000000|0.000000,7,0.242730,N/A,5
MOGP_NSGAII,fc8e218e-f032-11f0-846b-6e001b3eef54,Boston,74,176,9.387965|3.000000|0.000000|0.000000|0.000000,10.882363080978394,3.0,9.855182|3.000000|0.000000|0.000000|0.000000,7.097400|7.000000|2.000000|0.000000|0.000000,7.101529|7.000000|2.000000|0.000000|0.000000,7,0.242730,N/A,5
MOGP_NSGAII,fc8e218e-f032-11f0-846b-6e001b3eef54,Boston,74,177,9.387965|3.000000|0.000000|0.000000|0.000000,10.473363876342773,3.0,9.855182|3.000000|0.000000|0.000000|0.000000,7.097400|7.000000|2.000000|0.000000|0.000000,7.101529|7.000000|2.000000|0.000000|0.000000,7,0.242730,N/A,5
MOGP_NSGAII,fc8e218e-f032-11f0-846b-6e001b3eef54,Boston,74,178,9.387965|3.000000|0.000000|0.000000|0.000000,10.419172286987305,3.0,9.855182|3.000000|0.000000|0.000000|0.000000,7.097400|7.000000|2.000000|0.000000|0.000000,7.101529|7.000000|2.000000|0.000000|0.000000,7,0.242730,N/A,5
MOGP_NSGAII,fc8e218e-f032-11f0-846b-6e001b3eef54,Boston,74,179,9.387965|3.000000|0.000000|0.000000|0.000000,10.711256980895996,3.0,9.855182|3.000000|0.000000|0.000000|0.000000,7.097400|7.000000|2.000000|0.000000|0.000000,7.101529|7.000000|2.000000|0.000000|0.000000,7,0.242730,N/A,5
MOGP_NSGAII,fc8e218e-f032-11f0-846b-6e001b3eef54,Boston,74,180,9.387965|3.000000|0.000000|0.000000|0.000000,11.272294998168945,3.0,9.855182|3.000000|0.000000|0.000000|0.000000,7.097400|7.000000|2.000000|0.000000|0.000000,7.101529|7.000000|2.000000|0.000000|0.000000,7,0.242730,N/A,5
MOGP_NSGAII,fc8e218e-f032-11f0-846b-6e001b3eef54,Boston,74,181,9.387965|3.000000|0.000000|0.000000|0.000000,10.707144975662231,3.0,9.855182|3.000000|0.000000|0.000000|0.000000,7.097400|7.000000|2.000000|0.000000|0.000000,7.101529|7.000000|2.000000|0.000000|0.000000,7,0.242730,N/A,5
MOGP_NSGAII,fc8e218e-f032-11f0-846b-6e001b3eef54,Boston,74,182,9.387965|3.000000|0.000000|0.000000|0.000000,11.005772113800049,3.0,9.855182|3.000000|0.000000|0.000000|0.000000,7.097400|7.000000|2.000000|0.000000|0.000000,7.101529|7.000000|2.000000|0.000000|0.000000,7,0.242730,N/A,5
MOGP_NSGAII,fc8e218e-f032-11f0-846b-6e001b3eef54,Boston,74,183,9.387965|3.000000|0.000000|0.000000|0.000000,10.221435070037842,3.0,9.855182|3.000000|0.000000|0.000000|0.000000,7.097400|7.000000|2.000000|0.000000|0.000000,7.101529|7.000000|2.000000|0.000000|0.000000,7,0.242730,N/A,5
MOGP_NSGAII,fc8e218e-f032-11f0-846b-6e001b3eef54,Boston,74,184,9.387965|3.000000|0.000000|0.000000|0.000000,10.535996913909912,3.0,9.855182|3.000000|0.000000|0.000000|0.000000,7.097400|7.000000|2.000000|0.000000|0.000000,7.101529|7.000000|2.000000|0.000000|0.000000,7,0.242730,N/A,5
MOGP_NSGAII,fc8e218e-f032-11f0-846b-6e001b3eef54,Boston,74,185,9.387965|3.000000|0.000000|0.000000|0.000000,10.889570236206055,3.0,9.855182|3.000000|0.000000|0.000000|0.000000,7.097400|7.000000|2.000000|0.000000|0.000000,7.101529|7.000000|2.000000|0.000000|0.000000,7,0.242730,N/A,5
MOGP_NSGAII,fc8e218e-f032-11f0-846b-6e001b3eef54,Boston,74,186,9.387965|3.000000|0.000000|0.000000|0.000000,10.600023031234741,3.0,9.855182|3.000000|0.000000|0.000000|0.000000,7.097400|7.000000|2.000000|0.000000|0.000000,7.101529|7.000000|2.000000|0.000000|0.000000,7,0.242730,N/A,5
MOGP_NSGAII,fc8e218e-f032-11f0-846b-6e001b3eef54,Boston,74,187,9.387965|3.000000|0.000000|0.000000|0.000000,10.798243999481201,3.0,9.855182|3.000000|0.000000|0.000000|0.000000,7.097400|7.000000|2.000000|0.000000|0.000000,7.101529|7.000000|2.000000|0.000000|0.000000,7,0.242730,N/A,5
MOGP_NSGAII,fc8e218e-f032-11f0-846b-6e001b3eef54,Boston,74,188,9.387965|3.000000|0.000000|0.000000|0.000000,10.983505725860596,3.0,9.855182|3.000000|0.000000|0.000000|0.000000,7.097400|7.000000|2.000000|0.000000|0.000000,7.101529|7.000000|2.000000|0.000000|0.000000,7,0.242730,N/A,5
MOGP_NSGAII,fc8e218e-f032-11f0-846b-6e001b3eef54,Boston,74,189,9.387965|3.000000|0.000000|0.000000|0.000000,10.568089246749878,3.0,9.855182|3.000000|0.000000|0.000000|0.000000,7.097400|7.000000|2.000000|0.000000|0.000000,7.101529|7.000000|2.000000|0.000000|0.000000,7,0.242730,N/A,5
MOGP_NSGAII,fc8e218e-f032-11f0-846b-6e001b3eef54,Boston,74,190,9.387965|3.000000|0.000000|0.000000|0.000000,10.839137077331543,3.0,9.855182|3.000000|0.000000|0.000000|0.000000,7.097400|7.000000|2.000000|0.000000|0.000000,7.101529|7.000000|2.000000|0.000000|0.000000,7,0.242730,N/A,5
MOGP_NSGAII,fc8e218e-f032-11f0-846b-6e001b3eef54,Boston,74,191,9.387965|3.000000|0.000000|0.000000|0.000000,10.432193994522095,3.0,9.855182|3.000000|0.000000|0.000000|0.000000,7.097400|7.000000|2.000000|0.000000|0.000000,7.101529|7.000000|2.000000|0.000000|0.000000,7,0.242730,N/A,5
MOGP_NSGAII,fc8e218e-f032-11f0-846b-6e001b3eef54,Boston,74,192,9.387965|3.000000|0.000000|0.000000|0.000000,10.681991815567017,3.0,9.855182|3.000000|0.000000|0.000000|0.000000,7.097400|7.000000|2.000000|0.000000|0.000000,7.101529|7.000000|2.000000|0.000000|0.000000,7,0.242730,N/A,5
MOGP_NSGAII,fc8e218e-f032-11f0-846b-6e001b3eef54,Boston,74,193,9.387965|3.000000|0.000000|0.000000|0.000000,10.61123514175415,3.0,9.855182|3.000000|0.000000|0.000000|0.000000,7.097400|7.000000|2.000000|0.000000|0.000000,7.101529|7.000000|2.000000|0.000000|0.000000,7,0.242730,N/A,5
MOGP_NSGAII,fc8e218e-f032-11f0-846b-6e001b3eef54,Boston,74,194,9.387965|3.000000|0.000000|0.000000|0.000000,10.781684160232544,3.0,9.855182|3.000000|0.000000|0.000000|0.000000,7.097400|7.000000|2.000000|0.000000|0.000000,7.101529|7.000000|2.000000|0.000000|0.000000,7,0.242730,N/A,5
MOGP_NSGAII,fc8e218e-f032-11f0-846b-6e001b3eef54,Boston,74,195,9.387965|3.000000|0.000000|0.000000|0.000000,10.885421752929688,3.0,9.855182|3.000000|0.000000|0.000000|0.000000,7.097400|7.000000|2.000000|0.000000|0.000000,7.101529|7.000000|2.000000|0.000000|0.000000,7,0.242730,N/A,5
MOGP_NSGAII,fc8e218e-f032-11f0-846b-6e001b3eef54,Boston,74,196,9.387965|3.000000|0.000000|0.000000|0.000000,10.282471179962158,3.0,9.855182|3.000000|0.000000|0.000000|0.000000,7.097400|7.000000|2.000000|0.000000|0.000000,7.101529|7.000000|2.000000|0.000000|0.000000,7,0.242730,N/A,5
MOGP_NSGAII,fc8e218e-f032-11f0-846b-6e001b3eef54,Boston,74,197,9.387965|3.000000|0.000000|0.000000|0.000000,10.963101148605347,3.0,9.855182|3.000000|0.000000|0.000000|0.000000,7.097400|7.000000|2.000000|0.000000|0.000000,7.101529|7.000000|2.000000|0.000000|0.000000,7,0.242730,N/A,5
MOGP_NSGAII,fc8e218e-f032-11f0-846b-6e001b3eef54,Boston,74,198,9.387965|3.000000|0.000000|0.000000|0.000000,11.037291049957275,3.0,9.855182|3.000000|0.000000|0.000000|0.000000,7.097400|7.000000|2.000000|0.000000|0.000000,7.101529|7.000000|2.000000|0.000000|0.000000,7,0.242730,N/A,5
MOGP_NSGAII,fc8e218e-f032-11f0-846b-6e001b3eef54,Boston,74,199,9.387965|3.000000|0.000000|0.000000|0.000000,11.081417798995972,3.0,9.855182|3.000000|0.000000|0.000000|0.000000,7.097400|7.000000|2.000000|0.000000|0.000000,7.101529|7.000000|2.000000|0.000000|0.000000,7,0.242730,N/A,5
MOGP_NSGAII,fc8e218e-f032-11f0-846b-6e001b3eef54,Boston,74,200,9.387965|3.000000|0.000000|0.000000|0.000000,11.109677076339722,3.0,9.855182|3.000000|0.000000|0.000000|0.000000,7.097400|7.000000|2.000000|0.000000|0.000000,7.101529|7.000000|2.000000|0.000000|0.000000,7,0.242730,N/A,5
MOGP_NSGAII,fc8e218e-f032-11f0-846b-6e001b3eef54,Boston,74,201,9.387965|3.000000|0.000000|0.000000|0.000000,10.953550815582275,3.0,9.855182|3.000000|0.000000|0.000000|0.000000,7.097400|7.000000|2.000000|0.000000|0.000000,7.101529|7.000000|2.000000|0.000000|0.000000,7,0.242730,N/A,5
MOGP_NSGAII,fc8e218e-f032-11f0-846b-6e001b3eef54,Boston,74,202,9.387965|3.000000|0.000000|0.000000|0.000000,10.666780233383179,3.0,9.855182|3.000000|0.000000|0.000000|0.000000,7.097400|7.000000|2.000000|0.000000|0.000000,7.101529|7.000000|2.000000|0.000000|0.000000,7,0.242730,N/A,5
MOGP_NSGAII,fc8e218e-f032-11f0-846b-6e001b3eef54,Boston,74,203,9.387965|3.000000|0.000000|0.000000|0.000000,10.764641761779785,3.0,9.855182|3.000000|0.000000|0.000000|0.000000,7.097400|7.000000|2.000000|0.000000|0.000000,7.101529|7.000000|2.000000|0.000000|0.000000,7,0.242730,N/A,5
MOGP_NSGAII,fc8e218e-f032-11f0-846b-6e001b3eef54,Boston,74,204,9.387965|3.000000|0.000000|0.000000|0.000000,13.58712911605835,3.0,9.855182|3.000000|0.000000|0.000000|0.000000,7.097400|7.000000|2.000000|0.000000|0.000000,7.101529|7.000000|2.000000|0.000000|0.000000,7,0.242730,N/A,5
MOGP_NSGAII,fc8e218e-f032-11f0-846b-6e001b3eef54,Boston,74,205,9.387965|3.000000|0.000000|0.000000|0.000000,11.18411898612976,3.0,9.855182|3.000000|0.000000|0.000000|0.000000,7.097400|7.000000|2.000000|0.000000|0.000000,7.101529|7.000000|2.000000|0.000000|0.000000,7,0.242730,N/A,5
MOGP_NSGAII,fc8e218e-f032-11f0-846b-6e001b3eef54,Boston,74,206,9.387965|3.000000|0.000000|0.000000|0.000000,10.673146963119507,3.0,9.855182|3.000000|0.000000|0.000000|0.000000,7.097400|7.000000|2.000000|0.000000|0.000000,7.101529|7.000000|2.000000|0.000000|0.000000,7,0.242730,N/A,5
MOGP_NSGAII,fc8e218e-f032-11f0-846b-6e001b3eef54,Boston,74,207,9.387965|3.000000|0.000000|0.000000|0.000000,10.881691217422485,3.0,9.855182|3.000000|0.000000|0.000000|0.000000,7.097400|7.000000|2.000000|0.000000|0.000000,7.101529|7.000000|2.000000|0.000000|0.000000,7,0.242730,N/A,5
MOGP_NSGAII,fc8e218e-f032-11f0-846b-6e001b3eef54,Boston,74,208,9.387965|3.000000|0.000000|0.000000|0.000000,10.548542022705078,3.0,9.855182|3.000000|0.000000|0.000000|0.000000,7.097400|7.000000|2.000000|0.000000|0.000000,7.101529|7.000000|2.000000|0.000000|0.000000,7,0.242730,N/A,5
MOGP_NSGAII,fc8e218e-f032-11f0-846b-6e001b3eef54,Boston,74,209,9.387965|3.000000|0.000000|0.000000|0.000000,10.590407848358154,3.0,9.855182|3.000000|0.000000|0.000000|0.000000,7.097400|7.000000|2.000000|0.000000|0.000000,7.101529|7.000000|2.000000|0.000000|0.000000,7,0.242730,N/A,5
MOGP_NSGAII,fc8e218e-f032-11f0-846b-6e001b3eef54,Boston,74,210,9.387965|3.000000|0.000000|0.000000|0.000000,11.37582516670227,3.0,9.855182|3.000000|0.000000|0.000000|0.000000,7.097400|7.000000|2.000000|0.000000|0.000000,7.101529|7.000000|2.000000|0.000000|0.000000,7,0.242730,N/A,5
MOGP_NSGAII,fc8e218e-f032-11f0-846b-6e001b3eef54,Boston,74,211,9.387965|3.000000|0.000000|0.000000|0.000000,10.809705972671509,3.0,9.855182|3.000000|0.000000|0.000000|0.000000,7.097400|7.000000|2.000000|0.000000|0.000000,7.101529|7.000000|2.000000|0.000000|0.000000,7,0.242730,N/A,5
MOGP_NSGAII,fc8e218e-f032-11f0-846b-6e001b3eef54,Boston,74,212,9.387965|3.000000|0.000000|0.000000|0.000000,10.964105129241943,3.0,9.855182|3.000000|0.000000|0.000000|0.000000,7.097400|7.000000|2.000000|0.000000|0.000000,7.101529|7.000000|2.000000|0.000000|0.000000,7,0.242730,N/A,5
MOGP_NSGAII,fc8e218e-f032-11f0-846b-6e001b3eef54,Boston,74,213,9.387965|3.000000|0.000000|0.000000|0.000000,10.551832914352417,3.0,9.855182|3.000000|0.000000|0.000000|0.000000,7.097400|7.000000|2.000000|0.000000|0.000000,7.101529|7.000000|2.000000|0.000000|0.000000,7,0.242730,N/A,5
MOGP_NSGAII,fc8e218e-f032-11f0-846b-6e001b3eef54,Boston,74,214,9.387965|3.000000|0.000000|0.000000|0.000000,11.023094177246094,3.0,9.855182|3.000000|0.000000|0.000000|0.000000,7.097400|7.000000|2.000000|0.000000|0.000000,7.101529|7.000000|2.000000|0.000000|0.000000,7,0.242730,N/A,5
MOGP_NSGAII,fc8e218e-f032-11f0-846b-6e001b3eef54,Boston,74,215,9.387965|3.000000|0.000000|0.000000|0.000000,10.796284914016724,3.0,9.855182|3.000000|0.000000|0.000000|0.000000,7.097400|7.000000|2.000000|0.000000|0.000000,7.101529|7.000000|2.000000|0.000000|0.000000,7,0.242730,N/A,5
MOGP_NSGAII,fc8e218e-f032-11f0-846b-6e001b3eef54,Boston,74,216,9.387965|3.000000|0.000000|0.000000|0.000000,11.173533916473389,3.0,9.855182|3.000000|0.000000|0.000000|0.000000,7.097400|7.000000|2.000000|0.000000|0.000000,7.101529|7.000000|2.000000|0.000000|0.000000,7,0.242730,N/A,5
MOGP_NSGAII,fc8e218e-f032-11f0-846b-6e001b3eef54,Boston,74,217,9.387965|3.000000|0.000000|0.000000|0.000000,11.05029582977295,3.0,9.855182|3.000000|0.000000|0.000000|0.000000,7.097400|7.000000|2.000000|0.000000|0.000000,7.101529|7.000000|2.000000|0.000000|0.000000,7,0.242730,N/A,5
MOGP_NSGAII,fc8e218e-f032-11f0-846b-6e001b3eef54,Boston,74,218,9.387965|3.000000|0.000000|0.000000|0.000000,10.48138689994812,3.0,9.855182|3.000000|0.000000|0.000000|0.000000,7.097400|7.000000|2.000000|0.000000|0.000000,7.101529|7.000000|2.000000|0.000000|0.000000,7,0.242730,N/A,5
MOGP_NSGAII,fc8e218e-f032-11f0-846b-6e001b3eef54,Boston,74,219,9.387965|3.000000|0.000000|0.000000|0.000000,10.462769985198975,3.0,9.855182|3.000000|0.000000|0.000000|0.000000,7.097400|7.000000|2.000000|0.000000|0.000000,7.101529|7.000000|2.000000|0.000000|0.000000,7,0.242730,N/A,5
MOGP_NSGAII,fc8e218e-f032-11f0-846b-6e001b3eef54,Boston,74,220,9.387965|3.000000|0.000000|0.000000|0.000000,10.467878818511963,3.0,9.855182|3.000000|0.000000|0.000000|0.000000,7.097400|7.000000|2.000000|0.000000|0.000000,7.101529|7.000000|2.000000|0.000000|0.000000,7,0.242730,N/A,5
MOGP_NSGAII,fc8e218e-f032-11f0-846b-6e001b3eef54,Boston,74,221,9.387965|3.000000|0.000000|0.000000|0.000000,10.733244180679321,3.0,9.855182|3.000000|0.000000|0.000000|0.000000,7.097400|7.000000|2.000000|0.000000|0.000000,7.101529|7.000000|2.000000|0.000000|0.000000,7,0.242730,N/A,5
MOGP_NSGAII,fc8e218e-f032-11f0-846b-6e001b3eef54,Boston,74,222,9.387965|3.000000|0.000000|0.000000|0.000000,10.854941129684448,3.0,9.855182|3.000000|0.000000|0.000000|0.000000,7.097400|7.000000|2.000000|0.000000|0.000000,7.101529|7.000000|2.000000|0.000000|0.000000,7,0.242730,N/A,5
MOGP_NSGAII,fc8e218e-f032-11f0-846b-6e001b3eef54,Boston,74,223,9.387965|3.000000|0.000000|0.000000|0.000000,11.03402328491211,3.0,9.855182|3.000000|0.000000|0.000000|0.000000,7.097400|7.000000|2.000000|0.000000|0.000000,7.101529|7.000000|2.000000|0.000000|0.000000,7,0.242730,N/A,5
MOGP_NSGAII,fc8e218e-f032-11f0-846b-6e001b3eef54,Boston,74,224,9.387965|3.000000|0.000000|0.000000|0.000000,11.151273012161255,3.0,9.855182|3.000000|0.000000|0.000000|0.000000,7.097400|7.000000|2.000000|0.000000|0.000000,7.101529|7.000000|2.000000|0.000000|0.000000,7,0.242730,N/A,5
MOGP_NSGAII,fc8e218e-f032-11f0-846b-6e001b3eef54,Boston,74,225,9.387965|3.000000|0.000000|0.000000|0.000000,11.009083986282349,3.0,9.855182|3.000000|0.000000|0.000000|0.000000,7.097400|7.000000|2.000000|0.000000|0.000000,7.101529|7.000000|2.000000|0.000000|0.000000,7,0.242730,N/A,5
MOGP_NSGAII,fc8e218e-f032-11f0-846b-6e001b3eef54,Boston,74,226,9.387965|3.000000|0.000000|0.000000|0.000000,11.175695180892944,3.0,9.855182|3.000000|0.000000|0.000000|0.000000,7.097400|7.000000|2.000000|0.000000|0.000000,7.101529|7.000000|2.000000|0.000000|0.000000,7,0.242730,N/A,5
MOGP_NSGAII,fc8e218e-f032-11f0-846b-6e001b3eef54,Boston,74,227,9.387965|3.000000|0.000000|0.000000|0.000000,10.590543985366821,3.0,9.855182|3.000000|0.000000|0.000000|0.000000,7.097400|7.000000|2.000000|0.000000|0.000000,7.101529|7.000000|2.000000|0.000000|0.000000,7,0.242730,N/A,5
MOGP_NSGAII,fc8e218e-f032-11f0-846b-6e001b3eef54,Boston,74,228,9.387965|3.000000|0.000000|0.000000|0.000000,10.74550199508667,3.0,9.855182|3.000000|0.000000|0.000000|0.000000,7.097400|7.000000|2.000000|0.000000|0.000000,7.101529|7.000000|2.000000|0.000000|0.000000,7,0.242730,N/A,5
MOGP_NSGAII,fc8e218e-f032-11f0-846b-6e001b3eef54,Boston,74,229,9.387965|3.000000|0.000000|0.000000|0.000000,10.439003229141235,3.0,9.855182|3.000000|0.000000|0.000000|0.000000,7.097400|7.000000|2.000000|0.000000|0.000000,7.101529|7.000000|2.000000|0.000000|0.000000,7,0.242730,N/A,5
MOGP_NSGAII,fc8e218e-f032-11f0-846b-6e001b3eef54,Boston,74,230,9.387965|3.000000|0.000000|0.000000|0.000000,10.85315990447998,3.0,9.855182|3.000000|0.000000|0.000000|0.000000,7.097400|7.000000|2.000000|0.000000|0.000000,7.101529|7.000000|2.000000|0.000000|0.000000,7,0.242730,N/A,5
MOGP_NSGAII,fc8e218e-f032-11f0-846b-6e001b3eef54,Boston,74,231,9.387965|3.000000|0.000000|0.000000|0.000000,10.697863101959229,3.0,9.855182|3.000000|0.000000|0.000000|0.000000,7.097400|7.000000|2.000000|0.000000|0.000000,7.101529|7.000000|2.000000|0.000000|0.000000,7,0.242730,N/A,5
MOGP_NSGAII,fc8e218e-f032-11f0-846b-6e001b3eef54,Boston,74,232,9.387965|3.000000|0.000000|0.000000|0.000000,10.601208925247192,3.0,9.855182|3.000000|0.000000|0.000000|0.000000,7.097400|7.000000|2.000000|0.000000|0.000000,7.101529|7.000000|2.000000|0.000000|0.000000,7,0.242730,N/A,5
MOGP_NSGAII,fc8e218e-f032-11f0-846b-6e001b3eef54,Boston,74,233,9.387965|3.000000|0.000000|0.000000|0.000000,11.312304258346558,3.0,9.855182|3.000000|0.000000|0.000000|0.000000,7.097400|7.000000|2.000000|0.000000|0.000000,7.101529|7.000000|2.000000|0.000000|0.000000,7,0.242730,N/A,5
MOGP_NSGAII,fc8e218e-f032-11f0-846b-6e001b3eef54,Boston,74,234,9.387965|3.000000|0.000000|0.000000|0.000000,10.757481098175049,3.0,9.855182|3.000000|0.000000|0.000000|0.000000,7.097400|7.000000|2.000000|0.000000|0.000000,7.101529|7.000000|2.000000|0.000000|0.000000,7,0.242730,N/A,5
MOGP_NSGAII,fc8e218e-f032-11f0-846b-6e001b3eef54,Boston,74,235,9.387965|3.000000|0.000000|0.000000|0.000000,11.343147993087769,3.0,9.855182|3.000000|0.000000|0.000000|0.000000,7.097400|7.000000|2.000000|0.000000|0.000000,7.101529|7.000000|2.000000|0.000000|0.000000,7,0.242730,N/A,5
MOGP_NSGAII,fc8e218e-f032-11f0-846b-6e001b3eef54,Boston,74,236,9.387965|3.000000|0.000000|0.000000|0.000000,11.388247013092041,3.0,9.855182|3.000000|0.000000|0.000000|0.000000,7.097400|7.000000|2.000000|0.000000|0.000000,7.101529|7.000000|2.000000|0.000000|0.000000,7,0.242730,N/A,5
MOGP_NSGAII,fc8e218e-f032-11f0-846b-6e001b3eef54,Boston,74,237,9.387965|3.000000|0.000000|0.000000|0.000000,10.31189227104187,3.0,9.855182|3.000000|0.000000|0.000000|0.000000,7.097400|7.000000|2.000000|0.000000|0.000000,7.101529|7.000000|2.000000|0.000000|0.000000,7,0.242730,N/A,5
MOGP_NSGAII,fc8e218e-f032-11f0-846b-6e001b3eef54,Boston,74,238,9.387965|3.000000|0.000000|0.000000|0.000000,10.519747257232666,3.0,9.855182|3.000000|0.000000|0.000000|0.000000,7.097400|7.000000|2.000000|0.000000|0.000000,7.101529|7.000000|2.000000|0.000000|0.000000,7,0.242730,N/A,5
MOGP_NSGAII,fc8e218e-f032-11f0-846b-6e001b3eef54,Boston,74,239,9.387965|3.000000|0.000000|0.000000|0.000000,10.685803174972534,3.0,9.855182|3.000000|0.000000|0.000000|0.000000,7.097400|7.000000|2.000000|0.000000|0.000000,7.101529|7.000000|2.000000|0.000000|0.000000,7,0.242730,N/A,5
MOGP_NSGAII,fc8e218e-f032-11f0-846b-6e001b3eef54,Boston,74,240,9.387965|3.000000|0.000000|0.000000|0.000000,10.586865901947021,3.0,9.855182|3.000000|0.000000|0.000000|0.000000,7.097400|7.000000|2.000000|0.000000|0.000000,7.101529|7.000000|2.000000|0.000000|0.000000,7,0.242730,N/A,5
MOGP_NSGAII,fc8e218e-f032-11f0-846b-6e001b3eef54,Boston,74,241,9.387965|3.000000|0.000000|0.000000|0.000000,10.679795026779175,3.0,9.855182|3.000000|0.000000|0.000000|0.000000,7.097400|7.000000|2.000000|0.000000|0.000000,7.101529|7.000000|2.000000|0.000000|0.000000,7,0.242730,N/A,5
MOGP_NSGAII,fc8e218e-f032-11f0-846b-6e001b3eef54,Boston,74,242,9.387965|3.000000|0.000000|0.000000|0.000000,10.6641206741333,3.0,9.855182|3.000000|0.000000|0.000000|0.000000,7.097400|7.000000|2.000000|0.000000|0.000000,7.101529|7.000000|2.000000|0.000000|0.000000,7,0.243089,N/A,5
MOGP_NSGAII,fc8e218e-f032-11f0-846b-6e001b3eef54,Boston,74,243,9.387965|3.000000|0.000000|0.000000|0.000000,10.614419937133789,3.0,9.855182|3.000000|0.000000|0.000000|0.000000,7.097400|7.000000|2.000000|0.000000|0.000000,7.101529|7.000000|2.000000|0.000000|0.000000,7,0.243089,N/A,5
MOGP_NSGAII,fc8e218e-f032-11f0-846b-6e001b3eef54,Boston,74,244,9.387965|3.000000|0.000000|0.000000|0.000000,10.826654195785522,3.0,9.855182|3.000000|0.000000|0.000000|0.000000,7.097400|7.000000|2.000000|0.000000|0.000000,7.101529|7.000000|2.000000|0.000000|0.000000,7,0.243089,N/A,5
MOGP_NSGAII,fc8e218e-f032-11f0-846b-6e001b3eef54,Boston,74,245,9.387965|3.000000|0.000000|0.000000|0.000000,10.929105997085571,3.0,9.855182|3.000000|0.000000|0.000000|0.000000,7.097400|7.000000|2.000000|0.000000|0.000000,7.101529|7.000000|2.000000|0.000000|0.000000,7,0.243089,N/A,5
MOGP_NSGAII,fc8e218e-f032-11f0-846b-6e001b3eef54,Boston,74,246,9.387965|3.000000|0.000000|0.000000|0.000000,10.53746509552002,3.0,9.855182|3.000000|0.000000|0.000000|0.000000,7.097400|7.000000|2.000000|0.000000|0.000000,7.101529|7.000000|2.000000|0.000000|0.000000,7,0.243089,N/A,5
MOGP_NSGAII,fc8e218e-f032-11f0-846b-6e001b3eef54,Boston,74,247,9.387965|3.000000|0.000000|0.000000|0.000000,10.785633087158203,3.0,9.855182|3.000000|0.000000|0.000000|0.000000,7.097400|7.000000|2.000000|0.000000|0.000000,7.101529|7.000000|2.000000|0.000000|0.000000,7,0.243089,N/A,5
MOGP_NSGAII,fc8e218e-f032-11f0-846b-6e001b3eef54,Boston,74,248,9.387965|3.000000|0.000000|0.000000|0.000000,10.936992883682251,3.0,9.855182|3.000000|0.000000|0.000000|0.000000,7.097400|7.000000|2.000000|0.000000|0.000000,7.101529|7.000000|2.000000|0.000000|0.000000,7,0.243089,N/A,5
MOGP_NSGAII,fc8e218e-f032-11f0-846b-6e001b3eef54,Boston,74,249,9.387965|3.000000|0.000000|0.000000|0.000000,11.23671817779541,3.0,9.855182|3.000000|0.000000|0.000000|0.000000,7.097400|7.000000|2.000000|0.000000|0.000000,7.101529|7.000000|2.000000|0.000000|0.000000,7,0.243089,N/A,5
MOGP_NSGAII,fc8e218e-f032-11f0-846b-6e001b3eef54,Boston,74,250,9.387965|3.000000|0.000000|0.000000|0.000000,10.774024963378906,3.0,9.855182|3.000000|0.000000|0.000000|0.000000,7.097400|7.000000|2.000000|0.000000|0.000000,7.101529|7.000000|2.000000|0.000000|0.000000,7,0.243089,N/A,5
