MOGP_NSGAII,b2ec7f9c-eb75-11f0-906c-6e001b3eef54,Toxicity,74,0,2496.036621|3.000000,1.329308032989502,3.0,1879.370850|3.000000,N/A,N/A,0,158528045056.000000,N/A,5
MOGP_NSGAII,b2ec7f9c-eb75-11f0-906c-6e001b3eef54,Toxicity,74,1,2381.309814|3.000000,5.009681940078735,3.0,1876.542358|3.000000,2259.319580|9.000000,2068.966553|9.000000,9,61.308224,N/A,5
MOGP_NSGAII,b2ec7f9c-eb75-11f0-906c-6e001b3eef54,Toxicity,74,2,2148.691406|3.000000,4.694343328475952,3.0,1926.962402|3.000000,2148.691406|3.000000,1926.962402|3.000000,3,84.752121,N/A,5
MOGP_NSGAII,b2ec7f9c-eb75-11f0-906c-6e001b3eef54,Toxicity,74,3,2148.691406|3.000000,4.808377981185913,3.0,1926.962402|3.000000,2148.691406|3.000000,1926.962402|3.000000,3,90.137947,N/A,5
MOGP_NSGAII,b2ec7f9c-eb75-11f0-906c-6e001b3eef54,Toxicity,74,4,2148.691406|3.000000,4.609350919723511,3.0,1926.962402|3.000000,2148.691406|3.000000,1926.962402|3.000000,3,78.186241,N/A,5
MOGP_NSGAII,b2ec7f9c-eb75-11f0-906c-6e001b3eef54,Toxicity,74,5,2148.691406|3.000000,4.753893136978149,3.0,1926.962402|3.000000,2148.691406|3.000000,1926.962402|3.000000,3,63.815628,N/A,5
MOGP_NSGAII,b2ec7f9c-eb75-11f0-906c-6e001b3eef54,Toxicity,74,6,2148.691406|3.000000,4.747454881668091,3.0,1926.962402|3.000000,2148.691406|3.000000,1926.962402|3.000000,3,56.490398,N/A,5
MOGP_NSGAII,b2ec7f9c-eb75-11f0-906c-6e001b3eef54,Toxicity,74,7,2148.691406|3.000000,4.681168794631958,3.0,1926.962402|3.000000,2148.691406|3.000000,1926.962402|3.000000,3,47.646023,N/A,5
MOGP_NSGAII,b2ec7f9c-eb75-11f0-906c-6e001b3eef54,Toxicity,74,8,2148.691406|3.000000,4.94384503364563,3.0,1926.962402|3.000000,2148.691406|3.000000,1926.962402|3.000000,3,38.541286,N/A,5
MOGP_NSGAII,b2ec7f9c-eb75-11f0-906c-6e001b3eef54,Toxicity,74,9,2148.691406|3.000000,5.200599908828735,3.0,1926.962402|3.000000,2148.691406|3.000000,1926.962402|3.000000,3,36.506775,N/A,5
MOGP_NSGAII,b2ec7f9c-eb75-11f0-906c-6e001b3eef54,Toxicity,74,10,2148.691406|3.000000,5.434291124343872,3.0,1926.962402|3.000000,2148.691406|3.000000,1926.962402|3.000000,3,39.155590,N/A,5
MOGP_NSGAII,b2ec7f9c-eb75-11f0-906c-6e001b3eef54,Toxicity,74,11,2148.691406|3.000000,5.281726837158203,3.0,1926.962402|3.000000,2107.971680|5.000000,1801.483887|5.000000,5,44.136154,N/A,5
MOGP_NSGAII,b2ec7f9c-eb75-11f0-906c-6e001b3eef54,Toxicity,74,12,2148.691406|3.000000,4.964339256286621,3.0,1926.962402|3.000000,2107.971680|5.000000,1801.483887|5.000000,5,45.178402,N/A,5
MOGP_NSGAII,b2ec7f9c-eb75-11f0-906c-6e001b3eef54,Toxicity,74,13,2148.691406|3.000000,4.887542963027954,3.0,1926.962402|3.000000,2107.971680|5.000000,1801.483887|5.000000,5,42.968082,N/A,5
MOGP_NSGAII,b2ec7f9c-eb75-11f0-906c-6e001b3eef54,Toxicity,74,14,2148.691406|3.000000,4.777969837188721,3.0,1926.962402|3.000000,2107.971680|5.000000,1801.483887|5.000000,5,32.967052,N/A,5
MOGP_NSGAII,b2ec7f9c-eb75-11f0-906c-6e001b3eef54,Toxicity,74,15,2148.691406|3.000000,4.839516878128052,3.0,1926.962402|3.000000,2107.971680|5.000000,1801.483887|5.000000,5,26.845718,N/A,5
MOGP_NSGAII,b2ec7f9c-eb75-11f0-906c-6e001b3eef54,Toxicity,74,16,2148.691406|3.000000,5.113893270492554,3.0,1926.962402|3.000000,2107.971680|5.000000,1801.483887|5.000000,5,22.320761,N/A,5
MOGP_NSGAII,b2ec7f9c-eb75-11f0-906c-6e001b3eef54,Toxicity,74,17,2148.691406|3.000000,5.3211119174957275,3.0,1926.962402|3.000000,2107.971680|5.000000,1801.483887|5.000000,5,23.953680,N/A,5
MOGP_NSGAII,b2ec7f9c-eb75-11f0-906c-6e001b3eef54,Toxicity,74,18,2148.691406|3.000000,5.800797939300537,3.0,1926.962402|3.000000,2107.971680|5.000000,1801.483887|5.000000,5,23.910967,N/A,5
MOGP_NSGAII,b2ec7f9c-eb75-11f0-906c-6e001b3eef54,Toxicity,74,19,2148.691406|3.000000,6.640538930892944,3.0,1926.962402|3.000000,2107.971680|5.000000,1801.483887|5.000000,5,16.637161,N/A,5
MOGP_NSGAII,b2ec7f9c-eb75-11f0-906c-6e001b3eef54,Toxicity,74,20,2148.691406|3.000000,7.633984088897705,3.0,1926.962402|3.000000,2107.971680|5.000000,1801.483887|5.000000,5,16.637161,N/A,5
MOGP_NSGAII,b2ec7f9c-eb75-11f0-906c-6e001b3eef54,Toxicity,74,21,2148.691406|3.000000,7.640063047409058,3.0,1926.962402|3.000000,2107.971680|5.000000,1801.483887|5.000000,5,18.008572,N/A,5
MOGP_NSGAII,b2ec7f9c-eb75-11f0-906c-6e001b3eef54,Toxicity,74,22,2148.691406|3.000000,7.63480806350708,3.0,1926.962402|3.000000,2107.971680|5.000000,1801.483887|5.000000,5,22.628525,N/A,5
MOGP_NSGAII,b2ec7f9c-eb75-11f0-906c-6e001b3eef54,Toxicity,74,23,2148.691406|3.000000,7.51574182510376,3.0,1926.962402|3.000000,2107.971680|5.000000,1801.483887|5.000000,5,25.498425,N/A,5
MOGP_NSGAII,b2ec7f9c-eb75-11f0-906c-6e001b3eef54,Toxicity,74,24,2148.691406|3.000000,7.510854005813599,3.0,1926.962402|3.000000,2107.971680|5.000000,1801.483887|5.000000,5,30.324175,N/A,5
MOGP_NSGAII,b2ec7f9c-eb75-11f0-906c-6e001b3eef54,Toxicity,74,25,2148.691406|3.000000,7.562294960021973,3.0,1926.962402|3.000000,2107.971680|5.000000,1801.483887|5.000000,5,34.359211,N/A,5
MOGP_NSGAII,b2ec7f9c-eb75-11f0-906c-6e001b3eef54,Toxicity,74,26,2148.691406|3.000000,7.012399673461914,3.0,1926.962402|3.000000,2107.971680|5.000000,1801.483887|5.000000,5,39.949345,N/A,5
MOGP_NSGAII,b2ec7f9c-eb75-11f0-906c-6e001b3eef54,Toxicity,74,27,2148.691406|3.000000,7.084978818893433,3.0,1926.962402|3.000000,2107.971680|5.000000,1801.483887|5.000000,5,45.412083,N/A,5
MOGP_NSGAII,b2ec7f9c-eb75-11f0-906c-6e001b3eef54,Toxicity,74,28,2148.691406|3.000000,6.780757904052734,3.0,1926.962402|3.000000,2107.971680|5.000000,1801.483887|5.000000,5,55.162434,N/A,5
MOGP_NSGAII,b2ec7f9c-eb75-11f0-906c-6e001b3eef54,Toxicity,74,29,2148.691406|3.000000,6.64547872543335,3.0,1926.962402|3.000000,2107.971680|5.000000,1801.483887|5.000000,5,62.690746,N/A,5
MOGP_NSGAII,b2ec7f9c-eb75-11f0-906c-6e001b3eef54,Toxicity,74,30,2148.691406|3.000000,6.151793956756592,3.0,1926.962402|3.000000,2107.971680|5.000000,1801.483887|5.000000,5,69.636856,N/A,5
MOGP_NSGAII,b2ec7f9c-eb75-11f0-906c-6e001b3eef54,Toxicity,74,31,2148.691406|3.000000,6.113191843032837,3.0,1926.962402|3.000000,2107.971680|5.000000,1801.483887|5.000000,5,63.197121,N/A,5
MOGP_NSGAII,b2ec7f9c-eb75-11f0-906c-6e001b3eef54,Toxicity,74,32,2148.691406|3.000000,6.6009039878845215,3.0,1926.962402|3.000000,2107.971680|5.000000,1801.483887|5.000000,5,2.033440,N/A,5
MOGP_NSGAII,b2ec7f9c-eb75-11f0-906c-6e001b3eef54,Toxicity,74,33,2148.691406|3.000000,8.04892611503601,3.0,1926.962402|3.000000,2107.971680|5.000000,1801.483887|5.000000,5,2.033440,N/A,5
MOGP_NSGAII,b2ec7f9c-eb75-11f0-906c-6e001b3eef54,Toxicity,74,34,2148.691406|3.000000,7.923743009567261,3.0,1926.962402|3.000000,2107.971680|5.000000,1801.483887|5.000000,5,2.033440,N/A,5
MOGP_NSGAII,b2ec7f9c-eb75-11f0-906c-6e001b3eef54,Toxicity,74,35,2148.691406|3.000000,8.005359172821045,3.0,1926.962402|3.000000,2107.971680|5.000000,1801.483887|5.000000,5,2.033440,N/A,5
MOGP_NSGAII,b2ec7f9c-eb75-11f0-906c-6e001b3eef54,Toxicity,74,36,2148.691406|3.000000,8.05771780014038,3.0,1926.962402|3.000000,2107.971680|5.000000,1801.483887|5.000000,5,2.033440,N/A,5
MOGP_NSGAII,b2ec7f9c-eb75-11f0-906c-6e001b3eef54,Toxicity,74,37,2148.691406|3.000000,7.875492811203003,3.0,1926.962402|3.000000,2107.971680|5.000000,1801.483887|5.000000,5,2.033440,N/A,5
MOGP_NSGAII,b2ec7f9c-eb75-11f0-906c-6e001b3eef54,Toxicity,74,38,2148.691406|3.000000,7.7916929721832275,3.0,1926.962402|3.000000,2107.971680|5.000000,1801.483887|5.000000,5,2.033440,N/A,5
MOGP_NSGAII,b2ec7f9c-eb75-11f0-906c-6e001b3eef54,Toxicity,74,39,2148.691406|3.000000,8.000977277755737,3.0,1926.962402|3.000000,2107.971680|5.000000,1801.483887|5.000000,5,2.033440,N/A,5
MOGP_NSGAII,b2ec7f9c-eb75-11f0-906c-6e001b3eef54,Toxicity,74,40,2148.691406|3.000000,7.814190864562988,3.0,1926.962402|3.000000,2107.971680|5.000000,1801.483887|5.000000,5,2.033440,N/A,5
MOGP_NSGAII,b2ec7f9c-eb75-11f0-906c-6e001b3eef54,Toxicity,74,41,2148.691406|3.000000,7.895087003707886,3.0,1926.962402|3.000000,2107.971680|5.000000,1801.483887|5.000000,5,2.033440,N/A,5
MOGP_NSGAII,b2ec7f9c-eb75-11f0-906c-6e001b3eef54,Toxicity,74,42,2148.691406|3.000000,7.943542957305908,3.0,1926.962402|3.000000,2107.971680|5.000000,1801.483887|5.000000,5,2.033440,N/A,5
MOGP_NSGAII,b2ec7f9c-eb75-11f0-906c-6e001b3eef54,Toxicity,74,43,2148.691406|3.000000,7.976953983306885,3.0,1926.962402|3.000000,2107.971680|5.000000,1801.483887|5.000000,5,2.033440,N/A,5
MOGP_NSGAII,b2ec7f9c-eb75-11f0-906c-6e001b3eef54,Toxicity,74,44,2148.691406|3.000000,7.8110432624816895,3.0,1926.962402|3.000000,2107.971680|5.000000,1801.483887|5.000000,5,2.033440,N/A,5
MOGP_NSGAII,b2ec7f9c-eb75-11f0-906c-6e001b3eef54,Toxicity,74,45,2148.691406|3.000000,7.884419918060303,3.0,1926.962402|3.000000,2107.971680|5.000000,1801.483887|5.000000,5,2.033440,N/A,5
MOGP_NSGAII,b2ec7f9c-eb75-11f0-906c-6e001b3eef54,Toxicity,74,46,2148.691406|3.000000,7.933401823043823,3.0,1926.962402|3.000000,2107.971680|5.000000,1801.483887|5.000000,5,2.033440,N/A,5
MOGP_NSGAII,b2ec7f9c-eb75-11f0-906c-6e001b3eef54,Toxicity,74,47,2148.691406|3.000000,7.924222946166992,3.0,1926.962402|3.000000,2107.971680|5.000000,1801.483887|5.000000,5,2.033440,N/A,5
MOGP_NSGAII,b2ec7f9c-eb75-11f0-906c-6e001b3eef54,Toxicity,74,48,2148.691406|3.000000,7.827574014663696,3.0,1926.962402|3.000000,2107.971680|5.000000,1801.483887|5.000000,5,2.033440,N/A,5
MOGP_NSGAII,b2ec7f9c-eb75-11f0-906c-6e001b3eef54,Toxicity,74,49,2148.691406|3.000000,7.8416972160339355,3.0,1926.962402|3.000000,2107.971680|5.000000,1801.483887|5.000000,5,2.033440,N/A,5
MOGP_NSGAII,b2ec7f9c-eb75-11f0-906c-6e001b3eef54,Toxicity,74,50,2148.691406|3.000000,8.013612031936646,3.0,1926.962402|3.000000,2107.971680|5.000000,1801.483887|5.000000,5,2.033440,N/A,5
MOGP_NSGAII,b2ec7f9c-eb75-11f0-906c-6e001b3eef54,Toxicity,74,51,2148.691406|3.000000,7.553868055343628,3.0,1926.962402|3.000000,2107.971680|5.000000,1801.483887|5.000000,5,2.033440,N/A,5
MOGP_NSGAII,b2ec7f9c-eb75-11f0-906c-6e001b3eef54,Toxicity,74,52,2148.691406|3.000000,7.888108253479004,3.0,1926.962402|3.000000,2107.971680|5.000000,1801.483887|5.000000,5,2.033440,N/A,5
MOGP_NSGAII,b2ec7f9c-eb75-11f0-906c-6e001b3eef54,Toxicity,74,53,2148.691406|3.000000,7.669960021972656,3.0,1926.962402|3.000000,2107.971680|5.000000,1801.483887|5.000000,5,2.033440,N/A,5
MOGP_NSGAII,b2ec7f9c-eb75-11f0-906c-6e001b3eef54,Toxicity,74,54,2148.691406|3.000000,7.683119058609009,3.0,1926.962402|3.000000,2107.971680|5.000000,1801.483887|5.000000,5,2.033440,N/A,5
MOGP_NSGAII,b2ec7f9c-eb75-11f0-906c-6e001b3eef54,Toxicity,74,55,2148.691406|3.000000,7.7758238315582275,3.0,1926.962402|3.000000,2107.971680|5.000000,1801.483887|5.000000,5,2.033440,N/A,5
MOGP_NSGAII,b2ec7f9c-eb75-11f0-906c-6e001b3eef54,Toxicity,74,56,2148.691406|3.000000,7.629312992095947,3.0,1926.962402|3.000000,2107.971680|5.000000,1801.483887|5.000000,5,2.033440,N/A,5
MOGP_NSGAII,b2ec7f9c-eb75-11f0-906c-6e001b3eef54,Toxicity,74,57,2148.691406|3.000000,7.89246678352356,3.0,1926.962402|3.000000,2107.971680|5.000000,1801.483887|5.000000,5,2.033440,N/A,5
MOGP_NSGAII,b2ec7f9c-eb75-11f0-906c-6e001b3eef54,Toxicity,74,58,2148.691406|3.000000,7.912595272064209,3.0,1926.962402|3.000000,2107.971680|5.000000,1801.483887|5.000000,5,2.033440,N/A,5
MOGP_NSGAII,b2ec7f9c-eb75-11f0-906c-6e001b3eef54,Toxicity,74,59,2148.691406|3.000000,7.901906251907349,3.0,1926.962402|3.000000,2107.971680|5.000000,1801.483887|5.000000,5,2.033440,N/A,5
MOGP_NSGAII,b2ec7f9c-eb75-11f0-906c-6e001b3eef54,Toxicity,74,60,2148.691406|3.000000,8.126792907714844,3.0,1926.962402|3.000000,2107.971680|5.000000,1801.483887|5.000000,5,2.033440,N/A,5
MOGP_NSGAII,b2ec7f9c-eb75-11f0-906c-6e001b3eef54,Toxicity,74,61,2148.691406|3.000000,7.659397125244141,3.0,1926.962402|3.000000,2107.971680|5.000000,1801.483887|5.000000,5,2.033440,N/A,5
MOGP_NSGAII,b2ec7f9c-eb75-11f0-906c-6e001b3eef54,Toxicity,74,62,2148.691406|3.000000,7.796686887741089,3.0,1926.962402|3.000000,2107.971680|5.000000,1801.483887|5.000000,5,2.033440,N/A,5
MOGP_NSGAII,b2ec7f9c-eb75-11f0-906c-6e001b3eef54,Toxicity,74,63,2148.691406|3.000000,7.887524127960205,3.0,1926.962402|3.000000,2107.971680|5.000000,1801.483887|5.000000,5,2.033440,N/A,5
MOGP_NSGAII,b2ec7f9c-eb75-11f0-906c-6e001b3eef54,Toxicity,74,64,2148.691406|3.000000,8.00989317893982,3.0,1926.962402|3.000000,2107.971680|5.000000,1801.483887|5.000000,5,2.033440,N/A,5
MOGP_NSGAII,b2ec7f9c-eb75-11f0-906c-6e001b3eef54,Toxicity,74,65,2148.691406|3.000000,7.935863971710205,3.0,1926.962402|3.000000,2107.971680|5.000000,1801.483887|5.000000,5,2.033440,N/A,5
MOGP_NSGAII,b2ec7f9c-eb75-11f0-906c-6e001b3eef54,Toxicity,74,66,2148.691406|3.000000,7.772669076919556,3.0,1926.962402|3.000000,2107.971680|5.000000,1801.483887|5.000000,5,2.033440,N/A,5
MOGP_NSGAII,b2ec7f9c-eb75-11f0-906c-6e001b3eef54,Toxicity,74,67,2148.691406|3.000000,7.712323188781738,3.0,1926.962402|3.000000,2107.971680|5.000000,1801.483887|5.000000,5,2.033440,N/A,5
MOGP_NSGAII,b2ec7f9c-eb75-11f0-906c-6e001b3eef54,Toxicity,74,68,2148.691406|3.000000,7.886400938034058,3.0,1926.962402|3.000000,2107.971680|5.000000,1801.483887|5.000000,5,2.033440,N/A,5
MOGP_NSGAII,b2ec7f9c-eb75-11f0-906c-6e001b3eef54,Toxicity,74,69,2148.691406|3.000000,7.785973072052002,3.0,1926.962402|3.000000,2107.971680|5.000000,1801.483887|5.000000,5,2.033440,N/A,5
MOGP_NSGAII,b2ec7f9c-eb75-11f0-906c-6e001b3eef54,Toxicity,74,70,2148.691406|3.000000,8.094754219055176,3.0,1926.962402|3.000000,2107.971680|5.000000,1801.483887|5.000000,5,2.033440,N/A,5
MOGP_NSGAII,b2ec7f9c-eb75-11f0-906c-6e001b3eef54,Toxicity,74,71,2148.691406|3.000000,8.143580913543701,3.0,1926.962402|3.000000,2107.971680|5.000000,1801.483887|5.000000,5,2.033440,N/A,5
MOGP_NSGAII,b2ec7f9c-eb75-11f0-906c-6e001b3eef54,Toxicity,74,72,2148.691406|3.000000,7.972894906997681,3.0,1926.962402|3.000000,2107.971680|5.000000,1801.483887|5.000000,5,2.033440,N/A,5
MOGP_NSGAII,b2ec7f9c-eb75-11f0-906c-6e001b3eef54,Toxicity,74,73,2148.691406|3.000000,8.147804975509644,3.0,1926.962402|3.000000,2107.971680|5.000000,1801.483887|5.000000,5,2.033440,N/A,5
MOGP_NSGAII,b2ec7f9c-eb75-11f0-906c-6e001b3eef54,Toxicity,74,74,2148.691406|3.000000,8.16084098815918,3.0,1926.962402|3.000000,2107.971680|5.000000,1801.483887|5.000000,5,2.033440,N/A,5
MOGP_NSGAII,b2ec7f9c-eb75-11f0-906c-6e001b3eef54,Toxicity,74,75,2148.691406|3.000000,7.936124324798584,3.0,1926.962402|3.000000,2107.971680|5.000000,1801.483887|5.000000,5,2.033440,N/A,5
MOGP_NSGAII,b2ec7f9c-eb75-11f0-906c-6e001b3eef54,Toxicity,74,76,2148.691406|3.000000,8.135110139846802,3.0,1926.962402|3.000000,2107.971680|5.000000,1801.483887|5.000000,5,2.033440,N/A,5
MOGP_NSGAII,b2ec7f9c-eb75-11f0-906c-6e001b3eef54,Toxicity,74,77,2148.691406|3.000000,7.683907747268677,3.0,1926.962402|3.000000,2107.971680|5.000000,1801.483887|5.000000,5,2.033440,N/A,5
MOGP_NSGAII,b2ec7f9c-eb75-11f0-906c-6e001b3eef54,Toxicity,74,78,2148.691406|3.000000,7.936007738113403,3.0,1926.962402|3.000000,2107.971680|5.000000,1801.483887|5.000000,5,2.033440,N/A,5
MOGP_NSGAII,b2ec7f9c-eb75-11f0-906c-6e001b3eef54,Toxicity,74,79,2148.691406|3.000000,7.870500087738037,3.0,1926.962402|3.000000,2107.971680|5.000000,1801.483887|5.000000,5,2.033440,N/A,5
MOGP_NSGAII,b2ec7f9c-eb75-11f0-906c-6e001b3eef54,Toxicity,74,80,2148.691406|3.000000,8.040050029754639,3.0,1926.962402|3.000000,2107.971680|5.000000,1801.483887|5.000000,5,2.033440,N/A,5
MOGP_NSGAII,b2ec7f9c-eb75-11f0-906c-6e001b3eef54,Toxicity,74,81,2148.691406|3.000000,7.594948053359985,3.0,1926.962402|3.000000,2107.971680|5.000000,1801.483887|5.000000,5,2.033440,N/A,5
MOGP_NSGAII,b2ec7f9c-eb75-11f0-906c-6e001b3eef54,Toxicity,74,82,2148.691406|3.000000,8.141515970230103,3.0,1926.962402|3.000000,2107.971680|5.000000,1801.483887|5.000000,5,2.033440,N/A,5
MOGP_NSGAII,b2ec7f9c-eb75-11f0-906c-6e001b3eef54,Toxicity,74,83,2148.691406|3.000000,7.844650983810425,3.0,1926.962402|3.000000,2107.971680|5.000000,1801.483887|5.000000,5,2.033440,N/A,5
MOGP_NSGAII,b2ec7f9c-eb75-11f0-906c-6e001b3eef54,Toxicity,74,84,2148.691406|3.000000,7.796741962432861,3.0,1926.962402|3.000000,2107.971680|5.000000,1801.483887|5.000000,5,2.033440,N/A,5
MOGP_NSGAII,b2ec7f9c-eb75-11f0-906c-6e001b3eef54,Toxicity,74,85,2148.691406|3.000000,7.947149038314819,3.0,1926.962402|3.000000,2107.971680|5.000000,1801.483887|5.000000,5,2.033440,N/A,5
MOGP_NSGAII,b2ec7f9c-eb75-11f0-906c-6e001b3eef54,Toxicity,74,86,2148.691406|3.000000,8.215204000473022,3.0,1926.962402|3.000000,2107.971680|5.000000,1801.483887|5.000000,5,2.033440,N/A,5
MOGP_NSGAII,b2ec7f9c-eb75-11f0-906c-6e001b3eef54,Toxicity,74,87,2148.691406|3.000000,7.739360809326172,3.0,1926.962402|3.000000,2107.971680|5.000000,1801.483887|5.000000,5,2.033440,N/A,5
MOGP_NSGAII,b2ec7f9c-eb75-11f0-906c-6e001b3eef54,Toxicity,74,88,2148.691406|3.000000,7.961500883102417,3.0,1926.962402|3.000000,2107.971680|5.000000,1801.483887|5.000000,5,2.033440,N/A,5
MOGP_NSGAII,b2ec7f9c-eb75-11f0-906c-6e001b3eef54,Toxicity,74,89,2148.691406|3.000000,7.899540901184082,3.0,1926.962402|3.000000,2107.971680|5.000000,1801.483887|5.000000,5,2.033440,N/A,5
MOGP_NSGAII,b2ec7f9c-eb75-11f0-906c-6e001b3eef54,Toxicity,74,90,2148.691406|3.000000,7.760766983032227,3.0,1926.962402|3.000000,2107.971680|5.000000,1801.483887|5.000000,5,2.033440,N/A,5
MOGP_NSGAII,b2ec7f9c-eb75-11f0-906c-6e001b3eef54,Toxicity,74,91,2148.691406|3.000000,7.7729692459106445,3.0,1926.962402|3.000000,2107.971680|5.000000,1801.483887|5.000000,5,2.033440,N/A,5
MOGP_NSGAII,b2ec7f9c-eb75-11f0-906c-6e001b3eef54,Toxicity,74,92,2148.691406|3.000000,7.8382956981658936,3.0,1926.962402|3.000000,2107.971680|5.000000,1801.483887|5.000000,5,2.033440,N/A,5
MOGP_NSGAII,b2ec7f9c-eb75-11f0-906c-6e001b3eef54,Toxicity,74,93,2148.691406|3.000000,7.641755819320679,3.0,1926.962402|3.000000,2107.971680|5.000000,1801.483887|5.000000,5,2.033440,N/A,5
MOGP_NSGAII,b2ec7f9c-eb75-11f0-906c-6e001b3eef54,Toxicity,74,94,2148.691406|3.000000,7.914793252944946,3.0,1926.962402|3.000000,2107.971680|5.000000,1801.483887|5.000000,5,2.033440,N/A,5
MOGP_NSGAII,b2ec7f9c-eb75-11f0-906c-6e001b3eef54,Toxicity,74,95,2148.691406|3.000000,7.914374828338623,3.0,1926.962402|3.000000,2107.971680|5.000000,1801.483887|5.000000,5,2.033440,N/A,5
MOGP_NSGAII,b2ec7f9c-eb75-11f0-906c-6e001b3eef54,Toxicity,74,96,2148.691406|3.000000,7.656644105911255,3.0,1926.962402|3.000000,2107.971680|5.000000,1801.483887|5.000000,5,2.033440,N/A,5
MOGP_NSGAII,b2ec7f9c-eb75-11f0-906c-6e001b3eef54,Toxicity,74,97,2148.691406|3.000000,7.800436973571777,3.0,1926.962402|3.000000,2107.971680|5.000000,1801.483887|5.000000,5,2.033440,N/A,5
MOGP_NSGAII,b2ec7f9c-eb75-11f0-906c-6e001b3eef54,Toxicity,74,98,2148.691406|3.000000,8.197797298431396,3.0,1926.962402|3.000000,2107.971680|5.000000,1801.483887|5.000000,5,2.033440,N/A,5
MOGP_NSGAII,b2ec7f9c-eb75-11f0-906c-6e001b3eef54,Toxicity,74,99,2148.691406|3.000000,7.816566705703735,3.0,1926.962402|3.000000,2107.971680|5.000000,1801.483887|5.000000,5,2.033440,N/A,5
MOGP_NSGAII,b2ec7f9c-eb75-11f0-906c-6e001b3eef54,Toxicity,74,100,2148.691406|3.000000,7.969426870346069,3.0,1926.962402|3.000000,2107.971680|5.000000,1801.483887|5.000000,5,2.033440,N/A,5
MOGP_NSGAII,b2ec7f9c-eb75-11f0-906c-6e001b3eef54,Toxicity,74,101,2148.691406|3.000000,8.06414270401001,3.0,1926.962402|3.000000,2107.971680|5.000000,1801.483887|5.000000,5,2.033440,N/A,5
MOGP_NSGAII,b2ec7f9c-eb75-11f0-906c-6e001b3eef54,Toxicity,74,102,2148.691406|3.000000,7.865943193435669,3.0,1926.962402|3.000000,2107.971680|5.000000,1801.483887|5.000000,5,2.033440,N/A,5
MOGP_NSGAII,b2ec7f9c-eb75-11f0-906c-6e001b3eef54,Toxicity,74,103,2148.691406|3.000000,7.7269532680511475,3.0,1926.962402|3.000000,2107.971680|5.000000,1801.483887|5.000000,5,2.033440,N/A,5
MOGP_NSGAII,b2ec7f9c-eb75-11f0-906c-6e001b3eef54,Toxicity,74,104,2148.691406|3.000000,7.898854970932007,3.0,1926.962402|3.000000,2107.971680|5.000000,1801.483887|5.000000,5,2.033440,N/A,5
MOGP_NSGAII,b2ec7f9c-eb75-11f0-906c-6e001b3eef54,Toxicity,74,105,2148.691406|3.000000,8.007110834121704,3.0,1926.962402|3.000000,2107.971680|5.000000,1801.483887|5.000000,5,2.033440,N/A,5
MOGP_NSGAII,b2ec7f9c-eb75-11f0-906c-6e001b3eef54,Toxicity,74,106,2148.691406|3.000000,7.6862359046936035,3.0,1926.962402|3.000000,2107.971680|5.000000,1801.483887|5.000000,5,2.033440,N/A,5
MOGP_NSGAII,b2ec7f9c-eb75-11f0-906c-6e001b3eef54,Toxicity,74,107,2148.691406|3.000000,7.850618124008179,3.0,1926.962402|3.000000,2107.971680|5.000000,1801.483887|5.000000,5,2.033440,N/A,5
MOGP_NSGAII,b2ec7f9c-eb75-11f0-906c-6e001b3eef54,Toxicity,74,108,2148.691406|3.000000,7.823285102844238,3.0,1926.962402|3.000000,2107.971680|5.000000,1801.483887|5.000000,5,2.033440,N/A,5
MOGP_NSGAII,b2ec7f9c-eb75-11f0-906c-6e001b3eef54,Toxicity,74,109,2148.691406|3.000000,8.101299047470093,3.0,1926.962402|3.000000,2107.971680|5.000000,1801.483887|5.000000,5,2.033440,N/A,5
MOGP_NSGAII,b2ec7f9c-eb75-11f0-906c-6e001b3eef54,Toxicity,74,110,2148.691406|3.000000,8.112315893173218,3.0,1926.962402|3.000000,2107.971680|5.000000,1801.483887|5.000000,5,2.033440,N/A,5
MOGP_NSGAII,b2ec7f9c-eb75-11f0-906c-6e001b3eef54,Toxicity,74,111,2148.691406|3.000000,7.776511907577515,3.0,1926.962402|3.000000,2107.971680|5.000000,1801.483887|5.000000,5,2.033440,N/A,5
MOGP_NSGAII,b2ec7f9c-eb75-11f0-906c-6e001b3eef54,Toxicity,74,112,2148.691406|3.000000,7.81992506980896,3.0,1926.962402|3.000000,2107.971680|5.000000,1801.483887|5.000000,5,2.033440,N/A,5
MOGP_NSGAII,b2ec7f9c-eb75-11f0-906c-6e001b3eef54,Toxicity,74,113,2148.691406|3.000000,7.9930291175842285,3.0,1926.962402|3.000000,2107.971680|5.000000,1801.483887|5.000000,5,2.033440,N/A,5
MOGP_NSGAII,b2ec7f9c-eb75-11f0-906c-6e001b3eef54,Toxicity,74,114,2148.691406|3.000000,7.830428838729858,3.0,1926.962402|3.000000,2107.971680|5.000000,1801.483887|5.000000,5,2.033440,N/A,5
MOGP_NSGAII,b2ec7f9c-eb75-11f0-906c-6e001b3eef54,Toxicity,74,115,2148.691406|3.000000,7.946223735809326,3.0,1926.962402|3.000000,2107.971680|5.000000,1801.483887|5.000000,5,2.033440,N/A,5
MOGP_NSGAII,b2ec7f9c-eb75-11f0-906c-6e001b3eef54,Toxicity,74,116,2148.691406|3.000000,7.781735181808472,3.0,1926.962402|3.000000,2107.971680|5.000000,1801.483887|5.000000,5,2.033440,N/A,5
MOGP_NSGAII,b2ec7f9c-eb75-11f0-906c-6e001b3eef54,Toxicity,74,117,2148.691406|3.000000,7.720679044723511,3.0,1926.962402|3.000000,2107.971680|5.000000,1801.483887|5.000000,5,2.033440,N/A,5
MOGP_NSGAII,b2ec7f9c-eb75-11f0-906c-6e001b3eef54,Toxicity,74,118,2148.691406|3.000000,7.838139057159424,3.0,1926.962402|3.000000,2107.971680|5.000000,1801.483887|5.000000,5,2.033440,N/A,5
MOGP_NSGAII,b2ec7f9c-eb75-11f0-906c-6e001b3eef54,Toxicity,74,119,2148.691406|3.000000,8.051808834075928,3.0,1926.962402|3.000000,2107.971680|5.000000,1801.483887|5.000000,5,2.033440,N/A,5
MOGP_NSGAII,b2ec7f9c-eb75-11f0-906c-6e001b3eef54,Toxicity,74,120,2148.691406|3.000000,7.679855108261108,3.0,1926.962402|3.000000,2107.971680|5.000000,1801.483887|5.000000,5,2.033440,N/A,5
MOGP_NSGAII,b2ec7f9c-eb75-11f0-906c-6e001b3eef54,Toxicity,74,121,2148.691406|3.000000,7.646608829498291,3.0,1926.962402|3.000000,2107.971680|5.000000,1801.483887|5.000000,5,2.033440,N/A,5
MOGP_NSGAII,b2ec7f9c-eb75-11f0-906c-6e001b3eef54,Toxicity,74,122,2148.691406|3.000000,8.020854949951172,3.0,1926.962402|3.000000,2107.971680|5.000000,1801.483887|5.000000,5,2.033440,N/A,5
MOGP_NSGAII,b2ec7f9c-eb75-11f0-906c-6e001b3eef54,Toxicity,74,123,2148.691406|3.000000,7.888062000274658,3.0,1926.962402|3.000000,2107.971680|5.000000,1801.483887|5.000000,5,2.033440,N/A,5
MOGP_NSGAII,b2ec7f9c-eb75-11f0-906c-6e001b3eef54,Toxicity,74,124,2148.691406|3.000000,7.763087272644043,3.0,1926.962402|3.000000,2107.971680|5.000000,1801.483887|5.000000,5,2.033440,N/A,5
MOGP_NSGAII,b2ec7f9c-eb75-11f0-906c-6e001b3eef54,Toxicity,74,125,2148.691406|3.000000,7.867779016494751,3.0,1926.962402|3.000000,2107.971680|5.000000,1801.483887|5.000000,5,2.033440,N/A,5
MOGP_NSGAII,b2ec7f9c-eb75-11f0-906c-6e001b3eef54,Toxicity,74,126,2148.691406|3.000000,7.822629928588867,3.0,1926.962402|3.000000,2107.971680|5.000000,1801.483887|5.000000,5,2.033440,N/A,5
MOGP_NSGAII,b2ec7f9c-eb75-11f0-906c-6e001b3eef54,Toxicity,74,127,2148.691406|3.000000,7.873396873474121,3.0,1926.962402|3.000000,2107.971680|5.000000,1801.483887|5.000000,5,2.033440,N/A,5
MOGP_NSGAII,b2ec7f9c-eb75-11f0-906c-6e001b3eef54,Toxicity,74,128,2148.691406|3.000000,7.8098649978637695,3.0,1926.962402|3.000000,2107.971680|5.000000,1801.483887|5.000000,5,2.033440,N/A,5
MOGP_NSGAII,b2ec7f9c-eb75-11f0-906c-6e001b3eef54,Toxicity,74,129,2148.691406|3.000000,7.9116809368133545,3.0,1926.962402|3.000000,2107.971680|5.000000,1801.483887|5.000000,5,2.033440,N/A,5
MOGP_NSGAII,b2ec7f9c-eb75-11f0-906c-6e001b3eef54,Toxicity,74,130,2148.691406|3.000000,8.030157089233398,3.0,1926.962402|3.000000,2107.971680|5.000000,1801.483887|5.000000,5,2.033440,N/A,5
MOGP_NSGAII,b2ec7f9c-eb75-11f0-906c-6e001b3eef54,Toxicity,74,131,2148.691406|3.000000,7.69737982749939,3.0,1926.962402|3.000000,2107.971680|5.000000,1801.483887|5.000000,5,2.033440,N/A,5
MOGP_NSGAII,b2ec7f9c-eb75-11f0-906c-6e001b3eef54,Toxicity,74,132,2148.691406|3.000000,7.516715049743652,3.0,1926.962402|3.000000,2107.971680|5.000000,1801.483887|5.000000,5,2.033440,N/A,5
MOGP_NSGAII,b2ec7f9c-eb75-11f0-906c-6e001b3eef54,Toxicity,74,133,2148.691406|3.000000,7.674596071243286,3.0,1926.962402|3.000000,2107.971680|5.000000,1801.483887|5.000000,5,2.033440,N/A,5
MOGP_NSGAII,b2ec7f9c-eb75-11f0-906c-6e001b3eef54,Toxicity,74,134,2148.691406|3.000000,7.859699010848999,3.0,1926.962402|3.000000,2107.971680|5.000000,1801.483887|5.000000,5,2.033440,N/A,5
MOGP_NSGAII,b2ec7f9c-eb75-11f0-906c-6e001b3eef54,Toxicity,74,135,2148.691406|3.000000,8.004737854003906,3.0,1926.962402|3.000000,2107.971680|5.000000,1801.483887|5.000000,5,2.033440,N/A,5
MOGP_NSGAII,b2ec7f9c-eb75-11f0-906c-6e001b3eef54,Toxicity,74,136,2148.691406|3.000000,7.777579069137573,3.0,1926.962402|3.000000,2107.971680|5.000000,1801.483887|5.000000,5,2.033440,N/A,5
MOGP_NSGAII,b2ec7f9c-eb75-11f0-906c-6e001b3eef54,Toxicity,74,137,2148.691406|3.000000,8.04104495048523,3.0,1926.962402|3.000000,2107.971680|5.000000,1801.483887|5.000000,5,2.033440,N/A,5
MOGP_NSGAII,b2ec7f9c-eb75-11f0-906c-6e001b3eef54,Toxicity,74,138,2148.691406|3.000000,8.315827131271362,3.0,1926.962402|3.000000,2107.971680|5.000000,1801.483887|5.000000,5,2.033440,N/A,5
MOGP_NSGAII,b2ec7f9c-eb75-11f0-906c-6e001b3eef54,Toxicity,74,139,2148.691406|3.000000,8.04225778579712,3.0,1926.962402|3.000000,2107.971680|5.000000,1801.483887|5.000000,5,2.033440,N/A,5
MOGP_NSGAII,b2ec7f9c-eb75-11f0-906c-6e001b3eef54,Toxicity,74,140,2148.691406|3.000000,8.032459020614624,3.0,1926.962402|3.000000,2107.971680|5.000000,1801.483887|5.000000,5,2.033440,N/A,5
MOGP_NSGAII,b2ec7f9c-eb75-11f0-906c-6e001b3eef54,Toxicity,74,141,2148.691406|3.000000,7.881126165390015,3.0,1926.962402|3.000000,2107.971680|5.000000,1801.483887|5.000000,5,2.033440,N/A,5
MOGP_NSGAII,b2ec7f9c-eb75-11f0-906c-6e001b3eef54,Toxicity,74,142,2148.691406|3.000000,7.541811227798462,3.0,1926.962402|3.000000,2107.971680|5.000000,1801.483887|5.000000,5,2.033440,N/A,5
MOGP_NSGAII,b2ec7f9c-eb75-11f0-906c-6e001b3eef54,Toxicity,74,143,2148.691406|3.000000,7.830916881561279,3.0,1926.962402|3.000000,2107.971680|5.000000,1801.483887|5.000000,5,2.033440,N/A,5
MOGP_NSGAII,b2ec7f9c-eb75-11f0-906c-6e001b3eef54,Toxicity,74,144,2148.691406|3.000000,7.762715101242065,3.0,1926.962402|3.000000,2107.971680|5.000000,1801.483887|5.000000,5,2.033440,N/A,5
MOGP_NSGAII,b2ec7f9c-eb75-11f0-906c-6e001b3eef54,Toxicity,74,145,2148.691406|3.000000,7.781580924987793,3.0,1926.962402|3.000000,2107.971680|5.000000,1801.483887|5.000000,5,2.033440,N/A,5
MOGP_NSGAII,b2ec7f9c-eb75-11f0-906c-6e001b3eef54,Toxicity,74,146,2148.691406|3.000000,7.491485118865967,3.0,1926.962402|3.000000,2107.971680|5.000000,1801.483887|5.000000,5,2.033440,N/A,5
MOGP_NSGAII,b2ec7f9c-eb75-11f0-906c-6e001b3eef54,Toxicity,74,147,2148.691406|3.000000,7.766563177108765,3.0,1926.962402|3.000000,2107.971680|5.000000,1801.483887|5.000000,5,2.033440,N/A,5
MOGP_NSGAII,b2ec7f9c-eb75-11f0-906c-6e001b3eef54,Toxicity,74,148,2148.691406|3.000000,7.984435796737671,3.0,1926.962402|3.000000,2107.971680|5.000000,1801.483887|5.000000,5,2.033440,N/A,5
MOGP_NSGAII,b2ec7f9c-eb75-11f0-906c-6e001b3eef54,Toxicity,74,149,2148.691406|3.000000,7.84741997718811,3.0,1926.962402|3.000000,2107.971680|5.000000,1801.483887|5.000000,5,2.033440,N/A,5
MOGP_NSGAII,b2ec7f9c-eb75-11f0-906c-6e001b3eef54,Toxicity,74,150,2148.691406|3.000000,8.102298974990845,3.0,1926.962402|3.000000,2107.971680|5.000000,1801.483887|5.000000,5,2.033440,N/A,5
MOGP_NSGAII,b2ec7f9c-eb75-11f0-906c-6e001b3eef54,Toxicity,74,151,2148.691406|3.000000,7.8385398387908936,3.0,1926.962402|3.000000,2107.971680|5.000000,1801.483887|5.000000,5,2.033440,N/A,5
MOGP_NSGAII,b2ec7f9c-eb75-11f0-906c-6e001b3eef54,Toxicity,74,152,2148.691406|3.000000,7.638740062713623,3.0,1926.962402|3.000000,2107.971680|5.000000,1801.483887|5.000000,5,2.033440,N/A,5
MOGP_NSGAII,b2ec7f9c-eb75-11f0-906c-6e001b3eef54,Toxicity,74,153,2148.691406|3.000000,8.054894208908081,3.0,1926.962402|3.000000,2107.971680|5.000000,1801.483887|5.000000,5,2.033440,N/A,5
MOGP_NSGAII,b2ec7f9c-eb75-11f0-906c-6e001b3eef54,Toxicity,74,154,2148.691406|3.000000,7.744086980819702,3.0,1926.962402|3.000000,2107.971680|5.000000,1801.483887|5.000000,5,2.033440,N/A,5
MOGP_NSGAII,b2ec7f9c-eb75-11f0-906c-6e001b3eef54,Toxicity,74,155,2148.691406|3.000000,7.911578178405762,3.0,1926.962402|3.000000,2107.971680|5.000000,1801.483887|5.000000,5,2.033440,N/A,5
MOGP_NSGAII,b2ec7f9c-eb75-11f0-906c-6e001b3eef54,Toxicity,74,156,2148.691406|3.000000,7.7411839962005615,3.0,1926.962402|3.000000,2107.971680|5.000000,1801.483887|5.000000,5,2.033440,N/A,5
MOGP_NSGAII,b2ec7f9c-eb75-11f0-906c-6e001b3eef54,Toxicity,74,157,2148.691406|3.000000,7.7570109367370605,3.0,1926.962402|3.000000,2107.971680|5.000000,1801.483887|5.000000,5,2.033440,N/A,5
MOGP_NSGAII,b2ec7f9c-eb75-11f0-906c-6e001b3eef54,Toxicity,74,158,2148.691406|3.000000,8.011375904083252,3.0,1926.962402|3.000000,2107.971680|5.000000,1801.483887|5.000000,5,2.033440,N/A,5
MOGP_NSGAII,b2ec7f9c-eb75-11f0-906c-6e001b3eef54,Toxicity,74,159,2148.691406|3.000000,7.939831018447876,3.0,1926.962402|3.000000,2107.971680|5.000000,1801.483887|5.000000,5,2.033440,N/A,5
MOGP_NSGAII,b2ec7f9c-eb75-11f0-906c-6e001b3eef54,Toxicity,74,160,2148.691406|3.000000,7.830643892288208,3.0,1926.962402|3.000000,2107.971680|5.000000,1801.483887|5.000000,5,2.033440,N/A,5
MOGP_NSGAII,b2ec7f9c-eb75-11f0-906c-6e001b3eef54,Toxicity,74,161,2148.691406|3.000000,7.914144992828369,3.0,1926.962402|3.000000,2107.971680|5.000000,1801.483887|5.000000,5,2.033440,N/A,5
MOGP_NSGAII,b2ec7f9c-eb75-11f0-906c-6e001b3eef54,Toxicity,74,162,2148.691406|3.000000,7.927024841308594,3.0,1926.962402|3.000000,2107.971680|5.000000,1801.483887|5.000000,5,2.033440,N/A,5
MOGP_NSGAII,b2ec7f9c-eb75-11f0-906c-6e001b3eef54,Toxicity,74,163,2148.691406|3.000000,7.63589882850647,3.0,1926.962402|3.000000,2107.971680|5.000000,1801.483887|5.000000,5,2.033440,N/A,5
MOGP_NSGAII,b2ec7f9c-eb75-11f0-906c-6e001b3eef54,Toxicity,74,164,2148.691406|3.000000,7.766880989074707,3.0,1926.962402|3.000000,2107.971680|5.000000,1801.483887|5.000000,5,2.033440,N/A,5
MOGP_NSGAII,b2ec7f9c-eb75-11f0-906c-6e001b3eef54,Toxicity,74,165,2148.691406|3.000000,7.76609206199646,3.0,1926.962402|3.000000,2107.971680|5.000000,1801.483887|5.000000,5,2.033440,N/A,5
MOGP_NSGAII,b2ec7f9c-eb75-11f0-906c-6e001b3eef54,Toxicity,74,166,2148.691406|3.000000,7.96497106552124,3.0,1926.962402|3.000000,2107.971680|5.000000,1801.483887|5.000000,5,2.033440,N/A,5
MOGP_NSGAII,b2ec7f9c-eb75-11f0-906c-6e001b3eef54,Toxicity,74,167,2148.691406|3.000000,7.769713878631592,3.0,1926.962402|3.000000,2107.971680|5.000000,1801.483887|5.000000,5,2.033440,N/A,5
MOGP_NSGAII,b2ec7f9c-eb75-11f0-906c-6e001b3eef54,Toxicity,74,168,2148.691406|3.000000,7.698349952697754,3.0,1926.962402|3.000000,2107.971680|5.000000,1801.483887|5.000000,5,2.033440,N/A,5
MOGP_NSGAII,b2ec7f9c-eb75-11f0-906c-6e001b3eef54,Toxicity,74,169,2148.691406|3.000000,9.563174962997437,3.0,1926.962402|3.000000,2107.971680|5.000000,1801.483887|5.000000,5,2.033440,N/A,5
MOGP_NSGAII,b2ec7f9c-eb75-11f0-906c-6e001b3eef54,Toxicity,74,170,2148.691406|3.000000,8.332250833511353,3.0,1926.962402|3.000000,2107.971680|5.000000,1801.483887|5.000000,5,2.033440,N/A,5
MOGP_NSGAII,b2ec7f9c-eb75-11f0-906c-6e001b3eef54,Toxicity,74,171,2148.691406|3.000000,9.232437133789062,3.0,1926.962402|3.000000,2107.971680|5.000000,1801.483887|5.000000,5,2.033440,N/A,5
MOGP_NSGAII,b2ec7f9c-eb75-11f0-906c-6e001b3eef54,Toxicity,74,172,2148.691406|3.000000,8.96117091178894,3.0,1926.962402|3.000000,2107.971680|5.000000,1801.483887|5.000000,5,2.033440,N/A,5
MOGP_NSGAII,b2ec7f9c-eb75-11f0-906c-6e001b3eef54,Toxicity,74,173,2148.691406|3.000000,9.503380060195923,3.0,1926.962402|3.000000,2107.971680|5.000000,1801.483887|5.000000,5,2.033440,N/A,5
MOGP_NSGAII,b2ec7f9c-eb75-11f0-906c-6e001b3eef54,Toxicity,74,174,2148.691406|3.000000,9.299041986465454,3.0,1926.962402|3.000000,2107.971680|5.000000,1801.483887|5.000000,5,2.033440,N/A,5
MOGP_NSGAII,b2ec7f9c-eb75-11f0-906c-6e001b3eef54,Toxicity,74,175,2148.691406|3.000000,9.619266986846924,3.0,1926.962402|3.000000,2107.971680|5.000000,1801.483887|5.000000,5,2.033440,N/A,5
MOGP_NSGAII,b2ec7f9c-eb75-11f0-906c-6e001b3eef54,Toxicity,74,176,2148.691406|3.000000,9.486523151397705,3.0,1926.962402|3.000000,2107.971680|5.000000,1801.483887|5.000000,5,2.033440,N/A,5
MOGP_NSGAII,b2ec7f9c-eb75-11f0-906c-6e001b3eef54,Toxicity,74,177,2148.691406|3.000000,9.172341108322144,3.0,1926.962402|3.000000,2107.971680|5.000000,1801.483887|5.000000,5,2.033440,N/A,5
MOGP_NSGAII,b2ec7f9c-eb75-11f0-906c-6e001b3eef54,Toxicity,74,178,2148.691406|3.000000,9.197840929031372,3.0,1926.962402|3.000000,2107.971680|5.000000,1801.483887|5.000000,5,2.033440,N/A,5
MOGP_NSGAII,b2ec7f9c-eb75-11f0-906c-6e001b3eef54,Toxicity,74,179,2148.691406|3.000000,9.355939149856567,3.0,1926.962402|3.000000,2107.971680|5.000000,1801.483887|5.000000,5,2.033440,N/A,5
MOGP_NSGAII,b2ec7f9c-eb75-11f0-906c-6e001b3eef54,Toxicity,74,180,2148.691406|3.000000,9.297538995742798,3.0,1926.962402|3.000000,2107.971680|5.000000,1801.483887|5.000000,5,2.033440,N/A,5
MOGP_NSGAII,b2ec7f9c-eb75-11f0-906c-6e001b3eef54,Toxicity,74,181,2148.691406|3.000000,9.355144023895264,3.0,1926.962402|3.000000,2107.971680|5.000000,1801.483887|5.000000,5,2.033440,N/A,5
MOGP_NSGAII,b2ec7f9c-eb75-11f0-906c-6e001b3eef54,Toxicity,74,182,2148.691406|3.000000,9.331105709075928,3.0,1926.962402|3.000000,2107.971680|5.000000,1801.483887|5.000000,5,2.033440,N/A,5
MOGP_NSGAII,b2ec7f9c-eb75-11f0-906c-6e001b3eef54,Toxicity,74,183,2148.691406|3.000000,9.151419878005981,3.0,1926.962402|3.000000,2107.971680|5.000000,1801.483887|5.000000,5,2.033440,N/A,5
MOGP_NSGAII,b2ec7f9c-eb75-11f0-906c-6e001b3eef54,Toxicity,74,184,2148.691406|3.000000,9.1702299118042,3.0,1926.962402|3.000000,2107.971680|5.000000,1801.483887|5.000000,5,2.033440,N/A,5
MOGP_NSGAII,b2ec7f9c-eb75-11f0-906c-6e001b3eef54,Toxicity,74,185,2148.691406|3.000000,9.183833122253418,3.0,1926.962402|3.000000,2107.971680|5.000000,1801.483887|5.000000,5,2.033440,N/A,5
MOGP_NSGAII,b2ec7f9c-eb75-11f0-906c-6e001b3eef54,Toxicity,74,186,2148.691406|3.000000,9.490218877792358,3.0,1926.962402|3.000000,2107.971680|5.000000,1801.483887|5.000000,5,2.033440,N/A,5
MOGP_NSGAII,b2ec7f9c-eb75-11f0-906c-6e001b3eef54,Toxicity,74,187,2148.691406|3.000000,8.83545708656311,3.0,1926.962402|3.000000,2107.971680|5.000000,1801.483887|5.000000,5,2.033440,N/A,5
MOGP_NSGAII,b2ec7f9c-eb75-11f0-906c-6e001b3eef54,Toxicity,74,188,2148.691406|3.000000,9.314337015151978,3.0,1926.962402|3.000000,2107.971680|5.000000,1801.483887|5.000000,5,2.033440,N/A,5
MOGP_NSGAII,b2ec7f9c-eb75-11f0-906c-6e001b3eef54,Toxicity,74,189,2148.691406|3.000000,9.1488778591156,3.0,1926.962402|3.000000,2107.971680|5.000000,1801.483887|5.000000,5,2.033440,N/A,5
MOGP_NSGAII,b2ec7f9c-eb75-11f0-906c-6e001b3eef54,Toxicity,74,190,2148.691406|3.000000,9.041893005371094,3.0,1926.962402|3.000000,2107.971680|5.000000,1801.483887|5.000000,5,2.033440,N/A,5
MOGP_NSGAII,b2ec7f9c-eb75-11f0-906c-6e001b3eef54,Toxicity,74,191,2148.691406|3.000000,8.9361572265625,3.0,1926.962402|3.000000,2107.971680|5.000000,1801.483887|5.000000,5,2.033440,N/A,5
MOGP_NSGAII,b2ec7f9c-eb75-11f0-906c-6e001b3eef54,Toxicity,74,192,2148.691406|3.000000,9.028231859207153,3.0,1926.962402|3.000000,2107.971680|5.000000,1801.483887|5.000000,5,2.033440,N/A,5
MOGP_NSGAII,b2ec7f9c-eb75-11f0-906c-6e001b3eef54,Toxicity,74,193,2148.691406|3.000000,9.568729162216187,3.0,1926.962402|3.000000,2107.971680|5.000000,1801.483887|5.000000,5,2.033440,N/A,5
MOGP_NSGAII,b2ec7f9c-eb75-11f0-906c-6e001b3eef54,Toxicity,74,194,2148.691406|3.000000,9.246899127960205,3.0,1926.962402|3.000000,2107.971680|5.000000,1801.483887|5.000000,5,2.033440,N/A,5
MOGP_NSGAII,b2ec7f9c-eb75-11f0-906c-6e001b3eef54,Toxicity,74,195,2148.691406|3.000000,9.62648892402649,3.0,1926.962402|3.000000,2107.971680|5.000000,1801.483887|5.000000,5,2.033440,N/A,5
MOGP_NSGAII,b2ec7f9c-eb75-11f0-906c-6e001b3eef54,Toxicity,74,196,2148.691406|3.000000,9.484232902526855,3.0,1926.962402|3.000000,2107.971680|5.000000,1801.483887|5.000000,5,2.033440,N/A,5
MOGP_NSGAII,b2ec7f9c-eb75-11f0-906c-6e001b3eef54,Toxicity,74,197,2148.691406|3.000000,9.157280921936035,3.0,1926.962402|3.000000,2107.971680|5.000000,1801.483887|5.000000,5,2.033440,N/A,5
MOGP_NSGAII,b2ec7f9c-eb75-11f0-906c-6e001b3eef54,Toxicity,74,198,2148.691406|3.000000,9.152133226394653,3.0,1926.962402|3.000000,2107.971680|5.000000,1801.483887|5.000000,5,2.033440,N/A,5
MOGP_NSGAII,b2ec7f9c-eb75-11f0-906c-6e001b3eef54,Toxicity,74,199,2148.691406|3.000000,9.565385103225708,3.0,1926.962402|3.000000,2107.971680|5.000000,1801.483887|5.000000,5,2.033440,N/A,5
MOGP_NSGAII,b2ec7f9c-eb75-11f0-906c-6e001b3eef54,Toxicity,74,200,2148.691406|3.000000,8.964492082595825,3.0,1926.962402|3.000000,2107.971680|5.000000,1801.483887|5.000000,5,2.033440,N/A,5
MOGP_NSGAII,b2ec7f9c-eb75-11f0-906c-6e001b3eef54,Toxicity,74,201,2148.691406|3.000000,9.221515893936157,3.0,1926.962402|3.000000,2107.971680|5.000000,1801.483887|5.000000,5,2.033440,N/A,5
MOGP_NSGAII,b2ec7f9c-eb75-11f0-906c-6e001b3eef54,Toxicity,74,202,2148.691406|3.000000,9.43476390838623,3.0,1926.962402|3.000000,2107.971680|5.000000,1801.483887|5.000000,5,2.033440,N/A,5
MOGP_NSGAII,b2ec7f9c-eb75-11f0-906c-6e001b3eef54,Toxicity,74,203,2148.691406|3.000000,9.563199043273926,3.0,1926.962402|3.000000,2107.971680|5.000000,1801.483887|5.000000,5,2.033440,N/A,5
MOGP_NSGAII,b2ec7f9c-eb75-11f0-906c-6e001b3eef54,Toxicity,74,204,2148.691406|3.000000,9.191349029541016,3.0,1926.962402|3.000000,2107.971680|5.000000,1801.483887|5.000000,5,2.033440,N/A,5
MOGP_NSGAII,b2ec7f9c-eb75-11f0-906c-6e001b3eef54,Toxicity,74,205,2148.691406|3.000000,9.882195949554443,3.0,1926.962402|3.000000,2107.971680|5.000000,1801.483887|5.000000,5,2.033440,N/A,5
MOGP_NSGAII,b2ec7f9c-eb75-11f0-906c-6e001b3eef54,Toxicity,74,206,2148.691406|3.000000,9.603667974472046,3.0,1926.962402|3.000000,2107.971680|5.000000,1801.483887|5.000000,5,2.033440,N/A,5
MOGP_NSGAII,b2ec7f9c-eb75-11f0-906c-6e001b3eef54,Toxicity,74,207,2148.691406|3.000000,9.640199899673462,3.0,1926.962402|3.000000,2107.971680|5.000000,1801.483887|5.000000,5,2.033440,N/A,5
MOGP_NSGAII,b2ec7f9c-eb75-11f0-906c-6e001b3eef54,Toxicity,74,208,2148.691406|3.000000,9.360221147537231,3.0,1926.962402|3.000000,2107.971680|5.000000,1801.483887|5.000000,5,2.033440,N/A,5
MOGP_NSGAII,b2ec7f9c-eb75-11f0-906c-6e001b3eef54,Toxicity,74,209,2148.691406|3.000000,9.306503772735596,3.0,1926.962402|3.000000,2107.971680|5.000000,1801.483887|5.000000,5,2.033440,N/A,5
MOGP_NSGAII,b2ec7f9c-eb75-11f0-906c-6e001b3eef54,Toxicity,74,210,2148.691406|3.000000,11.450354099273682,3.0,1926.962402|3.000000,2107.971680|5.000000,1801.483887|5.000000,5,2.033440,N/A,5
MOGP_NSGAII,b2ec7f9c-eb75-11f0-906c-6e001b3eef54,Toxicity,74,211,2148.691406|3.000000,9.31191897392273,3.0,1926.962402|3.000000,2107.971680|5.000000,1801.483887|5.000000,5,2.033440,N/A,5
MOGP_NSGAII,b2ec7f9c-eb75-11f0-906c-6e001b3eef54,Toxicity,74,212,2148.691406|3.000000,9.675809144973755,3.0,1926.962402|3.000000,2107.971680|5.000000,1801.483887|5.000000,5,2.033440,N/A,5
MOGP_NSGAII,b2ec7f9c-eb75-11f0-906c-6e001b3eef54,Toxicity,74,213,2148.691406|3.000000,9.100834131240845,3.0,1926.962402|3.000000,2107.971680|5.000000,1801.483887|5.000000,5,2.033440,N/A,5
MOGP_NSGAII,b2ec7f9c-eb75-11f0-906c-6e001b3eef54,Toxicity,74,214,2148.691406|3.000000,9.552544832229614,3.0,1926.962402|3.000000,2107.971680|5.000000,1801.483887|5.000000,5,2.033440,N/A,5
MOGP_NSGAII,b2ec7f9c-eb75-11f0-906c-6e001b3eef54,Toxicity,74,215,2148.691406|3.000000,9.29904294013977,3.0,1926.962402|3.000000,2107.971680|5.000000,1801.483887|5.000000,5,2.033440,N/A,5
MOGP_NSGAII,b2ec7f9c-eb75-11f0-906c-6e001b3eef54,Toxicity,74,216,2148.691406|3.000000,9.371279954910278,3.0,1926.962402|3.000000,2107.971680|5.000000,1801.483887|5.000000,5,2.033440,N/A,5
MOGP_NSGAII,b2ec7f9c-eb75-11f0-906c-6e001b3eef54,Toxicity,74,217,2148.691406|3.000000,9.402411937713623,3.0,1926.962402|3.000000,2107.971680|5.000000,1801.483887|5.000000,5,2.033440,N/A,5
MOGP_NSGAII,b2ec7f9c-eb75-11f0-906c-6e001b3eef54,Toxicity,74,218,2148.691406|3.000000,9.137146949768066,3.0,1926.962402|3.000000,2107.971680|5.000000,1801.483887|5.000000,5,2.033440,N/A,5
MOGP_NSGAII,b2ec7f9c-eb75-11f0-906c-6e001b3eef54,Toxicity,74,219,2148.691406|3.000000,9.219249248504639,3.0,1926.962402|3.000000,2107.971680|5.000000,1801.483887|5.000000,5,2.033440,N/A,5
MOGP_NSGAII,b2ec7f9c-eb75-11f0-906c-6e001b3eef54,Toxicity,74,220,2148.691406|3.000000,9.837449073791504,3.0,1926.962402|3.000000,2107.971680|5.000000,1801.483887|5.000000,5,2.033440,N/A,5
MOGP_NSGAII,b2ec7f9c-eb75-11f0-906c-6e001b3eef54,Toxicity,74,221,2148.691406|3.000000,9.235026121139526,3.0,1926.962402|3.000000,2107.971680|5.000000,1801.483887|5.000000,5,2.033440,N/A,5
MOGP_NSGAII,b2ec7f9c-eb75-11f0-906c-6e001b3eef54,Toxicity,74,222,2148.691406|3.000000,9.26712965965271,3.0,1926.962402|3.000000,2107.971680|5.000000,1801.483887|5.000000,5,2.033440,N/A,5
MOGP_NSGAII,b2ec7f9c-eb75-11f0-906c-6e001b3eef54,Toxicity,74,223,2148.691406|3.000000,9.36995816230774,3.0,1926.962402|3.000000,2107.971680|5.000000,1801.483887|5.000000,5,2.033440,N/A,5
MOGP_NSGAII,b2ec7f9c-eb75-11f0-906c-6e001b3eef54,Toxicity,74,224,2148.691406|3.000000,9.465983152389526,3.0,1926.962402|3.000000,2107.971680|5.000000,1801.483887|5.000000,5,2.033440,N/A,5
MOGP_NSGAII,b2ec7f9c-eb75-11f0-906c-6e001b3eef54,Toxicity,74,225,2148.691406|3.000000,9.394726753234863,3.0,1926.962402|3.000000,2107.971680|5.000000,1801.483887|5.000000,5,2.033440,N/A,5
MOGP_NSGAII,b2ec7f9c-eb75-11f0-906c-6e001b3eef54,Toxicity,74,226,2148.691406|3.000000,9.211942195892334,3.0,1926.962402|3.000000,2107.971680|5.000000,1801.483887|5.000000,5,2.033440,N/A,5
MOGP_NSGAII,b2ec7f9c-eb75-11f0-906c-6e001b3eef54,Toxicity,74,227,2148.691406|3.000000,9.33696699142456,3.0,1926.962402|3.000000,2107.971680|5.000000,1801.483887|5.000000,5,2.033440,N/A,5
MOGP_NSGAII,b2ec7f9c-eb75-11f0-906c-6e001b3eef54,Toxicity,74,228,2148.691406|3.000000,9.515843868255615,3.0,1926.962402|3.000000,2107.971680|5.000000,1801.483887|5.000000,5,2.033440,N/A,5
MOGP_NSGAII,b2ec7f9c-eb75-11f0-906c-6e001b3eef54,Toxicity,74,229,2148.691406|3.000000,9.120977878570557,3.0,1926.962402|3.000000,2107.971680|5.000000,1801.483887|5.000000,5,2.033440,N/A,5
MOGP_NSGAII,b2ec7f9c-eb75-11f0-906c-6e001b3eef54,Toxicity,74,230,2148.691406|3.000000,9.249109983444214,3.0,1926.962402|3.000000,2107.971680|5.000000,1801.483887|5.000000,5,2.033440,N/A,5
MOGP_NSGAII,b2ec7f9c-eb75-11f0-906c-6e001b3eef54,Toxicity,74,231,2148.691406|3.000000,9.3059561252594,3.0,1926.962402|3.000000,2107.971680|5.000000,1801.483887|5.000000,5,2.033440,N/A,5
MOGP_NSGAII,b2ec7f9c-eb75-11f0-906c-6e001b3eef54,Toxicity,74,232,2148.691406|3.000000,9.41246509552002,3.0,1926.962402|3.000000,2107.971680|5.000000,1801.483887|5.000000,5,2.033440,N/A,5
MOGP_NSGAII,b2ec7f9c-eb75-11f0-906c-6e001b3eef54,Toxicity,74,233,2148.691406|3.000000,9.308609247207642,3.0,1926.962402|3.000000,2107.971680|5.000000,1801.483887|5.000000,5,2.033440,N/A,5
MOGP_NSGAII,b2ec7f9c-eb75-11f0-906c-6e001b3eef54,Toxicity,74,234,2148.691406|3.000000,9.459043741226196,3.0,1926.962402|3.000000,2107.971680|5.000000,1801.483887|5.000000,5,2.033440,N/A,5
MOGP_NSGAII,b2ec7f9c-eb75-11f0-906c-6e001b3eef54,Toxicity,74,235,2148.691406|3.000000,9.19530701637268,3.0,1926.962402|3.000000,2107.971680|5.000000,1801.483887|5.000000,5,2.033440,N/A,5
MOGP_NSGAII,b2ec7f9c-eb75-11f0-906c-6e001b3eef54,Toxicity,74,236,2148.691406|3.000000,9.133705854415894,3.0,1926.962402|3.000000,2107.971680|5.000000,1801.483887|5.000000,5,2.033440,N/A,5
MOGP_NSGAII,b2ec7f9c-eb75-11f0-906c-6e001b3eef54,Toxicity,74,237,2148.691406|3.000000,9.083152770996094,3.0,1926.962402|3.000000,2107.971680|5.000000,1801.483887|5.000000,5,2.033440,N/A,5
MOGP_NSGAII,b2ec7f9c-eb75-11f0-906c-6e001b3eef54,Toxicity,74,238,2148.691406|3.000000,9.135892152786255,3.0,1926.962402|3.000000,2107.971680|5.000000,1801.483887|5.000000,5,2.033440,N/A,5
MOGP_NSGAII,b2ec7f9c-eb75-11f0-906c-6e001b3eef54,Toxicity,74,239,2148.691406|3.000000,9.246613025665283,3.0,1926.962402|3.000000,2107.971680|5.000000,1801.483887|5.000000,5,2.033440,N/A,5
MOGP_NSGAII,b2ec7f9c-eb75-11f0-906c-6e001b3eef54,Toxicity,74,240,2148.691406|3.000000,9.543574094772339,3.0,1926.962402|3.000000,2107.971680|5.000000,1801.483887|5.000000,5,2.033440,N/A,5
MOGP_NSGAII,b2ec7f9c-eb75-11f0-906c-6e001b3eef54,Toxicity,74,241,2148.691406|3.000000,9.517144680023193,3.0,1926.962402|3.000000,2107.971680|5.000000,1801.483887|5.000000,5,2.033440,N/A,5
MOGP_NSGAII,b2ec7f9c-eb75-11f0-906c-6e001b3eef54,Toxicity,74,242,2148.691406|3.000000,9.496299028396606,3.0,1926.962402|3.000000,2107.971680|5.000000,1801.483887|5.000000,5,2.033440,N/A,5
MOGP_NSGAII,b2ec7f9c-eb75-11f0-906c-6e001b3eef54,Toxicity,74,243,2148.691406|3.000000,9.156099796295166,3.0,1926.962402|3.000000,2107.971680|5.000000,1801.483887|5.000000,5,2.033440,N/A,5
MOGP_NSGAII,b2ec7f9c-eb75-11f0-906c-6e001b3eef54,Toxicity,74,244,2148.691406|3.000000,9.27382516860962,3.0,1926.962402|3.000000,2107.971680|5.000000,1801.483887|5.000000,5,2.033440,N/A,5
MOGP_NSGAII,b2ec7f9c-eb75-11f0-906c-6e001b3eef54,Toxicity,74,245,2148.691406|3.000000,9.518643856048584,3.0,1926.962402|3.000000,2107.971680|5.000000,1801.483887|5.000000,5,2.033440,N/A,5
MOGP_NSGAII,b2ec7f9c-eb75-11f0-906c-6e001b3eef54,Toxicity,74,246,2148.691406|3.000000,9.135460138320923,3.0,1926.962402|3.000000,2107.971680|5.000000,1801.483887|5.000000,5,2.033440,N/A,5
MOGP_NSGAII,b2ec7f9c-eb75-11f0-906c-6e001b3eef54,Toxicity,74,247,2148.691406|3.000000,9.497710943222046,3.0,1926.962402|3.000000,2107.971680|5.000000,1801.483887|5.000000,5,2.033440,N/A,5
MOGP_NSGAII,b2ec7f9c-eb75-11f0-906c-6e001b3eef54,Toxicity,74,248,2148.691406|3.000000,9.236311197280884,3.0,1926.962402|3.000000,2107.971680|5.000000,1801.483887|5.000000,5,2.033440,N/A,5
MOGP_NSGAII,b2ec7f9c-eb75-11f0-906c-6e001b3eef54,Toxicity,74,249,2148.691406|3.000000,9.649801969528198,3.0,1926.962402|3.000000,2107.971680|5.000000,1801.483887|5.000000,5,2.033440,N/A,5
MOGP_NSGAII,b2ec7f9c-eb75-11f0-906c-6e001b3eef54,Toxicity,74,250,2148.691406|3.000000,9.353577136993408,3.0,1926.962402|3.000000,2107.971680|5.000000,1801.483887|5.000000,5,2.033440,N/A,5
