MOGP_GENERATIONAL,ed722c7a-ec65-11f0-ade0-6e001b3eef54,Toxicity,74,0,2584.615967|3.000000|0.000000|0.000000|0.000000,1.6328372955322266,3.0,2674.053223|3.000000|0.000000|0.000000|0.000000,N/A,N/A,0,159825739776.000000,N/A,5
MOGP_GENERATIONAL,ed722c7a-ec65-11f0-ade0-6e001b3eef54,Toxicity,74,1,2571.905273|3.000000|0.000000|0.000000|0.000000,0.06918191909790039,3.0,2661.567871|3.000000|0.000000|0.000000|0.000000,2131.574951|5.000000|2.000000|0.000000|0.000000,2272.430176|5.000000|2.000000|0.000000|0.000000,5,70656581632.000000,N/A,5
MOGP_GENERATIONAL,ed722c7a-ec65-11f0-ade0-6e001b3eef54,Toxicity,74,2,2554.893799|3.000000|0.000000|0.000000|0.000000,0.07711911201477051,3.0,2644.859131|3.000000|0.000000|0.000000|0.000000,2209.225586|3.000000|1.000000|0.000000|0.000000,2403.218994|3.000000|1.000000|0.000000|0.000000,3,13639055360.000000,N/A,5
MOGP_GENERATIONAL,ed722c7a-ec65-11f0-ade0-6e001b3eef54,Toxicity,74,3,2543.648926|3.000000|0.000000|0.000000|0.000000,0.06409192085266113,3.0,2633.814453|3.000000|0.000000|0.000000|0.000000,2202.609131|3.000000|1.000000|0.000000|0.000000,2417.699707|3.000000|1.000000|0.000000|0.000000,3,85535162368.000000,N/A,5
MOGP_GENERATIONAL,ed722c7a-ec65-11f0-ade0-6e001b3eef54,Toxicity,74,4,2543.648926|3.000000|0.000000|0.000000|0.000000,0.07683897018432617,3.0,2633.814453|3.000000|0.000000|0.000000|0.000000,2129.917480|3.000000|1.000000|0.000000|0.000000,2249.563721|3.000000|1.000000|0.000000|0.000000,3,7112269312.000000,N/A,5
MOGP_GENERATIONAL,ed722c7a-ec65-11f0-ade0-6e001b3eef54,Toxicity,74,5,2543.648926|3.000000|0.000000|0.000000|0.000000,0.0773470401763916,3.0,2633.814453|3.000000|0.000000|0.000000|0.000000,2129.917480|3.000000|1.000000|0.000000|0.000000,2249.563721|3.000000|1.000000|0.000000|0.000000,3,56905.250000,N/A,5
MOGP_GENERATIONAL,ed722c7a-ec65-11f0-ade0-6e001b3eef54,Toxicity,74,6,2543.648926|3.000000|0.000000|0.000000|0.000000,0.08167290687561035,3.0,2633.814453|3.000000|0.000000|0.000000|0.000000,2129.917480|3.000000|1.000000|0.000000|0.000000,2249.563721|3.000000|1.000000|0.000000|0.000000,3,62304055296.000000,N/A,5
MOGP_GENERATIONAL,ed722c7a-ec65-11f0-ade0-6e001b3eef54,Toxicity,74,7,2543.648926|3.000000|0.000000|0.000000|0.000000,0.07360100746154785,3.0,2633.814453|3.000000|0.000000|0.000000|0.000000,2101.827637|5.000000|1.000000|0.000000|0.000000,2165.142822|5.000000|1.000000|0.000000|0.000000,5,66194923520.000000,N/A,5
MOGP_GENERATIONAL,ed722c7a-ec65-11f0-ade0-6e001b3eef54,Toxicity,74,8,2543.648926|3.000000|0.000000|0.000000|0.000000,0.06759285926818848,3.0,2633.814453|3.000000|0.000000|0.000000|0.000000,2283.425537|7.000000|1.000000|0.000000|0.000000,2288.586182|7.000000|1.000000|0.000000|0.000000,7,49630003200.000000,N/A,5
MOGP_GENERATIONAL,ed722c7a-ec65-11f0-ade0-6e001b3eef54,Toxicity,74,9,2543.648926|3.000000|0.000000|0.000000|0.000000,0.07084298133850098,3.0,2633.814453|3.000000|0.000000|0.000000|0.000000,2134.706787|7.000000|2.000000|0.000000|0.000000,2202.361084|7.000000|2.000000|0.000000|0.000000,7,7822806528.000000,N/A,5
MOGP_GENERATIONAL,ed722c7a-ec65-11f0-ade0-6e001b3eef54,Toxicity,74,10,2543.648926|3.000000|0.000000|0.000000|0.000000,0.08266592025756836,3.0,2633.814453|3.000000|0.000000|0.000000|0.000000,2404.997803|5.000000|1.000000|0.000000|0.000000,2500.619141|5.000000|1.000000|0.000000|0.000000,5,51041628160.000000,N/A,5
MOGP_GENERATIONAL,ed722c7a-ec65-11f0-ade0-6e001b3eef54,Toxicity,74,11,2543.648926|3.000000|0.000000|0.000000|0.000000,0.08988070487976074,3.0,2633.814453|3.000000|0.000000|0.000000|0.000000,2370.661133|7.000000|2.000000|0.000000|0.000000,2443.828857|7.000000|2.000000|0.000000|0.000000,7,61623992320.000000,N/A,5
MOGP_GENERATIONAL,ed722c7a-ec65-11f0-ade0-6e001b3eef54,Toxicity,74,12,2543.648926|3.000000|0.000000|0.000000|0.000000,0.06808924674987793,3.0,2633.814453|3.000000|0.000000|0.000000|0.000000,2357.211670|7.000000|1.000000|2.000000|0.000000,2473.308594|7.000000|1.000000|2.000000|0.000000,7,81679892480.000000,N/A,5
MOGP_GENERATIONAL,ed722c7a-ec65-11f0-ade0-6e001b3eef54,Toxicity,74,13,2543.648926|3.000000|0.000000|0.000000|0.000000,0.07488703727722168,3.0,2633.814453|3.000000|0.000000|0.000000|0.000000,2466.263184|7.000000|2.000000|0.000000|0.000000,2565.796631|7.000000|2.000000|0.000000|0.000000,7,43424894976.000000,N/A,5
MOGP_GENERATIONAL,ed722c7a-ec65-11f0-ade0-6e001b3eef54,Toxicity,74,14,2543.648926|3.000000|0.000000|0.000000|0.000000,0.06930994987487793,3.0,2633.814453|3.000000|0.000000|0.000000|0.000000,2275.764160|7.000000|2.000000|0.000000|0.000000,2443.950684|7.000000|2.000000|0.000000|0.000000,7,55551614976.000000,N/A,5
MOGP_GENERATIONAL,ed722c7a-ec65-11f0-ade0-6e001b3eef54,Toxicity,74,15,2543.648926|3.000000|0.000000|0.000000|0.000000,0.07382702827453613,3.0,2633.814453|3.000000|0.000000|0.000000|0.000000,2129.540771|7.000000|2.000000|0.000000|0.000000,2407.299805|7.000000|2.000000|0.000000|0.000000,7,49320914944.000000,N/A,5
MOGP_GENERATIONAL,ed722c7a-ec65-11f0-ade0-6e001b3eef54,Toxicity,74,16,2543.648926|3.000000|0.000000|0.000000|0.000000,0.0697469711303711,3.0,2633.814453|3.000000|0.000000|0.000000|0.000000,2321.862549|7.000000|2.000000|0.000000|0.000000,2494.317139|7.000000|2.000000|0.000000|0.000000,7,50036199424.000000,N/A,5
MOGP_GENERATIONAL,ed722c7a-ec65-11f0-ade0-6e001b3eef54,Toxicity,74,17,2543.648926|3.000000|0.000000|0.000000|0.000000,0.06400942802429199,3.0,2633.814453|3.000000|0.000000|0.000000|0.000000,2210.381592|7.000000|2.000000|0.000000|0.000000,2318.789795|7.000000|2.000000|0.000000|0.000000,7,31776378880.000000,N/A,5
MOGP_GENERATIONAL,ed722c7a-ec65-11f0-ade0-6e001b3eef54,Toxicity,74,18,2543.648926|3.000000|0.000000|0.000000|0.000000,0.0695500373840332,3.0,2633.814453|3.000000|0.000000|0.000000|0.000000,2291.622559|7.000000|2.000000|0.000000|0.000000,2459.287842|7.000000|2.000000|0.000000|0.000000,7,75569946624.000000,N/A,5
MOGP_GENERATIONAL,ed722c7a-ec65-11f0-ade0-6e001b3eef54,Toxicity,74,19,2543.648926|3.000000|0.000000|0.000000|0.000000,0.06985807418823242,3.0,2633.814453|3.000000|0.000000|0.000000|0.000000,2268.795410|7.000000|0.000000|0.000000|0.000000,2363.826660|7.000000|0.000000|0.000000|0.000000,7,27128608768.000000,N/A,5
MOGP_GENERATIONAL,ed722c7a-ec65-11f0-ade0-6e001b3eef54,Toxicity,74,20,2543.648926|3.000000|0.000000|0.000000|0.000000,0.06547713279724121,3.0,2633.814453|3.000000|0.000000|0.000000|0.000000,2024.077393|7.000000|1.000000|0.000000|0.000000,1994.637817|7.000000|1.000000|0.000000|0.000000,7,23934017536.000000,N/A,5
MOGP_GENERATIONAL,ed722c7a-ec65-11f0-ade0-6e001b3eef54,Toxicity,74,21,2543.648926|3.000000|0.000000|0.000000|0.000000,0.07300233840942383,3.0,2633.814453|3.000000|0.000000|0.000000|0.000000,2354.680420|7.000000|2.000000|2.000000|0.000000,2513.393555|7.000000|2.000000|2.000000|0.000000,7,15400860672.000000,N/A,5
MOGP_GENERATIONAL,ed722c7a-ec65-11f0-ade0-6e001b3eef54,Toxicity,74,22,2543.648926|3.000000|0.000000|0.000000|0.000000,0.06979703903198242,3.0,2633.814453|3.000000|0.000000|0.000000|0.000000,2327.474854|7.000000|2.000000|0.000000|0.000000,2411.848877|7.000000|2.000000|0.000000|0.000000,7,56953593856.000000,N/A,5
MOGP_GENERATIONAL,ed722c7a-ec65-11f0-ade0-6e001b3eef54,Toxicity,74,23,2543.648926|3.000000|0.000000|0.000000|0.000000,0.0693812370300293,3.0,2633.814453|3.000000|0.000000|0.000000|0.000000,2338.144287|7.000000|2.000000|0.000000|0.000000,2394.419189|7.000000|2.000000|0.000000|0.000000,7,33506807808.000000,N/A,5
MOGP_GENERATIONAL,ed722c7a-ec65-11f0-ade0-6e001b3eef54,Toxicity,74,24,2543.648926|3.000000|0.000000|0.000000|0.000000,0.0654299259185791,3.0,2633.814453|3.000000|0.000000|0.000000|0.000000,2281.716309|7.000000|2.000000|0.000000|0.000000,2459.680420|7.000000|2.000000|0.000000|0.000000,7,79503843328.000000,N/A,5
MOGP_GENERATIONAL,ed722c7a-ec65-11f0-ade0-6e001b3eef54,Toxicity,74,25,2543.648926|3.000000|0.000000|0.000000|0.000000,0.062391042709350586,3.0,2633.814453|3.000000|0.000000|0.000000|0.000000,2358.301758|7.000000|0.000000|0.000000|0.000000,2451.791992|7.000000|0.000000|0.000000|0.000000,7,48063987712.000000,N/A,5
MOGP_GENERATIONAL,ed722c7a-ec65-11f0-ade0-6e001b3eef54,Toxicity,74,26,2543.648926|3.000000|0.000000|0.000000|0.000000,0.07401704788208008,3.0,2633.814453|3.000000|0.000000|0.000000|0.000000,2297.950439|7.000000|2.000000|0.000000|0.000000,2447.842529|7.000000|2.000000|0.000000|0.000000,7,87791042560.000000,N/A,5
MOGP_GENERATIONAL,ed722c7a-ec65-11f0-ade0-6e001b3eef54,Toxicity,74,27,2543.648926|3.000000|0.000000|0.000000|0.000000,0.07021284103393555,3.0,2633.814453|3.000000|0.000000|0.000000|0.000000,2245.515137|7.000000|1.000000|0.000000|0.000000,2328.686523|7.000000|1.000000|0.000000|0.000000,7,51253026816.000000,N/A,5
MOGP_GENERATIONAL,ed722c7a-ec65-11f0-ade0-6e001b3eef54,Toxicity,74,28,2543.648926|3.000000|0.000000|0.000000|0.000000,0.07652401924133301,3.0,2633.814453|3.000000|0.000000|0.000000|0.000000,2255.655029|7.000000|1.000000|0.000000|0.000000,2365.929443|7.000000|1.000000|0.000000|0.000000,7,80426557440.000000,N/A,5
MOGP_GENERATIONAL,ed722c7a-ec65-11f0-ade0-6e001b3eef54,Toxicity,74,29,2543.648926|3.000000|0.000000|0.000000|0.000000,0.06502509117126465,3.0,2633.814453|3.000000|0.000000|0.000000|0.000000,2386.592529|7.000000|1.000000|0.000000|0.000000,2474.909668|7.000000|1.000000|0.000000|0.000000,7,85351505920.000000,N/A,5
MOGP_GENERATIONAL,ed722c7a-ec65-11f0-ade0-6e001b3eef54,Toxicity,74,30,2543.648926|3.000000|0.000000|0.000000|0.000000,0.06832695007324219,3.0,2633.814453|3.000000|0.000000|0.000000|0.000000,2400.219971|7.000000|2.000000|0.000000|0.000000,2526.431396|7.000000|2.000000|0.000000|0.000000,7,41751990272.000000,N/A,5
MOGP_GENERATIONAL,ed722c7a-ec65-11f0-ade0-6e001b3eef54,Toxicity,74,31,2543.648926|3.000000|0.000000|0.000000|0.000000,0.06970715522766113,3.0,2633.814453|3.000000|0.000000|0.000000|0.000000,2248.023682|7.000000|1.000000|0.000000|0.000000,2333.100098|7.000000|1.000000|0.000000|0.000000,7,405867264.000000,N/A,5
MOGP_GENERATIONAL,ed722c7a-ec65-11f0-ade0-6e001b3eef54,Toxicity,74,32,2543.648926|3.000000|0.000000|0.000000|0.000000,0.07374286651611328,3.0,2633.814453|3.000000|0.000000|0.000000|0.000000,2511.435059|7.000000|2.000000|0.000000|0.000000,2601.731689|7.000000|2.000000|0.000000|0.000000,7,82304737280.000000,N/A,5
MOGP_GENERATIONAL,ed722c7a-ec65-11f0-ade0-6e001b3eef54,Toxicity,74,33,2543.648926|3.000000|0.000000|0.000000|0.000000,0.07581710815429688,3.0,2633.814453|3.000000|0.000000|0.000000|0.000000,2087.571289|7.000000|2.000000|0.000000|0.000000,2200.676025|7.000000|2.000000|0.000000|0.000000,7,70357991424.000000,N/A,5
MOGP_GENERATIONAL,ed722c7a-ec65-11f0-ade0-6e001b3eef54,Toxicity,74,34,2543.648926|3.000000|0.000000|0.000000|0.000000,0.07504510879516602,3.0,2633.814453|3.000000|0.000000|0.000000|0.000000,2170.311768|7.000000|1.000000|0.000000|0.000000,2261.492188|7.000000|1.000000|0.000000|0.000000,7,11028004864.000000,N/A,5
MOGP_GENERATIONAL,ed722c7a-ec65-11f0-ade0-6e001b3eef54,Toxicity,74,35,2543.648926|3.000000|0.000000|0.000000|0.000000,0.07798910140991211,3.0,2633.814453|3.000000|0.000000|0.000000|0.000000,2440.129883|7.000000|1.000000|2.000000|0.000000,2553.754883|7.000000|1.000000|2.000000|0.000000,7,19512981504.000000,N/A,5
MOGP_GENERATIONAL,ed722c7a-ec65-11f0-ade0-6e001b3eef54,Toxicity,74,36,2543.648926|3.000000|0.000000|0.000000|0.000000,0.0801079273223877,3.0,2633.814453|3.000000|0.000000|0.000000|0.000000,2278.439697|7.000000|2.000000|0.000000|0.000000,2457.781738|7.000000|2.000000|0.000000|0.000000,7,63120699392.000000,N/A,5
MOGP_GENERATIONAL,ed722c7a-ec65-11f0-ade0-6e001b3eef54,Toxicity,74,37,2543.648926|3.000000|0.000000|0.000000|0.000000,0.07154107093811035,3.0,2633.814453|3.000000|0.000000|0.000000|0.000000,2377.503906|7.000000|1.000000|0.000000|0.000000,2512.535156|7.000000|1.000000|0.000000|0.000000,7,61076877312.000000,N/A,5
MOGP_GENERATIONAL,ed722c7a-ec65-11f0-ade0-6e001b3eef54,Toxicity,74,38,2543.648926|3.000000|0.000000|0.000000|0.000000,0.07449507713317871,3.0,2633.814453|3.000000|0.000000|0.000000|0.000000,2154.681885|7.000000|1.000000|0.000000|0.000000,2243.232666|7.000000|1.000000|0.000000|0.000000,7,90705297408.000000,N/A,5
MOGP_GENERATIONAL,ed722c7a-ec65-11f0-ade0-6e001b3eef54,Toxicity,74,39,2543.648926|3.000000|0.000000|0.000000|0.000000,0.06862998008728027,3.0,2633.814453|3.000000|0.000000|0.000000|0.000000,2428.003662|7.000000|1.000000|0.000000|0.000000,2518.022705|7.000000|1.000000|0.000000|0.000000,7,70425124864.000000,N/A,5
MOGP_GENERATIONAL,ed722c7a-ec65-11f0-ade0-6e001b3eef54,Toxicity,74,40,2543.648926|3.000000|0.000000|0.000000|0.000000,0.06865167617797852,3.0,2633.814453|3.000000|0.000000|0.000000|0.000000,2507.172119|7.000000|2.000000|2.000000|0.000000,2566.007080|7.000000|2.000000|2.000000|0.000000,7,30962984960.000000,N/A,5
MOGP_GENERATIONAL,ed722c7a-ec65-11f0-ade0-6e001b3eef54,Toxicity,74,41,2543.648926|3.000000|0.000000|0.000000|0.000000,0.07141470909118652,3.0,2633.814453|3.000000|0.000000|0.000000|0.000000,2167.453613|7.000000|2.000000|0.000000|0.000000,2269.420410|7.000000|2.000000|0.000000|0.000000,7,4011595776.000000,N/A,5
MOGP_GENERATIONAL,ed722c7a-ec65-11f0-ade0-6e001b3eef54,Toxicity,74,42,2543.648926|3.000000|0.000000|0.000000|0.000000,0.07987189292907715,3.0,2633.814453|3.000000|0.000000|0.000000|0.000000,2150.412842|7.000000|1.000000|2.000000|0.000000,2246.338623|7.000000|1.000000|2.000000|0.000000,7,89179947008.000000,N/A,5
MOGP_GENERATIONAL,ed722c7a-ec65-11f0-ade0-6e001b3eef54,Toxicity,74,43,2543.648926|3.000000|0.000000|0.000000|0.000000,0.0693352222442627,3.0,2633.814453|3.000000|0.000000|0.000000|0.000000,2075.414062|7.000000|1.000000|0.000000|0.000000,2139.058594|7.000000|1.000000|0.000000|0.000000,7,51553091584.000000,N/A,5
MOGP_GENERATIONAL,ed722c7a-ec65-11f0-ade0-6e001b3eef54,Toxicity,74,44,2543.648926|3.000000|0.000000|0.000000|0.000000,0.09019279479980469,3.0,2633.814453|3.000000|0.000000|0.000000|0.000000,2392.437744|7.000000|2.000000|0.000000|0.000000,2506.604248|7.000000|2.000000|0.000000|0.000000,7,66260529152.000000,N/A,5
MOGP_GENERATIONAL,ed722c7a-ec65-11f0-ade0-6e001b3eef54,Toxicity,74,45,2543.648926|3.000000|0.000000|0.000000|0.000000,0.07395625114440918,3.0,2633.814453|3.000000|0.000000|0.000000|0.000000,2233.620117|7.000000|1.000000|0.000000|0.000000,2321.492432|7.000000|1.000000|0.000000|0.000000,7,51826167808.000000,N/A,5
MOGP_GENERATIONAL,ed722c7a-ec65-11f0-ade0-6e001b3eef54,Toxicity,74,46,2543.648926|3.000000|0.000000|0.000000|0.000000,0.08084988594055176,3.0,2633.814453|3.000000|0.000000|0.000000|0.000000,2381.686768|7.000000|2.000000|0.000000|0.000000,2490.773682|7.000000|2.000000|0.000000|0.000000,7,51268939776.000000,N/A,5
MOGP_GENERATIONAL,ed722c7a-ec65-11f0-ade0-6e001b3eef54,Toxicity,74,47,2543.648926|3.000000|0.000000|0.000000|0.000000,0.09613204002380371,3.0,2633.814453|3.000000|0.000000|0.000000|0.000000,2035.231567|7.000000|2.000000|0.000000|0.000000,2115.878906|7.000000|2.000000|0.000000|0.000000,7,63030611968.000000,N/A,5
MOGP_GENERATIONAL,ed722c7a-ec65-11f0-ade0-6e001b3eef54,Toxicity,74,48,2543.648926|3.000000|0.000000|0.000000|0.000000,0.06824684143066406,3.0,2633.814453|3.000000|0.000000|0.000000|0.000000,2201.977295|7.000000|1.000000|0.000000|0.000000,2267.109619|7.000000|1.000000|0.000000|0.000000,7,31776362496.000000,N/A,5
MOGP_GENERATIONAL,ed722c7a-ec65-11f0-ade0-6e001b3eef54,Toxicity,74,49,2543.648926|3.000000|0.000000|0.000000|0.000000,0.06448507308959961,3.0,2633.814453|3.000000|0.000000|0.000000|0.000000,2215.384033|7.000000|2.000000|0.000000|0.000000,2352.137939|7.000000|2.000000|0.000000|0.000000,7,127271032.000000,N/A,5
MOGP_GENERATIONAL,ed722c7a-ec65-11f0-ade0-6e001b3eef54,Toxicity,74,50,2543.648926|3.000000|0.000000|0.000000|0.000000,0.08057284355163574,3.0,2633.814453|3.000000|0.000000|0.000000|0.000000,2219.918701|7.000000|2.000000|0.000000|0.000000,2321.297119|7.000000|2.000000|0.000000|0.000000,7,51991183360.000000,N/A,5
MOGP_GENERATIONAL,ed722c7a-ec65-11f0-ade0-6e001b3eef54,Toxicity,74,51,2543.648926|3.000000|0.000000|0.000000|0.000000,0.09153890609741211,3.0,2633.814453|3.000000|0.000000|0.000000|0.000000,2298.934082|7.000000|1.000000|0.000000|0.000000,2386.922607|7.000000|1.000000|0.000000|0.000000,7,51963248640.000000,N/A,5
MOGP_GENERATIONAL,ed722c7a-ec65-11f0-ade0-6e001b3eef54,Toxicity,74,52,2543.648926|3.000000|0.000000|0.000000|0.000000,0.07413792610168457,3.0,2633.814453|3.000000|0.000000|0.000000|0.000000,2251.903076|7.000000|2.000000|0.000000|0.000000,2341.429932|7.000000|2.000000|0.000000|0.000000,7,53224861696.000000,N/A,5
MOGP_GENERATIONAL,ed722c7a-ec65-11f0-ade0-6e001b3eef54,Toxicity,74,53,2543.648926|3.000000|0.000000|0.000000|0.000000,0.08700203895568848,3.0,2633.814453|3.000000|0.000000|0.000000|0.000000,2321.251709|7.000000|2.000000|0.000000|0.000000,2408.032471|7.000000|2.000000|0.000000|0.000000,7,21278291968.000000,N/A,5
MOGP_GENERATIONAL,ed722c7a-ec65-11f0-ade0-6e001b3eef54,Toxicity,74,54,2543.648926|3.000000|0.000000|0.000000|0.000000,0.07129192352294922,3.0,2633.814453|3.000000|0.000000|0.000000|0.000000,2295.097412|7.000000|1.000000|0.000000|0.000000,2392.803955|7.000000|1.000000|0.000000|0.000000,7,60095053824.000000,N/A,5
MOGP_GENERATIONAL,ed722c7a-ec65-11f0-ade0-6e001b3eef54,Toxicity,74,55,2543.648926|3.000000|0.000000|0.000000|0.000000,0.0686349868774414,3.0,2633.814453|3.000000|0.000000|0.000000|0.000000,2277.416016|7.000000|2.000000|0.000000|0.000000,2351.767090|7.000000|2.000000|0.000000|0.000000,7,71634100224.000000,N/A,5
MOGP_GENERATIONAL,ed722c7a-ec65-11f0-ade0-6e001b3eef54,Toxicity,74,56,2543.648926|3.000000|0.000000|0.000000|0.000000,0.07591509819030762,3.0,2633.814453|3.000000|0.000000|0.000000|0.000000,2386.011963|7.000000|2.000000|0.000000|0.000000,2465.714111|7.000000|2.000000|0.000000|0.000000,7,88424882176.000000,N/A,5
MOGP_GENERATIONAL,ed722c7a-ec65-11f0-ade0-6e001b3eef54,Toxicity,74,57,2543.648926|3.000000|0.000000|0.000000|0.000000,0.07666492462158203,3.0,2633.814453|3.000000|0.000000|0.000000|0.000000,2298.888428|7.000000|2.000000|0.000000|0.000000,2474.070801|7.000000|2.000000|0.000000|0.000000,7,80476258304.000000,N/A,5
MOGP_GENERATIONAL,ed722c7a-ec65-11f0-ade0-6e001b3eef54,Toxicity,74,58,2543.648926|3.000000|0.000000|0.000000|0.000000,0.07882094383239746,3.0,2633.814453|3.000000|0.000000|0.000000|0.000000,2300.077393|7.000000|2.000000|0.000000|0.000000,2475.581055|7.000000|2.000000|0.000000|0.000000,7,79871680512.000000,N/A,5
MOGP_GENERATIONAL,ed722c7a-ec65-11f0-ade0-6e001b3eef54,Toxicity,74,59,2543.648926|3.000000|0.000000|0.000000|0.000000,0.07225823402404785,3.0,2633.814453|3.000000|0.000000|0.000000|0.000000,2427.991943|7.000000|2.000000|0.000000|0.000000,2518.830811|7.000000|2.000000|0.000000|0.000000,7,65709731840.000000,N/A,5
MOGP_GENERATIONAL,ed722c7a-ec65-11f0-ade0-6e001b3eef54,Toxicity,74,60,2543.648926|3.000000|0.000000|0.000000|0.000000,0.07047700881958008,3.0,2633.814453|3.000000|0.000000|0.000000|0.000000,2102.458496|7.000000|1.000000|0.000000|0.000000,2187.443115|7.000000|1.000000|0.000000|0.000000,7,29072945152.000000,N/A,5
MOGP_GENERATIONAL,ed722c7a-ec65-11f0-ade0-6e001b3eef54,Toxicity,74,61,2543.648926|3.000000|0.000000|0.000000|0.000000,0.07391786575317383,3.0,2633.814453|3.000000|0.000000|0.000000|0.000000,2307.773926|7.000000|2.000000|2.000000|0.000000,2395.009521|7.000000|2.000000|2.000000|0.000000,7,51119206400.000000,N/A,5
MOGP_GENERATIONAL,ed722c7a-ec65-11f0-ade0-6e001b3eef54,Toxicity,74,62,2543.648926|3.000000|0.000000|0.000000|0.000000,0.06961631774902344,3.0,2633.814453|3.000000|0.000000|0.000000|0.000000,2268.220703|7.000000|1.000000|0.000000|0.000000,2434.032715|7.000000|1.000000|0.000000|0.000000,7,20605616128.000000,N/A,5
MOGP_GENERATIONAL,ed722c7a-ec65-11f0-ade0-6e001b3eef54,Toxicity,74,63,2543.648926|3.000000|0.000000|0.000000|0.000000,0.07185029983520508,3.0,2633.814453|3.000000|0.000000|0.000000|0.000000,2289.842529|7.000000|1.000000|0.000000|0.000000,2468.948242|7.000000|1.000000|0.000000|0.000000,7,30114402304.000000,N/A,5
MOGP_GENERATIONAL,ed722c7a-ec65-11f0-ade0-6e001b3eef54,Toxicity,74,64,2543.648926|3.000000|0.000000|0.000000|0.000000,0.1317598819732666,3.0,2633.814453|3.000000|0.000000|0.000000|0.000000,2038.543335|7.000000|0.000000|0.000000|0.000000,2135.659912|7.000000|0.000000|0.000000|0.000000,7,49092001792.000000,N/A,5
MOGP_GENERATIONAL,ed722c7a-ec65-11f0-ade0-6e001b3eef54,Toxicity,74,65,2543.648926|3.000000|0.000000|0.000000|0.000000,0.07239508628845215,3.0,2633.814453|3.000000|0.000000|0.000000|0.000000,2268.718018|7.000000|2.000000|0.000000|0.000000,2348.385742|7.000000|2.000000|0.000000|0.000000,7,54413635584.000000,N/A,5
MOGP_GENERATIONAL,ed722c7a-ec65-11f0-ade0-6e001b3eef54,Toxicity,74,66,2543.648926|3.000000|0.000000|0.000000|0.000000,0.07025790214538574,3.0,2633.814453|3.000000|0.000000|0.000000|0.000000,2422.325684|7.000000|2.000000|0.000000|0.000000,2543.326660|7.000000|2.000000|0.000000|0.000000,7,82441887744.000000,N/A,5
MOGP_GENERATIONAL,ed722c7a-ec65-11f0-ade0-6e001b3eef54,Toxicity,74,67,2543.648926|3.000000|0.000000|0.000000|0.000000,0.07016992568969727,3.0,2633.814453|3.000000|0.000000|0.000000|0.000000,2477.794922|7.000000|2.000000|0.000000|0.000000,2595.848633|7.000000|2.000000|0.000000|0.000000,7,81940348928.000000,N/A,5
MOGP_GENERATIONAL,ed722c7a-ec65-11f0-ade0-6e001b3eef54,Toxicity,74,68,2543.648926|3.000000|0.000000|0.000000|0.000000,0.07366800308227539,3.0,2633.814453|3.000000|0.000000|0.000000|0.000000,2227.654297|7.000000|1.000000|0.000000|0.000000,2301.514893|7.000000|1.000000|0.000000|0.000000,7,83526991872.000000,N/A,5
MOGP_GENERATIONAL,ed722c7a-ec65-11f0-ade0-6e001b3eef54,Toxicity,74,69,2543.648926|3.000000|0.000000|0.000000|0.000000,0.08145403861999512,3.0,2633.814453|3.000000|0.000000|0.000000|0.000000,2093.145508|7.000000|1.000000|0.000000|0.000000,2250.205566|7.000000|1.000000|0.000000|0.000000,7,72086708224.000000,N/A,5
MOGP_GENERATIONAL,ed722c7a-ec65-11f0-ade0-6e001b3eef54,Toxicity,74,70,2543.648926|3.000000|0.000000|0.000000|0.000000,0.0736398696899414,3.0,2633.814453|3.000000|0.000000|0.000000|0.000000,2156.662842|7.000000|1.000000|0.000000|0.000000,2243.279297|7.000000|1.000000|0.000000|0.000000,7,65265954816.000000,N/A,5
MOGP_GENERATIONAL,ed722c7a-ec65-11f0-ade0-6e001b3eef54,Toxicity,74,71,2543.648926|3.000000|0.000000|0.000000|0.000000,0.06996893882751465,3.0,2633.814453|3.000000|0.000000|0.000000|0.000000,2289.842529|7.000000|1.000000|0.000000|0.000000,2468.948242|7.000000|1.000000|0.000000|0.000000,7,22101297152.000000,N/A,5
MOGP_GENERATIONAL,ed722c7a-ec65-11f0-ade0-6e001b3eef54,Toxicity,74,72,2543.648926|3.000000|0.000000|0.000000|0.000000,0.07121801376342773,3.0,2633.814453|3.000000|0.000000|0.000000|0.000000,2158.471436|7.000000|2.000000|2.000000|0.000000,2343.339111|7.000000|2.000000|2.000000|0.000000,7,116247543808.000000,N/A,5
MOGP_GENERATIONAL,ed722c7a-ec65-11f0-ade0-6e001b3eef54,Toxicity,74,73,2543.648926|3.000000|0.000000|0.000000|0.000000,0.07123732566833496,3.0,2633.814453|3.000000|0.000000|0.000000|0.000000,2285.371094|7.000000|1.000000|0.000000|0.000000,2366.449707|7.000000|1.000000|0.000000|0.000000,7,61475807232.000000,N/A,5
MOGP_GENERATIONAL,ed722c7a-ec65-11f0-ade0-6e001b3eef54,Toxicity,74,74,2543.648926|3.000000|0.000000|0.000000|0.000000,0.07795095443725586,3.0,2633.814453|3.000000|0.000000|0.000000|0.000000,2233.469482|7.000000|2.000000|0.000000|0.000000,2246.907959|7.000000|2.000000|0.000000|0.000000,7,52118257664.000000,N/A,5
MOGP_GENERATIONAL,ed722c7a-ec65-11f0-ade0-6e001b3eef54,Toxicity,74,75,2543.648926|3.000000|0.000000|0.000000|0.000000,0.06947898864746094,3.0,2633.814453|3.000000|0.000000|0.000000|0.000000,2294.207275|7.000000|2.000000|0.000000|0.000000,2474.617432|7.000000|2.000000|0.000000|0.000000,7,89090162688.000000,N/A,5
MOGP_GENERATIONAL,ed722c7a-ec65-11f0-ade0-6e001b3eef54,Toxicity,74,76,2543.648926|3.000000|0.000000|0.000000|0.000000,0.07123994827270508,3.0,2633.814453|3.000000|0.000000|0.000000|0.000000,2038.543335|7.000000|0.000000|0.000000|0.000000,2135.659912|7.000000|0.000000|0.000000|0.000000,7,69994741760.000000,N/A,5
MOGP_GENERATIONAL,ed722c7a-ec65-11f0-ade0-6e001b3eef54,Toxicity,74,77,2543.648926|3.000000|0.000000|0.000000|0.000000,0.07106924057006836,3.0,2633.814453|3.000000|0.000000|0.000000|0.000000,2288.777832|7.000000|2.000000|0.000000|0.000000,2468.265869|7.000000|2.000000|0.000000|0.000000,7,50102456320.000000,N/A,5
MOGP_GENERATIONAL,ed722c7a-ec65-11f0-ade0-6e001b3eef54,Toxicity,74,78,2543.648926|3.000000|0.000000|0.000000|0.000000,0.07050013542175293,3.0,2633.814453|3.000000|0.000000|0.000000|0.000000,2380.528076|7.000000|2.000000|0.000000|0.000000,2468.039062|7.000000|2.000000|0.000000|0.000000,7,72629665792.000000,N/A,5
MOGP_GENERATIONAL,ed722c7a-ec65-11f0-ade0-6e001b3eef54,Toxicity,74,79,2543.648926|3.000000|0.000000|0.000000|0.000000,0.06843090057373047,3.0,2633.814453|3.000000|0.000000|0.000000|0.000000,2443.300781|7.000000|2.000000|0.000000|0.000000,2532.311768|7.000000|2.000000|0.000000|0.000000,7,45179854848.000000,N/A,5
MOGP_GENERATIONAL,ed722c7a-ec65-11f0-ade0-6e001b3eef54,Toxicity,74,80,2543.648926|3.000000|0.000000|0.000000|0.000000,0.06966900825500488,3.0,2633.814453|3.000000|0.000000|0.000000|0.000000,2352.716064|7.000000|2.000000|0.000000|0.000000,2521.123535|7.000000|2.000000|0.000000|0.000000,7,50366382080.000000,N/A,5
MOGP_GENERATIONAL,ed722c7a-ec65-11f0-ade0-6e001b3eef54,Toxicity,74,81,2543.648926|3.000000|0.000000|0.000000|0.000000,0.07004475593566895,3.0,2633.814453|3.000000|0.000000|0.000000|0.000000,2318.994385|7.000000|1.000000|0.000000|0.000000,2408.939697|7.000000|1.000000|0.000000|0.000000,7,52111945728.000000,N/A,5
MOGP_GENERATIONAL,ed722c7a-ec65-11f0-ade0-6e001b3eef54,Toxicity,74,82,2543.648926|3.000000|0.000000|0.000000|0.000000,0.06788110733032227,3.0,2633.814453|3.000000|0.000000|0.000000|0.000000,2395.861816|7.000000|2.000000|0.000000|0.000000,2482.534912|7.000000|2.000000|0.000000|0.000000,7,40025186304.000000,N/A,5
MOGP_GENERATIONAL,ed722c7a-ec65-11f0-ade0-6e001b3eef54,Toxicity,74,83,2543.648926|3.000000|0.000000|0.000000|0.000000,0.0777890682220459,3.0,2633.814453|3.000000|0.000000|0.000000|0.000000,2386.838623|7.000000|1.000000|0.000000|0.000000,2551.328857|7.000000|1.000000|0.000000|0.000000,7,45123411968.000000,N/A,5
MOGP_GENERATIONAL,ed722c7a-ec65-11f0-ade0-6e001b3eef54,Toxicity,74,84,2543.648926|3.000000|0.000000|0.000000|0.000000,0.0708310604095459,3.0,2633.814453|3.000000|0.000000|0.000000|0.000000,2336.905029|7.000000|2.000000|0.000000|0.000000,2475.349365|7.000000|2.000000|0.000000|0.000000,7,76935987200.000000,N/A,5
MOGP_GENERATIONAL,ed722c7a-ec65-11f0-ade0-6e001b3eef54,Toxicity,74,85,2543.648926|3.000000|0.000000|0.000000|0.000000,0.0704660415649414,3.0,2633.814453|3.000000|0.000000|0.000000|0.000000,2211.240479|7.000000|2.000000|0.000000|0.000000,2447.804932|7.000000|2.000000|0.000000|0.000000,7,86212820992.000000,N/A,5
MOGP_GENERATIONAL,ed722c7a-ec65-11f0-ade0-6e001b3eef54,Toxicity,74,86,2543.648926|3.000000|0.000000|0.000000|0.000000,0.07168006896972656,3.0,2633.814453|3.000000|0.000000|0.000000|0.000000,2386.687988|7.000000|2.000000|2.000000|0.000000,2371.664795|7.000000|2.000000|2.000000|0.000000,7,69550956544.000000,N/A,5
MOGP_GENERATIONAL,ed722c7a-ec65-11f0-ade0-6e001b3eef54,Toxicity,74,87,2543.648926|3.000000|0.000000|0.000000|0.000000,0.07113885879516602,3.0,2633.814453|3.000000|0.000000|0.000000|0.000000,2177.293457|7.000000|1.000000|0.000000|0.000000,2261.592041|7.000000|1.000000|0.000000|0.000000,7,60217180160.000000,N/A,5
MOGP_GENERATIONAL,ed722c7a-ec65-11f0-ade0-6e001b3eef54,Toxicity,74,88,2543.648926|3.000000|0.000000|0.000000|0.000000,0.07604289054870605,3.0,2633.814453|3.000000|0.000000|0.000000|0.000000,2251.546631|7.000000|2.000000|0.000000|0.000000,2394.056641|7.000000|2.000000|0.000000|0.000000,7,13054273536.000000,N/A,5
MOGP_GENERATIONAL,ed722c7a-ec65-11f0-ade0-6e001b3eef54,Toxicity,74,89,2543.648926|3.000000|0.000000|0.000000|0.000000,0.06485795974731445,3.0,2633.814453|3.000000|0.000000|0.000000|0.000000,2347.307129|7.000000|2.000000|0.000000|0.000000,2510.987549|7.000000|2.000000|0.000000|0.000000,7,42122166272.000000,N/A,5
MOGP_GENERATIONAL,ed722c7a-ec65-11f0-ade0-6e001b3eef54,Toxicity,74,90,2543.648926|3.000000|0.000000|0.000000|0.000000,0.06312227249145508,3.0,2633.814453|3.000000|0.000000|0.000000|0.000000,2275.415527|7.000000|2.000000|0.000000|0.000000,2359.990479|7.000000|2.000000|0.000000|0.000000,7,51199700992.000000,N/A,5
MOGP_GENERATIONAL,ed722c7a-ec65-11f0-ade0-6e001b3eef54,Toxicity,74,91,2543.648926|3.000000|0.000000|0.000000|0.000000,0.07056617736816406,3.0,2633.814453|3.000000|0.000000|0.000000|0.000000,2185.091797|7.000000|2.000000|0.000000|0.000000,2262.474121|7.000000|2.000000|0.000000|0.000000,7,84365901824.000000,N/A,5
MOGP_GENERATIONAL,ed722c7a-ec65-11f0-ade0-6e001b3eef54,Toxicity,74,92,2543.648926|3.000000|0.000000|0.000000|0.000000,0.06812691688537598,3.0,2633.814453|3.000000|0.000000|0.000000|0.000000,2390.577637|7.000000|2.000000|0.000000|0.000000,2518.348877|7.000000|2.000000|0.000000|0.000000,7,24264338.000000,N/A,5
MOGP_GENERATIONAL,ed722c7a-ec65-11f0-ade0-6e001b3eef54,Toxicity,74,93,2543.648926|3.000000|0.000000|0.000000|0.000000,0.07780694961547852,3.0,2633.814453|3.000000|0.000000|0.000000|0.000000,2295.567383|7.000000|1.000000|0.000000|0.000000,2362.133057|7.000000|1.000000|0.000000|0.000000,7,87978385408.000000,N/A,5
MOGP_GENERATIONAL,ed722c7a-ec65-11f0-ade0-6e001b3eef54,Toxicity,74,94,2543.648926|3.000000|0.000000|0.000000|0.000000,0.07214808464050293,3.0,2633.814453|3.000000|0.000000|0.000000|0.000000,2336.572998|7.000000|0.000000|0.000000|0.000000,2430.445801|7.000000|0.000000|0.000000|0.000000,7,52310196224.000000,N/A,5
MOGP_GENERATIONAL,ed722c7a-ec65-11f0-ade0-6e001b3eef54,Toxicity,74,95,2543.648926|3.000000|0.000000|0.000000|0.000000,0.07372879981994629,3.0,2633.814453|3.000000|0.000000|0.000000|0.000000,2256.355469|7.000000|2.000000|0.000000|0.000000,2440.444580|7.000000|2.000000|0.000000|0.000000,7,51727659008.000000,N/A,5
MOGP_GENERATIONAL,ed722c7a-ec65-11f0-ade0-6e001b3eef54,Toxicity,74,96,2543.648926|3.000000|0.000000|0.000000|0.000000,0.07024598121643066,3.0,2633.814453|3.000000|0.000000|0.000000|0.000000,2301.240234|7.000000|1.000000|0.000000|0.000000,2389.082031|7.000000|1.000000|0.000000|0.000000,7,3431688448.000000,N/A,5
MOGP_GENERATIONAL,ed722c7a-ec65-11f0-ade0-6e001b3eef54,Toxicity,74,97,2543.648926|3.000000|0.000000|0.000000|0.000000,0.06969308853149414,3.0,2633.814453|3.000000|0.000000|0.000000|0.000000,2081.239990|7.000000|1.000000|0.000000|0.000000,2220.104004|7.000000|1.000000|0.000000|0.000000,7,10601410560.000000,N/A,5
MOGP_GENERATIONAL,ed722c7a-ec65-11f0-ade0-6e001b3eef54,Toxicity,74,98,2543.648926|3.000000|0.000000|0.000000|0.000000,0.07069706916809082,3.0,2633.814453|3.000000|0.000000|0.000000|0.000000,2317.864014|7.000000|2.000000|0.000000|0.000000,2485.333740|7.000000|2.000000|0.000000|0.000000,7,53849890816.000000,N/A,5
MOGP_GENERATIONAL,ed722c7a-ec65-11f0-ade0-6e001b3eef54,Toxicity,74,99,2543.648926|3.000000|0.000000|0.000000|0.000000,0.0697641372680664,3.0,2633.814453|3.000000|0.000000|0.000000|0.000000,2502.756592|7.000000|1.000000|0.000000|0.000000,2592.695557|7.000000|1.000000|0.000000|0.000000,7,8518304768.000000,N/A,5
MOGP_GENERATIONAL,ed722c7a-ec65-11f0-ade0-6e001b3eef54,Toxicity,74,100,2543.648926|3.000000|0.000000|0.000000|0.000000,0.07761168479919434,3.0,2633.814453|3.000000|0.000000|0.000000|0.000000,2279.824463|7.000000|1.000000|0.000000|0.000000,2460.313232|7.000000|1.000000|0.000000|0.000000,7,43603718144.000000,N/A,5
MOGP_GENERATIONAL,ed722c7a-ec65-11f0-ade0-6e001b3eef54,Toxicity,74,101,2543.648926|3.000000|0.000000|0.000000|0.000000,0.0792078971862793,3.0,2633.814453|3.000000|0.000000|0.000000|0.000000,2214.213135|7.000000|2.000000|0.000000|0.000000,2151.998779|7.000000|2.000000|0.000000|0.000000,7,67863404544.000000,N/A,5
MOGP_GENERATIONAL,ed722c7a-ec65-11f0-ade0-6e001b3eef54,Toxicity,74,102,2543.648926|3.000000|0.000000|0.000000|0.000000,0.06992316246032715,3.0,2633.814453|3.000000|0.000000|0.000000|0.000000,2170.662598|7.000000|2.000000|0.000000|0.000000,2257.985352|7.000000|2.000000|0.000000|0.000000,7,58213683200.000000,N/A,5
MOGP_GENERATIONAL,ed722c7a-ec65-11f0-ade0-6e001b3eef54,Toxicity,74,103,2543.648926|3.000000|0.000000|0.000000|0.000000,0.07097983360290527,3.0,2633.814453|3.000000|0.000000|0.000000|0.000000,2268.623047|7.000000|2.000000|0.000000|0.000000,2458.797607|7.000000|2.000000|0.000000|0.000000,7,46114775040.000000,N/A,5
MOGP_GENERATIONAL,ed722c7a-ec65-11f0-ade0-6e001b3eef54,Toxicity,74,104,2543.648926|3.000000|0.000000|0.000000|0.000000,0.07037997245788574,3.0,2633.814453|3.000000|0.000000|0.000000|0.000000,2197.738281|7.000000|2.000000|0.000000|0.000000,2299.552979|7.000000|2.000000|0.000000|0.000000,7,50076622848.000000,N/A,5
MOGP_GENERATIONAL,ed722c7a-ec65-11f0-ade0-6e001b3eef54,Toxicity,74,105,2543.648926|3.000000|0.000000|0.000000|0.000000,0.07005620002746582,3.0,2633.814453|3.000000|0.000000|0.000000|0.000000,2342.051514|7.000000|2.000000|0.000000|0.000000,2450.302979|7.000000|2.000000|0.000000|0.000000,7,69722923008.000000,N/A,5
MOGP_GENERATIONAL,ed722c7a-ec65-11f0-ade0-6e001b3eef54,Toxicity,74,106,2543.648926|3.000000|0.000000|0.000000|0.000000,0.08551812171936035,3.0,2633.814453|3.000000|0.000000|0.000000|0.000000,2132.371826|7.000000|0.000000|0.000000|0.000000,2229.315918|7.000000|0.000000|0.000000|0.000000,7,50063908864.000000,N/A,5
MOGP_GENERATIONAL,ed722c7a-ec65-11f0-ade0-6e001b3eef54,Toxicity,74,107,2543.648926|3.000000|0.000000|0.000000|0.000000,0.0739600658416748,3.0,2633.814453|3.000000|0.000000|0.000000|0.000000,2451.835693|7.000000|2.000000|0.000000|0.000000,2567.587646|7.000000|2.000000|0.000000|0.000000,7,84183195648.000000,N/A,5
MOGP_GENERATIONAL,ed722c7a-ec65-11f0-ade0-6e001b3eef54,Toxicity,74,108,2543.648926|3.000000|0.000000|0.000000|0.000000,0.07858014106750488,3.0,2633.814453|3.000000|0.000000|0.000000|0.000000,2308.515869|7.000000|2.000000|0.000000|0.000000,2483.563721|7.000000|2.000000|0.000000|0.000000,7,11130089472.000000,N/A,5
MOGP_GENERATIONAL,ed722c7a-ec65-11f0-ade0-6e001b3eef54,Toxicity,74,109,2543.648926|3.000000|0.000000|0.000000|0.000000,0.07175207138061523,3.0,2633.814453|3.000000|0.000000|0.000000|0.000000,2204.528320|7.000000|2.000000|0.000000|0.000000,2311.607910|7.000000|2.000000|0.000000|0.000000,7,43250991104.000000,N/A,5
MOGP_GENERATIONAL,ed722c7a-ec65-11f0-ade0-6e001b3eef54,Toxicity,74,110,2543.648926|3.000000|0.000000|0.000000|0.000000,0.07174491882324219,3.0,2633.814453|3.000000|0.000000|0.000000|0.000000,2126.996826|7.000000|2.000000|0.000000|0.000000,2189.847656|7.000000|2.000000|0.000000|0.000000,7,22100393984.000000,N/A,5
MOGP_GENERATIONAL,ed722c7a-ec65-11f0-ade0-6e001b3eef54,Toxicity,74,111,2543.648926|3.000000|0.000000|0.000000|0.000000,0.0724630355834961,3.0,2633.814453|3.000000|0.000000|0.000000|0.000000,2024.420898|7.000000|0.000000|0.000000|0.000000,2121.285400|7.000000|0.000000|0.000000|0.000000,7,53788807168.000000,N/A,5
MOGP_GENERATIONAL,ed722c7a-ec65-11f0-ade0-6e001b3eef54,Toxicity,74,112,2543.648926|3.000000|0.000000|0.000000|0.000000,0.06990790367126465,3.0,2633.814453|3.000000|0.000000|0.000000|0.000000,2201.653564|7.000000|2.000000|0.000000|0.000000,2363.665527|7.000000|2.000000|0.000000|0.000000,7,49633046528.000000,N/A,5
MOGP_GENERATIONAL,ed722c7a-ec65-11f0-ade0-6e001b3eef54,Toxicity,74,113,2543.648926|3.000000|0.000000|0.000000|0.000000,0.06998896598815918,3.0,2633.814453|3.000000|0.000000|0.000000|0.000000,2467.188721|7.000000|2.000000|0.000000|0.000000,2572.408447|7.000000|2.000000|0.000000|0.000000,7,65971007488.000000,N/A,5
MOGP_GENERATIONAL,ed722c7a-ec65-11f0-ade0-6e001b3eef54,Toxicity,74,114,2543.648926|3.000000|0.000000|0.000000|0.000000,0.07068324089050293,3.0,2633.814453|3.000000|0.000000|0.000000|0.000000,2273.554932|7.000000|1.000000|0.000000|0.000000,2434.328125|7.000000|1.000000|0.000000|0.000000,7,29677561856.000000,N/A,5
MOGP_GENERATIONAL,ed722c7a-ec65-11f0-ade0-6e001b3eef54,Toxicity,74,115,2543.648926|3.000000|0.000000|0.000000|0.000000,0.07150888442993164,3.0,2633.814453|3.000000|0.000000|0.000000|0.000000,2022.054199|7.000000|1.000000|0.000000|0.000000,2113.945557|7.000000|1.000000|0.000000|0.000000,7,45223698432.000000,N/A,5
MOGP_GENERATIONAL,ed722c7a-ec65-11f0-ade0-6e001b3eef54,Toxicity,74,116,2543.648926|3.000000|0.000000|0.000000|0.000000,0.07010316848754883,3.0,2633.814453|3.000000|0.000000|0.000000|0.000000,2133.504883|7.000000|2.000000|0.000000|0.000000,2249.495605|7.000000|2.000000|0.000000|0.000000,7,34478333952.000000,N/A,5
MOGP_GENERATIONAL,ed722c7a-ec65-11f0-ade0-6e001b3eef54,Toxicity,74,117,2543.648926|3.000000|0.000000|0.000000|0.000000,0.07191705703735352,3.0,2633.814453|3.000000|0.000000|0.000000|0.000000,2331.913574|7.000000|2.000000|0.000000|0.000000,2505.014893|7.000000|2.000000|0.000000|0.000000,7,10335761408.000000,N/A,5
MOGP_GENERATIONAL,ed722c7a-ec65-11f0-ade0-6e001b3eef54,Toxicity,74,118,2543.648926|3.000000|0.000000|0.000000|0.000000,0.07418322563171387,3.0,2633.814453|3.000000|0.000000|0.000000|0.000000,2270.582031|7.000000|1.000000|0.000000|0.000000,2360.087402|7.000000|1.000000|0.000000|0.000000,7,75322671104.000000,N/A,5
MOGP_GENERATIONAL,ed722c7a-ec65-11f0-ade0-6e001b3eef54,Toxicity,74,119,2543.648926|3.000000|0.000000|0.000000|0.000000,0.06955122947692871,3.0,2633.814453|3.000000|0.000000|0.000000|0.000000,2246.688965|7.000000|2.000000|0.000000|0.000000,2329.296875|7.000000|2.000000|0.000000|0.000000,7,59371003904.000000,N/A,5
MOGP_GENERATIONAL,ed722c7a-ec65-11f0-ade0-6e001b3eef54,Toxicity,74,120,2543.648926|3.000000|0.000000|0.000000|0.000000,0.07435178756713867,3.0,2633.814453|3.000000|0.000000|0.000000|0.000000,2201.176514|7.000000|2.000000|0.000000|0.000000,2341.465088|7.000000|2.000000|0.000000|0.000000,7,62530314240.000000,N/A,5
MOGP_GENERATIONAL,ed722c7a-ec65-11f0-ade0-6e001b3eef54,Toxicity,74,121,2543.648926|3.000000|0.000000|0.000000|0.000000,0.07103490829467773,3.0,2633.814453|3.000000|0.000000|0.000000|0.000000,2261.751465|7.000000|1.000000|0.000000|0.000000,2444.887451|7.000000|1.000000|0.000000|0.000000,7,31776385024.000000,N/A,5
MOGP_GENERATIONAL,ed722c7a-ec65-11f0-ade0-6e001b3eef54,Toxicity,74,122,2543.648926|3.000000|0.000000|0.000000|0.000000,0.07832717895507812,3.0,2633.814453|3.000000|0.000000|0.000000|0.000000,2343.495605|7.000000|2.000000|0.000000|0.000000,2411.752930|7.000000|2.000000|0.000000|0.000000,7,49784045568.000000,N/A,5
MOGP_GENERATIONAL,ed722c7a-ec65-11f0-ade0-6e001b3eef54,Toxicity,74,123,2543.648926|3.000000|0.000000|0.000000|0.000000,0.0776970386505127,3.0,2633.814453|3.000000|0.000000|0.000000|0.000000,2441.400879|7.000000|2.000000|0.000000|0.000000,2552.211426|7.000000|2.000000|0.000000|0.000000,7,44930146304.000000,N/A,5
MOGP_GENERATIONAL,ed722c7a-ec65-11f0-ade0-6e001b3eef54,Toxicity,74,124,2543.648926|3.000000|0.000000|0.000000|0.000000,0.06466889381408691,3.0,2633.814453|3.000000|0.000000|0.000000|0.000000,2231.729736|7.000000|2.000000|0.000000|0.000000,2367.044434|7.000000|2.000000|0.000000|0.000000,7,62111604736.000000,N/A,5
MOGP_GENERATIONAL,ed722c7a-ec65-11f0-ade0-6e001b3eef54,Toxicity,74,125,2543.648926|3.000000|0.000000|0.000000|0.000000,0.07722806930541992,3.0,2633.814453|3.000000|0.000000|0.000000|0.000000,2315.824463|7.000000|1.000000|0.000000|0.000000,2419.507080|7.000000|1.000000|0.000000|0.000000,7,85392244736.000000,N/A,5
MOGP_GENERATIONAL,ed722c7a-ec65-11f0-ade0-6e001b3eef54,Toxicity,74,126,2543.648926|3.000000|0.000000|0.000000|0.000000,0.06880497932434082,3.0,2633.814453|3.000000|0.000000|0.000000|0.000000,2208.229492|7.000000|1.000000|0.000000|0.000000,2298.666016|7.000000|1.000000|0.000000|0.000000,7,55024254976.000000,N/A,5
MOGP_GENERATIONAL,ed722c7a-ec65-11f0-ade0-6e001b3eef54,Toxicity,74,127,2543.648926|3.000000|0.000000|0.000000|0.000000,0.06948304176330566,3.0,2633.814453|3.000000|0.000000|0.000000|0.000000,2413.032715|7.000000|1.000000|0.000000|0.000000,2641.387207|7.000000|1.000000|0.000000|0.000000,7,53854928896.000000,N/A,5
MOGP_GENERATIONAL,ed722c7a-ec65-11f0-ade0-6e001b3eef54,Toxicity,74,128,2543.648926|3.000000|0.000000|0.000000|0.000000,0.0745091438293457,3.0,2633.814453|3.000000|0.000000|0.000000|0.000000,2291.077881|7.000000|2.000000|0.000000|0.000000,2465.024414|7.000000|2.000000|0.000000|0.000000,7,81676845056.000000,N/A,5
MOGP_GENERATIONAL,ed722c7a-ec65-11f0-ade0-6e001b3eef54,Toxicity,74,129,2543.648926|3.000000|0.000000|0.000000|0.000000,0.07086610794067383,3.0,2633.814453|3.000000|0.000000|0.000000|0.000000,2384.629883|7.000000|2.000000|0.000000|0.000000,2592.429932|7.000000|2.000000|0.000000|0.000000,7,48539291648.000000,N/A,5
MOGP_GENERATIONAL,ed722c7a-ec65-11f0-ade0-6e001b3eef54,Toxicity,74,130,2543.648926|3.000000|0.000000|0.000000|0.000000,0.06484222412109375,3.0,2633.814453|3.000000|0.000000|0.000000|0.000000,2216.251953|7.000000|2.000000|0.000000|0.000000,2235.432129|7.000000|2.000000|0.000000|0.000000,7,47622488064.000000,N/A,5
MOGP_GENERATIONAL,ed722c7a-ec65-11f0-ade0-6e001b3eef54,Toxicity,74,131,2543.648926|3.000000|0.000000|0.000000|0.000000,0.07105207443237305,3.0,2633.814453|3.000000|0.000000|0.000000|0.000000,2170.447266|7.000000|2.000000|0.000000|0.000000,2262.075439|7.000000|2.000000|0.000000|0.000000,7,42221936640.000000,N/A,5
MOGP_GENERATIONAL,ed722c7a-ec65-11f0-ade0-6e001b3eef54,Toxicity,74,132,2543.648926|3.000000|0.000000|0.000000|0.000000,0.0696868896484375,3.0,2633.814453|3.000000|0.000000|0.000000|0.000000,2438.790283|7.000000|2.000000|0.000000|0.000000,2458.917236|7.000000|2.000000|0.000000|0.000000,7,33417326592.000000,N/A,5
MOGP_GENERATIONAL,ed722c7a-ec65-11f0-ade0-6e001b3eef54,Toxicity,74,133,2543.648926|3.000000|0.000000|0.000000|0.000000,0.06898212432861328,3.0,2633.814453|3.000000|0.000000|0.000000|0.000000,2090.763184|7.000000|0.000000|0.000000|0.000000,2172.261719|7.000000|0.000000|0.000000|0.000000,7,85544820736.000000,N/A,5
MOGP_GENERATIONAL,ed722c7a-ec65-11f0-ade0-6e001b3eef54,Toxicity,74,134,2543.648926|3.000000|0.000000|0.000000|0.000000,0.07116961479187012,3.0,2633.814453|3.000000|0.000000|0.000000|0.000000,2290.993408|7.000000|1.000000|2.000000|0.000000,2445.440674|7.000000|1.000000|2.000000|0.000000,7,74177912832.000000,N/A,5
MOGP_GENERATIONAL,ed722c7a-ec65-11f0-ade0-6e001b3eef54,Toxicity,74,135,2543.648926|3.000000|0.000000|0.000000|0.000000,0.07955694198608398,3.0,2633.814453|3.000000|0.000000|0.000000|0.000000,2038.543335|7.000000|0.000000|0.000000|0.000000,2135.659912|7.000000|0.000000|0.000000|0.000000,7,73608650752.000000,N/A,5
MOGP_GENERATIONAL,ed722c7a-ec65-11f0-ade0-6e001b3eef54,Toxicity,74,136,2543.648926|3.000000|0.000000|0.000000|0.000000,0.13674306869506836,3.0,2633.814453|3.000000|0.000000|0.000000|0.000000,2295.539795|7.000000|2.000000|0.000000|0.000000,2481.478516|7.000000|2.000000|0.000000|0.000000,7,69131419648.000000,N/A,5
MOGP_GENERATIONAL,ed722c7a-ec65-11f0-ade0-6e001b3eef54,Toxicity,74,137,2543.648926|3.000000|0.000000|0.000000|0.000000,0.0714728832244873,3.0,2633.814453|3.000000|0.000000|0.000000|0.000000,2261.791016|7.000000|1.000000|0.000000|0.000000,2444.863281|7.000000|1.000000|0.000000|0.000000,7,14636423168.000000,N/A,5
MOGP_GENERATIONAL,ed722c7a-ec65-11f0-ade0-6e001b3eef54,Toxicity,74,138,2543.648926|3.000000|0.000000|0.000000|0.000000,0.07020211219787598,3.0,2633.814453|3.000000|0.000000|0.000000|0.000000,2077.533691|7.000000|2.000000|0.000000|0.000000,2123.276123|7.000000|2.000000|0.000000|0.000000,7,10105467904.000000,N/A,5
MOGP_GENERATIONAL,ed722c7a-ec65-11f0-ade0-6e001b3eef54,Toxicity,74,139,2543.648926|3.000000|0.000000|0.000000|0.000000,0.07061290740966797,3.0,2633.814453|3.000000|0.000000|0.000000|0.000000,2257.984619|7.000000|2.000000|0.000000|0.000000,2326.426514|7.000000|2.000000|0.000000|0.000000,7,87581892608.000000,N/A,5
MOGP_GENERATIONAL,ed722c7a-ec65-11f0-ade0-6e001b3eef54,Toxicity,74,140,2543.648926|3.000000|0.000000|0.000000|0.000000,0.0724029541015625,3.0,2633.814453|3.000000|0.000000|0.000000|0.000000,2289.842529|7.000000|1.000000|0.000000|0.000000,2468.948242|7.000000|1.000000|0.000000|0.000000,7,55634087936.000000,N/A,5
MOGP_GENERATIONAL,ed722c7a-ec65-11f0-ade0-6e001b3eef54,Toxicity,74,141,2543.648926|3.000000|0.000000|0.000000|0.000000,0.061547040939331055,3.0,2633.814453|3.000000|0.000000|0.000000|0.000000,2418.483643|7.000000|2.000000|0.000000|0.000000,2500.964111|7.000000|2.000000|0.000000|0.000000,7,114068365312.000000,N/A,5
MOGP_GENERATIONAL,ed722c7a-ec65-11f0-ade0-6e001b3eef54,Toxicity,74,142,2543.648926|3.000000|0.000000|0.000000|0.000000,0.07872390747070312,3.0,2633.814453|3.000000|0.000000|0.000000|0.000000,2195.576904|7.000000|1.000000|0.000000|0.000000,2266.750000|7.000000|1.000000|0.000000|0.000000,7,87300243456.000000,N/A,5
MOGP_GENERATIONAL,ed722c7a-ec65-11f0-ade0-6e001b3eef54,Toxicity,74,143,2543.648926|3.000000|0.000000|0.000000|0.000000,0.06892108917236328,3.0,2633.814453|3.000000|0.000000|0.000000|0.000000,2278.385498|7.000000|2.000000|0.000000|0.000000,2452.026855|7.000000|2.000000|0.000000|0.000000,7,49784037376.000000,N/A,5
MOGP_GENERATIONAL,ed722c7a-ec65-11f0-ade0-6e001b3eef54,Toxicity,74,144,2543.648926|3.000000|0.000000|0.000000|0.000000,0.07566523551940918,3.0,2633.814453|3.000000|0.000000|0.000000|0.000000,2234.275879|7.000000|2.000000|0.000000|0.000000,2434.916992|7.000000|2.000000|0.000000|0.000000,7,71309508608.000000,N/A,5
MOGP_GENERATIONAL,ed722c7a-ec65-11f0-ade0-6e001b3eef54,Toxicity,74,145,2543.648926|3.000000|0.000000|0.000000|0.000000,0.06937289237976074,3.0,2633.814453|3.000000|0.000000|0.000000|0.000000,2399.324951|7.000000|2.000000|2.000000|0.000000,2473.713867|7.000000|2.000000|2.000000|0.000000,7,45887197184.000000,N/A,5
MOGP_GENERATIONAL,ed722c7a-ec65-11f0-ade0-6e001b3eef54,Toxicity,74,146,2543.648926|3.000000|0.000000|0.000000|0.000000,0.07388091087341309,3.0,2633.814453|3.000000|0.000000|0.000000|0.000000,2253.983887|7.000000|1.000000|0.000000|0.000000,2438.373535|7.000000|1.000000|0.000000|0.000000,7,7276160512.000000,N/A,5
MOGP_GENERATIONAL,ed722c7a-ec65-11f0-ade0-6e001b3eef54,Toxicity,74,147,2543.648926|3.000000|0.000000|0.000000|0.000000,0.06855177879333496,3.0,2633.814453|3.000000|0.000000|0.000000|0.000000,2110.309326|7.000000|1.000000|0.000000|0.000000,2198.307617|7.000000|1.000000|0.000000|0.000000,7,71880507392.000000,N/A,5
MOGP_GENERATIONAL,ed722c7a-ec65-11f0-ade0-6e001b3eef54,Toxicity,74,148,2543.648926|3.000000|0.000000|0.000000|0.000000,0.07007479667663574,3.0,2633.814453|3.000000|0.000000|0.000000|0.000000,2334.673096|7.000000|2.000000|0.000000|0.000000,2500.269043|7.000000|2.000000|0.000000|0.000000,7,49937326080.000000,N/A,5
MOGP_GENERATIONAL,ed722c7a-ec65-11f0-ade0-6e001b3eef54,Toxicity,74,149,2543.648926|3.000000|0.000000|0.000000|0.000000,0.07744693756103516,3.0,2633.814453|3.000000|0.000000|0.000000|0.000000,2315.812744|7.000000|2.000000|0.000000|0.000000,2401.390381|7.000000|2.000000|0.000000|0.000000,7,54970658816.000000,N/A,5
MOGP_GENERATIONAL,ed722c7a-ec65-11f0-ade0-6e001b3eef54,Toxicity,74,150,2543.648926|3.000000|0.000000|0.000000|0.000000,0.07557296752929688,3.0,2633.814453|3.000000|0.000000|0.000000|0.000000,2436.787842|7.000000|1.000000|0.000000|0.000000,2601.343506|7.000000|1.000000|0.000000|0.000000,7,48523366400.000000,N/A,5
MOGP_GENERATIONAL,ed722c7a-ec65-11f0-ade0-6e001b3eef54,Toxicity,74,151,2543.648926|3.000000|0.000000|0.000000|0.000000,0.0727701187133789,3.0,2633.814453|3.000000|0.000000|0.000000|0.000000,2263.270752|7.000000|2.000000|0.000000|0.000000,2300.184814|7.000000|2.000000|0.000000|0.000000,7,43000975360.000000,N/A,5
MOGP_GENERATIONAL,ed722c7a-ec65-11f0-ade0-6e001b3eef54,Toxicity,74,152,2543.648926|3.000000|0.000000|0.000000|0.000000,0.0682990550994873,3.0,2633.814453|3.000000|0.000000|0.000000|0.000000,2454.354004|7.000000|1.000000|0.000000|0.000000,2527.897949|7.000000|1.000000|0.000000|0.000000,7,7869965824.000000,N/A,5
MOGP_GENERATIONAL,ed722c7a-ec65-11f0-ade0-6e001b3eef54,Toxicity,74,153,2543.648926|3.000000|0.000000|0.000000|0.000000,0.07022833824157715,3.0,2633.814453|3.000000|0.000000|0.000000|0.000000,2297.094238|7.000000|2.000000|0.000000|0.000000,2384.412109|7.000000|2.000000|0.000000|0.000000,7,51270328320.000000,N/A,5
MOGP_GENERATIONAL,ed722c7a-ec65-11f0-ade0-6e001b3eef54,Toxicity,74,154,2543.648926|3.000000|0.000000|0.000000|0.000000,0.07162308692932129,3.0,2633.814453|3.000000|0.000000|0.000000|0.000000,2103.665527|7.000000|2.000000|0.000000|0.000000,2165.276611|7.000000|2.000000|0.000000|0.000000,7,80356507648.000000,N/A,5
MOGP_GENERATIONAL,ed722c7a-ec65-11f0-ade0-6e001b3eef54,Toxicity,74,155,2543.648926|3.000000|0.000000|0.000000|0.000000,0.07744693756103516,3.0,2633.814453|3.000000|0.000000|0.000000|0.000000,2494.400146|7.000000|1.000000|0.000000|0.000000,2607.533203|7.000000|1.000000|0.000000|0.000000,7,80598753280.000000,N/A,5
MOGP_GENERATIONAL,ed722c7a-ec65-11f0-ade0-6e001b3eef54,Toxicity,74,156,2543.648926|3.000000|0.000000|0.000000|0.000000,0.06943082809448242,3.0,2633.814453|3.000000|0.000000|0.000000|0.000000,2241.871094|7.000000|1.000000|0.000000|0.000000,2428.687500|7.000000|1.000000|0.000000|0.000000,7,66249449472.000000,N/A,5
MOGP_GENERATIONAL,ed722c7a-ec65-11f0-ade0-6e001b3eef54,Toxicity,74,157,2543.648926|3.000000|0.000000|0.000000|0.000000,0.06919217109680176,3.0,2633.814453|3.000000|0.000000|0.000000|0.000000,2351.273193|7.000000|0.000000|0.000000|0.000000,2417.239502|7.000000|0.000000|0.000000|0.000000,7,89397354496.000000,N/A,5
MOGP_GENERATIONAL,ed722c7a-ec65-11f0-ade0-6e001b3eef54,Toxicity,74,158,2543.648926|3.000000|0.000000|0.000000|0.000000,0.06962800025939941,3.0,2633.814453|3.000000|0.000000|0.000000|0.000000,2334.309570|7.000000|2.000000|0.000000|0.000000,2469.730713|7.000000|2.000000|0.000000|0.000000,7,49937469440.000000,N/A,5
MOGP_GENERATIONAL,ed722c7a-ec65-11f0-ade0-6e001b3eef54,Toxicity,74,159,2543.648926|3.000000|0.000000|0.000000|0.000000,0.07112526893615723,3.0,2633.814453|3.000000|0.000000|0.000000|0.000000,2352.560059|7.000000|2.000000|0.000000|0.000000,2451.729004|7.000000|2.000000|0.000000|0.000000,7,49320919040.000000,N/A,5
MOGP_GENERATIONAL,ed722c7a-ec65-11f0-ade0-6e001b3eef54,Toxicity,74,160,2543.648926|3.000000|0.000000|0.000000|0.000000,0.06695389747619629,3.0,2633.814453|3.000000|0.000000|0.000000|0.000000,2323.550293|7.000000|2.000000|0.000000|0.000000,2402.734131|7.000000|2.000000|0.000000|0.000000,7,20687374336.000000,N/A,5
MOGP_GENERATIONAL,ed722c7a-ec65-11f0-ade0-6e001b3eef54,Toxicity,74,161,2543.648926|3.000000|0.000000|0.000000|0.000000,0.07975125312805176,3.0,2633.814453|3.000000|0.000000|0.000000|0.000000,2389.612061|7.000000|2.000000|0.000000|0.000000,2493.478760|7.000000|2.000000|0.000000|0.000000,7,68107902976.000000,N/A,5
MOGP_GENERATIONAL,ed722c7a-ec65-11f0-ade0-6e001b3eef54,Toxicity,74,162,2543.648926|3.000000|0.000000|0.000000|0.000000,0.07043027877807617,3.0,2633.814453|3.000000|0.000000|0.000000|0.000000,2110.309326|7.000000|1.000000|0.000000|0.000000,2198.307617|7.000000|1.000000|0.000000|0.000000,7,6161429504.000000,N/A,5
MOGP_GENERATIONAL,ed722c7a-ec65-11f0-ade0-6e001b3eef54,Toxicity,74,163,2543.648926|3.000000|0.000000|0.000000|0.000000,0.0643320083618164,3.0,2633.814453|3.000000|0.000000|0.000000|0.000000,2073.856934|7.000000|1.000000|0.000000|0.000000,2211.074463|7.000000|1.000000|0.000000|0.000000,7,25467754496.000000,N/A,5
MOGP_GENERATIONAL,ed722c7a-ec65-11f0-ade0-6e001b3eef54,Toxicity,74,164,2543.648926|3.000000|0.000000|0.000000|0.000000,0.07730817794799805,3.0,2633.814453|3.000000|0.000000|0.000000|0.000000,2287.524170|7.000000|2.000000|0.000000|0.000000,2466.965332|7.000000|2.000000|0.000000|0.000000,7,85834801152.000000,N/A,5
MOGP_GENERATIONAL,ed722c7a-ec65-11f0-ade0-6e001b3eef54,Toxicity,74,165,2543.648926|3.000000|0.000000|0.000000|0.000000,0.06670069694519043,3.0,2633.814453|3.000000|0.000000|0.000000|0.000000,2386.178711|7.000000|2.000000|0.000000|0.000000,2530.957275|7.000000|2.000000|0.000000|0.000000,7,27603609600.000000,N/A,5
MOGP_GENERATIONAL,ed722c7a-ec65-11f0-ade0-6e001b3eef54,Toxicity,74,166,2543.648926|3.000000|0.000000|0.000000|0.000000,0.07808613777160645,3.0,2633.814453|3.000000|0.000000|0.000000|0.000000,2285.511475|7.000000|1.000000|0.000000|0.000000,2465.464355|7.000000|1.000000|0.000000|0.000000,7,6783069696.000000,N/A,5
MOGP_GENERATIONAL,ed722c7a-ec65-11f0-ade0-6e001b3eef54,Toxicity,74,167,2543.648926|3.000000|0.000000|0.000000|0.000000,0.07769417762756348,3.0,2633.814453|3.000000|0.000000|0.000000|0.000000,1993.066650|7.000000|0.000000|0.000000|0.000000,2085.365479|7.000000|0.000000|0.000000|0.000000,7,66703634432.000000,N/A,5
MOGP_GENERATIONAL,ed722c7a-ec65-11f0-ade0-6e001b3eef54,Toxicity,74,168,2543.648926|3.000000|0.000000|0.000000|0.000000,0.07241487503051758,3.0,2633.814453|3.000000|0.000000|0.000000|0.000000,2365.760498|7.000000|1.000000|0.000000|0.000000,2452.892578|7.000000|1.000000|0.000000|0.000000,7,38137716736.000000,N/A,5
MOGP_GENERATIONAL,ed722c7a-ec65-11f0-ade0-6e001b3eef54,Toxicity,74,169,2543.648926|3.000000|0.000000|0.000000|0.000000,0.07010102272033691,3.0,2633.814453|3.000000|0.000000|0.000000|0.000000,2060.400146|7.000000|1.000000|0.000000|0.000000,2159.277832|7.000000|1.000000|0.000000|0.000000,7,64882139136.000000,N/A,5
MOGP_GENERATIONAL,ed722c7a-ec65-11f0-ade0-6e001b3eef54,Toxicity,74,170,2543.648926|3.000000|0.000000|0.000000|0.000000,0.06860113143920898,3.0,2633.814453|3.000000|0.000000|0.000000|0.000000,2103.688721|7.000000|1.000000|0.000000|0.000000,2236.504639|7.000000|1.000000|0.000000|0.000000,7,45237518336.000000,N/A,5
MOGP_GENERATIONAL,ed722c7a-ec65-11f0-ade0-6e001b3eef54,Toxicity,74,171,2543.648926|3.000000|0.000000|0.000000|0.000000,0.0732889175415039,3.0,2633.814453|3.000000|0.000000|0.000000|0.000000,2422.171631|7.000000|2.000000|0.000000|0.000000,2548.560791|7.000000|2.000000|0.000000|0.000000,7,82231975936.000000,N/A,5
MOGP_GENERATIONAL,ed722c7a-ec65-11f0-ade0-6e001b3eef54,Toxicity,74,172,2543.648926|3.000000|0.000000|0.000000|0.000000,0.07020401954650879,3.0,2633.814453|3.000000|0.000000|0.000000|0.000000,2034.035522|7.000000|1.000000|0.000000|0.000000,2120.648682|7.000000|1.000000|0.000000|0.000000,7,5531503104.000000,N/A,5
MOGP_GENERATIONAL,ed722c7a-ec65-11f0-ade0-6e001b3eef54,Toxicity,74,173,2543.648926|3.000000|0.000000|0.000000|0.000000,0.07386326789855957,3.0,2633.814453|3.000000|0.000000|0.000000|0.000000,2366.789551|7.000000|2.000000|0.000000|0.000000,2458.290283|7.000000|2.000000|0.000000|0.000000,7,35555622912.000000,N/A,5
MOGP_GENERATIONAL,ed722c7a-ec65-11f0-ade0-6e001b3eef54,Toxicity,74,174,2543.648926|3.000000|0.000000|0.000000|0.000000,0.07621002197265625,3.0,2633.814453|3.000000|0.000000|0.000000|0.000000,2199.485352|7.000000|0.000000|2.000000|0.000000,2295.596191|7.000000|0.000000|2.000000|0.000000,7,67133874176.000000,N/A,5
MOGP_GENERATIONAL,ed722c7a-ec65-11f0-ade0-6e001b3eef54,Toxicity,74,175,2543.648926|3.000000|0.000000|0.000000|0.000000,0.06945919990539551,3.0,2633.814453|3.000000|0.000000|0.000000|0.000000,2300.461182|7.000000|1.000000|0.000000|0.000000,2478.230713|7.000000|1.000000|0.000000|0.000000,7,32690456576.000000,N/A,5
MOGP_GENERATIONAL,ed722c7a-ec65-11f0-ade0-6e001b3eef54,Toxicity,74,176,2543.648926|3.000000|0.000000|0.000000|0.000000,0.07393789291381836,3.0,2633.814453|3.000000|0.000000|0.000000|0.000000,2091.116943|7.000000|0.000000|0.000000|0.000000,2188.367188|7.000000|0.000000|0.000000|0.000000,7,39748509696.000000,N/A,5
MOGP_GENERATIONAL,ed722c7a-ec65-11f0-ade0-6e001b3eef54,Toxicity,74,177,2543.648926|3.000000|0.000000|0.000000|0.000000,0.07613801956176758,3.0,2633.814453|3.000000|0.000000|0.000000|0.000000,2468.469971|7.000000|2.000000|0.000000|0.000000,2556.334473|7.000000|2.000000|0.000000|0.000000,7,63862951936.000000,N/A,5
MOGP_GENERATIONAL,ed722c7a-ec65-11f0-ade0-6e001b3eef54,Toxicity,74,178,2543.648926|3.000000|0.000000|0.000000|0.000000,0.06667327880859375,3.0,2633.814453|3.000000|0.000000|0.000000|0.000000,2356.036865|7.000000|1.000000|0.000000|0.000000,2527.265381|7.000000|1.000000|0.000000|0.000000,7,11796489216.000000,N/A,5
MOGP_GENERATIONAL,ed722c7a-ec65-11f0-ade0-6e001b3eef54,Toxicity,74,179,2543.648926|3.000000|0.000000|0.000000|0.000000,0.07018017768859863,3.0,2633.814453|3.000000|0.000000|0.000000|0.000000,2256.786621|7.000000|2.000000|0.000000|0.000000,2339.339600|7.000000|2.000000|0.000000|0.000000,7,26518874112.000000,N/A,5
MOGP_GENERATIONAL,ed722c7a-ec65-11f0-ade0-6e001b3eef54,Toxicity,74,180,2543.648926|3.000000|0.000000|0.000000|0.000000,0.06929993629455566,3.0,2633.814453|3.000000|0.000000|0.000000|0.000000,2038.543335|7.000000|0.000000|0.000000|0.000000,2135.659912|7.000000|0.000000|0.000000|0.000000,7,57790111744.000000,N/A,5
MOGP_GENERATIONAL,ed722c7a-ec65-11f0-ade0-6e001b3eef54,Toxicity,74,181,2543.648926|3.000000|0.000000|0.000000|0.000000,0.07499480247497559,3.0,2633.814453|3.000000|0.000000|0.000000|0.000000,2366.247314|7.000000|1.000000|0.000000|0.000000,2465.630859|7.000000|1.000000|0.000000|0.000000,7,14363595776.000000,N/A,5
MOGP_GENERATIONAL,ed722c7a-ec65-11f0-ade0-6e001b3eef54,Toxicity,74,182,2543.648926|3.000000|0.000000|0.000000|0.000000,0.08662796020507812,3.0,2633.814453|3.000000|0.000000|0.000000|0.000000,2089.156006|7.000000|1.000000|0.000000|0.000000,2027.950806|7.000000|1.000000|0.000000|0.000000,7,35841482752.000000,N/A,5
MOGP_GENERATIONAL,ed722c7a-ec65-11f0-ade0-6e001b3eef54,Toxicity,74,183,2543.648926|3.000000|0.000000|0.000000|0.000000,0.06937003135681152,3.0,2633.814453|3.000000|0.000000|0.000000|0.000000,2264.651367|7.000000|2.000000|0.000000|0.000000,2434.624023|7.000000|2.000000|0.000000|0.000000,7,89427550208.000000,N/A,5
MOGP_GENERATIONAL,ed722c7a-ec65-11f0-ade0-6e001b3eef54,Toxicity,74,184,2543.648926|3.000000|0.000000|0.000000|0.000000,0.0690460205078125,3.0,2633.814453|3.000000|0.000000|0.000000|0.000000,2309.151123|7.000000|2.000000|0.000000|0.000000,2420.255371|7.000000|2.000000|0.000000|0.000000,7,43840544768.000000,N/A,5
MOGP_GENERATIONAL,ed722c7a-ec65-11f0-ade0-6e001b3eef54,Toxicity,74,185,2543.648926|3.000000|0.000000|0.000000|0.000000,0.07665300369262695,3.0,2633.814453|3.000000|0.000000|0.000000|0.000000,2022.951660|7.000000|0.000000|0.000000|0.000000,2110.627686|7.000000|0.000000|0.000000|0.000000,7,23283535872.000000,N/A,5
MOGP_GENERATIONAL,ed722c7a-ec65-11f0-ade0-6e001b3eef54,Toxicity,74,186,2543.648926|3.000000|0.000000|0.000000|0.000000,0.06960511207580566,3.0,2633.814453|3.000000|0.000000|0.000000|0.000000,2022.951660|7.000000|0.000000|0.000000|0.000000,2110.627686|7.000000|0.000000|0.000000|0.000000,7,50302599168.000000,N/A,5
MOGP_GENERATIONAL,ed722c7a-ec65-11f0-ade0-6e001b3eef54,Toxicity,74,187,2543.648926|3.000000|0.000000|0.000000|0.000000,0.07689905166625977,3.0,2633.814453|3.000000|0.000000|0.000000|0.000000,2268.134033|7.000000|2.000000|0.000000|0.000000,2366.863037|7.000000|2.000000|0.000000|0.000000,7,16457889792.000000,N/A,5
MOGP_GENERATIONAL,ed722c7a-ec65-11f0-ade0-6e001b3eef54,Toxicity,74,188,2543.648926|3.000000|0.000000|0.000000|0.000000,0.07183003425598145,3.0,2633.814453|3.000000|0.000000|0.000000|0.000000,2003.039429|7.000000|2.000000|0.000000|0.000000,2182.390625|7.000000|2.000000|0.000000|0.000000,7,78590722048.000000,N/A,5
MOGP_GENERATIONAL,ed722c7a-ec65-11f0-ade0-6e001b3eef54,Toxicity,74,189,2543.648926|3.000000|0.000000|0.000000|0.000000,0.07655000686645508,3.0,2633.814453|3.000000|0.000000|0.000000|0.000000,2319.041016|7.000000|1.000000|0.000000|0.000000,2422.284668|7.000000|1.000000|0.000000|0.000000,7,56347402240.000000,N/A,5
MOGP_GENERATIONAL,ed722c7a-ec65-11f0-ade0-6e001b3eef54,Toxicity,74,190,2543.648926|3.000000|0.000000|0.000000|0.000000,0.06985807418823242,3.0,2633.814453|3.000000|0.000000|0.000000|0.000000,2087.522705|7.000000|1.000000|0.000000|0.000000,2223.526367|7.000000|1.000000|0.000000|0.000000,7,53291810816.000000,N/A,5
MOGP_GENERATIONAL,ed722c7a-ec65-11f0-ade0-6e001b3eef54,Toxicity,74,191,2543.648926|3.000000|0.000000|0.000000|0.000000,0.06730818748474121,3.0,2633.814453|3.000000|0.000000|0.000000|0.000000,2463.092285|7.000000|2.000000|0.000000|0.000000,2538.790283|7.000000|2.000000|0.000000|0.000000,7,70444957696.000000,N/A,5
MOGP_GENERATIONAL,ed722c7a-ec65-11f0-ade0-6e001b3eef54,Toxicity,74,192,2543.648926|3.000000|0.000000|0.000000|0.000000,0.0694117546081543,3.0,2633.814453|3.000000|0.000000|0.000000|0.000000,2289.870361|7.000000|1.000000|2.000000|0.000000,2469.021484|7.000000|1.000000|2.000000|0.000000,7,26892433408.000000,N/A,5
MOGP_GENERATIONAL,ed722c7a-ec65-11f0-ade0-6e001b3eef54,Toxicity,74,193,2543.648926|3.000000|0.000000|0.000000|0.000000,0.06974387168884277,3.0,2633.814453|3.000000|0.000000|0.000000|0.000000,2318.937744|7.000000|2.000000|0.000000|0.000000,2381.876709|7.000000|2.000000|0.000000|0.000000,7,86011330560.000000,N/A,5
MOGP_GENERATIONAL,ed722c7a-ec65-11f0-ade0-6e001b3eef54,Toxicity,74,194,2543.648926|3.000000|0.000000|0.000000|0.000000,0.06858491897583008,3.0,2633.814453|3.000000|0.000000|0.000000|0.000000,2334.207031|7.000000|2.000000|0.000000|0.000000,2484.743164|7.000000|2.000000|0.000000|0.000000,7,74665369600.000000,N/A,5
MOGP_GENERATIONAL,ed722c7a-ec65-11f0-ade0-6e001b3eef54,Toxicity,74,195,2543.648926|3.000000|0.000000|0.000000|0.000000,0.08487391471862793,3.0,2633.814453|3.000000|0.000000|0.000000|0.000000,2456.756592|7.000000|2.000000|0.000000|0.000000,2546.415283|7.000000|2.000000|0.000000|0.000000,7,73666887680.000000,N/A,5
MOGP_GENERATIONAL,ed722c7a-ec65-11f0-ade0-6e001b3eef54,Toxicity,74,196,2543.648926|3.000000|0.000000|0.000000|0.000000,0.07286810874938965,3.0,2633.814453|3.000000|0.000000|0.000000|0.000000,2166.916504|7.000000|2.000000|0.000000|0.000000,2465.009766|7.000000|2.000000|0.000000|0.000000,7,46371155968.000000,N/A,5
MOGP_GENERATIONAL,ed722c7a-ec65-11f0-ade0-6e001b3eef54,Toxicity,74,197,2543.648926|3.000000|0.000000|0.000000|0.000000,0.07204985618591309,3.0,2633.814453|3.000000|0.000000|0.000000|0.000000,2189.030762|7.000000|1.000000|0.000000|0.000000,2362.471924|7.000000|1.000000|0.000000|0.000000,7,60380684288.000000,N/A,5
MOGP_GENERATIONAL,ed722c7a-ec65-11f0-ade0-6e001b3eef54,Toxicity,74,198,2543.648926|3.000000|0.000000|0.000000|0.000000,0.06978392601013184,3.0,2633.814453|3.000000|0.000000|0.000000|0.000000,2051.322998|7.000000|1.000000|0.000000|0.000000,2115.255371|7.000000|1.000000|0.000000|0.000000,7,72280522752.000000,N/A,5
MOGP_GENERATIONAL,ed722c7a-ec65-11f0-ade0-6e001b3eef54,Toxicity,74,199,2543.648926|3.000000|0.000000|0.000000|0.000000,0.07602095603942871,3.0,2633.814453|3.000000|0.000000|0.000000|0.000000,2272.945068|7.000000|2.000000|0.000000|0.000000,2441.179932|7.000000|2.000000|0.000000|0.000000,7,9323786240.000000,N/A,5
MOGP_GENERATIONAL,ed722c7a-ec65-11f0-ade0-6e001b3eef54,Toxicity,74,200,2543.648926|3.000000|0.000000|0.000000|0.000000,0.0740959644317627,3.0,2633.814453|3.000000|0.000000|0.000000|0.000000,2251.716064|7.000000|2.000000|0.000000|0.000000,2315.025635|7.000000|2.000000|0.000000|0.000000,7,49635110912.000000,N/A,5
MOGP_GENERATIONAL,ed722c7a-ec65-11f0-ade0-6e001b3eef54,Toxicity,74,201,2543.648926|3.000000|0.000000|0.000000|0.000000,0.07031989097595215,3.0,2633.814453|3.000000|0.000000|0.000000|0.000000,2277.650391|7.000000|2.000000|0.000000|0.000000,2404.044678|7.000000|2.000000|0.000000|0.000000,7,72096989184.000000,N/A,5
MOGP_GENERATIONAL,ed722c7a-ec65-11f0-ade0-6e001b3eef54,Toxicity,74,202,2543.648926|3.000000|0.000000|0.000000|0.000000,0.07062101364135742,3.0,2633.814453|3.000000|0.000000|0.000000|0.000000,2250.326904|7.000000|1.000000|0.000000|0.000000,2386.842773|7.000000|1.000000|0.000000|0.000000,7,71656497152.000000,N/A,5
MOGP_GENERATIONAL,ed722c7a-ec65-11f0-ade0-6e001b3eef54,Toxicity,74,203,2543.648926|3.000000|0.000000|0.000000|0.000000,0.0721442699432373,3.0,2633.814453|3.000000|0.000000|0.000000|0.000000,2175.745361|7.000000|1.000000|0.000000|0.000000,2262.005127|7.000000|1.000000|0.000000|0.000000,7,29673437184.000000,N/A,5
MOGP_GENERATIONAL,ed722c7a-ec65-11f0-ade0-6e001b3eef54,Toxicity,74,204,2543.648926|3.000000|0.000000|0.000000|0.000000,0.09697985649108887,3.0,2633.814453|3.000000|0.000000|0.000000|0.000000,2389.041992|7.000000|1.000000|0.000000|0.000000,2479.723389|7.000000|1.000000|0.000000|0.000000,7,102893846528.000000,N/A,5
MOGP_GENERATIONAL,ed722c7a-ec65-11f0-ade0-6e001b3eef54,Toxicity,74,205,2543.648926|3.000000|0.000000|0.000000|0.000000,0.06998515129089355,3.0,2633.814453|3.000000|0.000000|0.000000|0.000000,2308.649170|7.000000|2.000000|0.000000|0.000000,2396.641602|7.000000|2.000000|0.000000|0.000000,7,63394607104.000000,N/A,5
MOGP_GENERATIONAL,ed722c7a-ec65-11f0-ade0-6e001b3eef54,Toxicity,74,206,2543.648926|3.000000|0.000000|0.000000|0.000000,0.07103085517883301,3.0,2633.814453|3.000000|0.000000|0.000000|0.000000,2186.094971|7.000000|2.000000|0.000000|0.000000,2247.517090|7.000000|2.000000|0.000000|0.000000,7,69828935680.000000,N/A,5
MOGP_GENERATIONAL,ed722c7a-ec65-11f0-ade0-6e001b3eef54,Toxicity,74,207,2543.648926|3.000000|0.000000|0.000000|0.000000,0.07021284103393555,3.0,2633.814453|3.000000|0.000000|0.000000|0.000000,2103.518799|7.000000|1.000000|0.000000|0.000000,2194.349609|7.000000|1.000000|0.000000|0.000000,7,81653637120.000000,N/A,5
MOGP_GENERATIONAL,ed722c7a-ec65-11f0-ade0-6e001b3eef54,Toxicity,74,208,2543.648926|3.000000|0.000000|0.000000|0.000000,0.12914609909057617,3.0,2633.814453|3.000000|0.000000|0.000000|0.000000,2282.162842|7.000000|2.000000|0.000000|0.000000,2856.984619|7.000000|2.000000|0.000000|0.000000,7,52169416704.000000,N/A,5
MOGP_GENERATIONAL,ed722c7a-ec65-11f0-ade0-6e001b3eef54,Toxicity,74,209,2543.648926|3.000000|0.000000|0.000000|0.000000,0.07042479515075684,3.0,2633.814453|3.000000|0.000000|0.000000|0.000000,2255.237549|7.000000|2.000000|0.000000|0.000000,2334.894043|7.000000|2.000000|0.000000|0.000000,7,99775873024.000000,N/A,5
MOGP_GENERATIONAL,ed722c7a-ec65-11f0-ade0-6e001b3eef54,Toxicity,74,210,2543.648926|3.000000|0.000000|0.000000|0.000000,0.08041000366210938,3.0,2633.814453|3.000000|0.000000|0.000000|0.000000,2091.116943|7.000000|0.000000|0.000000|0.000000,2188.367188|7.000000|0.000000|0.000000|0.000000,7,62412333056.000000,N/A,5
MOGP_GENERATIONAL,ed722c7a-ec65-11f0-ade0-6e001b3eef54,Toxicity,74,211,2543.648926|3.000000|0.000000|0.000000|0.000000,0.0736541748046875,3.0,2633.814453|3.000000|0.000000|0.000000|0.000000,2094.829834|7.000000|1.000000|0.000000|0.000000,2192.336914|7.000000|1.000000|0.000000|0.000000,7,7080994816.000000,N/A,5
MOGP_GENERATIONAL,ed722c7a-ec65-11f0-ade0-6e001b3eef54,Toxicity,74,212,2543.648926|3.000000|0.000000|0.000000|0.000000,0.06398797035217285,3.0,2633.814453|3.000000|0.000000|0.000000|0.000000,2120.253174|7.000000|1.000000|0.000000|0.000000,2211.966553|7.000000|1.000000|0.000000|0.000000,7,73082757120.000000,N/A,5
MOGP_GENERATIONAL,ed722c7a-ec65-11f0-ade0-6e001b3eef54,Toxicity,74,213,2543.648926|3.000000|0.000000|0.000000|0.000000,0.06912517547607422,3.0,2633.814453|3.000000|0.000000|0.000000|0.000000,2221.182617|7.000000|1.000000|0.000000|0.000000,2309.739258|7.000000|1.000000|0.000000|0.000000,7,63254953984.000000,N/A,5
MOGP_GENERATIONAL,ed722c7a-ec65-11f0-ade0-6e001b3eef54,Toxicity,74,214,2543.648926|3.000000|0.000000|0.000000|0.000000,0.08223605155944824,3.0,2633.814453|3.000000|0.000000|0.000000|0.000000,2356.998779|7.000000|1.000000|0.000000|0.000000,2528.233398|7.000000|1.000000|0.000000|0.000000,7,77967613952.000000,N/A,5
MOGP_GENERATIONAL,ed722c7a-ec65-11f0-ade0-6e001b3eef54,Toxicity,74,215,2543.648926|3.000000|0.000000|0.000000|0.000000,0.06836414337158203,3.0,2633.814453|3.000000|0.000000|0.000000|0.000000,2172.265869|7.000000|2.000000|0.000000|0.000000,2304.554199|7.000000|2.000000|0.000000|0.000000,7,437353984.000000,N/A,5
MOGP_GENERATIONAL,ed722c7a-ec65-11f0-ade0-6e001b3eef54,Toxicity,74,216,2543.648926|3.000000|0.000000|0.000000|0.000000,0.06913304328918457,3.0,2633.814453|3.000000|0.000000|0.000000|0.000000,2467.046631|7.000000|2.000000|0.000000|0.000000,2570.566650|7.000000|2.000000|0.000000|0.000000,7,49937244160.000000,N/A,5
MOGP_GENERATIONAL,ed722c7a-ec65-11f0-ade0-6e001b3eef54,Toxicity,74,217,2543.648926|3.000000|0.000000|0.000000|0.000000,0.08900022506713867,3.0,2633.814453|3.000000|0.000000|0.000000|0.000000,2246.273926|7.000000|2.000000|0.000000|0.000000,2444.801270|7.000000|2.000000|0.000000|0.000000,7,1099661312.000000,N/A,5
MOGP_GENERATIONAL,ed722c7a-ec65-11f0-ade0-6e001b3eef54,Toxicity,74,218,2543.648926|3.000000|0.000000|0.000000|0.000000,0.05986213684082031,3.0,2633.814453|3.000000|0.000000|0.000000|0.000000,2409.288086|7.000000|2.000000|0.000000|0.000000,2520.291504|7.000000|2.000000|0.000000|0.000000,7,69020852224.000000,N/A,5
MOGP_GENERATIONAL,ed722c7a-ec65-11f0-ade0-6e001b3eef54,Toxicity,74,219,2543.648926|3.000000|0.000000|0.000000|0.000000,0.07533597946166992,3.0,2633.814453|3.000000|0.000000|0.000000|0.000000,2301.651611|7.000000|1.000000|0.000000|0.000000,2375.588623|7.000000|1.000000|0.000000|0.000000,7,27144749056.000000,N/A,5
MOGP_GENERATIONAL,ed722c7a-ec65-11f0-ade0-6e001b3eef54,Toxicity,74,220,2543.648926|3.000000|0.000000|0.000000|0.000000,0.06902885437011719,3.0,2633.814453|3.000000|0.000000|0.000000|0.000000,2283.141602|7.000000|2.000000|0.000000|0.000000,2355.610107|7.000000|2.000000|0.000000|0.000000,7,79625748480.000000,N/A,5
MOGP_GENERATIONAL,ed722c7a-ec65-11f0-ade0-6e001b3eef54,Toxicity,74,221,2543.648926|3.000000|0.000000|0.000000|0.000000,0.07733583450317383,3.0,2633.814453|3.000000|0.000000|0.000000|0.000000,2395.122559|7.000000|2.000000|0.000000|0.000000,2482.968018|7.000000|2.000000|0.000000|0.000000,7,49892597760.000000,N/A,5
MOGP_GENERATIONAL,ed722c7a-ec65-11f0-ade0-6e001b3eef54,Toxicity,74,222,2543.648926|3.000000|0.000000|0.000000|0.000000,0.08333587646484375,3.0,2633.814453|3.000000|0.000000|0.000000|0.000000,2313.937256|7.000000|2.000000|0.000000|0.000000,2489.146729|7.000000|2.000000|0.000000|0.000000,7,22415544320.000000,N/A,5
MOGP_GENERATIONAL,ed722c7a-ec65-11f0-ade0-6e001b3eef54,Toxicity,74,223,2543.648926|3.000000|0.000000|0.000000|0.000000,0.06905388832092285,3.0,2633.814453|3.000000|0.000000|0.000000|0.000000,2543.648926|3.000000|0.000000|0.000000|0.000000,2633.814453|3.000000|0.000000|0.000000|0.000000,3,70130835456.000000,N/A,5
MOGP_GENERATIONAL,ed722c7a-ec65-11f0-ade0-6e001b3eef54,Toxicity,74,224,2543.648926|3.000000|0.000000|0.000000|0.000000,0.06374597549438477,3.0,2633.814453|3.000000|0.000000|0.000000|0.000000,2372.310547|7.000000|2.000000|2.000000|0.000000,2486.959229|7.000000|2.000000|2.000000|0.000000,7,41177825280.000000,N/A,5
MOGP_GENERATIONAL,ed722c7a-ec65-11f0-ade0-6e001b3eef54,Toxicity,74,225,2543.648926|3.000000|0.000000|0.000000|0.000000,0.07017898559570312,3.0,2633.814453|3.000000|0.000000|0.000000|0.000000,2400.724609|7.000000|2.000000|0.000000|0.000000,2488.219238|7.000000|2.000000|0.000000|0.000000,7,47807102976.000000,N/A,5
MOGP_GENERATIONAL,ed722c7a-ec65-11f0-ade0-6e001b3eef54,Toxicity,74,226,2543.648926|3.000000|0.000000|0.000000|0.000000,0.06307506561279297,3.0,2633.814453|3.000000|0.000000|0.000000|0.000000,2356.398438|7.000000|2.000000|0.000000|0.000000,2474.807617|7.000000|2.000000|0.000000|0.000000,7,26134964224.000000,N/A,5
MOGP_GENERATIONAL,ed722c7a-ec65-11f0-ade0-6e001b3eef54,Toxicity,74,227,2543.648926|3.000000|0.000000|0.000000|0.000000,0.07236385345458984,3.0,2633.814453|3.000000|0.000000|0.000000|0.000000,2262.202881|7.000000|2.000000|0.000000|0.000000,2410.121338|7.000000|2.000000|0.000000|0.000000,7,50255990784.000000,N/A,5
MOGP_GENERATIONAL,ed722c7a-ec65-11f0-ade0-6e001b3eef54,Toxicity,74,228,2543.648926|3.000000|0.000000|0.000000|0.000000,0.08023595809936523,3.0,2633.814453|3.000000|0.000000|0.000000|0.000000,2139.312256|7.000000|1.000000|0.000000|0.000000,2316.194580|7.000000|1.000000|0.000000|0.000000,7,62139482112.000000,N/A,5
MOGP_GENERATIONAL,ed722c7a-ec65-11f0-ade0-6e001b3eef54,Toxicity,74,229,2543.648926|3.000000|0.000000|0.000000|0.000000,0.07084107398986816,3.0,2633.814453|3.000000|0.000000|0.000000|0.000000,2132.371826|7.000000|0.000000|0.000000|0.000000,2229.315918|7.000000|0.000000|0.000000|0.000000,7,70194790400.000000,N/A,5
MOGP_GENERATIONAL,ed722c7a-ec65-11f0-ade0-6e001b3eef54,Toxicity,74,230,2543.648926|3.000000|0.000000|0.000000|0.000000,0.0727989673614502,3.0,2633.814453|3.000000|0.000000|0.000000|0.000000,2131.390381|7.000000|1.000000|0.000000|0.000000,2216.912354|7.000000|1.000000|0.000000|0.000000,7,67684265984.000000,N/A,5
MOGP_GENERATIONAL,ed722c7a-ec65-11f0-ade0-6e001b3eef54,Toxicity,74,231,2543.648926|3.000000|0.000000|0.000000|0.000000,0.07781410217285156,3.0,2633.814453|3.000000|0.000000|0.000000|0.000000,2295.775146|7.000000|1.000000|0.000000|0.000000,2474.377197|7.000000|1.000000|0.000000|0.000000,7,47597436928.000000,N/A,5
MOGP_GENERATIONAL,ed722c7a-ec65-11f0-ade0-6e001b3eef54,Toxicity,74,232,2543.648926|3.000000|0.000000|0.000000|0.000000,0.06781482696533203,3.0,2633.814453|3.000000|0.000000|0.000000|0.000000,2198.561523|7.000000|1.000000|0.000000|0.000000,2348.044189|7.000000|1.000000|0.000000|0.000000,7,6989955072.000000,N/A,5
MOGP_GENERATIONAL,ed722c7a-ec65-11f0-ade0-6e001b3eef54,Toxicity,74,233,2543.648926|3.000000|0.000000|0.000000|0.000000,0.07373690605163574,3.0,2633.814453|3.000000|0.000000|0.000000|0.000000,2304.259277|7.000000|1.000000|0.000000|0.000000,2390.903564|7.000000|1.000000|0.000000|0.000000,7,70847283200.000000,N/A,5
MOGP_GENERATIONAL,ed722c7a-ec65-11f0-ade0-6e001b3eef54,Toxicity,74,234,2543.648926|3.000000|0.000000|0.000000|0.000000,0.06946682929992676,3.0,2633.814453|3.000000|0.000000|0.000000|0.000000,2506.992432|7.000000|1.000000|0.000000|0.000000,2597.037598|7.000000|1.000000|0.000000|0.000000,7,11314020352.000000,N/A,5
MOGP_GENERATIONAL,ed722c7a-ec65-11f0-ade0-6e001b3eef54,Toxicity,74,235,2543.648926|3.000000|0.000000|0.000000|0.000000,0.06939816474914551,3.0,2633.814453|3.000000|0.000000|0.000000|0.000000,2287.511475|7.000000|2.000000|0.000000|0.000000,2466.936768|7.000000|2.000000|0.000000|0.000000,7,71938424832.000000,N/A,5
MOGP_GENERATIONAL,ed722c7a-ec65-11f0-ade0-6e001b3eef54,Toxicity,74,236,2543.648926|3.000000|0.000000|0.000000|0.000000,0.06937909126281738,3.0,2633.814453|3.000000|0.000000|0.000000|0.000000,2352.817139|7.000000|2.000000|0.000000|0.000000,2423.551270|7.000000|2.000000|0.000000|0.000000,7,26842859520.000000,N/A,5
MOGP_GENERATIONAL,ed722c7a-ec65-11f0-ade0-6e001b3eef54,Toxicity,74,237,2543.648926|3.000000|0.000000|0.000000|0.000000,0.09371304512023926,3.0,2633.814453|3.000000|0.000000|0.000000|0.000000,2300.363281|7.000000|2.000000|0.000000|0.000000,2478.004395|7.000000|2.000000|0.000000|0.000000,7,96889372672.000000,N/A,5
MOGP_GENERATIONAL,ed722c7a-ec65-11f0-ade0-6e001b3eef54,Toxicity,74,238,2543.648926|3.000000|0.000000|0.000000|0.000000,0.07070636749267578,3.0,2633.814453|3.000000|0.000000|0.000000|0.000000,2174.385498|7.000000|1.000000|0.000000|0.000000,2273.466064|7.000000|1.000000|0.000000|0.000000,7,49669988352.000000,N/A,5
MOGP_GENERATIONAL,ed722c7a-ec65-11f0-ade0-6e001b3eef54,Toxicity,74,239,2543.648926|3.000000|0.000000|0.000000|0.000000,0.07015395164489746,3.0,2633.814453|3.000000|0.000000|0.000000|0.000000,2488.262451|7.000000|1.000000|2.000000|0.000000,2557.118652|7.000000|1.000000|2.000000|0.000000,7,45685407744.000000,N/A,5
MOGP_GENERATIONAL,ed722c7a-ec65-11f0-ade0-6e001b3eef54,Toxicity,74,240,2543.648926|3.000000|0.000000|0.000000|0.000000,0.07835888862609863,3.0,2633.814453|3.000000|0.000000|0.000000|0.000000,2247.969482|7.000000|1.000000|0.000000|0.000000,2418.289551|7.000000|1.000000|0.000000|0.000000,7,69968486400.000000,N/A,5
MOGP_GENERATIONAL,ed722c7a-ec65-11f0-ade0-6e001b3eef54,Toxicity,74,241,2543.648926|3.000000|0.000000|0.000000|0.000000,0.09363698959350586,3.0,2633.814453|3.000000|0.000000|0.000000|0.000000,2282.633057|7.000000|2.000000|0.000000|0.000000,2463.383545|7.000000|2.000000|0.000000|0.000000,7,67978932224.000000,N/A,5
MOGP_GENERATIONAL,ed722c7a-ec65-11f0-ade0-6e001b3eef54,Toxicity,74,242,2543.648926|3.000000|0.000000|0.000000|0.000000,0.07117891311645508,3.0,2633.814453|3.000000|0.000000|0.000000|0.000000,2304.902344|7.000000|2.000000|0.000000|0.000000,2393.267822|7.000000|2.000000|0.000000|0.000000,7,85762678784.000000,N/A,5
MOGP_GENERATIONAL,ed722c7a-ec65-11f0-ade0-6e001b3eef54,Toxicity,74,243,2543.648926|3.000000|0.000000|0.000000|0.000000,0.08752107620239258,3.0,2633.814453|3.000000|0.000000|0.000000|0.000000,2518.940918|7.000000|0.000000|0.000000|0.000000,2609.548828|7.000000|0.000000|0.000000|0.000000,7,71218774016.000000,N/A,5
MOGP_GENERATIONAL,ed722c7a-ec65-11f0-ade0-6e001b3eef54,Toxicity,74,244,2543.648926|3.000000|0.000000|0.000000|0.000000,0.07210016250610352,3.0,2633.814453|3.000000|0.000000|0.000000|0.000000,2289.894775|7.000000|2.000000|0.000000|0.000000,2468.106201|7.000000|2.000000|0.000000|0.000000,7,50817568768.000000,N/A,5
MOGP_GENERATIONAL,ed722c7a-ec65-11f0-ade0-6e001b3eef54,Toxicity,74,245,2543.648926|3.000000|0.000000|0.000000|0.000000,0.06984806060791016,3.0,2633.814453|3.000000|0.000000|0.000000|0.000000,2399.912598|7.000000|0.000000|0.000000|0.000000,2492.660645|7.000000|0.000000|0.000000|0.000000,7,91894456320.000000,N/A,5
MOGP_GENERATIONAL,ed722c7a-ec65-11f0-ade0-6e001b3eef54,Toxicity,74,246,2543.648926|3.000000|0.000000|0.000000|0.000000,0.0796051025390625,3.0,2633.814453|3.000000|0.000000|0.000000|0.000000,2200.740479|7.000000|2.000000|0.000000|0.000000,2300.988525|7.000000|2.000000|0.000000|0.000000,7,13161082880.000000,N/A,5
MOGP_GENERATIONAL,ed722c7a-ec65-11f0-ade0-6e001b3eef54,Toxicity,74,247,2543.648926|3.000000|0.000000|0.000000|0.000000,0.07448601722717285,3.0,2633.814453|3.000000|0.000000|0.000000|0.000000,2438.645020|7.000000|1.000000|0.000000|0.000000,2525.883301|7.000000|1.000000|0.000000|0.000000,7,68448813056.000000,N/A,5
MOGP_GENERATIONAL,ed722c7a-ec65-11f0-ade0-6e001b3eef54,Toxicity,74,248,2543.648926|3.000000|0.000000|0.000000|0.000000,0.07861709594726562,3.0,2633.814453|3.000000|0.000000|0.000000|0.000000,2112.075928|7.000000|1.000000|0.000000|0.000000,2207.323975|7.000000|1.000000|0.000000|0.000000,7,46740860928.000000,N/A,5
MOGP_GENERATIONAL,ed722c7a-ec65-11f0-ade0-6e001b3eef54,Toxicity,74,249,2543.648926|3.000000|0.000000|0.000000|0.000000,0.07137632369995117,3.0,2633.814453|3.000000|0.000000|0.000000|0.000000,2179.495117|7.000000|2.000000|0.000000|0.000000,2173.697266|7.000000|2.000000|0.000000|0.000000,7,57407868928.000000,N/A,5
MOGP_GENERATIONAL,ed722c7a-ec65-11f0-ade0-6e001b3eef54,Toxicity,74,250,2543.648926|3.000000|0.000000|0.000000|0.000000,0.07072186470031738,3.0,2633.814453|3.000000|0.000000|0.000000|0.000000,2293.142090|7.000000|1.000000|0.000000|0.000000,2382.488770|7.000000|1.000000|0.000000|0.000000,7,61171367936.000000,N/A,5
