MOGP_GENERATIONAL,4b85397a-ec2e-11f0-9443-6e001b3eef54,Toxicity,74,0,2421.651855|3.000000,1.8650991916656494,3.0,2090.892578|3.000000,N/A,N/A,0,159291277312.000000,2300.621826|3.000000,5
MOGP_GENERATIONAL,4b85397a-ec2e-11f0-9443-6e001b3eef54,Toxicity,74,1,2375.791260|3.000000,0.0426487922668457,3.0,1892.532227|3.000000,2375.791260|3.000000,1892.532227|3.000000,3,51894566912.000000,2300.621826|3.000000,5
MOGP_GENERATIONAL,4b85397a-ec2e-11f0-9443-6e001b3eef54,Toxicity,74,2,2280.620850|3.000000,0.04329204559326172,3.0,1897.204590|3.000000,2280.620850|3.000000,1897.204590|3.000000,3,52266831872.000000,2300.621826|3.000000,5
MOGP_GENERATIONAL,4b85397a-ec2e-11f0-9443-6e001b3eef54,Toxicity,74,3,2280.620850|3.000000,0.05378293991088867,3.0,1897.204590|3.000000,2280.620850|3.000000,1897.204590|3.000000,3,50707124224.000000,2300.621826|3.000000,5
MOGP_GENERATIONAL,4b85397a-ec2e-11f0-9443-6e001b3eef54,Toxicity,74,4,2272.659668|3.000000,0.039395809173583984,3.0,1858.024780|3.000000,2272.659668|3.000000,1858.024780|3.000000,3,5789539840.000000,2300.621826|3.000000,5
MOGP_GENERATIONAL,4b85397a-ec2e-11f0-9443-6e001b3eef54,Toxicity,74,5,2272.659668|3.000000,0.03889584541320801,3.0,1858.024780|3.000000,2272.659668|3.000000,1858.024780|3.000000,3,70208397312.000000,2300.621826|3.000000,5
MOGP_GENERATIONAL,4b85397a-ec2e-11f0-9443-6e001b3eef54,Toxicity,74,6,2272.659668|3.000000,0.04335498809814453,3.0,1858.024780|3.000000,2272.659668|3.000000,1858.024780|3.000000,3,56657625088.000000,2300.621826|3.000000,5
MOGP_GENERATIONAL,4b85397a-ec2e-11f0-9443-6e001b3eef54,Toxicity,74,7,2272.659668|3.000000,0.03889775276184082,3.0,1858.024780|3.000000,2272.659668|3.000000,1858.024780|3.000000,3,37894819840.000000,2300.621826|3.000000,5
MOGP_GENERATIONAL,4b85397a-ec2e-11f0-9443-6e001b3eef54,Toxicity,74,8,2272.659668|3.000000,0.05384993553161621,3.0,1858.024780|3.000000,2272.659668|3.000000,1858.024780|3.000000,3,49630150656.000000,2300.621826|3.000000,5
MOGP_GENERATIONAL,4b85397a-ec2e-11f0-9443-6e001b3eef54,Toxicity,74,9,2272.659668|3.000000,0.05092000961303711,3.0,1858.024780|3.000000,2272.659668|3.000000,1858.024780|3.000000,3,24663650304.000000,2300.621826|3.000000,5
MOGP_GENERATIONAL,4b85397a-ec2e-11f0-9443-6e001b3eef54,Toxicity,74,10,2272.659668|3.000000,0.056839942932128906,3.0,1858.024780|3.000000,2272.659668|3.000000,1858.024780|3.000000,3,90060406784.000000,2300.621826|3.000000,5
MOGP_GENERATIONAL,4b85397a-ec2e-11f0-9443-6e001b3eef54,Toxicity,74,11,2272.659668|3.000000,0.03974008560180664,3.0,1858.024780|3.000000,2272.659668|3.000000,1858.024780|3.000000,3,69492.242188,2300.621826|3.000000,5
MOGP_GENERATIONAL,4b85397a-ec2e-11f0-9443-6e001b3eef54,Toxicity,74,12,2272.659668|3.000000,0.054952383041381836,3.0,1858.024780|3.000000,2272.659668|3.000000,1858.024780|3.000000,3,84251705344.000000,2300.621826|3.000000,5
MOGP_GENERATIONAL,4b85397a-ec2e-11f0-9443-6e001b3eef54,Toxicity,74,13,2272.659668|3.000000,0.03974294662475586,3.0,1858.024780|3.000000,2272.659668|3.000000,1858.024780|3.000000,3,62139850752.000000,2300.621826|3.000000,5
MOGP_GENERATIONAL,4b85397a-ec2e-11f0-9443-6e001b3eef54,Toxicity,74,14,2272.659668|3.000000,0.050811052322387695,3.0,1858.024780|3.000000,2272.659668|3.000000,1858.024780|3.000000,3,55016.785156,2300.621826|3.000000,5
MOGP_GENERATIONAL,4b85397a-ec2e-11f0-9443-6e001b3eef54,Toxicity,74,15,2272.659668|3.000000,0.13079023361206055,3.0,1858.024780|3.000000,2272.659668|3.000000,1858.024780|3.000000,3,74866.882812,2300.621826|3.000000,5
MOGP_GENERATIONAL,4b85397a-ec2e-11f0-9443-6e001b3eef54,Toxicity,74,16,2272.659668|3.000000,0.03926587104797363,3.0,1858.024780|3.000000,2272.659668|3.000000,1858.024780|3.000000,3,49784049664.000000,2300.621826|3.000000,5
MOGP_GENERATIONAL,4b85397a-ec2e-11f0-9443-6e001b3eef54,Toxicity,74,17,2272.659668|3.000000,0.04089808464050293,3.0,1858.024780|3.000000,2272.659668|3.000000,1858.024780|3.000000,3,48744689664.000000,2300.621826|3.000000,5
MOGP_GENERATIONAL,4b85397a-ec2e-11f0-9443-6e001b3eef54,Toxicity,74,18,2272.659668|3.000000,0.039524078369140625,3.0,1858.024780|3.000000,2272.659668|3.000000,1858.024780|3.000000,3,64909156352.000000,2300.621826|3.000000,5
MOGP_GENERATIONAL,4b85397a-ec2e-11f0-9443-6e001b3eef54,Toxicity,74,19,2272.659668|3.000000,0.03985166549682617,3.0,1858.024780|3.000000,2272.659668|3.000000,1858.024780|3.000000,3,47451701248.000000,2300.621826|3.000000,5
MOGP_GENERATIONAL,4b85397a-ec2e-11f0-9443-6e001b3eef54,Toxicity,74,20,2272.659668|3.000000,0.04873180389404297,3.0,1858.024780|3.000000,2272.659668|3.000000,1858.024780|3.000000,3,34560208896.000000,2300.621826|3.000000,5
MOGP_GENERATIONAL,4b85397a-ec2e-11f0-9443-6e001b3eef54,Toxicity,74,21,2272.659668|3.000000,0.050868988037109375,3.0,1858.024780|3.000000,2272.659668|3.000000,1858.024780|3.000000,3,66051223552.000000,2300.621826|3.000000,5
MOGP_GENERATIONAL,4b85397a-ec2e-11f0-9443-6e001b3eef54,Toxicity,74,22,2272.659668|3.000000,0.03935527801513672,3.0,1858.024780|3.000000,2272.659668|3.000000,1858.024780|3.000000,3,51169898496.000000,2300.621826|3.000000,5
MOGP_GENERATIONAL,4b85397a-ec2e-11f0-9443-6e001b3eef54,Toxicity,74,23,2272.659668|3.000000,0.04003787040710449,3.0,1858.024780|3.000000,2272.659668|3.000000,1858.024780|3.000000,3,49630199808.000000,2300.621826|3.000000,5
MOGP_GENERATIONAL,4b85397a-ec2e-11f0-9443-6e001b3eef54,Toxicity,74,24,2272.659668|3.000000,0.05179882049560547,3.0,1858.024780|3.000000,2272.659668|3.000000,1858.024780|3.000000,3,55969308672.000000,2300.621826|3.000000,5
MOGP_GENERATIONAL,4b85397a-ec2e-11f0-9443-6e001b3eef54,Toxicity,74,25,2272.659668|3.000000,0.04808211326599121,3.0,1858.024780|3.000000,2272.659668|3.000000,1858.024780|3.000000,3,19934711808.000000,2300.621826|3.000000,5
MOGP_GENERATIONAL,4b85397a-ec2e-11f0-9443-6e001b3eef54,Toxicity,74,26,2272.659668|3.000000,0.057080984115600586,3.0,1858.024780|3.000000,2272.659668|3.000000,1858.024780|3.000000,3,1388962.000000,2300.621826|3.000000,5
MOGP_GENERATIONAL,4b85397a-ec2e-11f0-9443-6e001b3eef54,Toxicity,74,27,2272.659668|3.000000,0.04087185859680176,3.0,1858.024780|3.000000,2272.659668|3.000000,1858.024780|3.000000,3,34179010560.000000,2300.621826|3.000000,5
MOGP_GENERATIONAL,4b85397a-ec2e-11f0-9443-6e001b3eef54,Toxicity,74,28,2272.659668|3.000000,0.04037189483642578,3.0,1858.024780|3.000000,2272.659668|3.000000,1858.024780|3.000000,3,63119237120.000000,2300.621826|3.000000,5
MOGP_GENERATIONAL,4b85397a-ec2e-11f0-9443-6e001b3eef54,Toxicity,74,29,2272.659668|3.000000,0.04004406929016113,3.0,1858.024780|3.000000,2272.659668|3.000000,1858.024780|3.000000,3,50724630528.000000,2300.621826|3.000000,5
MOGP_GENERATIONAL,4b85397a-ec2e-11f0-9443-6e001b3eef54,Toxicity,74,30,2272.659668|3.000000,0.03916001319885254,3.0,1858.024780|3.000000,2272.659668|3.000000,1858.024780|3.000000,3,5556251136.000000,2300.621826|3.000000,5
MOGP_GENERATIONAL,4b85397a-ec2e-11f0-9443-6e001b3eef54,Toxicity,74,31,2272.659668|3.000000,0.046941280364990234,3.0,1858.024780|3.000000,2272.659668|3.000000,1858.024780|3.000000,3,69653569536.000000,2300.621826|3.000000,5
MOGP_GENERATIONAL,4b85397a-ec2e-11f0-9443-6e001b3eef54,Toxicity,74,32,2272.659668|3.000000,0.03914785385131836,3.0,1858.024780|3.000000,2272.659668|3.000000,1858.024780|3.000000,3,31597.828125,2300.621826|3.000000,5
MOGP_GENERATIONAL,4b85397a-ec2e-11f0-9443-6e001b3eef54,Toxicity,74,33,2272.659668|3.000000,0.056025028228759766,3.0,1858.024780|3.000000,2272.659668|3.000000,1858.024780|3.000000,3,31327084544.000000,2300.621826|3.000000,5
MOGP_GENERATIONAL,4b85397a-ec2e-11f0-9443-6e001b3eef54,Toxicity,74,34,2272.659668|3.000000,0.04078507423400879,3.0,1858.024780|3.000000,2272.659668|3.000000,1858.024780|3.000000,3,12368944128.000000,2300.621826|3.000000,5
MOGP_GENERATIONAL,4b85397a-ec2e-11f0-9443-6e001b3eef54,Toxicity,74,35,2272.659668|3.000000,0.040151119232177734,3.0,1858.024780|3.000000,2272.659668|3.000000,1858.024780|3.000000,3,63094439936.000000,2300.621826|3.000000,5
MOGP_GENERATIONAL,4b85397a-ec2e-11f0-9443-6e001b3eef54,Toxicity,74,36,2272.659668|3.000000,0.05034589767456055,3.0,1858.024780|3.000000,2272.659668|3.000000,1858.024780|3.000000,3,51702644736.000000,2300.621826|3.000000,5
MOGP_GENERATIONAL,4b85397a-ec2e-11f0-9443-6e001b3eef54,Toxicity,74,37,2272.659668|3.000000,0.039405107498168945,3.0,1858.024780|3.000000,2272.659668|3.000000,1858.024780|3.000000,3,32736516096.000000,2300.621826|3.000000,5
MOGP_GENERATIONAL,4b85397a-ec2e-11f0-9443-6e001b3eef54,Toxicity,74,38,2272.659668|3.000000,0.04053807258605957,3.0,1858.024780|3.000000,2272.659668|3.000000,1858.024780|3.000000,3,49782484992.000000,2300.621826|3.000000,5
MOGP_GENERATIONAL,4b85397a-ec2e-11f0-9443-6e001b3eef54,Toxicity,74,39,2272.659668|3.000000,0.055396080017089844,3.0,1858.024780|3.000000,2272.659668|3.000000,1858.024780|3.000000,3,61443518464.000000,2300.621826|3.000000,5
MOGP_GENERATIONAL,4b85397a-ec2e-11f0-9443-6e001b3eef54,Toxicity,74,40,2272.659668|3.000000,0.0549159049987793,3.0,1858.024780|3.000000,2272.659668|3.000000,1858.024780|3.000000,3,49476026368.000000,2300.621826|3.000000,5
MOGP_GENERATIONAL,4b85397a-ec2e-11f0-9443-6e001b3eef54,Toxicity,74,41,2272.659668|3.000000,0.04022383689880371,3.0,1858.024780|3.000000,2272.659668|3.000000,1858.024780|3.000000,3,91707023360.000000,2300.621826|3.000000,5
MOGP_GENERATIONAL,4b85397a-ec2e-11f0-9443-6e001b3eef54,Toxicity,74,42,2272.659668|3.000000,0.050406694412231445,3.0,1858.024780|3.000000,2272.659668|3.000000,1858.024780|3.000000,3,15084.488281,2300.621826|3.000000,5
MOGP_GENERATIONAL,4b85397a-ec2e-11f0-9443-6e001b3eef54,Toxicity,74,43,2272.659668|3.000000,0.03987693786621094,3.0,1858.024780|3.000000,2272.659668|3.000000,1858.024780|3.000000,3,18759346176.000000,2300.621826|3.000000,5
MOGP_GENERATIONAL,4b85397a-ec2e-11f0-9443-6e001b3eef54,Toxicity,74,44,2272.659668|3.000000,0.053050994873046875,3.0,1858.024780|3.000000,2272.659668|3.000000,1858.024780|3.000000,3,13536803840.000000,2300.621826|3.000000,5
MOGP_GENERATIONAL,4b85397a-ec2e-11f0-9443-6e001b3eef54,Toxicity,74,45,2272.659668|3.000000,0.039363861083984375,3.0,1858.024780|3.000000,2272.659668|3.000000,1858.024780|3.000000,3,49791307776.000000,2300.621826|3.000000,5
MOGP_GENERATIONAL,4b85397a-ec2e-11f0-9443-6e001b3eef54,Toxicity,74,46,2272.659668|3.000000,0.03929305076599121,3.0,1858.024780|3.000000,2272.659668|3.000000,1858.024780|3.000000,3,49937469440.000000,2300.621826|3.000000,5
MOGP_GENERATIONAL,4b85397a-ec2e-11f0-9443-6e001b3eef54,Toxicity,74,47,2272.659668|3.000000,0.0572969913482666,3.0,1858.024780|3.000000,2272.659668|3.000000,1858.024780|3.000000,3,24048175104.000000,2300.621826|3.000000,5
MOGP_GENERATIONAL,4b85397a-ec2e-11f0-9443-6e001b3eef54,Toxicity,74,48,2272.659668|3.000000,0.039962053298950195,3.0,1858.024780|3.000000,2272.659668|3.000000,1858.024780|3.000000,3,29401948160.000000,2300.621826|3.000000,5
MOGP_GENERATIONAL,4b85397a-ec2e-11f0-9443-6e001b3eef54,Toxicity,74,49,2272.659668|3.000000,0.040060997009277344,3.0,1858.024780|3.000000,2272.659668|3.000000,1858.024780|3.000000,3,91814748160.000000,2300.621826|3.000000,5
MOGP_GENERATIONAL,4b85397a-ec2e-11f0-9443-6e001b3eef54,Toxicity,74,50,2272.659668|3.000000,0.04123806953430176,3.0,1858.024780|3.000000,2272.659668|3.000000,1858.024780|3.000000,3,50092789760.000000,2300.621826|3.000000,5
MOGP_GENERATIONAL,4b85397a-ec2e-11f0-9443-6e001b3eef54,Toxicity,74,51,2272.659668|3.000000,0.040513038635253906,3.0,1858.024780|3.000000,2272.659668|3.000000,1858.024780|3.000000,3,68372336640.000000,2300.621826|3.000000,5
MOGP_GENERATIONAL,4b85397a-ec2e-11f0-9443-6e001b3eef54,Toxicity,74,52,2272.659668|3.000000,0.04092693328857422,3.0,1858.024780|3.000000,2259.369141|7.000000,2106.454590|7.000000,7,31003269120.000000,2300.621826|3.000000,5
MOGP_GENERATIONAL,4b85397a-ec2e-11f0-9443-6e001b3eef54,Toxicity,74,53,2272.659668|3.000000,0.025987863540649414,3.0,1858.024780|3.000000,2272.659668|3.000000,1858.024780|3.000000,3,14635131904.000000,2300.621826|3.000000,5
MOGP_GENERATIONAL,4b85397a-ec2e-11f0-9443-6e001b3eef54,Toxicity,74,54,2272.659668|3.000000,0.04033994674682617,3.0,1858.024780|3.000000,2242.818848|7.000000,1815.364380|7.000000,7,65294606336.000000,2300.621826|3.000000,5
MOGP_GENERATIONAL,4b85397a-ec2e-11f0-9443-6e001b3eef54,Toxicity,74,55,2272.659668|3.000000,0.04477286338806152,3.0,1858.024780|3.000000,2272.659668|3.000000,1858.024780|3.000000,3,60831850496.000000,2300.621826|3.000000,5
MOGP_GENERATIONAL,4b85397a-ec2e-11f0-9443-6e001b3eef54,Toxicity,74,56,2272.659668|3.000000,0.03948211669921875,3.0,1858.024780|3.000000,2272.659668|3.000000,1858.024780|3.000000,3,40084541440.000000,2300.621826|3.000000,5
MOGP_GENERATIONAL,4b85397a-ec2e-11f0-9443-6e001b3eef54,Toxicity,74,57,2272.659668|3.000000,0.05698394775390625,3.0,1858.024780|3.000000,2272.659668|3.000000,1858.024780|3.000000,3,113896.593750,2300.621826|3.000000,5
MOGP_GENERATIONAL,4b85397a-ec2e-11f0-9443-6e001b3eef54,Toxicity,74,58,2272.659668|3.000000,0.049401044845581055,3.0,1858.024780|3.000000,2272.659668|3.000000,1858.024780|3.000000,3,23540109312.000000,2300.621826|3.000000,5
MOGP_GENERATIONAL,4b85397a-ec2e-11f0-9443-6e001b3eef54,Toxicity,74,59,2272.659668|3.000000,0.040927886962890625,3.0,1858.024780|3.000000,2272.659668|3.000000,1858.024780|3.000000,3,47741313024.000000,2300.621826|3.000000,5
MOGP_GENERATIONAL,4b85397a-ec2e-11f0-9443-6e001b3eef54,Toxicity,74,60,2272.659668|3.000000,0.04399585723876953,3.0,1858.024780|3.000000,2272.659668|3.000000,1858.024780|3.000000,3,49783930880.000000,2300.621826|3.000000,5
MOGP_GENERATIONAL,4b85397a-ec2e-11f0-9443-6e001b3eef54,Toxicity,74,61,2272.659668|3.000000,0.04186391830444336,3.0,1858.024780|3.000000,2272.659668|3.000000,1858.024780|3.000000,3,7125882880.000000,2300.621826|3.000000,5
MOGP_GENERATIONAL,4b85397a-ec2e-11f0-9443-6e001b3eef54,Toxicity,74,62,2272.659668|3.000000,0.03954195976257324,3.0,1858.024780|3.000000,2272.659668|3.000000,1858.024780|3.000000,3,49575170048.000000,2300.621826|3.000000,5
MOGP_GENERATIONAL,4b85397a-ec2e-11f0-9443-6e001b3eef54,Toxicity,74,63,2272.659668|3.000000,0.040071964263916016,3.0,1858.024780|3.000000,2272.659668|3.000000,1858.024780|3.000000,3,7686437376.000000,2300.621826|3.000000,5
MOGP_GENERATIONAL,4b85397a-ec2e-11f0-9443-6e001b3eef54,Toxicity,74,64,2272.659668|3.000000,0.04052090644836426,3.0,1858.024780|3.000000,2272.659668|3.000000,1858.024780|3.000000,3,5524623360.000000,2300.621826|3.000000,5
MOGP_GENERATIONAL,4b85397a-ec2e-11f0-9443-6e001b3eef54,Toxicity,74,65,2272.659668|3.000000,0.03960776329040527,3.0,1858.024780|3.000000,2272.659668|3.000000,1858.024780|3.000000,3,43524595712.000000,2300.621826|3.000000,5
MOGP_GENERATIONAL,4b85397a-ec2e-11f0-9443-6e001b3eef54,Toxicity,74,66,2272.659668|3.000000,0.0398259162902832,3.0,1858.024780|3.000000,2272.659668|3.000000,1858.024780|3.000000,3,47564587008.000000,2300.621826|3.000000,5
MOGP_GENERATIONAL,4b85397a-ec2e-11f0-9443-6e001b3eef54,Toxicity,74,67,2272.659668|3.000000,0.05687904357910156,3.0,1858.024780|3.000000,2272.659668|3.000000,1858.024780|3.000000,3,16076258304.000000,2300.621826|3.000000,5
MOGP_GENERATIONAL,4b85397a-ec2e-11f0-9443-6e001b3eef54,Toxicity,74,68,2272.659668|3.000000,0.04037904739379883,3.0,1858.024780|3.000000,2241.463867|7.000000,1781.684448|7.000000,7,52868591616.000000,2300.621826|3.000000,5
MOGP_GENERATIONAL,4b85397a-ec2e-11f0-9443-6e001b3eef54,Toxicity,74,69,2272.659668|3.000000,0.040434837341308594,3.0,1858.024780|3.000000,2272.659668|3.000000,1858.024780|3.000000,3,65819332608.000000,2300.621826|3.000000,5
MOGP_GENERATIONAL,4b85397a-ec2e-11f0-9443-6e001b3eef54,Toxicity,74,70,2272.659668|3.000000,0.04034996032714844,3.0,1858.024780|3.000000,2137.898926|7.000000,1760.595581|7.000000,7,31045806080.000000,2300.621826|3.000000,5
MOGP_GENERATIONAL,4b85397a-ec2e-11f0-9443-6e001b3eef54,Toxicity,74,71,2272.659668|3.000000,0.051738739013671875,3.0,1858.024780|3.000000,2272.659668|3.000000,1858.024780|3.000000,3,50224291840.000000,2300.621826|3.000000,5
MOGP_GENERATIONAL,4b85397a-ec2e-11f0-9443-6e001b3eef54,Toxicity,74,72,2272.659668|3.000000,0.04061603546142578,3.0,1858.024780|3.000000,2272.659668|3.000000,1858.024780|3.000000,3,51710562304.000000,2300.621826|3.000000,5
MOGP_GENERATIONAL,4b85397a-ec2e-11f0-9443-6e001b3eef54,Toxicity,74,73,2272.659668|3.000000,0.03940296173095703,3.0,1858.024780|3.000000,2272.659668|3.000000,1858.024780|3.000000,3,66989789184.000000,2300.621826|3.000000,5
MOGP_GENERATIONAL,4b85397a-ec2e-11f0-9443-6e001b3eef54,Toxicity,74,74,2272.659668|3.000000,0.05585503578186035,3.0,1858.024780|3.000000,2272.659668|3.000000,1858.024780|3.000000,3,38395138048.000000,2300.621826|3.000000,5
MOGP_GENERATIONAL,4b85397a-ec2e-11f0-9443-6e001b3eef54,Toxicity,74,75,2272.659668|3.000000,0.04008793830871582,3.0,1858.024780|3.000000,2272.659668|3.000000,1858.024780|3.000000,3,75347755008.000000,2300.621826|3.000000,5
MOGP_GENERATIONAL,4b85397a-ec2e-11f0-9443-6e001b3eef54,Toxicity,74,76,2272.659668|3.000000,0.04003787040710449,3.0,1858.024780|3.000000,2272.659668|3.000000,1858.024780|3.000000,3,93449707520.000000,2300.621826|3.000000,5
MOGP_GENERATIONAL,4b85397a-ec2e-11f0-9443-6e001b3eef54,Toxicity,74,77,2272.659668|3.000000,0.045365095138549805,3.0,1858.024780|3.000000,2272.659668|3.000000,1858.024780|3.000000,3,77645520896.000000,2300.621826|3.000000,5
MOGP_GENERATIONAL,4b85397a-ec2e-11f0-9443-6e001b3eef54,Toxicity,74,78,2272.659668|3.000000,0.04243302345275879,3.0,1858.024780|3.000000,2272.659668|3.000000,1858.024780|3.000000,3,54331756544.000000,2300.621826|3.000000,5
MOGP_GENERATIONAL,4b85397a-ec2e-11f0-9443-6e001b3eef54,Toxicity,74,79,2272.659668|3.000000,0.0383608341217041,3.0,1858.024780|3.000000,2272.659668|3.000000,1858.024780|3.000000,3,8184558592.000000,2300.621826|3.000000,5
MOGP_GENERATIONAL,4b85397a-ec2e-11f0-9443-6e001b3eef54,Toxicity,74,80,2272.659668|3.000000,0.04097414016723633,3.0,1858.024780|3.000000,2272.659668|3.000000,1858.024780|3.000000,3,50073554944.000000,2300.621826|3.000000,5
MOGP_GENERATIONAL,4b85397a-ec2e-11f0-9443-6e001b3eef54,Toxicity,74,81,2272.659668|3.000000,0.03955817222595215,3.0,1858.024780|3.000000,2272.659668|3.000000,1858.024780|3.000000,3,160471.359375,2300.621826|3.000000,5
MOGP_GENERATIONAL,4b85397a-ec2e-11f0-9443-6e001b3eef54,Toxicity,74,82,2272.659668|3.000000,0.04967999458312988,3.0,1858.024780|3.000000,2272.659668|3.000000,1858.024780|3.000000,3,25032724480.000000,2300.621826|3.000000,5
MOGP_GENERATIONAL,4b85397a-ec2e-11f0-9443-6e001b3eef54,Toxicity,74,83,2272.659668|3.000000,0.040164947509765625,3.0,1858.024780|3.000000,2272.659668|3.000000,1858.024780|3.000000,3,3912662272.000000,2300.621826|3.000000,5
MOGP_GENERATIONAL,4b85397a-ec2e-11f0-9443-6e001b3eef54,Toxicity,74,84,2272.659668|3.000000,0.05164957046508789,3.0,1858.024780|3.000000,2272.659668|3.000000,1858.024780|3.000000,3,59623641088.000000,2300.621826|3.000000,5
MOGP_GENERATIONAL,4b85397a-ec2e-11f0-9443-6e001b3eef54,Toxicity,74,85,2272.659668|3.000000,0.054387807846069336,3.0,1858.024780|3.000000,2272.659668|3.000000,1858.024780|3.000000,3,234.323425,2300.621826|3.000000,5
MOGP_GENERATIONAL,4b85397a-ec2e-11f0-9443-6e001b3eef54,Toxicity,74,86,2272.659668|3.000000,0.03954195976257324,3.0,1858.024780|3.000000,2272.659668|3.000000,1858.024780|3.000000,3,39296712704.000000,2300.621826|3.000000,5
MOGP_GENERATIONAL,4b85397a-ec2e-11f0-9443-6e001b3eef54,Toxicity,74,87,2272.659668|3.000000,0.04092907905578613,3.0,1858.024780|3.000000,2272.659668|3.000000,1858.024780|3.000000,3,12372978688.000000,2300.621826|3.000000,5
MOGP_GENERATIONAL,4b85397a-ec2e-11f0-9443-6e001b3eef54,Toxicity,74,88,2272.659668|3.000000,0.040376901626586914,3.0,1858.024780|3.000000,2272.659668|3.000000,1858.024780|3.000000,3,61088182272.000000,2300.621826|3.000000,5
MOGP_GENERATIONAL,4b85397a-ec2e-11f0-9443-6e001b3eef54,Toxicity,74,89,2272.659668|3.000000,0.05534625053405762,3.0,1858.024780|3.000000,2272.659668|3.000000,1858.024780|3.000000,3,65826107392.000000,2300.621826|3.000000,5
MOGP_GENERATIONAL,4b85397a-ec2e-11f0-9443-6e001b3eef54,Toxicity,74,90,2272.659668|3.000000,0.04007411003112793,3.0,1858.024780|3.000000,2272.659668|3.000000,1858.024780|3.000000,3,44316975104.000000,2300.621826|3.000000,5
MOGP_GENERATIONAL,4b85397a-ec2e-11f0-9443-6e001b3eef54,Toxicity,74,91,2272.659668|3.000000,0.030414104461669922,3.0,1858.024780|3.000000,2272.659668|3.000000,1858.024780|3.000000,3,83873472512.000000,2300.621826|3.000000,5
MOGP_GENERATIONAL,4b85397a-ec2e-11f0-9443-6e001b3eef54,Toxicity,74,92,2272.659668|3.000000,0.04707813262939453,3.0,1858.024780|3.000000,2272.659668|3.000000,1858.024780|3.000000,3,12972658688.000000,2300.621826|3.000000,5
MOGP_GENERATIONAL,4b85397a-ec2e-11f0-9443-6e001b3eef54,Toxicity,74,93,2272.659668|3.000000,0.040087223052978516,3.0,1858.024780|3.000000,2272.659668|3.000000,1858.024780|3.000000,3,70737772544.000000,2300.621826|3.000000,5
MOGP_GENERATIONAL,4b85397a-ec2e-11f0-9443-6e001b3eef54,Toxicity,74,94,2272.659668|3.000000,0.04050087928771973,3.0,1858.024780|3.000000,2272.659668|3.000000,1858.024780|3.000000,3,58277154816.000000,2300.621826|3.000000,5
MOGP_GENERATIONAL,4b85397a-ec2e-11f0-9443-6e001b3eef54,Toxicity,74,95,2272.659668|3.000000,0.03969311714172363,3.0,1858.024780|3.000000,2272.659668|3.000000,1858.024780|3.000000,3,49630158848.000000,2300.621826|3.000000,5
MOGP_GENERATIONAL,4b85397a-ec2e-11f0-9443-6e001b3eef54,Toxicity,74,96,2272.659668|3.000000,0.04046273231506348,3.0,1858.024780|3.000000,2272.659668|3.000000,1858.024780|3.000000,3,7823556608.000000,2300.621826|3.000000,5
MOGP_GENERATIONAL,4b85397a-ec2e-11f0-9443-6e001b3eef54,Toxicity,74,97,2272.659668|3.000000,0.040013790130615234,3.0,1858.024780|3.000000,2272.659668|3.000000,1858.024780|3.000000,3,17257095168.000000,2300.621826|3.000000,5
MOGP_GENERATIONAL,4b85397a-ec2e-11f0-9443-6e001b3eef54,Toxicity,74,98,2272.659668|3.000000,0.040776968002319336,3.0,1858.024780|3.000000,2272.659668|3.000000,1858.024780|3.000000,3,42252181504.000000,2300.621826|3.000000,5
MOGP_GENERATIONAL,4b85397a-ec2e-11f0-9443-6e001b3eef54,Toxicity,74,99,2272.659668|3.000000,0.059944868087768555,3.0,1858.024780|3.000000,2272.659668|3.000000,1858.024780|3.000000,3,4888684.000000,2300.621826|3.000000,5
MOGP_GENERATIONAL,4b85397a-ec2e-11f0-9443-6e001b3eef54,Toxicity,74,100,2272.659668|3.000000,0.04096412658691406,3.0,1858.024780|3.000000,2272.659668|3.000000,1858.024780|3.000000,3,32510588928.000000,2300.621826|3.000000,5
MOGP_GENERATIONAL,4b85397a-ec2e-11f0-9443-6e001b3eef54,Toxicity,74,101,2272.659668|3.000000,0.0394589900970459,3.0,1858.024780|3.000000,2272.659668|3.000000,1858.024780|3.000000,3,226285904.000000,2300.621826|3.000000,5
MOGP_GENERATIONAL,4b85397a-ec2e-11f0-9443-6e001b3eef54,Toxicity,74,102,2272.659668|3.000000,0.039481163024902344,3.0,1858.024780|3.000000,2272.659668|3.000000,1858.024780|3.000000,3,5531559936.000000,2300.621826|3.000000,5
MOGP_GENERATIONAL,4b85397a-ec2e-11f0-9443-6e001b3eef54,Toxicity,74,103,2272.659668|3.000000,0.05876302719116211,3.0,1858.024780|3.000000,2272.659668|3.000000,1858.024780|3.000000,3,70316605440.000000,2300.621826|3.000000,5
MOGP_GENERATIONAL,4b85397a-ec2e-11f0-9443-6e001b3eef54,Toxicity,74,104,2272.659668|3.000000,0.0395050048828125,3.0,1858.024780|3.000000,2272.659668|3.000000,1858.024780|3.000000,3,44540776448.000000,2300.621826|3.000000,5
MOGP_GENERATIONAL,4b85397a-ec2e-11f0-9443-6e001b3eef54,Toxicity,74,105,2272.659668|3.000000,0.056801795959472656,3.0,1858.024780|3.000000,2272.659668|3.000000,1858.024780|3.000000,3,55700914176.000000,2300.621826|3.000000,5
MOGP_GENERATIONAL,4b85397a-ec2e-11f0-9443-6e001b3eef54,Toxicity,74,106,2272.659668|3.000000,0.03907203674316406,3.0,1858.024780|3.000000,2272.659668|3.000000,1858.024780|3.000000,3,27813042176.000000,2300.621826|3.000000,5
MOGP_GENERATIONAL,4b85397a-ec2e-11f0-9443-6e001b3eef54,Toxicity,74,107,2272.659668|3.000000,0.04010438919067383,3.0,1858.024780|3.000000,2272.659668|3.000000,1858.024780|3.000000,3,72171290624.000000,2300.621826|3.000000,5
MOGP_GENERATIONAL,4b85397a-ec2e-11f0-9443-6e001b3eef54,Toxicity,74,108,2272.659668|3.000000,0.050077199935913086,3.0,1858.024780|3.000000,2272.659668|3.000000,1858.024780|3.000000,3,47413608448.000000,2300.621826|3.000000,5
MOGP_GENERATIONAL,4b85397a-ec2e-11f0-9443-6e001b3eef54,Toxicity,74,109,2272.659668|3.000000,0.0551300048828125,3.0,1858.024780|3.000000,2272.659668|3.000000,1858.024780|3.000000,3,53492996.000000,2300.621826|3.000000,5
MOGP_GENERATIONAL,4b85397a-ec2e-11f0-9443-6e001b3eef54,Toxicity,74,110,2272.659668|3.000000,0.05395102500915527,3.0,1858.024780|3.000000,2272.659668|3.000000,1858.024780|3.000000,3,54628098048.000000,2300.621826|3.000000,5
MOGP_GENERATIONAL,4b85397a-ec2e-11f0-9443-6e001b3eef54,Toxicity,74,111,2272.659668|3.000000,0.03911399841308594,3.0,1858.024780|3.000000,2137.898926|7.000000,1760.595581|7.000000,7,49635942400.000000,2300.621826|3.000000,5
MOGP_GENERATIONAL,4b85397a-ec2e-11f0-9443-6e001b3eef54,Toxicity,74,112,2272.659668|3.000000,0.03959298133850098,3.0,1858.024780|3.000000,2272.659668|3.000000,1858.024780|3.000000,3,14700346368.000000,2300.621826|3.000000,5
MOGP_GENERATIONAL,4b85397a-ec2e-11f0-9443-6e001b3eef54,Toxicity,74,113,2272.659668|3.000000,0.04378223419189453,3.0,1858.024780|3.000000,2272.659668|3.000000,1858.024780|3.000000,3,46443106304.000000,2300.621826|3.000000,5
MOGP_GENERATIONAL,4b85397a-ec2e-11f0-9443-6e001b3eef54,Toxicity,74,114,2272.659668|3.000000,0.0409848690032959,3.0,1858.024780|3.000000,2272.659668|3.000000,1858.024780|3.000000,3,4352922624.000000,2300.621826|3.000000,5
MOGP_GENERATIONAL,4b85397a-ec2e-11f0-9443-6e001b3eef54,Toxicity,74,115,2272.659668|3.000000,0.03988313674926758,3.0,1858.024780|3.000000,2272.659668|3.000000,1858.024780|3.000000,3,51847618560.000000,2300.621826|3.000000,5
MOGP_GENERATIONAL,4b85397a-ec2e-11f0-9443-6e001b3eef54,Toxicity,74,116,2272.659668|3.000000,0.03996706008911133,3.0,1858.024780|3.000000,2272.659668|3.000000,1858.024780|3.000000,3,22960879616.000000,2300.621826|3.000000,5
MOGP_GENERATIONAL,4b85397a-ec2e-11f0-9443-6e001b3eef54,Toxicity,74,117,2272.659668|3.000000,0.019544124603271484,3.0,1858.024780|3.000000,2272.659668|3.000000,1858.024780|3.000000,3,54475227136.000000,2300.621826|3.000000,5
MOGP_GENERATIONAL,4b85397a-ec2e-11f0-9443-6e001b3eef54,Toxicity,74,118,2272.659668|3.000000,0.048516273498535156,3.0,1858.024780|3.000000,2272.659668|3.000000,1858.024780|3.000000,3,19944321024.000000,2300.621826|3.000000,5
MOGP_GENERATIONAL,4b85397a-ec2e-11f0-9443-6e001b3eef54,Toxicity,74,119,2272.659668|3.000000,0.04076218605041504,3.0,1858.024780|3.000000,2272.659668|3.000000,1858.024780|3.000000,3,33189363712.000000,2300.621826|3.000000,5
MOGP_GENERATIONAL,4b85397a-ec2e-11f0-9443-6e001b3eef54,Toxicity,74,120,2272.659668|3.000000,0.04150700569152832,3.0,1858.024780|3.000000,2272.659668|3.000000,1858.024780|3.000000,3,5552151552.000000,2300.621826|3.000000,5
MOGP_GENERATIONAL,4b85397a-ec2e-11f0-9443-6e001b3eef54,Toxicity,74,121,2272.659668|3.000000,0.039530038833618164,3.0,1858.024780|3.000000,2272.659668|3.000000,1858.024780|3.000000,3,59299.195312,2300.621826|3.000000,5
MOGP_GENERATIONAL,4b85397a-ec2e-11f0-9443-6e001b3eef54,Toxicity,74,122,2272.659668|3.000000,0.04105877876281738,3.0,1858.024780|3.000000,2272.659668|3.000000,1858.024780|3.000000,3,6154120704.000000,2300.621826|3.000000,5
MOGP_GENERATIONAL,4b85397a-ec2e-11f0-9443-6e001b3eef54,Toxicity,74,123,2272.659668|3.000000,0.04056215286254883,3.0,1858.024780|3.000000,2272.659668|3.000000,1858.024780|3.000000,3,76749373440.000000,2300.621826|3.000000,5
MOGP_GENERATIONAL,4b85397a-ec2e-11f0-9443-6e001b3eef54,Toxicity,74,124,2272.659668|3.000000,0.06767892837524414,3.0,1858.024780|3.000000,2272.659668|3.000000,1858.024780|3.000000,3,117182.398438,2300.621826|3.000000,5
MOGP_GENERATIONAL,4b85397a-ec2e-11f0-9443-6e001b3eef54,Toxicity,74,125,2272.659668|3.000000,0.03979325294494629,3.0,1858.024780|3.000000,2272.659668|3.000000,1858.024780|3.000000,3,9580943360.000000,2300.621826|3.000000,5
MOGP_GENERATIONAL,4b85397a-ec2e-11f0-9443-6e001b3eef54,Toxicity,74,126,2272.659668|3.000000,0.05214405059814453,3.0,1858.024780|3.000000,2272.659668|3.000000,1858.024780|3.000000,3,44109631488.000000,2300.621826|3.000000,5
MOGP_GENERATIONAL,4b85397a-ec2e-11f0-9443-6e001b3eef54,Toxicity,74,127,2272.659668|3.000000,0.04098200798034668,3.0,1858.024780|3.000000,2272.659668|3.000000,1858.024780|3.000000,3,79576678400.000000,2300.621826|3.000000,5
MOGP_GENERATIONAL,4b85397a-ec2e-11f0-9443-6e001b3eef54,Toxicity,74,128,2272.659668|3.000000,0.03813886642456055,3.0,1858.024780|3.000000,2272.659668|3.000000,1858.024780|3.000000,3,2896733696.000000,2300.621826|3.000000,5
MOGP_GENERATIONAL,4b85397a-ec2e-11f0-9443-6e001b3eef54,Toxicity,74,129,2272.659668|3.000000,0.0410609245300293,3.0,1858.024780|3.000000,2272.659668|3.000000,1858.024780|3.000000,3,69137858560.000000,2300.621826|3.000000,5
MOGP_GENERATIONAL,4b85397a-ec2e-11f0-9443-6e001b3eef54,Toxicity,74,130,2272.659668|3.000000,0.040470123291015625,3.0,1858.024780|3.000000,2272.659668|3.000000,1858.024780|3.000000,3,39493472256.000000,2300.621826|3.000000,5
MOGP_GENERATIONAL,4b85397a-ec2e-11f0-9443-6e001b3eef54,Toxicity,74,131,2272.659668|3.000000,0.041613101959228516,3.0,1858.024780|3.000000,2272.659668|3.000000,1858.024780|3.000000,3,19053920256.000000,2300.621826|3.000000,5
MOGP_GENERATIONAL,4b85397a-ec2e-11f0-9443-6e001b3eef54,Toxicity,74,132,2272.659668|3.000000,0.04033708572387695,3.0,1858.024780|3.000000,2272.659668|3.000000,1858.024780|3.000000,3,54196293632.000000,2300.621826|3.000000,5
MOGP_GENERATIONAL,4b85397a-ec2e-11f0-9443-6e001b3eef54,Toxicity,74,133,2272.659668|3.000000,0.03935813903808594,3.0,1858.024780|3.000000,2272.659668|3.000000,1858.024780|3.000000,3,36344270848.000000,2300.621826|3.000000,5
MOGP_GENERATIONAL,4b85397a-ec2e-11f0-9443-6e001b3eef54,Toxicity,74,134,2272.659668|3.000000,0.04265284538269043,3.0,1858.024780|3.000000,2272.659668|3.000000,1858.024780|3.000000,3,60129710080.000000,2300.621826|3.000000,5
MOGP_GENERATIONAL,4b85397a-ec2e-11f0-9443-6e001b3eef54,Toxicity,74,135,2272.659668|3.000000,0.04106903076171875,3.0,1858.024780|3.000000,2272.659668|3.000000,1858.024780|3.000000,3,79073419264.000000,2300.621826|3.000000,5
MOGP_GENERATIONAL,4b85397a-ec2e-11f0-9443-6e001b3eef54,Toxicity,74,136,2272.659668|3.000000,0.03950810432434082,3.0,1858.024780|3.000000,2272.659668|3.000000,1858.024780|3.000000,3,5531554816.000000,2300.621826|3.000000,5
MOGP_GENERATIONAL,4b85397a-ec2e-11f0-9443-6e001b3eef54,Toxicity,74,137,2272.659668|3.000000,0.040313005447387695,3.0,1858.024780|3.000000,2272.659668|3.000000,1858.024780|3.000000,3,26159.294922,2300.621826|3.000000,5
MOGP_GENERATIONAL,4b85397a-ec2e-11f0-9443-6e001b3eef54,Toxicity,74,138,2272.659668|3.000000,0.04137396812438965,3.0,1858.024780|3.000000,2241.463867|7.000000,1781.684448|7.000000,7,64162824192.000000,2300.621826|3.000000,5
MOGP_GENERATIONAL,4b85397a-ec2e-11f0-9443-6e001b3eef54,Toxicity,74,139,2272.659668|3.000000,0.04008293151855469,3.0,1858.024780|3.000000,2272.659668|3.000000,1858.024780|3.000000,3,51070423040.000000,2300.621826|3.000000,5
MOGP_GENERATIONAL,4b85397a-ec2e-11f0-9443-6e001b3eef54,Toxicity,74,140,2272.659668|3.000000,0.0384979248046875,3.0,1858.024780|3.000000,2272.659668|3.000000,1858.024780|3.000000,3,87781023744.000000,2300.621826|3.000000,5
MOGP_GENERATIONAL,4b85397a-ec2e-11f0-9443-6e001b3eef54,Toxicity,74,141,2272.659668|3.000000,0.04729175567626953,3.0,1858.024780|3.000000,2272.659668|3.000000,1858.024780|3.000000,3,8505036.000000,2300.621826|3.000000,5
MOGP_GENERATIONAL,4b85397a-ec2e-11f0-9443-6e001b3eef54,Toxicity,74,142,2272.659668|3.000000,0.04009389877319336,3.0,1858.024780|3.000000,2272.659668|3.000000,1858.024780|3.000000,3,15205521408.000000,2300.621826|3.000000,5
MOGP_GENERATIONAL,4b85397a-ec2e-11f0-9443-6e001b3eef54,Toxicity,74,143,2272.659668|3.000000,0.04484295845031738,3.0,1858.024780|3.000000,2272.659668|3.000000,1858.024780|3.000000,3,74377043968.000000,2300.621826|3.000000,5
MOGP_GENERATIONAL,4b85397a-ec2e-11f0-9443-6e001b3eef54,Toxicity,74,144,2272.659668|3.000000,0.04941272735595703,3.0,1858.024780|3.000000,2272.659668|3.000000,1858.024780|3.000000,3,49784049664.000000,2300.621826|3.000000,5
MOGP_GENERATIONAL,4b85397a-ec2e-11f0-9443-6e001b3eef54,Toxicity,74,145,2272.659668|3.000000,0.04092097282409668,3.0,1858.024780|3.000000,2272.659668|3.000000,1858.024780|3.000000,3,12008436736.000000,2300.621826|3.000000,5
MOGP_GENERATIONAL,4b85397a-ec2e-11f0-9443-6e001b3eef54,Toxicity,74,146,2272.659668|3.000000,0.04052901268005371,3.0,1858.024780|3.000000,2272.659668|3.000000,1858.024780|3.000000,3,49167675392.000000,2300.621826|3.000000,5
MOGP_GENERATIONAL,4b85397a-ec2e-11f0-9443-6e001b3eef54,Toxicity,74,147,2272.659668|3.000000,0.040222883224487305,3.0,1858.024780|3.000000,2272.659668|3.000000,1858.024780|3.000000,3,37328027648.000000,2300.621826|3.000000,5
MOGP_GENERATIONAL,4b85397a-ec2e-11f0-9443-6e001b3eef54,Toxicity,74,148,2272.659668|3.000000,0.04121804237365723,3.0,1858.024780|3.000000,2272.659668|3.000000,1858.024780|3.000000,3,22272159744.000000,2300.621826|3.000000,5
MOGP_GENERATIONAL,4b85397a-ec2e-11f0-9443-6e001b3eef54,Toxicity,74,149,2272.659668|3.000000,0.055642127990722656,3.0,1858.024780|3.000000,2272.659668|3.000000,1858.024780|3.000000,3,38888820736.000000,2300.621826|3.000000,5
MOGP_GENERATIONAL,4b85397a-ec2e-11f0-9443-6e001b3eef54,Toxicity,74,150,2272.659668|3.000000,0.05584406852722168,3.0,1858.024780|3.000000,2272.659668|3.000000,1858.024780|3.000000,3,26515306496.000000,2300.621826|3.000000,5
MOGP_GENERATIONAL,4b85397a-ec2e-11f0-9443-6e001b3eef54,Toxicity,74,151,2272.659668|3.000000,0.04190778732299805,3.0,1858.024780|3.000000,2272.659668|3.000000,1858.024780|3.000000,3,19559960576.000000,2300.621826|3.000000,5
MOGP_GENERATIONAL,4b85397a-ec2e-11f0-9443-6e001b3eef54,Toxicity,74,152,2272.659668|3.000000,0.054608821868896484,3.0,1858.024780|3.000000,2272.659668|3.000000,1858.024780|3.000000,3,62694617088.000000,2300.621826|3.000000,5
MOGP_GENERATIONAL,4b85397a-ec2e-11f0-9443-6e001b3eef54,Toxicity,74,153,2272.659668|3.000000,0.03968000411987305,3.0,1858.024780|3.000000,2272.659668|3.000000,1858.024780|3.000000,3,63527796736.000000,2300.621826|3.000000,5
MOGP_GENERATIONAL,4b85397a-ec2e-11f0-9443-6e001b3eef54,Toxicity,74,154,2272.659668|3.000000,0.048085927963256836,3.0,1858.024780|3.000000,2272.659668|3.000000,1858.024780|3.000000,3,59915374592.000000,2300.621826|3.000000,5
MOGP_GENERATIONAL,4b85397a-ec2e-11f0-9443-6e001b3eef54,Toxicity,74,155,2272.659668|3.000000,0.039936065673828125,3.0,1858.024780|3.000000,2272.659668|3.000000,1858.024780|3.000000,3,86012141568.000000,2300.621826|3.000000,5
MOGP_GENERATIONAL,4b85397a-ec2e-11f0-9443-6e001b3eef54,Toxicity,74,156,2272.659668|3.000000,0.040678977966308594,3.0,1858.024780|3.000000,2272.659668|3.000000,1858.024780|3.000000,3,52990480384.000000,2300.621826|3.000000,5
MOGP_GENERATIONAL,4b85397a-ec2e-11f0-9443-6e001b3eef54,Toxicity,74,157,2272.659668|3.000000,0.040387868881225586,3.0,1858.024780|3.000000,2272.659668|3.000000,1858.024780|3.000000,3,46775824384.000000,2300.621826|3.000000,5
MOGP_GENERATIONAL,4b85397a-ec2e-11f0-9443-6e001b3eef54,Toxicity,74,158,2272.659668|3.000000,0.04061412811279297,3.0,1858.024780|3.000000,2272.659668|3.000000,1858.024780|3.000000,3,136438.687500,2300.621826|3.000000,5
MOGP_GENERATIONAL,4b85397a-ec2e-11f0-9443-6e001b3eef54,Toxicity,74,159,2272.659668|3.000000,0.040437936782836914,3.0,1858.024780|3.000000,2272.659668|3.000000,1858.024780|3.000000,3,68167598080.000000,2300.621826|3.000000,5
MOGP_GENERATIONAL,4b85397a-ec2e-11f0-9443-6e001b3eef54,Toxicity,74,160,2272.659668|3.000000,0.042067766189575195,3.0,1858.024780|3.000000,2272.659668|3.000000,1858.024780|3.000000,3,49784045568.000000,2300.621826|3.000000,5
MOGP_GENERATIONAL,4b85397a-ec2e-11f0-9443-6e001b3eef54,Toxicity,74,161,2272.659668|3.000000,0.04007911682128906,3.0,1858.024780|3.000000,2272.659668|3.000000,1858.024780|3.000000,3,21800984.000000,2300.621826|3.000000,5
MOGP_GENERATIONAL,4b85397a-ec2e-11f0-9443-6e001b3eef54,Toxicity,74,162,2272.659668|3.000000,0.04435086250305176,3.0,1858.024780|3.000000,2272.659668|3.000000,1858.024780|3.000000,3,70281289728.000000,2300.621826|3.000000,5
MOGP_GENERATIONAL,4b85397a-ec2e-11f0-9443-6e001b3eef54,Toxicity,74,163,2272.659668|3.000000,0.04074692726135254,3.0,1858.024780|3.000000,2272.659668|3.000000,1858.024780|3.000000,3,52719935488.000000,2300.621826|3.000000,5
MOGP_GENERATIONAL,4b85397a-ec2e-11f0-9443-6e001b3eef54,Toxicity,74,164,2272.659668|3.000000,0.03971719741821289,3.0,1858.024780|3.000000,2272.659668|3.000000,1858.024780|3.000000,3,49937473536.000000,2300.621826|3.000000,5
MOGP_GENERATIONAL,4b85397a-ec2e-11f0-9443-6e001b3eef54,Toxicity,74,165,2272.659668|3.000000,0.03859567642211914,3.0,1858.024780|3.000000,2272.659668|3.000000,1858.024780|3.000000,3,21305.667969,2300.621826|3.000000,5
MOGP_GENERATIONAL,4b85397a-ec2e-11f0-9443-6e001b3eef54,Toxicity,74,166,2272.659668|3.000000,0.04163098335266113,3.0,1858.024780|3.000000,2272.659668|3.000000,1858.024780|3.000000,3,46134538240.000000,2300.621826|3.000000,5
MOGP_GENERATIONAL,4b85397a-ec2e-11f0-9443-6e001b3eef54,Toxicity,74,167,2272.659668|3.000000,0.03995394706726074,3.0,1858.024780|3.000000,2272.659668|3.000000,1858.024780|3.000000,3,44958437376.000000,2300.621826|3.000000,5
MOGP_GENERATIONAL,4b85397a-ec2e-11f0-9443-6e001b3eef54,Toxicity,74,168,2272.659668|3.000000,0.04478096961975098,3.0,1858.024780|3.000000,2272.659668|3.000000,1858.024780|3.000000,3,102298886144.000000,2300.621826|3.000000,5
MOGP_GENERATIONAL,4b85397a-ec2e-11f0-9443-6e001b3eef54,Toxicity,74,169,2272.659668|3.000000,0.04118013381958008,3.0,1858.024780|3.000000,2272.659668|3.000000,1858.024780|3.000000,3,17036311552.000000,2300.621826|3.000000,5
MOGP_GENERATIONAL,4b85397a-ec2e-11f0-9443-6e001b3eef54,Toxicity,74,170,2272.659668|3.000000,0.04083514213562012,3.0,1858.024780|3.000000,2272.659668|3.000000,1858.024780|3.000000,3,54007644160.000000,2300.621826|3.000000,5
MOGP_GENERATIONAL,4b85397a-ec2e-11f0-9443-6e001b3eef54,Toxicity,74,171,2272.659668|3.000000,0.039114952087402344,3.0,1858.024780|3.000000,2272.659668|3.000000,1858.024780|3.000000,3,51112521728.000000,2300.621826|3.000000,5
MOGP_GENERATIONAL,4b85397a-ec2e-11f0-9443-6e001b3eef54,Toxicity,74,172,2272.659668|3.000000,0.04029369354248047,3.0,1858.024780|3.000000,2272.659668|3.000000,1858.024780|3.000000,3,4092046592.000000,2300.621826|3.000000,5
MOGP_GENERATIONAL,4b85397a-ec2e-11f0-9443-6e001b3eef54,Toxicity,74,173,2272.659668|3.000000,0.03834891319274902,3.0,1858.024780|3.000000,2272.659668|3.000000,1858.024780|3.000000,3,29782472704.000000,2300.621826|3.000000,5
MOGP_GENERATIONAL,4b85397a-ec2e-11f0-9443-6e001b3eef54,Toxicity,74,174,2272.659668|3.000000,0.13167381286621094,3.0,1858.024780|3.000000,2272.659668|3.000000,1858.024780|3.000000,3,35245236224.000000,2300.621826|3.000000,5
MOGP_GENERATIONAL,4b85397a-ec2e-11f0-9443-6e001b3eef54,Toxicity,74,175,2272.659668|3.000000,0.04115891456604004,3.0,1858.024780|3.000000,2272.659668|3.000000,1858.024780|3.000000,3,15655825408.000000,2300.621826|3.000000,5
MOGP_GENERATIONAL,4b85397a-ec2e-11f0-9443-6e001b3eef54,Toxicity,74,176,2272.659668|3.000000,0.03819894790649414,3.0,1858.024780|3.000000,2253.633789|7.000000,1942.974243|7.000000,7,63523422208.000000,2300.621826|3.000000,5
MOGP_GENERATIONAL,4b85397a-ec2e-11f0-9443-6e001b3eef54,Toxicity,74,177,2272.659668|3.000000,0.040325164794921875,3.0,1858.024780|3.000000,2272.659668|3.000000,1858.024780|3.000000,3,106004.046875,2300.621826|3.000000,5
MOGP_GENERATIONAL,4b85397a-ec2e-11f0-9443-6e001b3eef54,Toxicity,74,178,2272.659668|3.000000,0.03950071334838867,3.0,1858.024780|3.000000,2272.659668|3.000000,1858.024780|3.000000,3,49188597760.000000,2300.621826|3.000000,5
MOGP_GENERATIONAL,4b85397a-ec2e-11f0-9443-6e001b3eef54,Toxicity,74,179,2272.659668|3.000000,0.039997100830078125,3.0,1858.024780|3.000000,2272.659668|3.000000,1858.024780|3.000000,3,45990469632.000000,2300.621826|3.000000,5
MOGP_GENERATIONAL,4b85397a-ec2e-11f0-9443-6e001b3eef54,Toxicity,74,180,2272.659668|3.000000,0.04029583930969238,3.0,1858.024780|3.000000,2272.659668|3.000000,1858.024780|3.000000,3,63752581120.000000,2300.621826|3.000000,5
MOGP_GENERATIONAL,4b85397a-ec2e-11f0-9443-6e001b3eef54,Toxicity,74,181,2272.659668|3.000000,0.03908395767211914,3.0,1858.024780|3.000000,2272.659668|3.000000,1858.024780|3.000000,3,18731.792969,2300.621826|3.000000,5
MOGP_GENERATIONAL,4b85397a-ec2e-11f0-9443-6e001b3eef54,Toxicity,74,182,2272.659668|3.000000,0.04149317741394043,3.0,1858.024780|3.000000,2272.659668|3.000000,1858.024780|3.000000,3,49462747136.000000,2300.621826|3.000000,5
MOGP_GENERATIONAL,4b85397a-ec2e-11f0-9443-6e001b3eef54,Toxicity,74,183,2272.659668|3.000000,0.040660858154296875,3.0,1858.024780|3.000000,2272.659668|3.000000,1858.024780|3.000000,3,49623891968.000000,2300.621826|3.000000,5
MOGP_GENERATIONAL,4b85397a-ec2e-11f0-9443-6e001b3eef54,Toxicity,74,184,2272.659668|3.000000,0.03939008712768555,3.0,1858.024780|3.000000,2272.659668|3.000000,1858.024780|3.000000,3,26013382656.000000,2300.621826|3.000000,5
MOGP_GENERATIONAL,4b85397a-ec2e-11f0-9443-6e001b3eef54,Toxicity,74,185,2272.659668|3.000000,0.04115009307861328,3.0,1858.024780|3.000000,2272.659668|3.000000,1858.024780|3.000000,3,35419217920.000000,2300.621826|3.000000,5
MOGP_GENERATIONAL,4b85397a-ec2e-11f0-9443-6e001b3eef54,Toxicity,74,186,2272.659668|3.000000,0.05242300033569336,3.0,1858.024780|3.000000,2272.659668|3.000000,1858.024780|3.000000,3,49630052352.000000,2300.621826|3.000000,5
MOGP_GENERATIONAL,4b85397a-ec2e-11f0-9443-6e001b3eef54,Toxicity,74,187,2272.659668|3.000000,0.041146039962768555,3.0,1858.024780|3.000000,2272.659668|3.000000,1858.024780|3.000000,3,53782757376.000000,2300.621826|3.000000,5
MOGP_GENERATIONAL,4b85397a-ec2e-11f0-9443-6e001b3eef54,Toxicity,74,188,2272.659668|3.000000,0.040396928787231445,3.0,1858.024780|3.000000,2272.659668|3.000000,1858.024780|3.000000,3,49940684800.000000,2300.621826|3.000000,5
MOGP_GENERATIONAL,4b85397a-ec2e-11f0-9443-6e001b3eef54,Toxicity,74,189,2272.659668|3.000000,0.04054617881774902,3.0,1858.024780|3.000000,2272.659668|3.000000,1858.024780|3.000000,3,7228187648.000000,2300.621826|3.000000,5
MOGP_GENERATIONAL,4b85397a-ec2e-11f0-9443-6e001b3eef54,Toxicity,74,190,2272.659668|3.000000,0.05086112022399902,3.0,1858.024780|3.000000,2114.265625|7.000000,1806.667603|7.000000,7,51072106496.000000,2300.621826|3.000000,5
MOGP_GENERATIONAL,4b85397a-ec2e-11f0-9443-6e001b3eef54,Toxicity,74,191,2272.659668|3.000000,0.042459964752197266,3.0,1858.024780|3.000000,2272.659668|3.000000,1858.024780|3.000000,3,39026266112.000000,2300.621826|3.000000,5
MOGP_GENERATIONAL,4b85397a-ec2e-11f0-9443-6e001b3eef54,Toxicity,74,192,2272.659668|3.000000,0.04083991050720215,3.0,1858.024780|3.000000,2272.659668|3.000000,1858.024780|3.000000,3,38917865472.000000,2300.621826|3.000000,5
MOGP_GENERATIONAL,4b85397a-ec2e-11f0-9443-6e001b3eef54,Toxicity,74,193,2272.659668|3.000000,0.05333399772644043,3.0,1858.024780|3.000000,2272.659668|3.000000,1858.024780|3.000000,3,13052302336.000000,2300.621826|3.000000,5
MOGP_GENERATIONAL,4b85397a-ec2e-11f0-9443-6e001b3eef54,Toxicity,74,194,2272.659668|3.000000,0.040071964263916016,3.0,1858.024780|3.000000,2272.659668|3.000000,1858.024780|3.000000,3,67322691584.000000,2300.621826|3.000000,5
MOGP_GENERATIONAL,4b85397a-ec2e-11f0-9443-6e001b3eef54,Toxicity,74,195,2272.659668|3.000000,0.04053997993469238,3.0,1858.024780|3.000000,2272.659668|3.000000,1858.024780|3.000000,3,46625689600.000000,2300.621826|3.000000,5
MOGP_GENERATIONAL,4b85397a-ec2e-11f0-9443-6e001b3eef54,Toxicity,74,196,2272.659668|3.000000,0.040788888931274414,3.0,1858.024780|3.000000,2272.659668|3.000000,1858.024780|3.000000,3,69946081280.000000,2300.621826|3.000000,5
MOGP_GENERATIONAL,4b85397a-ec2e-11f0-9443-6e001b3eef54,Toxicity,74,197,2272.659668|3.000000,0.04208874702453613,3.0,1858.024780|3.000000,2272.659668|3.000000,1858.024780|3.000000,3,58572636160.000000,2300.621826|3.000000,5
MOGP_GENERATIONAL,4b85397a-ec2e-11f0-9443-6e001b3eef54,Toxicity,74,198,2272.659668|3.000000,0.04126596450805664,3.0,1858.024780|3.000000,2239.498291|7.000000,1812.223999|7.000000,7,50375544832.000000,2300.621826|3.000000,5
MOGP_GENERATIONAL,4b85397a-ec2e-11f0-9443-6e001b3eef54,Toxicity,74,199,2272.659668|3.000000,0.05448579788208008,3.0,1858.024780|3.000000,2272.659668|3.000000,1858.024780|3.000000,3,64563142656.000000,2300.621826|3.000000,5
MOGP_GENERATIONAL,4b85397a-ec2e-11f0-9443-6e001b3eef54,Toxicity,74,200,2272.659668|3.000000,0.0602419376373291,3.0,1858.024780|3.000000,2272.659668|3.000000,1858.024780|3.000000,3,99979599872.000000,2300.621826|3.000000,5
MOGP_GENERATIONAL,4b85397a-ec2e-11f0-9443-6e001b3eef54,Toxicity,74,201,2272.659668|3.000000,0.04961681365966797,3.0,1858.024780|3.000000,2272.659668|3.000000,1858.024780|3.000000,3,44619755520.000000,2300.621826|3.000000,5
MOGP_GENERATIONAL,4b85397a-ec2e-11f0-9443-6e001b3eef54,Toxicity,74,202,2272.659668|3.000000,0.0417180061340332,3.0,1858.024780|3.000000,2272.659668|3.000000,1858.024780|3.000000,3,15208760320.000000,2300.621826|3.000000,5
MOGP_GENERATIONAL,4b85397a-ec2e-11f0-9443-6e001b3eef54,Toxicity,74,203,2272.659668|3.000000,0.051303863525390625,3.0,1858.024780|3.000000,2272.659668|3.000000,1858.024780|3.000000,3,15215.734375,2300.621826|3.000000,5
MOGP_GENERATIONAL,4b85397a-ec2e-11f0-9443-6e001b3eef54,Toxicity,74,204,2272.659668|3.000000,0.052664756774902344,3.0,1858.024780|3.000000,2272.659668|3.000000,1858.024780|3.000000,3,49784045568.000000,2300.621826|3.000000,5
MOGP_GENERATIONAL,4b85397a-ec2e-11f0-9443-6e001b3eef54,Toxicity,74,205,2272.659668|3.000000,0.04030799865722656,3.0,1858.024780|3.000000,2272.659668|3.000000,1858.024780|3.000000,3,17381690.000000,2300.621826|3.000000,5
MOGP_GENERATIONAL,4b85397a-ec2e-11f0-9443-6e001b3eef54,Toxicity,74,206,2272.659668|3.000000,0.04148602485656738,3.0,1858.024780|3.000000,2272.659668|3.000000,1858.024780|3.000000,3,22992168960.000000,2300.621826|3.000000,5
MOGP_GENERATIONAL,4b85397a-ec2e-11f0-9443-6e001b3eef54,Toxicity,74,207,2272.659668|3.000000,0.04054713249206543,3.0,1858.024780|3.000000,2272.659668|3.000000,1858.024780|3.000000,3,49265467392.000000,2300.621826|3.000000,5
MOGP_GENERATIONAL,4b85397a-ec2e-11f0-9443-6e001b3eef54,Toxicity,74,208,2272.659668|3.000000,0.03995513916015625,3.0,1858.024780|3.000000,2272.659668|3.000000,1858.024780|3.000000,3,55447810048.000000,2300.621826|3.000000,5
MOGP_GENERATIONAL,4b85397a-ec2e-11f0-9443-6e001b3eef54,Toxicity,74,209,2272.659668|3.000000,0.04124593734741211,3.0,1858.024780|3.000000,2272.659668|3.000000,1858.024780|3.000000,3,75285733376.000000,2300.621826|3.000000,5
MOGP_GENERATIONAL,4b85397a-ec2e-11f0-9443-6e001b3eef54,Toxicity,74,210,2272.659668|3.000000,0.051618099212646484,3.0,1858.024780|3.000000,2272.659668|3.000000,1858.024780|3.000000,3,89768435712.000000,2300.621826|3.000000,5
MOGP_GENERATIONAL,4b85397a-ec2e-11f0-9443-6e001b3eef54,Toxicity,74,211,2272.659668|3.000000,0.04039502143859863,3.0,1858.024780|3.000000,2272.659668|3.000000,1858.024780|3.000000,3,47835140096.000000,2300.621826|3.000000,5
MOGP_GENERATIONAL,4b85397a-ec2e-11f0-9443-6e001b3eef54,Toxicity,74,212,2272.659668|3.000000,0.043105125427246094,3.0,1858.024780|3.000000,2272.659668|3.000000,1858.024780|3.000000,3,43128430592.000000,2300.621826|3.000000,5
MOGP_GENERATIONAL,4b85397a-ec2e-11f0-9443-6e001b3eef54,Toxicity,74,213,2272.659668|3.000000,0.05329012870788574,3.0,1858.024780|3.000000,2272.659668|3.000000,1858.024780|3.000000,3,19513577472.000000,2300.621826|3.000000,5
MOGP_GENERATIONAL,4b85397a-ec2e-11f0-9443-6e001b3eef54,Toxicity,74,214,2272.659668|3.000000,0.056369781494140625,3.0,1858.024780|3.000000,2272.659668|3.000000,1858.024780|3.000000,3,11367098368.000000,2300.621826|3.000000,5
MOGP_GENERATIONAL,4b85397a-ec2e-11f0-9443-6e001b3eef54,Toxicity,74,215,2272.659668|3.000000,0.04258584976196289,3.0,1858.024780|3.000000,2272.659668|3.000000,1858.024780|3.000000,3,70164340736.000000,2300.621826|3.000000,5
MOGP_GENERATIONAL,4b85397a-ec2e-11f0-9443-6e001b3eef54,Toxicity,74,216,2272.659668|3.000000,0.05436587333679199,3.0,1858.024780|3.000000,2272.659668|3.000000,1858.024780|3.000000,3,51532836864.000000,2300.621826|3.000000,5
MOGP_GENERATIONAL,4b85397a-ec2e-11f0-9443-6e001b3eef54,Toxicity,74,217,2272.659668|3.000000,0.039936065673828125,3.0,1858.024780|3.000000,2272.659668|3.000000,1858.024780|3.000000,3,22441023488.000000,2300.621826|3.000000,5
MOGP_GENERATIONAL,4b85397a-ec2e-11f0-9443-6e001b3eef54,Toxicity,74,218,2272.659668|3.000000,0.03822493553161621,3.0,1858.024780|3.000000,2272.659668|3.000000,1858.024780|3.000000,3,7822812672.000000,2300.621826|3.000000,5
MOGP_GENERATIONAL,4b85397a-ec2e-11f0-9443-6e001b3eef54,Toxicity,74,219,2272.659668|3.000000,0.03938412666320801,3.0,1858.024780|3.000000,2272.659668|3.000000,1858.024780|3.000000,3,66204934144.000000,2300.621826|3.000000,5
MOGP_GENERATIONAL,4b85397a-ec2e-11f0-9443-6e001b3eef54,Toxicity,74,220,2272.659668|3.000000,0.04059195518493652,3.0,1858.024780|3.000000,2272.659668|3.000000,1858.024780|3.000000,3,69393227776.000000,2300.621826|3.000000,5
MOGP_GENERATIONAL,4b85397a-ec2e-11f0-9443-6e001b3eef54,Toxicity,74,221,2272.659668|3.000000,0.0396120548248291,3.0,1858.024780|3.000000,2272.659668|3.000000,1858.024780|3.000000,3,15084.488281,2300.621826|3.000000,5
MOGP_GENERATIONAL,4b85397a-ec2e-11f0-9443-6e001b3eef54,Toxicity,74,222,2272.659668|3.000000,0.038990020751953125,3.0,1858.024780|3.000000,2137.898926|7.000000,1760.595581|7.000000,7,47937945600.000000,2300.621826|3.000000,5
MOGP_GENERATIONAL,4b85397a-ec2e-11f0-9443-6e001b3eef54,Toxicity,74,223,2272.659668|3.000000,0.054344892501831055,3.0,1858.024780|3.000000,2272.659668|3.000000,1858.024780|3.000000,3,39645671424.000000,2300.621826|3.000000,5
MOGP_GENERATIONAL,4b85397a-ec2e-11f0-9443-6e001b3eef54,Toxicity,74,224,2272.659668|3.000000,0.03928685188293457,3.0,1858.024780|3.000000,2272.659668|3.000000,1858.024780|3.000000,3,60649385984.000000,2300.621826|3.000000,5
MOGP_GENERATIONAL,4b85397a-ec2e-11f0-9443-6e001b3eef54,Toxicity,74,225,2272.659668|3.000000,0.05312204360961914,3.0,1858.024780|3.000000,2272.659668|3.000000,1858.024780|3.000000,3,27979884544.000000,2300.621826|3.000000,5
MOGP_GENERATIONAL,4b85397a-ec2e-11f0-9443-6e001b3eef54,Toxicity,74,226,2272.659668|3.000000,0.04031991958618164,3.0,1858.024780|3.000000,2272.659668|3.000000,1858.024780|3.000000,3,59665268736.000000,2300.621826|3.000000,5
MOGP_GENERATIONAL,4b85397a-ec2e-11f0-9443-6e001b3eef54,Toxicity,74,227,2272.659668|3.000000,0.03909611701965332,3.0,1858.024780|3.000000,2272.659668|3.000000,1858.024780|3.000000,3,7425121280.000000,2300.621826|3.000000,5
MOGP_GENERATIONAL,4b85397a-ec2e-11f0-9443-6e001b3eef54,Toxicity,74,228,2272.659668|3.000000,0.0406956672668457,3.0,1858.024780|3.000000,2272.659668|3.000000,1858.024780|3.000000,3,578994.937500,2300.621826|3.000000,5
MOGP_GENERATIONAL,4b85397a-ec2e-11f0-9443-6e001b3eef54,Toxicity,74,229,2272.659668|3.000000,0.05164504051208496,3.0,1858.024780|3.000000,2272.659668|3.000000,1858.024780|3.000000,3,5532103680.000000,2300.621826|3.000000,5
MOGP_GENERATIONAL,4b85397a-ec2e-11f0-9443-6e001b3eef54,Toxicity,74,230,2272.659668|3.000000,0.04001784324645996,3.0,1858.024780|3.000000,2272.659668|3.000000,1858.024780|3.000000,3,16457446400.000000,2300.621826|3.000000,5
MOGP_GENERATIONAL,4b85397a-ec2e-11f0-9443-6e001b3eef54,Toxicity,74,231,2272.659668|3.000000,0.05179190635681152,3.0,1858.024780|3.000000,2272.659668|3.000000,1858.024780|3.000000,3,76860391424.000000,2300.621826|3.000000,5
MOGP_GENERATIONAL,4b85397a-ec2e-11f0-9443-6e001b3eef54,Toxicity,74,232,2272.659668|3.000000,0.057521820068359375,3.0,1858.024780|3.000000,2272.659668|3.000000,1858.024780|3.000000,3,38040502272.000000,2300.621826|3.000000,5
MOGP_GENERATIONAL,4b85397a-ec2e-11f0-9443-6e001b3eef54,Toxicity,74,233,2272.659668|3.000000,0.03949284553527832,3.0,1858.024780|3.000000,2272.659668|3.000000,1858.024780|3.000000,3,49553956864.000000,2300.621826|3.000000,5
MOGP_GENERATIONAL,4b85397a-ec2e-11f0-9443-6e001b3eef54,Toxicity,74,234,2272.659668|3.000000,0.05748105049133301,3.0,1858.024780|3.000000,2272.659668|3.000000,1858.024780|3.000000,3,1384220.625000,2300.621826|3.000000,5
MOGP_GENERATIONAL,4b85397a-ec2e-11f0-9443-6e001b3eef54,Toxicity,74,235,2272.659668|3.000000,0.04982328414916992,3.0,1858.024780|3.000000,2272.659668|3.000000,1858.024780|3.000000,3,56164528128.000000,2300.621826|3.000000,5
MOGP_GENERATIONAL,4b85397a-ec2e-11f0-9443-6e001b3eef54,Toxicity,74,236,2272.659668|3.000000,0.0404667854309082,3.0,1858.024780|3.000000,2272.659668|3.000000,1858.024780|3.000000,3,33295349760.000000,2300.621826|3.000000,5
MOGP_GENERATIONAL,4b85397a-ec2e-11f0-9443-6e001b3eef54,Toxicity,74,237,2272.659668|3.000000,0.03947186470031738,3.0,1858.024780|3.000000,2272.659668|3.000000,1858.024780|3.000000,3,50979717120.000000,2300.621826|3.000000,5
MOGP_GENERATIONAL,4b85397a-ec2e-11f0-9443-6e001b3eef54,Toxicity,74,238,2272.659668|3.000000,0.043276071548461914,3.0,1858.024780|3.000000,2272.659668|3.000000,1858.024780|3.000000,3,24111439872.000000,2300.621826|3.000000,5
MOGP_GENERATIONAL,4b85397a-ec2e-11f0-9443-6e001b3eef54,Toxicity,74,239,2272.659668|3.000000,0.051863908767700195,3.0,1858.024780|3.000000,2272.659668|3.000000,1858.024780|3.000000,3,69826437120.000000,2300.621826|3.000000,5
MOGP_GENERATIONAL,4b85397a-ec2e-11f0-9443-6e001b3eef54,Toxicity,74,240,2272.659668|3.000000,0.051843881607055664,3.0,1858.024780|3.000000,2272.659668|3.000000,1858.024780|3.000000,3,46115061760.000000,2300.621826|3.000000,5
MOGP_GENERATIONAL,4b85397a-ec2e-11f0-9443-6e001b3eef54,Toxicity,74,241,2272.659668|3.000000,0.05079293251037598,3.0,1858.024780|3.000000,2272.659668|3.000000,1858.024780|3.000000,3,55674851328.000000,2300.621826|3.000000,5
MOGP_GENERATIONAL,4b85397a-ec2e-11f0-9443-6e001b3eef54,Toxicity,74,242,2272.659668|3.000000,0.041092872619628906,3.0,1858.024780|3.000000,2272.659668|3.000000,1858.024780|3.000000,3,27907022848.000000,2300.621826|3.000000,5
MOGP_GENERATIONAL,4b85397a-ec2e-11f0-9443-6e001b3eef54,Toxicity,74,243,2272.659668|3.000000,0.019927978515625,3.0,1858.024780|3.000000,2272.659668|3.000000,1858.024780|3.000000,3,81087873024.000000,2300.621826|3.000000,5
MOGP_GENERATIONAL,4b85397a-ec2e-11f0-9443-6e001b3eef54,Toxicity,74,244,2272.659668|3.000000,0.03814816474914551,3.0,1858.024780|3.000000,2272.659668|3.000000,1858.024780|3.000000,3,48771604480.000000,2300.621826|3.000000,5
MOGP_GENERATIONAL,4b85397a-ec2e-11f0-9443-6e001b3eef54,Toxicity,74,245,2272.659668|3.000000,0.057402849197387695,3.0,1858.024780|3.000000,2272.659668|3.000000,1858.024780|3.000000,3,27099000832.000000,2300.621826|3.000000,5
MOGP_GENERATIONAL,4b85397a-ec2e-11f0-9443-6e001b3eef54,Toxicity,74,246,2272.659668|3.000000,0.041166067123413086,3.0,1858.024780|3.000000,2272.659668|3.000000,1858.024780|3.000000,3,75280850944.000000,2300.621826|3.000000,5
MOGP_GENERATIONAL,4b85397a-ec2e-11f0-9443-6e001b3eef54,Toxicity,74,247,2272.659668|3.000000,0.037698984146118164,3.0,1858.024780|3.000000,2272.659668|3.000000,1858.024780|3.000000,3,405246.593750,2300.621826|3.000000,5
MOGP_GENERATIONAL,4b85397a-ec2e-11f0-9443-6e001b3eef54,Toxicity,74,248,2272.659668|3.000000,0.04349803924560547,3.0,1858.024780|3.000000,2272.659668|3.000000,1858.024780|3.000000,3,14063898624.000000,2300.621826|3.000000,5
MOGP_GENERATIONAL,4b85397a-ec2e-11f0-9443-6e001b3eef54,Toxicity,74,249,2272.659668|3.000000,0.041005611419677734,3.0,1858.024780|3.000000,2272.659668|3.000000,1858.024780|3.000000,3,6799384576.000000,2300.621826|3.000000,5
MOGP_GENERATIONAL,4b85397a-ec2e-11f0-9443-6e001b3eef54,Toxicity,74,250,2272.659668|3.000000,0.038485050201416016,3.0,1858.024780|3.000000,2272.659668|3.000000,1858.024780|3.000000,3,52001529856.000000,2300.621826|3.000000,5
