MOGP_NSGAII,7d88c426-e99c-11f0-97f1-6e001b3eef54,Cooling,74,0,9.540829|3.000000,0.8349452018737793,3.0,9.488972|3.000000,9.488972|3.000000,3,244781563904.000000,N/A,5
MOGP_NSGAII,7d88c426-e99c-11f0-97f1-6e001b3eef54,Cooling,74,1,4.633979|3.000000,3.386676073074341,3.0,4.337965|3.000000,4.337965|3.000000,3,3.965498,N/A,5
MOGP_NSGAII,7d88c426-e99c-11f0-97f1-6e001b3eef54,Cooling,74,2,4.633979|3.000000,3.24649715423584,3.0,4.337965|3.000000,4.337965|3.000000,3,4.228714,N/A,5
MOGP_NSGAII,7d88c426-e99c-11f0-97f1-6e001b3eef54,Cooling,74,3,4.633979|3.000000,3.265673875808716,3.0,4.337965|3.000000,4.337965|3.000000,3,3.753995,N/A,5
MOGP_NSGAII,7d88c426-e99c-11f0-97f1-6e001b3eef54,Cooling,74,4,4.633979|3.000000,3.355825185775757,3.0,4.337965|3.000000,4.337965|3.000000,3,3.161199,N/A,5
MOGP_NSGAII,7d88c426-e99c-11f0-97f1-6e001b3eef54,Cooling,74,5,4.633979|3.000000,3.322273015975952,3.0,4.337965|3.000000,4.337965|3.000000,3,2.721371,N/A,5
MOGP_NSGAII,7d88c426-e99c-11f0-97f1-6e001b3eef54,Cooling,74,6,4.633979|3.000000,3.3934037685394287,3.0,4.337965|3.000000,4.337965|3.000000,3,2.339148,N/A,5
MOGP_NSGAII,7d88c426-e99c-11f0-97f1-6e001b3eef54,Cooling,74,7,4.633979|3.000000,3.4843599796295166,3.0,4.337965|3.000000,4.337965|3.000000,3,2.287474,N/A,5
MOGP_NSGAII,7d88c426-e99c-11f0-97f1-6e001b3eef54,Cooling,74,8,4.633979|3.000000,3.86224102973938,3.0,4.337965|3.000000,4.337965|3.000000,3,1.587881,N/A,5
MOGP_NSGAII,7d88c426-e99c-11f0-97f1-6e001b3eef54,Cooling,74,9,4.633979|3.000000,4.421885967254639,3.0,4.337965|3.000000,4.337965|3.000000,3,0.000000,N/A,5
MOGP_NSGAII,7d88c426-e99c-11f0-97f1-6e001b3eef54,Cooling,74,10,4.633979|3.000000,5.4428019523620605,3.0,4.337965|3.000000,4.337965|3.000000,3,0.000000,N/A,5
MOGP_NSGAII,7d88c426-e99c-11f0-97f1-6e001b3eef54,Cooling,74,11,4.633979|3.000000,5.303551912307739,3.0,4.337965|3.000000,4.337965|3.000000,3,0.000000,N/A,5
MOGP_NSGAII,7d88c426-e99c-11f0-97f1-6e001b3eef54,Cooling,74,12,4.633979|3.000000,5.28790283203125,3.0,4.337965|3.000000,4.329657|9.000000,9,0.000315,N/A,5
MOGP_NSGAII,7d88c426-e99c-11f0-97f1-6e001b3eef54,Cooling,74,13,4.633979|3.000000,5.205082893371582,3.0,4.337965|3.000000,4.329657|9.000000,9,0.000315,N/A,5
MOGP_NSGAII,7d88c426-e99c-11f0-97f1-6e001b3eef54,Cooling,74,14,4.633979|3.000000,5.270163059234619,3.0,4.337965|3.000000,4.329657|9.000000,9,0.000315,N/A,5
MOGP_NSGAII,7d88c426-e99c-11f0-97f1-6e001b3eef54,Cooling,74,15,4.633979|3.000000,5.222245216369629,3.0,4.337965|3.000000,4.329657|9.000000,9,0.000315,N/A,5
MOGP_NSGAII,7d88c426-e99c-11f0-97f1-6e001b3eef54,Cooling,74,16,4.633979|3.000000,5.348914861679077,3.0,4.337965|3.000000,4.329657|9.000000,9,0.000315,N/A,5
MOGP_NSGAII,7d88c426-e99c-11f0-97f1-6e001b3eef54,Cooling,74,17,4.633979|3.000000,5.298043966293335,3.0,4.337965|3.000000,4.329657|9.000000,9,0.000315,N/A,5
MOGP_NSGAII,7d88c426-e99c-11f0-97f1-6e001b3eef54,Cooling,74,18,4.633979|3.000000,5.354351043701172,3.0,4.337965|3.000000,4.329657|9.000000,9,0.000315,N/A,5
MOGP_NSGAII,7d88c426-e99c-11f0-97f1-6e001b3eef54,Cooling,74,19,4.633979|3.000000,5.285133123397827,3.0,4.337965|3.000000,4.329657|9.000000,9,0.000315,N/A,5
MOGP_NSGAII,7d88c426-e99c-11f0-97f1-6e001b3eef54,Cooling,74,20,4.633979|3.000000,5.39904522895813,3.0,4.337965|3.000000,4.329657|9.000000,9,0.000315,N/A,5
MOGP_NSGAII,7d88c426-e99c-11f0-97f1-6e001b3eef54,Cooling,74,21,4.633979|3.000000,5.277909994125366,3.0,4.337965|3.000000,4.329657|9.000000,9,0.000315,N/A,5
MOGP_NSGAII,7d88c426-e99c-11f0-97f1-6e001b3eef54,Cooling,74,22,4.633979|3.000000,5.283715009689331,3.0,4.337965|3.000000,4.329657|9.000000,9,0.000315,N/A,5
MOGP_NSGAII,7d88c426-e99c-11f0-97f1-6e001b3eef54,Cooling,74,23,4.633979|3.000000,5.459719896316528,3.0,4.337965|3.000000,4.329657|9.000000,9,0.000315,N/A,5
MOGP_NSGAII,7d88c426-e99c-11f0-97f1-6e001b3eef54,Cooling,74,24,4.633979|3.000000,5.265696048736572,3.0,4.337965|3.000000,4.329657|9.000000,9,0.000315,N/A,5
MOGP_NSGAII,7d88c426-e99c-11f0-97f1-6e001b3eef54,Cooling,74,25,4.633979|3.000000,5.149914979934692,3.0,4.337965|3.000000,4.329657|9.000000,9,0.000315,N/A,5
MOGP_NSGAII,7d88c426-e99c-11f0-97f1-6e001b3eef54,Cooling,74,26,4.633979|3.000000,5.092173099517822,3.0,4.337965|3.000000,4.329657|9.000000,9,0.000315,N/A,5
MOGP_NSGAII,7d88c426-e99c-11f0-97f1-6e001b3eef54,Cooling,74,27,4.633979|3.000000,5.384987115859985,3.0,4.337965|3.000000,4.329657|9.000000,9,0.000315,N/A,5
MOGP_NSGAII,7d88c426-e99c-11f0-97f1-6e001b3eef54,Cooling,74,28,4.633979|3.000000,5.46017599105835,3.0,4.337965|3.000000,4.329657|9.000000,9,0.000315,N/A,5
MOGP_NSGAII,7d88c426-e99c-11f0-97f1-6e001b3eef54,Cooling,74,29,4.633979|3.000000,5.363352060317993,3.0,4.337965|3.000000,4.329657|9.000000,9,0.000315,N/A,5
MOGP_NSGAII,7d88c426-e99c-11f0-97f1-6e001b3eef54,Cooling,74,30,4.633979|3.000000,5.357240915298462,3.0,4.337965|3.000000,4.329657|9.000000,9,0.000315,N/A,5
MOGP_NSGAII,7d88c426-e99c-11f0-97f1-6e001b3eef54,Cooling,74,31,4.633979|3.000000,5.318108797073364,3.0,4.337965|3.000000,4.329657|9.000000,9,0.000315,N/A,5
MOGP_NSGAII,7d88c426-e99c-11f0-97f1-6e001b3eef54,Cooling,74,32,4.633979|3.000000,5.335651159286499,3.0,4.337965|3.000000,4.329657|9.000000,9,0.000315,N/A,5
MOGP_NSGAII,7d88c426-e99c-11f0-97f1-6e001b3eef54,Cooling,74,33,4.633979|3.000000,5.247816801071167,3.0,4.337965|3.000000,4.329657|9.000000,9,0.000315,N/A,5
MOGP_NSGAII,7d88c426-e99c-11f0-97f1-6e001b3eef54,Cooling,74,34,4.633979|3.000000,5.355041980743408,3.0,4.337965|3.000000,4.329657|9.000000,9,0.000315,N/A,5
MOGP_NSGAII,7d88c426-e99c-11f0-97f1-6e001b3eef54,Cooling,74,35,4.633979|3.000000,5.297934055328369,3.0,4.337965|3.000000,4.329657|9.000000,9,0.000315,N/A,5
MOGP_NSGAII,7d88c426-e99c-11f0-97f1-6e001b3eef54,Cooling,74,36,4.633979|3.000000,5.224692106246948,3.0,4.337965|3.000000,4.329657|9.000000,9,0.000315,N/A,5
MOGP_NSGAII,7d88c426-e99c-11f0-97f1-6e001b3eef54,Cooling,74,37,4.633979|3.000000,5.382384777069092,3.0,4.337965|3.000000,4.329657|9.000000,9,0.000315,N/A,5
MOGP_NSGAII,7d88c426-e99c-11f0-97f1-6e001b3eef54,Cooling,74,38,4.633979|3.000000,5.30938982963562,3.0,4.337965|3.000000,4.329657|9.000000,9,0.000315,N/A,5
MOGP_NSGAII,7d88c426-e99c-11f0-97f1-6e001b3eef54,Cooling,74,39,4.633979|3.000000,5.13640284538269,3.0,4.337965|3.000000,4.329657|9.000000,9,0.000315,N/A,5
MOGP_NSGAII,7d88c426-e99c-11f0-97f1-6e001b3eef54,Cooling,74,40,4.633979|3.000000,5.248660326004028,3.0,4.337965|3.000000,4.329657|9.000000,9,0.000315,N/A,5
MOGP_NSGAII,7d88c426-e99c-11f0-97f1-6e001b3eef54,Cooling,74,41,4.633979|3.000000,5.457316875457764,3.0,4.337965|3.000000,4.343221|7.000000,7,0.000917,N/A,5
MOGP_NSGAII,7d88c426-e99c-11f0-97f1-6e001b3eef54,Cooling,74,42,4.633979|3.000000,5.249574184417725,3.0,4.337965|3.000000,4.343221|7.000000,7,0.000917,N/A,5
MOGP_NSGAII,7d88c426-e99c-11f0-97f1-6e001b3eef54,Cooling,74,43,4.633979|3.000000,5.328559160232544,3.0,4.337965|3.000000,4.343221|7.000000,7,0.000917,N/A,5
MOGP_NSGAII,7d88c426-e99c-11f0-97f1-6e001b3eef54,Cooling,74,44,4.633979|3.000000,5.259711027145386,3.0,4.337965|3.000000,4.343221|7.000000,7,0.000917,N/A,5
MOGP_NSGAII,7d88c426-e99c-11f0-97f1-6e001b3eef54,Cooling,74,45,4.633979|3.000000,5.125626087188721,3.0,4.337965|3.000000,4.343221|7.000000,7,0.000917,N/A,5
MOGP_NSGAII,7d88c426-e99c-11f0-97f1-6e001b3eef54,Cooling,74,46,4.633979|3.000000,5.53611421585083,3.0,4.337965|3.000000,4.343221|7.000000,7,0.000917,N/A,5
MOGP_NSGAII,7d88c426-e99c-11f0-97f1-6e001b3eef54,Cooling,74,47,4.633979|3.000000,5.216531753540039,3.0,4.337965|3.000000,4.343221|7.000000,7,0.000917,N/A,5
MOGP_NSGAII,7d88c426-e99c-11f0-97f1-6e001b3eef54,Cooling,74,48,4.633979|3.000000,5.3401038646698,3.0,4.337965|3.000000,4.343221|7.000000,7,0.000917,N/A,5
MOGP_NSGAII,7d88c426-e99c-11f0-97f1-6e001b3eef54,Cooling,74,49,4.633979|3.000000,5.229063272476196,3.0,4.337965|3.000000,4.343221|7.000000,7,0.000917,N/A,5
MOGP_NSGAII,7d88c426-e99c-11f0-97f1-6e001b3eef54,Cooling,74,50,4.633979|3.000000,5.4895830154418945,3.0,4.337965|3.000000,4.343221|7.000000,7,0.000917,N/A,5
MOGP_NSGAII,7d88c426-e99c-11f0-97f1-6e001b3eef54,Cooling,74,51,4.633979|3.000000,5.410243988037109,3.0,4.337965|3.000000,4.343221|7.000000,7,0.000917,N/A,5
MOGP_NSGAII,7d88c426-e99c-11f0-97f1-6e001b3eef54,Cooling,74,52,4.633979|3.000000,5.348174095153809,3.0,4.337965|3.000000,4.343221|7.000000,7,0.000917,N/A,5
MOGP_NSGAII,7d88c426-e99c-11f0-97f1-6e001b3eef54,Cooling,74,53,4.633979|3.000000,5.215972900390625,3.0,4.337965|3.000000,4.343221|7.000000,7,0.000917,N/A,5
MOGP_NSGAII,7d88c426-e99c-11f0-97f1-6e001b3eef54,Cooling,74,54,4.633979|3.000000,5.127198934555054,3.0,4.337965|3.000000,4.343221|7.000000,7,0.000917,N/A,5
MOGP_NSGAII,7d88c426-e99c-11f0-97f1-6e001b3eef54,Cooling,74,55,4.633979|3.000000,5.372804880142212,3.0,4.337965|3.000000,4.343221|7.000000,7,0.000917,N/A,5
MOGP_NSGAII,7d88c426-e99c-11f0-97f1-6e001b3eef54,Cooling,74,56,4.633979|3.000000,5.170061826705933,3.0,4.337965|3.000000,4.343221|7.000000,7,0.000917,N/A,5
MOGP_NSGAII,7d88c426-e99c-11f0-97f1-6e001b3eef54,Cooling,74,57,4.633979|3.000000,5.153329133987427,3.0,4.337965|3.000000,4.343221|7.000000,7,0.000917,N/A,5
MOGP_NSGAII,7d88c426-e99c-11f0-97f1-6e001b3eef54,Cooling,74,58,4.633979|3.000000,5.283528804779053,3.0,4.337965|3.000000,4.343221|7.000000,7,0.000917,N/A,5
MOGP_NSGAII,7d88c426-e99c-11f0-97f1-6e001b3eef54,Cooling,74,59,4.633979|3.000000,5.308894157409668,3.0,4.337965|3.000000,4.343221|7.000000,7,0.000917,N/A,5
MOGP_NSGAII,7d88c426-e99c-11f0-97f1-6e001b3eef54,Cooling,74,60,4.633979|3.000000,5.400259971618652,3.0,4.337965|3.000000,4.343221|7.000000,7,0.000917,N/A,5
MOGP_NSGAII,7d88c426-e99c-11f0-97f1-6e001b3eef54,Cooling,74,61,4.633979|3.000000,5.187112808227539,3.0,4.337965|3.000000,4.343221|7.000000,7,0.000917,N/A,5
MOGP_NSGAII,7d88c426-e99c-11f0-97f1-6e001b3eef54,Cooling,74,62,4.633979|3.000000,5.121891975402832,3.0,4.337965|3.000000,4.343221|7.000000,7,0.000917,N/A,5
MOGP_NSGAII,7d88c426-e99c-11f0-97f1-6e001b3eef54,Cooling,74,63,4.633979|3.000000,5.2549309730529785,3.0,4.337965|3.000000,4.343221|7.000000,7,0.000917,N/A,5
MOGP_NSGAII,7d88c426-e99c-11f0-97f1-6e001b3eef54,Cooling,74,64,4.633979|3.000000,5.399828910827637,3.0,4.337965|3.000000,4.343221|7.000000,7,0.000917,N/A,5
MOGP_NSGAII,7d88c426-e99c-11f0-97f1-6e001b3eef54,Cooling,74,65,4.633979|3.000000,5.311662912368774,3.0,4.337965|3.000000,4.343221|7.000000,7,0.000917,N/A,5
MOGP_NSGAII,7d88c426-e99c-11f0-97f1-6e001b3eef54,Cooling,74,66,4.633979|3.000000,5.133758783340454,3.0,4.337965|3.000000,4.343221|7.000000,7,0.000917,N/A,5
MOGP_NSGAII,7d88c426-e99c-11f0-97f1-6e001b3eef54,Cooling,74,67,4.633979|3.000000,5.09929895401001,3.0,4.337965|3.000000,4.343221|7.000000,7,0.000917,N/A,5
MOGP_NSGAII,7d88c426-e99c-11f0-97f1-6e001b3eef54,Cooling,74,68,4.633979|3.000000,5.289308786392212,3.0,4.337965|3.000000,4.343221|7.000000,7,0.000917,N/A,5
MOGP_NSGAII,7d88c426-e99c-11f0-97f1-6e001b3eef54,Cooling,74,69,4.633979|3.000000,5.193392038345337,3.0,4.337965|3.000000,4.343221|7.000000,7,0.000917,N/A,5
MOGP_NSGAII,7d88c426-e99c-11f0-97f1-6e001b3eef54,Cooling,74,70,4.633979|3.000000,5.163747072219849,3.0,4.337965|3.000000,4.343221|7.000000,7,0.000917,N/A,5
MOGP_NSGAII,7d88c426-e99c-11f0-97f1-6e001b3eef54,Cooling,74,71,4.633979|3.000000,5.367693185806274,3.0,4.337965|3.000000,4.343221|7.000000,7,0.000917,N/A,5
MOGP_NSGAII,7d88c426-e99c-11f0-97f1-6e001b3eef54,Cooling,74,72,4.633979|3.000000,5.301342010498047,3.0,4.337965|3.000000,4.343221|7.000000,7,0.000917,N/A,5
MOGP_NSGAII,7d88c426-e99c-11f0-97f1-6e001b3eef54,Cooling,74,73,4.633979|3.000000,5.293511152267456,3.0,4.337965|3.000000,4.343221|7.000000,7,0.000917,N/A,5
MOGP_NSGAII,7d88c426-e99c-11f0-97f1-6e001b3eef54,Cooling,74,74,4.633979|3.000000,5.349010944366455,3.0,4.337965|3.000000,4.343221|7.000000,7,0.000917,N/A,5
MOGP_NSGAII,7d88c426-e99c-11f0-97f1-6e001b3eef54,Cooling,74,75,4.633979|3.000000,5.17122220993042,3.0,4.337965|3.000000,4.343221|7.000000,7,0.000917,N/A,5
MOGP_NSGAII,7d88c426-e99c-11f0-97f1-6e001b3eef54,Cooling,74,76,4.633979|3.000000,5.182114839553833,3.0,4.337965|3.000000,4.343221|7.000000,7,0.000917,N/A,5
MOGP_NSGAII,7d88c426-e99c-11f0-97f1-6e001b3eef54,Cooling,74,77,4.633979|3.000000,5.236967086791992,3.0,4.337965|3.000000,4.343221|7.000000,7,0.000917,N/A,5
MOGP_NSGAII,7d88c426-e99c-11f0-97f1-6e001b3eef54,Cooling,74,78,4.633979|3.000000,5.148944854736328,3.0,4.337965|3.000000,4.343221|7.000000,7,0.000917,N/A,5
MOGP_NSGAII,7d88c426-e99c-11f0-97f1-6e001b3eef54,Cooling,74,79,4.633979|3.000000,5.378903865814209,3.0,4.337965|3.000000,4.343221|7.000000,7,0.000917,N/A,5
MOGP_NSGAII,7d88c426-e99c-11f0-97f1-6e001b3eef54,Cooling,74,80,4.633979|3.000000,5.129232883453369,3.0,4.337965|3.000000,4.343221|7.000000,7,0.000917,N/A,5
MOGP_NSGAII,7d88c426-e99c-11f0-97f1-6e001b3eef54,Cooling,74,81,4.633979|3.000000,5.2810938358306885,3.0,4.337965|3.000000,4.343221|7.000000,7,0.000917,N/A,5
MOGP_NSGAII,7d88c426-e99c-11f0-97f1-6e001b3eef54,Cooling,74,82,4.633979|3.000000,5.281560659408569,3.0,4.337965|3.000000,4.343221|7.000000,7,0.000917,N/A,5
MOGP_NSGAII,7d88c426-e99c-11f0-97f1-6e001b3eef54,Cooling,74,83,4.633979|3.000000,5.4277260303497314,3.0,4.337965|3.000000,4.343221|7.000000,7,0.000917,N/A,5
MOGP_NSGAII,7d88c426-e99c-11f0-97f1-6e001b3eef54,Cooling,74,84,4.633979|3.000000,5.197623252868652,3.0,4.337965|3.000000,4.343221|7.000000,7,0.000917,N/A,5
MOGP_NSGAII,7d88c426-e99c-11f0-97f1-6e001b3eef54,Cooling,74,85,4.633979|3.000000,5.191352844238281,3.0,4.337965|3.000000,4.343221|7.000000,7,0.000917,N/A,5
MOGP_NSGAII,7d88c426-e99c-11f0-97f1-6e001b3eef54,Cooling,74,86,4.633979|3.000000,5.221208095550537,3.0,4.337965|3.000000,4.343221|7.000000,7,0.000917,N/A,5
MOGP_NSGAII,7d88c426-e99c-11f0-97f1-6e001b3eef54,Cooling,74,87,4.633979|3.000000,5.241811990737915,3.0,4.337965|3.000000,4.343221|7.000000,7,0.000917,N/A,5
MOGP_NSGAII,7d88c426-e99c-11f0-97f1-6e001b3eef54,Cooling,74,88,4.633979|3.000000,5.252727746963501,3.0,4.337965|3.000000,4.343221|7.000000,7,0.000917,N/A,5
MOGP_NSGAII,7d88c426-e99c-11f0-97f1-6e001b3eef54,Cooling,74,89,4.633979|3.000000,5.176620960235596,3.0,4.337965|3.000000,4.343221|7.000000,7,0.000917,N/A,5
MOGP_NSGAII,7d88c426-e99c-11f0-97f1-6e001b3eef54,Cooling,74,90,4.633979|3.000000,5.265025615692139,3.0,4.337965|3.000000,4.343221|7.000000,7,0.000917,N/A,5
MOGP_NSGAII,7d88c426-e99c-11f0-97f1-6e001b3eef54,Cooling,74,91,4.633979|3.000000,5.213758945465088,3.0,4.337965|3.000000,4.343221|7.000000,7,0.000917,N/A,5
MOGP_NSGAII,7d88c426-e99c-11f0-97f1-6e001b3eef54,Cooling,74,92,4.633979|3.000000,5.072919130325317,3.0,4.337965|3.000000,4.343221|7.000000,7,0.000917,N/A,5
MOGP_NSGAII,7d88c426-e99c-11f0-97f1-6e001b3eef54,Cooling,74,93,4.633979|3.000000,5.275194883346558,3.0,4.337965|3.000000,4.343221|7.000000,7,0.000917,N/A,5
MOGP_NSGAII,7d88c426-e99c-11f0-97f1-6e001b3eef54,Cooling,74,94,4.633979|3.000000,5.245402097702026,3.0,4.337965|3.000000,4.343221|7.000000,7,0.000917,N/A,5
MOGP_NSGAII,7d88c426-e99c-11f0-97f1-6e001b3eef54,Cooling,74,95,4.633979|3.000000,5.178866147994995,3.0,4.337965|3.000000,4.343221|7.000000,7,0.000917,N/A,5
MOGP_NSGAII,7d88c426-e99c-11f0-97f1-6e001b3eef54,Cooling,74,96,4.633979|3.000000,5.304776906967163,3.0,4.337965|3.000000,4.343221|7.000000,7,0.000917,N/A,5
MOGP_NSGAII,7d88c426-e99c-11f0-97f1-6e001b3eef54,Cooling,74,97,4.633979|3.000000,5.3538818359375,3.0,4.337965|3.000000,4.343221|7.000000,7,0.000917,N/A,5
MOGP_NSGAII,7d88c426-e99c-11f0-97f1-6e001b3eef54,Cooling,74,98,4.633979|3.000000,5.201027154922485,3.0,4.337965|3.000000,4.343221|7.000000,7,0.000917,N/A,5
MOGP_NSGAII,7d88c426-e99c-11f0-97f1-6e001b3eef54,Cooling,74,99,4.633979|3.000000,5.259176254272461,3.0,4.337965|3.000000,4.343221|7.000000,7,0.000917,N/A,5
MOGP_NSGAII,7d88c426-e99c-11f0-97f1-6e001b3eef54,Cooling,74,100,4.633979|3.000000,5.115647077560425,3.0,4.337965|3.000000,4.343221|7.000000,7,0.000917,N/A,5
MOGP_NSGAII,7d88c426-e99c-11f0-97f1-6e001b3eef54,Cooling,74,101,4.633979|3.000000,5.40966010093689,3.0,4.337965|3.000000,4.343221|7.000000,7,0.000917,N/A,5
MOGP_NSGAII,7d88c426-e99c-11f0-97f1-6e001b3eef54,Cooling,74,102,4.633979|3.000000,5.311899900436401,3.0,4.337965|3.000000,4.343221|7.000000,7,0.000917,N/A,5
MOGP_NSGAII,7d88c426-e99c-11f0-97f1-6e001b3eef54,Cooling,74,103,4.633979|3.000000,5.2796149253845215,3.0,4.337965|3.000000,4.343221|7.000000,7,0.000917,N/A,5
MOGP_NSGAII,7d88c426-e99c-11f0-97f1-6e001b3eef54,Cooling,74,104,4.633979|3.000000,5.28289270401001,3.0,4.337965|3.000000,4.343221|7.000000,7,0.000917,N/A,5
MOGP_NSGAII,7d88c426-e99c-11f0-97f1-6e001b3eef54,Cooling,74,105,4.633979|3.000000,5.300600051879883,3.0,4.337965|3.000000,4.343221|7.000000,7,0.000917,N/A,5
MOGP_NSGAII,7d88c426-e99c-11f0-97f1-6e001b3eef54,Cooling,74,106,4.633979|3.000000,5.294538259506226,3.0,4.337965|3.000000,4.343221|7.000000,7,0.000917,N/A,5
MOGP_NSGAII,7d88c426-e99c-11f0-97f1-6e001b3eef54,Cooling,74,107,4.633979|3.000000,5.351271867752075,3.0,4.337965|3.000000,4.343221|7.000000,7,0.000917,N/A,5
MOGP_NSGAII,7d88c426-e99c-11f0-97f1-6e001b3eef54,Cooling,74,108,4.633979|3.000000,5.388877868652344,3.0,4.337965|3.000000,4.343221|7.000000,7,0.000917,N/A,5
MOGP_NSGAII,7d88c426-e99c-11f0-97f1-6e001b3eef54,Cooling,74,109,4.633979|3.000000,5.401253700256348,3.0,4.337965|3.000000,4.343221|7.000000,7,0.000917,N/A,5
MOGP_NSGAII,7d88c426-e99c-11f0-97f1-6e001b3eef54,Cooling,74,110,4.633979|3.000000,5.301084995269775,3.0,4.337965|3.000000,4.343221|7.000000,7,0.000917,N/A,5
MOGP_NSGAII,7d88c426-e99c-11f0-97f1-6e001b3eef54,Cooling,74,111,4.633979|3.000000,5.3330748081207275,3.0,4.337965|3.000000,4.343221|7.000000,7,0.000917,N/A,5
MOGP_NSGAII,7d88c426-e99c-11f0-97f1-6e001b3eef54,Cooling,74,112,4.633979|3.000000,5.3619890213012695,3.0,4.337965|3.000000,4.343221|7.000000,7,0.000917,N/A,5
MOGP_NSGAII,7d88c426-e99c-11f0-97f1-6e001b3eef54,Cooling,74,113,4.633979|3.000000,5.202469825744629,3.0,4.337965|3.000000,4.343221|7.000000,7,0.000917,N/A,5
MOGP_NSGAII,7d88c426-e99c-11f0-97f1-6e001b3eef54,Cooling,74,114,4.633979|3.000000,5.3254711627960205,3.0,4.337965|3.000000,4.343221|7.000000,7,0.000917,N/A,5
MOGP_NSGAII,7d88c426-e99c-11f0-97f1-6e001b3eef54,Cooling,74,115,4.633979|3.000000,5.327473878860474,3.0,4.337965|3.000000,4.343221|7.000000,7,0.000917,N/A,5
MOGP_NSGAII,7d88c426-e99c-11f0-97f1-6e001b3eef54,Cooling,74,116,4.633979|3.000000,5.239795923233032,3.0,4.337965|3.000000,4.343221|7.000000,7,0.000917,N/A,5
MOGP_NSGAII,7d88c426-e99c-11f0-97f1-6e001b3eef54,Cooling,74,117,4.633979|3.000000,5.481974124908447,3.0,4.337965|3.000000,4.343221|7.000000,7,0.000917,N/A,5
MOGP_NSGAII,7d88c426-e99c-11f0-97f1-6e001b3eef54,Cooling,74,118,4.633979|3.000000,5.323309898376465,3.0,4.337965|3.000000,4.343221|7.000000,7,0.000917,N/A,5
MOGP_NSGAII,7d88c426-e99c-11f0-97f1-6e001b3eef54,Cooling,74,119,4.633979|3.000000,5.343953847885132,3.0,4.337965|3.000000,4.343221|7.000000,7,0.000917,N/A,5
MOGP_NSGAII,7d88c426-e99c-11f0-97f1-6e001b3eef54,Cooling,74,120,4.633979|3.000000,5.238239049911499,3.0,4.337965|3.000000,4.343221|7.000000,7,0.000917,N/A,5
MOGP_NSGAII,7d88c426-e99c-11f0-97f1-6e001b3eef54,Cooling,74,121,4.633979|3.000000,5.1804518699646,3.0,4.337965|3.000000,4.343221|7.000000,7,0.000917,N/A,5
MOGP_NSGAII,7d88c426-e99c-11f0-97f1-6e001b3eef54,Cooling,74,122,4.633979|3.000000,5.173661231994629,3.0,4.337965|3.000000,4.343221|7.000000,7,0.000917,N/A,5
MOGP_NSGAII,7d88c426-e99c-11f0-97f1-6e001b3eef54,Cooling,74,123,4.633979|3.000000,5.163722991943359,3.0,4.337965|3.000000,4.343221|7.000000,7,0.000917,N/A,5
MOGP_NSGAII,7d88c426-e99c-11f0-97f1-6e001b3eef54,Cooling,74,124,4.633979|3.000000,5.375591993331909,3.0,4.337965|3.000000,4.343221|7.000000,7,0.000917,N/A,5
MOGP_NSGAII,7d88c426-e99c-11f0-97f1-6e001b3eef54,Cooling,74,125,4.633979|3.000000,5.406925678253174,3.0,4.337965|3.000000,4.343221|7.000000,7,0.000917,N/A,5
MOGP_NSGAII,7d88c426-e99c-11f0-97f1-6e001b3eef54,Cooling,74,126,4.633979|3.000000,5.28946590423584,3.0,4.337965|3.000000,4.343221|7.000000,7,0.000917,N/A,5
MOGP_NSGAII,7d88c426-e99c-11f0-97f1-6e001b3eef54,Cooling,74,127,4.633979|3.000000,5.349969863891602,3.0,4.337965|3.000000,4.343221|7.000000,7,0.000917,N/A,5
MOGP_NSGAII,7d88c426-e99c-11f0-97f1-6e001b3eef54,Cooling,74,128,4.633979|3.000000,5.271400213241577,3.0,4.337965|3.000000,4.343221|7.000000,7,0.000917,N/A,5
MOGP_NSGAII,7d88c426-e99c-11f0-97f1-6e001b3eef54,Cooling,74,129,4.633979|3.000000,5.282481908798218,3.0,4.337965|3.000000,4.343221|7.000000,7,0.000917,N/A,5
MOGP_NSGAII,7d88c426-e99c-11f0-97f1-6e001b3eef54,Cooling,74,130,4.633979|3.000000,5.301222085952759,3.0,4.337965|3.000000,4.343221|7.000000,7,0.000917,N/A,5
MOGP_NSGAII,7d88c426-e99c-11f0-97f1-6e001b3eef54,Cooling,74,131,4.633979|3.000000,5.318893194198608,3.0,4.337965|3.000000,4.343221|7.000000,7,0.000917,N/A,5
MOGP_NSGAII,7d88c426-e99c-11f0-97f1-6e001b3eef54,Cooling,74,132,4.633979|3.000000,5.458168029785156,3.0,4.337965|3.000000,4.343221|7.000000,7,0.000917,N/A,5
MOGP_NSGAII,7d88c426-e99c-11f0-97f1-6e001b3eef54,Cooling,74,133,4.633979|3.000000,5.511693000793457,3.0,4.337965|3.000000,4.343221|7.000000,7,0.000917,N/A,5
MOGP_NSGAII,7d88c426-e99c-11f0-97f1-6e001b3eef54,Cooling,74,134,4.633979|3.000000,5.413691759109497,3.0,4.337965|3.000000,4.343221|7.000000,7,0.000917,N/A,5
MOGP_NSGAII,7d88c426-e99c-11f0-97f1-6e001b3eef54,Cooling,74,135,4.633979|3.000000,5.31326699256897,3.0,4.337965|3.000000,4.343221|7.000000,7,0.000917,N/A,5
MOGP_NSGAII,7d88c426-e99c-11f0-97f1-6e001b3eef54,Cooling,74,136,4.633979|3.000000,5.537137985229492,3.0,4.337965|3.000000,4.343221|7.000000,7,0.000917,N/A,5
MOGP_NSGAII,7d88c426-e99c-11f0-97f1-6e001b3eef54,Cooling,74,137,4.633979|3.000000,5.28678822517395,3.0,4.337965|3.000000,4.343221|7.000000,7,0.000917,N/A,5
MOGP_NSGAII,7d88c426-e99c-11f0-97f1-6e001b3eef54,Cooling,74,138,4.633979|3.000000,5.214353799819946,3.0,4.337965|3.000000,4.343221|7.000000,7,0.000917,N/A,5
MOGP_NSGAII,7d88c426-e99c-11f0-97f1-6e001b3eef54,Cooling,74,139,4.633979|3.000000,5.3139519691467285,3.0,4.337965|3.000000,4.343221|7.000000,7,0.000917,N/A,5
MOGP_NSGAII,7d88c426-e99c-11f0-97f1-6e001b3eef54,Cooling,74,140,4.633979|3.000000,5.294398069381714,3.0,4.337965|3.000000,4.343221|7.000000,7,0.000917,N/A,5
MOGP_NSGAII,7d88c426-e99c-11f0-97f1-6e001b3eef54,Cooling,74,141,4.633979|3.000000,5.305485963821411,3.0,4.337965|3.000000,4.343221|7.000000,7,0.000917,N/A,5
MOGP_NSGAII,7d88c426-e99c-11f0-97f1-6e001b3eef54,Cooling,74,142,4.633979|3.000000,5.253047943115234,3.0,4.337965|3.000000,4.343221|7.000000,7,0.000917,N/A,5
MOGP_NSGAII,7d88c426-e99c-11f0-97f1-6e001b3eef54,Cooling,74,143,4.633979|3.000000,5.2433857917785645,3.0,4.337965|3.000000,4.343221|7.000000,7,0.000917,N/A,5
MOGP_NSGAII,7d88c426-e99c-11f0-97f1-6e001b3eef54,Cooling,74,144,4.633979|3.000000,5.377597093582153,3.0,4.337965|3.000000,4.343221|7.000000,7,0.000917,N/A,5
MOGP_NSGAII,7d88c426-e99c-11f0-97f1-6e001b3eef54,Cooling,74,145,4.633979|3.000000,5.234539031982422,3.0,4.337965|3.000000,4.322569|11.000000,11,0.005332,N/A,5
MOGP_NSGAII,7d88c426-e99c-11f0-97f1-6e001b3eef54,Cooling,74,146,4.633979|3.000000,5.392813205718994,3.0,4.337965|3.000000,4.322569|11.000000,11,0.005332,N/A,5
MOGP_NSGAII,7d88c426-e99c-11f0-97f1-6e001b3eef54,Cooling,74,147,4.633979|3.000000,5.244304895401001,3.0,4.337965|3.000000,4.322569|11.000000,11,0.005332,N/A,5
MOGP_NSGAII,7d88c426-e99c-11f0-97f1-6e001b3eef54,Cooling,74,148,4.633979|3.000000,5.402150869369507,3.0,4.337965|3.000000,4.322569|11.000000,11,0.005332,N/A,5
MOGP_NSGAII,7d88c426-e99c-11f0-97f1-6e001b3eef54,Cooling,74,149,4.633979|3.000000,5.15592098236084,3.0,4.337965|3.000000,4.322569|11.000000,11,0.005332,N/A,5
MOGP_NSGAII,7d88c426-e99c-11f0-97f1-6e001b3eef54,Cooling,74,150,4.633979|3.000000,5.4378581047058105,3.0,4.337965|3.000000,4.322569|11.000000,11,0.005332,N/A,5
MOGP_NSGAII,7d88c426-e99c-11f0-97f1-6e001b3eef54,Cooling,74,151,4.633979|3.000000,5.122361183166504,3.0,4.337965|3.000000,4.322569|11.000000,11,0.005332,N/A,5
MOGP_NSGAII,7d88c426-e99c-11f0-97f1-6e001b3eef54,Cooling,74,152,4.633979|3.000000,5.270719051361084,3.0,4.337965|3.000000,4.322569|11.000000,11,0.005332,N/A,5
MOGP_NSGAII,7d88c426-e99c-11f0-97f1-6e001b3eef54,Cooling,74,153,4.633979|3.000000,5.409785032272339,3.0,4.337965|3.000000,4.322569|11.000000,11,0.005332,N/A,5
MOGP_NSGAII,7d88c426-e99c-11f0-97f1-6e001b3eef54,Cooling,74,154,4.633979|3.000000,5.440917015075684,3.0,4.337965|3.000000,4.322569|11.000000,11,0.005332,N/A,5
MOGP_NSGAII,7d88c426-e99c-11f0-97f1-6e001b3eef54,Cooling,74,155,4.633979|3.000000,5.381667137145996,3.0,4.337965|3.000000,4.322569|11.000000,11,0.005332,N/A,5
MOGP_NSGAII,7d88c426-e99c-11f0-97f1-6e001b3eef54,Cooling,74,156,4.633979|3.000000,5.190644979476929,3.0,4.337965|3.000000,4.322569|11.000000,11,0.005332,N/A,5
MOGP_NSGAII,7d88c426-e99c-11f0-97f1-6e001b3eef54,Cooling,74,157,4.633979|3.000000,5.2874391078948975,3.0,4.337965|3.000000,4.322569|11.000000,11,0.005332,N/A,5
MOGP_NSGAII,7d88c426-e99c-11f0-97f1-6e001b3eef54,Cooling,74,158,4.633979|3.000000,5.271772861480713,3.0,4.337965|3.000000,4.322569|11.000000,11,0.005332,N/A,5
MOGP_NSGAII,7d88c426-e99c-11f0-97f1-6e001b3eef54,Cooling,74,159,4.633979|3.000000,5.1785337924957275,3.0,4.337965|3.000000,4.322569|11.000000,11,0.005332,N/A,5
MOGP_NSGAII,7d88c426-e99c-11f0-97f1-6e001b3eef54,Cooling,74,160,4.633979|3.000000,5.430418968200684,3.0,4.337965|3.000000,4.322569|11.000000,11,0.005332,N/A,5
MOGP_NSGAII,7d88c426-e99c-11f0-97f1-6e001b3eef54,Cooling,74,161,4.633979|3.000000,5.211349010467529,3.0,4.337965|3.000000,4.322569|11.000000,11,0.005332,N/A,5
MOGP_NSGAII,7d88c426-e99c-11f0-97f1-6e001b3eef54,Cooling,74,162,4.633979|3.000000,5.279977798461914,3.0,4.337965|3.000000,4.322569|11.000000,11,0.005332,N/A,5
MOGP_NSGAII,7d88c426-e99c-11f0-97f1-6e001b3eef54,Cooling,74,163,4.633979|3.000000,5.388999938964844,3.0,4.337965|3.000000,4.322569|11.000000,11,0.005332,N/A,5
MOGP_NSGAII,7d88c426-e99c-11f0-97f1-6e001b3eef54,Cooling,74,164,4.633979|3.000000,5.247375965118408,3.0,4.337965|3.000000,4.322569|11.000000,11,0.005332,N/A,5
MOGP_NSGAII,7d88c426-e99c-11f0-97f1-6e001b3eef54,Cooling,74,165,4.633979|3.000000,5.3271260261535645,3.0,4.337965|3.000000,4.322569|11.000000,11,0.005332,N/A,5
MOGP_NSGAII,7d88c426-e99c-11f0-97f1-6e001b3eef54,Cooling,74,166,4.633979|3.000000,5.267935037612915,3.0,4.337965|3.000000,4.322569|11.000000,11,0.005332,N/A,5
MOGP_NSGAII,7d88c426-e99c-11f0-97f1-6e001b3eef54,Cooling,74,167,4.633979|3.000000,5.444124937057495,3.0,4.337965|3.000000,4.322569|11.000000,11,0.005332,N/A,5
MOGP_NSGAII,7d88c426-e99c-11f0-97f1-6e001b3eef54,Cooling,74,168,4.633979|3.000000,5.272242307662964,3.0,4.337965|3.000000,4.322569|11.000000,11,0.005332,N/A,5
MOGP_NSGAII,7d88c426-e99c-11f0-97f1-6e001b3eef54,Cooling,74,169,4.633979|3.000000,5.317353010177612,3.0,4.337965|3.000000,4.322569|11.000000,11,0.005332,N/A,5
MOGP_NSGAII,7d88c426-e99c-11f0-97f1-6e001b3eef54,Cooling,74,170,4.633979|3.000000,5.3676769733428955,3.0,4.337965|3.000000,4.322569|11.000000,11,0.005332,N/A,5
MOGP_NSGAII,7d88c426-e99c-11f0-97f1-6e001b3eef54,Cooling,74,171,4.633979|3.000000,5.398823976516724,3.0,4.337965|3.000000,4.322569|11.000000,11,0.005332,N/A,5
MOGP_NSGAII,7d88c426-e99c-11f0-97f1-6e001b3eef54,Cooling,74,172,4.633979|3.000000,5.353300094604492,3.0,4.337965|3.000000,4.322569|11.000000,11,0.005332,N/A,5
MOGP_NSGAII,7d88c426-e99c-11f0-97f1-6e001b3eef54,Cooling,74,173,4.633979|3.000000,5.26190710067749,3.0,4.337965|3.000000,4.322569|11.000000,11,0.005332,N/A,5
MOGP_NSGAII,7d88c426-e99c-11f0-97f1-6e001b3eef54,Cooling,74,174,4.633979|3.000000,5.332728862762451,3.0,4.337965|3.000000,4.322569|11.000000,11,0.005332,N/A,5
MOGP_NSGAII,7d88c426-e99c-11f0-97f1-6e001b3eef54,Cooling,74,175,4.633979|3.000000,5.27411413192749,3.0,4.337965|3.000000,4.322569|11.000000,11,0.005332,N/A,5
MOGP_NSGAII,7d88c426-e99c-11f0-97f1-6e001b3eef54,Cooling,74,176,4.633979|3.000000,5.211295127868652,3.0,4.337965|3.000000,4.322569|11.000000,11,0.005332,N/A,5
MOGP_NSGAII,7d88c426-e99c-11f0-97f1-6e001b3eef54,Cooling,74,177,4.633979|3.000000,5.400713920593262,3.0,4.337965|3.000000,4.322569|11.000000,11,0.005332,N/A,5
MOGP_NSGAII,7d88c426-e99c-11f0-97f1-6e001b3eef54,Cooling,74,178,4.633979|3.000000,5.389218091964722,3.0,4.337965|3.000000,4.322569|11.000000,11,0.005332,N/A,5
MOGP_NSGAII,7d88c426-e99c-11f0-97f1-6e001b3eef54,Cooling,74,179,4.633979|3.000000,5.264936923980713,3.0,4.337965|3.000000,4.322569|11.000000,11,0.005332,N/A,5
MOGP_NSGAII,7d88c426-e99c-11f0-97f1-6e001b3eef54,Cooling,74,180,4.633979|3.000000,5.413089036941528,3.0,4.337965|3.000000,4.322569|11.000000,11,0.005332,N/A,5
MOGP_NSGAII,7d88c426-e99c-11f0-97f1-6e001b3eef54,Cooling,74,181,4.633979|3.000000,5.162377834320068,3.0,4.337965|3.000000,4.322569|11.000000,11,0.005332,N/A,5
MOGP_NSGAII,7d88c426-e99c-11f0-97f1-6e001b3eef54,Cooling,74,182,4.633979|3.000000,5.343739986419678,3.0,4.337965|3.000000,4.322569|11.000000,11,0.005332,N/A,5
MOGP_NSGAII,7d88c426-e99c-11f0-97f1-6e001b3eef54,Cooling,74,183,4.633979|3.000000,5.294274806976318,3.0,4.337965|3.000000,4.322569|11.000000,11,0.005332,N/A,5
MOGP_NSGAII,7d88c426-e99c-11f0-97f1-6e001b3eef54,Cooling,74,184,4.633979|3.000000,5.115117073059082,3.0,4.337965|3.000000,4.322569|11.000000,11,0.005332,N/A,5
MOGP_NSGAII,7d88c426-e99c-11f0-97f1-6e001b3eef54,Cooling,74,185,4.633979|3.000000,5.316806793212891,3.0,4.337965|3.000000,4.322569|11.000000,11,0.005332,N/A,5
MOGP_NSGAII,7d88c426-e99c-11f0-97f1-6e001b3eef54,Cooling,74,186,4.633979|3.000000,5.213088035583496,3.0,4.337965|3.000000,4.322569|11.000000,11,0.005332,N/A,5
MOGP_NSGAII,7d88c426-e99c-11f0-97f1-6e001b3eef54,Cooling,74,187,4.633979|3.000000,5.261911153793335,3.0,4.337965|3.000000,4.322569|11.000000,11,0.005332,N/A,5
MOGP_NSGAII,7d88c426-e99c-11f0-97f1-6e001b3eef54,Cooling,74,188,4.633979|3.000000,5.28066611289978,3.0,4.337965|3.000000,4.322569|11.000000,11,0.005332,N/A,5
MOGP_NSGAII,7d88c426-e99c-11f0-97f1-6e001b3eef54,Cooling,74,189,4.633979|3.000000,5.321270942687988,3.0,4.337965|3.000000,4.322569|11.000000,11,0.005332,N/A,5
MOGP_NSGAII,7d88c426-e99c-11f0-97f1-6e001b3eef54,Cooling,74,190,4.633979|3.000000,5.35300612449646,3.0,4.337965|3.000000,4.322569|11.000000,11,0.005332,N/A,5
MOGP_NSGAII,7d88c426-e99c-11f0-97f1-6e001b3eef54,Cooling,74,191,4.633979|3.000000,5.196948051452637,3.0,4.337965|3.000000,4.322569|11.000000,11,0.005332,N/A,5
MOGP_NSGAII,7d88c426-e99c-11f0-97f1-6e001b3eef54,Cooling,74,192,4.633979|3.000000,5.375241041183472,3.0,4.337965|3.000000,4.322569|11.000000,11,0.005332,N/A,5
MOGP_NSGAII,7d88c426-e99c-11f0-97f1-6e001b3eef54,Cooling,74,193,4.633979|3.000000,5.283699989318848,3.0,4.337965|3.000000,4.322569|11.000000,11,0.005332,N/A,5
MOGP_NSGAII,7d88c426-e99c-11f0-97f1-6e001b3eef54,Cooling,74,194,4.633979|3.000000,5.2065839767456055,3.0,4.337965|3.000000,4.322569|11.000000,11,0.005332,N/A,5
MOGP_NSGAII,7d88c426-e99c-11f0-97f1-6e001b3eef54,Cooling,74,195,4.633979|3.000000,5.204154968261719,3.0,4.337965|3.000000,4.322569|11.000000,11,0.005332,N/A,5
MOGP_NSGAII,7d88c426-e99c-11f0-97f1-6e001b3eef54,Cooling,74,196,4.633979|3.000000,5.205448865890503,3.0,4.337965|3.000000,4.322569|11.000000,11,0.005332,N/A,5
MOGP_NSGAII,7d88c426-e99c-11f0-97f1-6e001b3eef54,Cooling,74,197,4.633979|3.000000,5.198222875595093,3.0,4.337965|3.000000,4.322569|11.000000,11,0.005332,N/A,5
MOGP_NSGAII,7d88c426-e99c-11f0-97f1-6e001b3eef54,Cooling,74,198,4.633979|3.000000,5.30935001373291,3.0,4.337965|3.000000,4.322569|11.000000,11,0.005332,N/A,5
MOGP_NSGAII,7d88c426-e99c-11f0-97f1-6e001b3eef54,Cooling,74,199,4.633979|3.000000,5.294095039367676,3.0,4.337965|3.000000,4.322569|11.000000,11,0.005332,N/A,5
MOGP_NSGAII,7d88c426-e99c-11f0-97f1-6e001b3eef54,Cooling,74,200,4.633979|3.000000,5.279087781906128,3.0,4.337965|3.000000,4.322569|11.000000,11,0.005332,N/A,5
MOGP_NSGAII,7d88c426-e99c-11f0-97f1-6e001b3eef54,Cooling,74,201,4.633979|3.000000,5.278362035751343,3.0,4.337965|3.000000,4.322569|11.000000,11,0.005332,N/A,5
MOGP_NSGAII,7d88c426-e99c-11f0-97f1-6e001b3eef54,Cooling,74,202,4.633979|3.000000,5.100630044937134,3.0,4.337965|3.000000,4.322569|11.000000,11,0.005332,N/A,5
MOGP_NSGAII,7d88c426-e99c-11f0-97f1-6e001b3eef54,Cooling,74,203,4.633979|3.000000,5.20191502571106,3.0,4.337965|3.000000,4.322569|11.000000,11,0.005332,N/A,5
MOGP_NSGAII,7d88c426-e99c-11f0-97f1-6e001b3eef54,Cooling,74,204,4.633979|3.000000,5.214816093444824,3.0,4.337965|3.000000,4.322569|11.000000,11,0.005332,N/A,5
MOGP_NSGAII,7d88c426-e99c-11f0-97f1-6e001b3eef54,Cooling,74,205,4.633979|3.000000,5.260344743728638,3.0,4.337965|3.000000,4.322569|11.000000,11,0.005332,N/A,5
MOGP_NSGAII,7d88c426-e99c-11f0-97f1-6e001b3eef54,Cooling,74,206,4.633979|3.000000,5.301016092300415,3.0,4.337965|3.000000,4.322569|11.000000,11,0.005332,N/A,5
MOGP_NSGAII,7d88c426-e99c-11f0-97f1-6e001b3eef54,Cooling,74,207,4.633979|3.000000,5.3594090938568115,3.0,4.337965|3.000000,4.322569|11.000000,11,0.005332,N/A,5
MOGP_NSGAII,7d88c426-e99c-11f0-97f1-6e001b3eef54,Cooling,74,208,4.633979|3.000000,5.444028854370117,3.0,4.337965|3.000000,4.322569|11.000000,11,0.005332,N/A,5
MOGP_NSGAII,7d88c426-e99c-11f0-97f1-6e001b3eef54,Cooling,74,209,4.633979|3.000000,5.250481843948364,3.0,4.337965|3.000000,4.322569|11.000000,11,0.005332,N/A,5
MOGP_NSGAII,7d88c426-e99c-11f0-97f1-6e001b3eef54,Cooling,74,210,4.633979|3.000000,5.255439043045044,3.0,4.337965|3.000000,4.160872|7.000000,7,0.008747,N/A,5
MOGP_NSGAII,7d88c426-e99c-11f0-97f1-6e001b3eef54,Cooling,74,211,4.633979|3.000000,5.348327875137329,3.0,4.337965|3.000000,4.160872|7.000000,7,0.008747,N/A,5
MOGP_NSGAII,7d88c426-e99c-11f0-97f1-6e001b3eef54,Cooling,74,212,4.633979|3.000000,5.377319097518921,3.0,4.337965|3.000000,4.160872|7.000000,7,0.008747,N/A,5
MOGP_NSGAII,7d88c426-e99c-11f0-97f1-6e001b3eef54,Cooling,74,213,4.633979|3.000000,5.073305130004883,3.0,4.337965|3.000000,4.160872|7.000000,7,0.008747,N/A,5
MOGP_NSGAII,7d88c426-e99c-11f0-97f1-6e001b3eef54,Cooling,74,214,4.633979|3.000000,5.302012920379639,3.0,4.337965|3.000000,4.160872|7.000000,7,0.008747,N/A,5
MOGP_NSGAII,7d88c426-e99c-11f0-97f1-6e001b3eef54,Cooling,74,215,4.633979|3.000000,5.2603490352630615,3.0,4.337965|3.000000,4.160872|7.000000,7,0.008747,N/A,5
MOGP_NSGAII,7d88c426-e99c-11f0-97f1-6e001b3eef54,Cooling,74,216,4.633979|3.000000,5.142926216125488,3.0,4.337965|3.000000,4.160872|7.000000,7,0.008747,N/A,5
MOGP_NSGAII,7d88c426-e99c-11f0-97f1-6e001b3eef54,Cooling,74,217,4.633979|3.000000,5.384728193283081,3.0,4.337965|3.000000,4.160872|7.000000,7,0.008747,N/A,5
MOGP_NSGAII,7d88c426-e99c-11f0-97f1-6e001b3eef54,Cooling,74,218,4.633979|3.000000,5.463879823684692,3.0,4.337965|3.000000,4.160872|7.000000,7,0.008747,N/A,5
MOGP_NSGAII,7d88c426-e99c-11f0-97f1-6e001b3eef54,Cooling,74,219,4.633979|3.000000,5.418726921081543,3.0,4.337965|3.000000,4.160872|7.000000,7,0.008747,N/A,5
MOGP_NSGAII,7d88c426-e99c-11f0-97f1-6e001b3eef54,Cooling,74,220,4.633979|3.000000,5.210968732833862,3.0,4.337965|3.000000,4.160872|7.000000,7,0.008747,N/A,5
MOGP_NSGAII,7d88c426-e99c-11f0-97f1-6e001b3eef54,Cooling,74,221,4.633979|3.000000,5.333199739456177,3.0,4.337965|3.000000,4.160872|7.000000,7,0.008747,N/A,5
MOGP_NSGAII,7d88c426-e99c-11f0-97f1-6e001b3eef54,Cooling,74,222,4.633979|3.000000,5.232290983200073,3.0,4.337965|3.000000,4.160872|7.000000,7,0.008747,N/A,5
MOGP_NSGAII,7d88c426-e99c-11f0-97f1-6e001b3eef54,Cooling,74,223,4.633979|3.000000,5.166428089141846,3.0,4.337965|3.000000,4.160872|7.000000,7,0.008747,N/A,5
MOGP_NSGAII,7d88c426-e99c-11f0-97f1-6e001b3eef54,Cooling,74,224,4.633979|3.000000,5.341001987457275,3.0,4.337965|3.000000,4.160872|7.000000,7,0.008747,N/A,5
MOGP_NSGAII,7d88c426-e99c-11f0-97f1-6e001b3eef54,Cooling,74,225,4.633979|3.000000,5.44901704788208,3.0,4.337965|3.000000,4.160872|7.000000,7,0.008747,N/A,5
MOGP_NSGAII,7d88c426-e99c-11f0-97f1-6e001b3eef54,Cooling,74,226,4.633979|3.000000,5.191952228546143,3.0,4.337965|3.000000,4.160872|7.000000,7,0.008747,N/A,5
MOGP_NSGAII,7d88c426-e99c-11f0-97f1-6e001b3eef54,Cooling,74,227,4.633979|3.000000,5.257572174072266,3.0,4.337965|3.000000,4.160872|7.000000,7,0.008747,N/A,5
MOGP_NSGAII,7d88c426-e99c-11f0-97f1-6e001b3eef54,Cooling,74,228,4.633979|3.000000,5.177506685256958,3.0,4.337965|3.000000,4.160872|7.000000,7,0.008747,N/A,5
MOGP_NSGAII,7d88c426-e99c-11f0-97f1-6e001b3eef54,Cooling,74,229,4.633979|3.000000,5.561894178390503,3.0,4.337965|3.000000,4.160872|7.000000,7,0.008747,N/A,5
MOGP_NSGAII,7d88c426-e99c-11f0-97f1-6e001b3eef54,Cooling,74,230,4.633979|3.000000,5.363754987716675,3.0,4.337965|3.000000,4.160872|7.000000,7,0.008747,N/A,5
MOGP_NSGAII,7d88c426-e99c-11f0-97f1-6e001b3eef54,Cooling,74,231,4.633979|3.000000,5.2616376876831055,3.0,4.337965|3.000000,4.160872|7.000000,7,0.008747,N/A,5
MOGP_NSGAII,7d88c426-e99c-11f0-97f1-6e001b3eef54,Cooling,74,232,4.633979|3.000000,5.219253063201904,3.0,4.337965|3.000000,4.160872|7.000000,7,0.008747,N/A,5
MOGP_NSGAII,7d88c426-e99c-11f0-97f1-6e001b3eef54,Cooling,74,233,4.633979|3.000000,5.347759008407593,3.0,4.337965|3.000000,4.160872|7.000000,7,0.008747,N/A,5
MOGP_NSGAII,7d88c426-e99c-11f0-97f1-6e001b3eef54,Cooling,74,234,4.633979|3.000000,5.410431861877441,3.0,4.337965|3.000000,4.160872|7.000000,7,0.008747,N/A,5
MOGP_NSGAII,7d88c426-e99c-11f0-97f1-6e001b3eef54,Cooling,74,235,4.633979|3.000000,5.40359091758728,3.0,4.337965|3.000000,4.160872|7.000000,7,0.008747,N/A,5
MOGP_NSGAII,7d88c426-e99c-11f0-97f1-6e001b3eef54,Cooling,74,236,4.633979|3.000000,5.249247789382935,3.0,4.337965|3.000000,4.160872|7.000000,7,0.008747,N/A,5
MOGP_NSGAII,7d88c426-e99c-11f0-97f1-6e001b3eef54,Cooling,74,237,4.633979|3.000000,5.21254301071167,3.0,4.337965|3.000000,4.160872|7.000000,7,0.008747,N/A,5
MOGP_NSGAII,7d88c426-e99c-11f0-97f1-6e001b3eef54,Cooling,74,238,4.633979|3.000000,5.312114953994751,3.0,4.337965|3.000000,4.160872|7.000000,7,0.008747,N/A,5
MOGP_NSGAII,7d88c426-e99c-11f0-97f1-6e001b3eef54,Cooling,74,239,4.633979|3.000000,5.228002071380615,3.0,4.337965|3.000000,4.160872|7.000000,7,0.008747,N/A,5
MOGP_NSGAII,7d88c426-e99c-11f0-97f1-6e001b3eef54,Cooling,74,240,4.633979|3.000000,5.316601037979126,3.0,4.337965|3.000000,4.160872|7.000000,7,0.008747,N/A,5
MOGP_NSGAII,7d88c426-e99c-11f0-97f1-6e001b3eef54,Cooling,74,241,4.633979|3.000000,5.316377878189087,3.0,4.337965|3.000000,4.160872|7.000000,7,0.008747,N/A,5
MOGP_NSGAII,7d88c426-e99c-11f0-97f1-6e001b3eef54,Cooling,74,242,4.633979|3.000000,5.2684080600738525,3.0,4.337965|3.000000,4.160872|7.000000,7,0.008747,N/A,5
MOGP_NSGAII,7d88c426-e99c-11f0-97f1-6e001b3eef54,Cooling,74,243,4.633979|3.000000,5.138116121292114,3.0,4.337965|3.000000,4.160872|7.000000,7,0.008747,N/A,5
MOGP_NSGAII,7d88c426-e99c-11f0-97f1-6e001b3eef54,Cooling,74,244,4.633979|3.000000,5.412703037261963,3.0,4.337965|3.000000,4.160872|7.000000,7,0.008747,N/A,5
MOGP_NSGAII,7d88c426-e99c-11f0-97f1-6e001b3eef54,Cooling,74,245,4.633979|3.000000,5.270566940307617,3.0,4.337965|3.000000,4.160872|7.000000,7,0.008747,N/A,5
MOGP_NSGAII,7d88c426-e99c-11f0-97f1-6e001b3eef54,Cooling,74,246,4.633979|3.000000,5.29227614402771,3.0,4.337965|3.000000,4.160872|7.000000,7,0.008747,N/A,5
MOGP_NSGAII,7d88c426-e99c-11f0-97f1-6e001b3eef54,Cooling,74,247,4.633979|3.000000,5.346864223480225,3.0,4.337965|3.000000,4.160872|7.000000,7,0.008747,N/A,5
MOGP_NSGAII,7d88c426-e99c-11f0-97f1-6e001b3eef54,Cooling,74,248,4.633979|3.000000,5.297783851623535,3.0,4.337965|3.000000,4.160872|7.000000,7,0.008747,N/A,5
MOGP_NSGAII,7d88c426-e99c-11f0-97f1-6e001b3eef54,Cooling,74,249,4.633979|3.000000,5.219024181365967,3.0,4.337965|3.000000,4.160872|7.000000,7,0.008747,N/A,5
MOGP_NSGAII,7d88c426-e99c-11f0-97f1-6e001b3eef54,Cooling,74,250,4.633979|3.000000,5.243669033050537,3.0,4.337965|3.000000,4.160872|7.000000,7,0.008747,N/A,5
