MOGP_GENERATIONAL,7baf6830-f248-11f0-a4fb-6e001b3eef54,Toxicity,74,0,2567.091553|3.000000|0.000000,1.6319868564605713,3.0,2712.531738|3.000000|0.000000,N/A,N/A,0,159955009536.000000,N/A,5
MOGP_GENERATIONAL,7baf6830-f248-11f0-a4fb-6e001b3eef54,Toxicity,74,1,2426.628418|3.000000|0.000000,1.4243309497833252,3.0,2580.514404|3.000000|0.000000,2306.561768|3.000000|1.000000,2456.085693|3.000000|1.000000,3,105979576320.000000,N/A,5
MOGP_GENERATIONAL,7baf6830-f248-11f0-a4fb-6e001b3eef54,Toxicity,74,2,2278.319336|3.000000|0.000000,1.4953570365905762,3.0,2442.215576|3.000000|0.000000,2259.451660|3.000000|1.000000,2415.013184|3.000000|1.000000,3,116373282816.000000,N/A,5
MOGP_GENERATIONAL,7baf6830-f248-11f0-a4fb-6e001b3eef54,Toxicity,74,3,2175.614990|3.000000|0.000000,1.4391911029815674,3.0,2347.236816|3.000000|0.000000,2094.692871|3.000000|1.000000,2305.497314|3.000000|1.000000,3,126592622592.000000,N/A,5
MOGP_GENERATIONAL,7baf6830-f248-11f0-a4fb-6e001b3eef54,Toxicity,74,4,2175.614990|3.000000|0.000000,1.5066759586334229,3.0,2347.236816|3.000000|0.000000,2134.459717|7.000000|1.000000,2352.695557|7.000000|1.000000,7,97753464832.000000,N/A,5
MOGP_GENERATIONAL,7baf6830-f248-11f0-a4fb-6e001b3eef54,Toxicity,74,5,2175.614990|3.000000|0.000000,1.523240089416504,3.0,2347.236816|3.000000|0.000000,2123.281494|5.000000|2.000000,2287.796631|5.000000|2.000000,5,74123255808.000000,N/A,5
MOGP_GENERATIONAL,7baf6830-f248-11f0-a4fb-6e001b3eef54,Toxicity,74,6,2175.614990|3.000000|0.000000,1.5517680644989014,3.0,2347.236816|3.000000|0.000000,2175.614990|3.000000|0.000000,2347.236816|3.000000|0.000000,3,51159392256.000000,N/A,5
MOGP_GENERATIONAL,7baf6830-f248-11f0-a4fb-6e001b3eef54,Toxicity,74,7,2175.614990|3.000000|0.000000,1.5712120532989502,3.0,2347.236816|3.000000|0.000000,2175.614990|3.000000|0.000000,2347.236816|3.000000|0.000000,3,77761372160.000000,N/A,5
MOGP_GENERATIONAL,7baf6830-f248-11f0-a4fb-6e001b3eef54,Toxicity,74,8,2175.614990|3.000000|0.000000,1.598111867904663,3.0,2347.236816|3.000000|0.000000,2175.614990|3.000000|0.000000,2347.236816|3.000000|0.000000,3,69991227392.000000,N/A,5
MOGP_GENERATIONAL,7baf6830-f248-11f0-a4fb-6e001b3eef54,Toxicity,74,9,2175.614990|3.000000|0.000000,1.691796064376831,3.0,2347.236816|3.000000|0.000000,2175.614990|3.000000|0.000000,2347.236816|3.000000|0.000000,3,10335756288.000000,N/A,5
MOGP_GENERATIONAL,7baf6830-f248-11f0-a4fb-6e001b3eef54,Toxicity,74,10,2175.614990|3.000000|0.000000,1.8367948532104492,3.0,2347.236816|3.000000|0.000000,2175.614990|3.000000|0.000000,2347.236816|3.000000|0.000000,3,46280851456.000000,N/A,5
MOGP_GENERATIONAL,7baf6830-f248-11f0-a4fb-6e001b3eef54,Toxicity,74,11,2175.614990|3.000000|0.000000,2.078619956970215,3.0,2347.236816|3.000000|0.000000,2175.614990|3.000000|0.000000,2347.236816|3.000000|0.000000,3,86628622336.000000,N/A,5
MOGP_GENERATIONAL,7baf6830-f248-11f0-a4fb-6e001b3eef54,Toxicity,74,12,2175.614990|3.000000|0.000000,2.4354538917541504,3.0,2347.236816|3.000000|0.000000,2175.614990|3.000000|0.000000,2347.236816|3.000000|0.000000,3,63230976000.000000,N/A,5
MOGP_GENERATIONAL,7baf6830-f248-11f0-a4fb-6e001b3eef54,Toxicity,74,13,2175.614990|3.000000|0.000000,2.7768750190734863,3.0,2347.236816|3.000000|0.000000,2175.614990|3.000000|0.000000,2347.236816|3.000000|0.000000,3,4415339008.000000,N/A,5
MOGP_GENERATIONAL,7baf6830-f248-11f0-a4fb-6e001b3eef54,Toxicity,74,14,2175.614990|3.000000|0.000000,3.21160888671875,3.0,2347.236816|3.000000|0.000000,2175.614990|3.000000|0.000000,2347.236816|3.000000|0.000000,3,51346972672.000000,N/A,5
MOGP_GENERATIONAL,7baf6830-f248-11f0-a4fb-6e001b3eef54,Toxicity,74,15,2175.614990|3.000000|0.000000,3.286734104156494,3.0,2347.236816|3.000000|0.000000,2175.614990|3.000000|0.000000,2347.236816|3.000000|0.000000,3,66296922112.000000,N/A,5
MOGP_GENERATIONAL,7baf6830-f248-11f0-a4fb-6e001b3eef54,Toxicity,74,16,2175.614990|3.000000|0.000000,3.177949905395508,3.0,2347.236816|3.000000|0.000000,2175.614990|3.000000|0.000000,2347.236816|3.000000|0.000000,3,47645122560.000000,N/A,5
MOGP_GENERATIONAL,7baf6830-f248-11f0-a4fb-6e001b3eef54,Toxicity,74,17,2175.614990|3.000000|0.000000,3.1768269538879395,3.0,2347.236816|3.000000|0.000000,2175.614990|3.000000|0.000000,2347.236816|3.000000|0.000000,3,50041548800.000000,N/A,5
MOGP_GENERATIONAL,7baf6830-f248-11f0-a4fb-6e001b3eef54,Toxicity,74,18,2175.614990|3.000000|0.000000,3.087475061416626,3.0,2347.236816|3.000000|0.000000,2175.614990|3.000000|0.000000,2347.236816|3.000000|0.000000,3,52021116928.000000,N/A,5
MOGP_GENERATIONAL,7baf6830-f248-11f0-a4fb-6e001b3eef54,Toxicity,74,19,2175.614990|3.000000|0.000000,3.1423637866973877,3.0,2347.236816|3.000000|0.000000,2175.614990|3.000000|0.000000,2347.236816|3.000000|0.000000,3,67521236992.000000,N/A,5
MOGP_GENERATIONAL,7baf6830-f248-11f0-a4fb-6e001b3eef54,Toxicity,74,20,2175.614990|3.000000|0.000000,3.187525749206543,3.0,2347.236816|3.000000|0.000000,2175.614990|3.000000|0.000000,2347.236816|3.000000|0.000000,3,84878508032.000000,N/A,5
MOGP_GENERATIONAL,7baf6830-f248-11f0-a4fb-6e001b3eef54,Toxicity,74,21,2175.614990|3.000000|0.000000,3.153808116912842,3.0,2347.236816|3.000000|0.000000,2175.614990|3.000000|0.000000,2347.236816|3.000000|0.000000,3,30656663552.000000,N/A,5
MOGP_GENERATIONAL,7baf6830-f248-11f0-a4fb-6e001b3eef54,Toxicity,74,22,2175.614990|3.000000|0.000000,3.2323060035705566,3.0,2347.236816|3.000000|0.000000,1995.642700|7.000000|0.000000,2182.990967|7.000000|0.000000,7,67536773120.000000,N/A,5
MOGP_GENERATIONAL,7baf6830-f248-11f0-a4fb-6e001b3eef54,Toxicity,74,23,2175.614990|3.000000|0.000000,3.247073173522949,3.0,2347.236816|3.000000|0.000000,2175.614990|3.000000|0.000000,2347.236816|3.000000|0.000000,3,51119063040.000000,N/A,5
MOGP_GENERATIONAL,7baf6830-f248-11f0-a4fb-6e001b3eef54,Toxicity,74,24,2175.614990|3.000000|0.000000,3.011362075805664,3.0,2347.236816|3.000000|0.000000,2175.614990|3.000000|0.000000,2347.236816|3.000000|0.000000,3,49439076352.000000,N/A,5
MOGP_GENERATIONAL,7baf6830-f248-11f0-a4fb-6e001b3eef54,Toxicity,74,25,2175.614990|3.000000|0.000000,3.0751700401306152,3.0,2347.236816|3.000000|0.000000,2175.614990|3.000000|0.000000,2347.236816|3.000000|0.000000,3,73743704064.000000,N/A,5
MOGP_GENERATIONAL,7baf6830-f248-11f0-a4fb-6e001b3eef54,Toxicity,74,26,2175.614990|3.000000|0.000000,3.1820409297943115,3.0,2347.236816|3.000000|0.000000,2032.139526|7.000000|1.000000,2237.560547|7.000000|1.000000,7,49783652352.000000,N/A,5
MOGP_GENERATIONAL,7baf6830-f248-11f0-a4fb-6e001b3eef54,Toxicity,74,27,2175.614990|3.000000|0.000000,3.252552032470703,3.0,2347.236816|3.000000|0.000000,2175.614990|3.000000|0.000000,2347.236816|3.000000|0.000000,3,298360512.000000,N/A,5
MOGP_GENERATIONAL,7baf6830-f248-11f0-a4fb-6e001b3eef54,Toxicity,74,28,2175.614990|3.000000|0.000000,3.134131908416748,3.0,2347.236816|3.000000|0.000000,2055.365234|7.000000|2.000000,2263.100098|7.000000|2.000000,7,84424753152.000000,N/A,5
MOGP_GENERATIONAL,7baf6830-f248-11f0-a4fb-6e001b3eef54,Toxicity,74,29,2175.614990|3.000000|0.000000,3.120741128921509,3.0,2347.236816|3.000000|0.000000,2175.614990|3.000000|0.000000,2347.236816|3.000000|0.000000,3,84266131456.000000,N/A,5
MOGP_GENERATIONAL,7baf6830-f248-11f0-a4fb-6e001b3eef54,Toxicity,74,30,2175.614990|3.000000|0.000000,3.117197036743164,3.0,2347.236816|3.000000|0.000000,2175.614990|3.000000|0.000000,2347.236816|3.000000|0.000000,3,55534714880.000000,N/A,5
MOGP_GENERATIONAL,7baf6830-f248-11f0-a4fb-6e001b3eef54,Toxicity,74,31,2175.614990|3.000000|0.000000,3.154799222946167,3.0,2347.236816|3.000000|0.000000,2175.614990|3.000000|0.000000,2347.236816|3.000000|0.000000,3,52946710528.000000,N/A,5
MOGP_GENERATIONAL,7baf6830-f248-11f0-a4fb-6e001b3eef54,Toxicity,74,32,2175.614990|3.000000|0.000000,3.22746205329895,3.0,2347.236816|3.000000|0.000000,2175.614990|3.000000|0.000000,2347.236816|3.000000|0.000000,3,77789380608.000000,N/A,5
MOGP_GENERATIONAL,7baf6830-f248-11f0-a4fb-6e001b3eef54,Toxicity,74,33,2175.614990|3.000000|0.000000,3.2165791988372803,3.0,2347.236816|3.000000|0.000000,2175.614990|3.000000|0.000000,2347.236816|3.000000|0.000000,3,87355498496.000000,N/A,5
MOGP_GENERATIONAL,7baf6830-f248-11f0-a4fb-6e001b3eef54,Toxicity,74,34,2175.614990|3.000000|0.000000,3.075843095779419,3.0,2347.236816|3.000000|0.000000,2175.614990|3.000000|0.000000,2347.236816|3.000000|0.000000,3,68256387072.000000,N/A,5
MOGP_GENERATIONAL,7baf6830-f248-11f0-a4fb-6e001b3eef54,Toxicity,74,35,2175.614990|3.000000|0.000000,3.1404309272766113,3.0,2347.236816|3.000000|0.000000,2175.614990|3.000000|0.000000,2347.236816|3.000000|0.000000,3,51267264512.000000,N/A,5
MOGP_GENERATIONAL,7baf6830-f248-11f0-a4fb-6e001b3eef54,Toxicity,74,36,2175.614990|3.000000|0.000000,3.210259199142456,3.0,2347.236816|3.000000|0.000000,2175.614990|3.000000|0.000000,2347.236816|3.000000|0.000000,3,65295564800.000000,N/A,5
MOGP_GENERATIONAL,7baf6830-f248-11f0-a4fb-6e001b3eef54,Toxicity,74,37,2175.614990|3.000000|0.000000,3.0547478199005127,3.0,2347.236816|3.000000|0.000000,2175.614990|3.000000|0.000000,2347.236816|3.000000|0.000000,3,37441380352.000000,N/A,5
MOGP_GENERATIONAL,7baf6830-f248-11f0-a4fb-6e001b3eef54,Toxicity,74,38,2175.614990|3.000000|0.000000,2.9621870517730713,3.0,2347.236816|3.000000|0.000000,2132.505371|11.000000|1.000000,2362.782959|11.000000|1.000000,11,64961773568.000000,N/A,5
MOGP_GENERATIONAL,7baf6830-f248-11f0-a4fb-6e001b3eef54,Toxicity,74,39,2175.614990|3.000000|0.000000,3.0609989166259766,3.0,2347.236816|3.000000|0.000000,2175.614990|3.000000|0.000000,2347.236816|3.000000|0.000000,3,95913271296.000000,N/A,5
MOGP_GENERATIONAL,7baf6830-f248-11f0-a4fb-6e001b3eef54,Toxicity,74,40,2175.614990|3.000000|0.000000,3.0696451663970947,3.0,2347.236816|3.000000|0.000000,2135.220947|7.000000|1.000000,2282.338135|7.000000|1.000000,7,65049165824.000000,N/A,5
MOGP_GENERATIONAL,7baf6830-f248-11f0-a4fb-6e001b3eef54,Toxicity,74,41,2175.614990|3.000000|0.000000,3.0508060455322266,3.0,2347.236816|3.000000|0.000000,2139.672363|7.000000|2.000000,2329.157471|7.000000|2.000000,7,49937190912.000000,N/A,5
MOGP_GENERATIONAL,7baf6830-f248-11f0-a4fb-6e001b3eef54,Toxicity,74,42,2175.614990|3.000000|0.000000,3.065768003463745,3.0,2347.236816|3.000000|0.000000,2175.614990|3.000000|0.000000,2347.236816|3.000000|0.000000,3,120212799488.000000,N/A,5
MOGP_GENERATIONAL,7baf6830-f248-11f0-a4fb-6e001b3eef54,Toxicity,74,43,2175.614990|3.000000|0.000000,3.0044150352478027,3.0,2347.236816|3.000000|0.000000,2175.614990|3.000000|0.000000,2347.236816|3.000000|0.000000,3,59250409472.000000,N/A,5
MOGP_GENERATIONAL,7baf6830-f248-11f0-a4fb-6e001b3eef54,Toxicity,74,44,2175.614990|3.000000|0.000000,2.9686028957366943,3.0,2347.236816|3.000000|0.000000,2175.614990|3.000000|0.000000,2347.236816|3.000000|0.000000,3,23837685760.000000,N/A,5
MOGP_GENERATIONAL,7baf6830-f248-11f0-a4fb-6e001b3eef54,Toxicity,74,45,2175.614990|3.000000|0.000000,2.841212272644043,3.0,2347.236816|3.000000|0.000000,2175.614990|3.000000|0.000000,2347.236816|3.000000|0.000000,3,81231609856.000000,N/A,5
MOGP_GENERATIONAL,7baf6830-f248-11f0-a4fb-6e001b3eef54,Toxicity,74,46,2175.614990|3.000000|0.000000,2.7164087295532227,3.0,2347.236816|3.000000|0.000000,1986.069336|5.000000|2.000000,2196.382568|5.000000|2.000000,5,78035533824.000000,N/A,5
MOGP_GENERATIONAL,7baf6830-f248-11f0-a4fb-6e001b3eef54,Toxicity,74,47,2175.614990|3.000000|0.000000,2.8204140663146973,3.0,2347.236816|3.000000|0.000000,1997.601685|7.000000|2.000000,2196.665527|7.000000|2.000000,7,60110934016.000000,N/A,5
MOGP_GENERATIONAL,7baf6830-f248-11f0-a4fb-6e001b3eef54,Toxicity,74,48,2175.614990|3.000000|0.000000,2.7918999195098877,3.0,2347.236816|3.000000|0.000000,2175.614990|3.000000|0.000000,2347.236816|3.000000|0.000000,3,50922151936.000000,N/A,5
MOGP_GENERATIONAL,7baf6830-f248-11f0-a4fb-6e001b3eef54,Toxicity,74,49,2175.614990|3.000000|0.000000,2.963473320007324,3.0,2347.236816|3.000000|0.000000,2175.614990|3.000000|0.000000,2347.236816|3.000000|0.000000,3,56596340736.000000,N/A,5
MOGP_GENERATIONAL,7baf6830-f248-11f0-a4fb-6e001b3eef54,Toxicity,74,50,2175.614990|3.000000|0.000000,2.780945062637329,3.0,2347.236816|3.000000|0.000000,2070.385254|7.000000|1.000000,2269.763428|7.000000|1.000000,7,76559417344.000000,N/A,5
MOGP_GENERATIONAL,7baf6830-f248-11f0-a4fb-6e001b3eef54,Toxicity,74,51,2175.614990|3.000000|0.000000,2.6583969593048096,3.0,2347.236816|3.000000|0.000000,2156.573242|7.000000|1.000000,2339.649414|7.000000|1.000000,7,86987923456.000000,N/A,5
MOGP_GENERATIONAL,7baf6830-f248-11f0-a4fb-6e001b3eef54,Toxicity,74,52,2175.614990|3.000000|0.000000,2.724839925765991,3.0,2347.236816|3.000000|0.000000,2175.614990|3.000000|0.000000,2347.236816|3.000000|0.000000,3,54036340736.000000,N/A,5
MOGP_GENERATIONAL,7baf6830-f248-11f0-a4fb-6e001b3eef54,Toxicity,74,53,2175.614990|3.000000|0.000000,2.8358540534973145,3.0,2347.236816|3.000000|0.000000,2175.614990|3.000000|0.000000,2347.236816|3.000000|0.000000,3,84967686144.000000,N/A,5
MOGP_GENERATIONAL,7baf6830-f248-11f0-a4fb-6e001b3eef54,Toxicity,74,54,2175.614990|3.000000|0.000000,2.8463549613952637,3.0,2347.236816|3.000000|0.000000,2044.250244|7.000000|2.000000,2251.391357|7.000000|2.000000,7,50854203392.000000,N/A,5
MOGP_GENERATIONAL,7baf6830-f248-11f0-a4fb-6e001b3eef54,Toxicity,74,55,2175.614990|3.000000|0.000000,2.7131600379943848,3.0,2347.236816|3.000000|0.000000,2109.406006|7.000000|1.000000,2282.770996|7.000000|1.000000,7,43399299072.000000,N/A,5
MOGP_GENERATIONAL,7baf6830-f248-11f0-a4fb-6e001b3eef54,Toxicity,74,56,2175.614990|3.000000|0.000000,2.8124470710754395,3.0,2347.236816|3.000000|0.000000,2175.614990|3.000000|0.000000,2347.236816|3.000000|0.000000,3,69407858688.000000,N/A,5
MOGP_GENERATIONAL,7baf6830-f248-11f0-a4fb-6e001b3eef54,Toxicity,74,57,2175.614990|3.000000|0.000000,2.715441942214966,3.0,2347.236816|3.000000|0.000000,2175.614990|3.000000|0.000000,2347.236816|3.000000|0.000000,3,81211023360.000000,N/A,5
MOGP_GENERATIONAL,7baf6830-f248-11f0-a4fb-6e001b3eef54,Toxicity,74,58,2175.614990|3.000000|0.000000,2.6909596920013428,3.0,2347.236816|3.000000|0.000000,1995.642700|7.000000|0.000000,2182.990967|7.000000|0.000000,7,62168293376.000000,N/A,5
MOGP_GENERATIONAL,7baf6830-f248-11f0-a4fb-6e001b3eef54,Toxicity,74,59,2175.614990|3.000000|0.000000,2.8921120166778564,3.0,2347.236816|3.000000|0.000000,2175.614990|3.000000|0.000000,2347.236816|3.000000|0.000000,3,50530791424.000000,N/A,5
MOGP_GENERATIONAL,7baf6830-f248-11f0-a4fb-6e001b3eef54,Toxicity,74,60,2175.614990|3.000000|0.000000,2.9578909873962402,3.0,2347.236816|3.000000|0.000000,2033.488037|7.000000|2.000000,2311.099365|7.000000|2.000000,7,51209220096.000000,N/A,5
MOGP_GENERATIONAL,7baf6830-f248-11f0-a4fb-6e001b3eef54,Toxicity,74,61,2175.614990|3.000000|0.000000,2.796675205230713,3.0,2347.236816|3.000000|0.000000,2078.974854|7.000000|1.000000,2302.209473|7.000000|1.000000,7,49954504704.000000,N/A,5
MOGP_GENERATIONAL,7baf6830-f248-11f0-a4fb-6e001b3eef54,Toxicity,74,62,2175.614990|3.000000|0.000000,2.933955192565918,3.0,2347.236816|3.000000|0.000000,1990.520752|7.000000|0.000000,2180.268311|7.000000|0.000000,7,72566308864.000000,N/A,5
MOGP_GENERATIONAL,7baf6830-f248-11f0-a4fb-6e001b3eef54,Toxicity,74,63,2175.614990|3.000000|0.000000,3.0492990016937256,3.0,2347.236816|3.000000|0.000000,2175.614990|3.000000|0.000000,2347.236816|3.000000|0.000000,3,66467848192.000000,N/A,5
MOGP_GENERATIONAL,7baf6830-f248-11f0-a4fb-6e001b3eef54,Toxicity,74,64,2175.614990|3.000000|0.000000,3.337805986404419,3.0,2347.236816|3.000000|0.000000,2175.614990|3.000000|0.000000,2347.236816|3.000000|0.000000,3,50667913216.000000,N/A,5
MOGP_GENERATIONAL,7baf6830-f248-11f0-a4fb-6e001b3eef54,Toxicity,74,65,2175.614990|3.000000|0.000000,3.1162619590759277,3.0,2347.236816|3.000000|0.000000,2175.614990|3.000000|0.000000,2347.236816|3.000000|0.000000,3,11838660608.000000,N/A,5
MOGP_GENERATIONAL,7baf6830-f248-11f0-a4fb-6e001b3eef54,Toxicity,74,66,2175.614990|3.000000|0.000000,3.037511110305786,3.0,2347.236816|3.000000|0.000000,2175.614990|3.000000|0.000000,2347.236816|3.000000|0.000000,3,56875917312.000000,N/A,5
MOGP_GENERATIONAL,7baf6830-f248-11f0-a4fb-6e001b3eef54,Toxicity,74,67,2175.614990|3.000000|0.000000,3.1428818702697754,3.0,2347.236816|3.000000|0.000000,2175.614990|3.000000|0.000000,2347.236816|3.000000|0.000000,3,76735111168.000000,N/A,5
MOGP_GENERATIONAL,7baf6830-f248-11f0-a4fb-6e001b3eef54,Toxicity,74,68,2175.614990|3.000000|0.000000,3.077475070953369,3.0,2347.236816|3.000000|0.000000,2175.614990|3.000000|0.000000,2347.236816|3.000000|0.000000,3,14970122240.000000,N/A,5
MOGP_GENERATIONAL,7baf6830-f248-11f0-a4fb-6e001b3eef54,Toxicity,74,69,2175.614990|3.000000|0.000000,3.1622371673583984,3.0,2347.236816|3.000000|0.000000,2175.614990|3.000000|0.000000,2347.236816|3.000000|0.000000,3,88580431872.000000,N/A,5
MOGP_GENERATIONAL,7baf6830-f248-11f0-a4fb-6e001b3eef54,Toxicity,74,70,2175.614990|3.000000|0.000000,3.138248920440674,3.0,2347.236816|3.000000|0.000000,2175.614990|3.000000|0.000000,2347.236816|3.000000|0.000000,3,30912327680.000000,N/A,5
MOGP_GENERATIONAL,7baf6830-f248-11f0-a4fb-6e001b3eef54,Toxicity,74,71,2175.614990|3.000000|0.000000,3.229717969894409,3.0,2347.236816|3.000000|0.000000,2175.571289|11.000000|2.000000,2318.758057|11.000000|2.000000,11,85345738752.000000,N/A,5
MOGP_GENERATIONAL,7baf6830-f248-11f0-a4fb-6e001b3eef54,Toxicity,74,72,2175.614990|3.000000|0.000000,2.9598889350891113,3.0,2347.236816|3.000000|0.000000,2175.614990|3.000000|0.000000,2347.236816|3.000000|0.000000,3,24460681216.000000,N/A,5
MOGP_GENERATIONAL,7baf6830-f248-11f0-a4fb-6e001b3eef54,Toxicity,74,73,2175.614990|3.000000|0.000000,3.135221004486084,3.0,2347.236816|3.000000|0.000000,1995.642700|7.000000|0.000000,2182.990967|7.000000|0.000000,7,31358359552.000000,N/A,5
MOGP_GENERATIONAL,7baf6830-f248-11f0-a4fb-6e001b3eef54,Toxicity,74,74,2175.614990|3.000000|0.000000,3.1996560096740723,3.0,2347.236816|3.000000|0.000000,2156.122070|7.000000|1.000000,2344.892822|7.000000|1.000000,7,93944029184.000000,N/A,5
MOGP_GENERATIONAL,7baf6830-f248-11f0-a4fb-6e001b3eef54,Toxicity,74,75,2175.614990|3.000000|0.000000,3.121190309524536,3.0,2347.236816|3.000000|0.000000,2175.614990|3.000000|0.000000,2347.236816|3.000000|0.000000,3,69447901184.000000,N/A,5
MOGP_GENERATIONAL,7baf6830-f248-11f0-a4fb-6e001b3eef54,Toxicity,74,76,2175.614990|3.000000|0.000000,3.0786190032958984,3.0,2347.236816|3.000000|0.000000,2175.614990|3.000000|0.000000,2347.236816|3.000000|0.000000,3,52553347072.000000,N/A,5
MOGP_GENERATIONAL,7baf6830-f248-11f0-a4fb-6e001b3eef54,Toxicity,74,77,2175.614990|3.000000|0.000000,3.048460006713867,3.0,2347.236816|3.000000|0.000000,2175.614990|3.000000|0.000000,2347.236816|3.000000|0.000000,3,59245527040.000000,N/A,5
MOGP_GENERATIONAL,7baf6830-f248-11f0-a4fb-6e001b3eef54,Toxicity,74,78,2175.614990|3.000000|0.000000,3.069114923477173,3.0,2347.236816|3.000000|0.000000,2175.614990|3.000000|0.000000,2347.236816|3.000000|0.000000,3,83738402816.000000,N/A,5
MOGP_GENERATIONAL,7baf6830-f248-11f0-a4fb-6e001b3eef54,Toxicity,74,79,2175.614990|3.000000|0.000000,3.0792598724365234,3.0,2347.236816|3.000000|0.000000,2175.614990|3.000000|0.000000,2347.236816|3.000000|0.000000,3,49629396992.000000,N/A,5
MOGP_GENERATIONAL,7baf6830-f248-11f0-a4fb-6e001b3eef54,Toxicity,74,80,2175.614990|3.000000|0.000000,3.047879934310913,3.0,2347.236816|3.000000|0.000000,2175.614990|3.000000|0.000000,2347.236816|3.000000|0.000000,3,45595267072.000000,N/A,5
MOGP_GENERATIONAL,7baf6830-f248-11f0-a4fb-6e001b3eef54,Toxicity,74,81,2175.614990|3.000000|0.000000,2.717772960662842,3.0,2347.236816|3.000000|0.000000,2175.614990|3.000000|0.000000,2347.236816|3.000000|0.000000,3,87421411328.000000,N/A,5
MOGP_GENERATIONAL,7baf6830-f248-11f0-a4fb-6e001b3eef54,Toxicity,74,82,2175.614990|3.000000|0.000000,2.569347858428955,3.0,2347.236816|3.000000|0.000000,2161.176270|7.000000|2.000000,2320.013916|7.000000|2.000000,7,70401089536.000000,N/A,5
MOGP_GENERATIONAL,7baf6830-f248-11f0-a4fb-6e001b3eef54,Toxicity,74,83,2175.614990|3.000000|0.000000,2.4238967895507812,3.0,2347.236816|3.000000|0.000000,2175.614990|3.000000|0.000000,2347.236816|3.000000|0.000000,3,51929395200.000000,N/A,5
MOGP_GENERATIONAL,7baf6830-f248-11f0-a4fb-6e001b3eef54,Toxicity,74,84,2175.614990|3.000000|0.000000,2.7201719284057617,3.0,2347.236816|3.000000|0.000000,2175.614990|3.000000|0.000000,2347.236816|3.000000|0.000000,3,15509491712.000000,N/A,5
MOGP_GENERATIONAL,7baf6830-f248-11f0-a4fb-6e001b3eef54,Toxicity,74,85,2175.614990|3.000000|0.000000,2.7597811222076416,3.0,2347.236816|3.000000|0.000000,2175.614990|3.000000|0.000000,2347.236816|3.000000|0.000000,3,83399081984.000000,N/A,5
MOGP_GENERATIONAL,7baf6830-f248-11f0-a4fb-6e001b3eef54,Toxicity,74,86,2175.614990|3.000000|0.000000,3.0149810314178467,3.0,2347.236816|3.000000|0.000000,2001.496704|7.000000|1.000000,2191.207275|7.000000|1.000000,7,72658477056.000000,N/A,5
MOGP_GENERATIONAL,7baf6830-f248-11f0-a4fb-6e001b3eef54,Toxicity,74,87,2175.614990|3.000000|0.000000,2.785547971725464,3.0,2347.236816|3.000000|0.000000,2116.611572|5.000000|2.000000,2365.246338|5.000000|2.000000,5,70873341952.000000,N/A,5
MOGP_GENERATIONAL,7baf6830-f248-11f0-a4fb-6e001b3eef54,Toxicity,74,88,2175.614990|3.000000|0.000000,2.8749570846557617,3.0,2347.236816|3.000000|0.000000,2158.011230|7.000000|1.000000,2303.630371|7.000000|1.000000,7,90154590208.000000,N/A,5
MOGP_GENERATIONAL,7baf6830-f248-11f0-a4fb-6e001b3eef54,Toxicity,74,89,2175.614990|3.000000|0.000000,2.88348388671875,3.0,2347.236816|3.000000|0.000000,2175.614990|3.000000|0.000000,2347.236816|3.000000|0.000000,3,11082819584.000000,N/A,5
MOGP_GENERATIONAL,7baf6830-f248-11f0-a4fb-6e001b3eef54,Toxicity,74,90,2175.614990|3.000000|0.000000,2.98418927192688,3.0,2347.236816|3.000000|0.000000,2012.569336|5.000000|1.000000,2218.477539|5.000000|1.000000,5,60658626560.000000,N/A,5
MOGP_GENERATIONAL,7baf6830-f248-11f0-a4fb-6e001b3eef54,Toxicity,74,91,2175.614990|3.000000|0.000000,2.908789873123169,3.0,2347.236816|3.000000|0.000000,2175.614990|3.000000|0.000000,2347.236816|3.000000|0.000000,3,51637252096.000000,N/A,5
MOGP_GENERATIONAL,7baf6830-f248-11f0-a4fb-6e001b3eef54,Toxicity,74,92,2175.614990|3.000000|0.000000,2.9881410598754883,3.0,2347.236816|3.000000|0.000000,2175.614990|3.000000|0.000000,2347.236816|3.000000|0.000000,3,79942656000.000000,N/A,5
MOGP_GENERATIONAL,7baf6830-f248-11f0-a4fb-6e001b3eef54,Toxicity,74,93,2175.614990|3.000000|0.000000,2.78067684173584,3.0,2347.236816|3.000000|0.000000,2175.614990|3.000000|0.000000,2347.236816|3.000000|0.000000,3,62056484864.000000,N/A,5
MOGP_GENERATIONAL,7baf6830-f248-11f0-a4fb-6e001b3eef54,Toxicity,74,94,2175.614990|3.000000|0.000000,3.0328280925750732,3.0,2347.236816|3.000000|0.000000,2175.614990|3.000000|0.000000,2347.236816|3.000000|0.000000,3,69474353152.000000,N/A,5
MOGP_GENERATIONAL,7baf6830-f248-11f0-a4fb-6e001b3eef54,Toxicity,74,95,2175.614990|3.000000|0.000000,2.623551845550537,3.0,2347.236816|3.000000|0.000000,2175.614990|3.000000|0.000000,2347.236816|3.000000|0.000000,3,55616630784.000000,N/A,5
MOGP_GENERATIONAL,7baf6830-f248-11f0-a4fb-6e001b3eef54,Toxicity,74,96,2175.614990|3.000000|0.000000,2.580885171890259,3.0,2347.236816|3.000000|0.000000,2175.614990|3.000000|0.000000,2347.236816|3.000000|0.000000,3,81630298112.000000,N/A,5
MOGP_GENERATIONAL,7baf6830-f248-11f0-a4fb-6e001b3eef54,Toxicity,74,97,2175.614990|3.000000|0.000000,2.4324581623077393,3.0,2347.236816|3.000000|0.000000,2175.614990|3.000000|0.000000,2347.236816|3.000000|0.000000,3,59502444544.000000,N/A,5
MOGP_GENERATIONAL,7baf6830-f248-11f0-a4fb-6e001b3eef54,Toxicity,74,98,2175.614990|3.000000|0.000000,2.383887767791748,3.0,2347.236816|3.000000|0.000000,2175.614990|3.000000|0.000000,2347.236816|3.000000|0.000000,3,84946427904.000000,N/A,5
MOGP_GENERATIONAL,7baf6830-f248-11f0-a4fb-6e001b3eef54,Toxicity,74,99,2175.614990|3.000000|0.000000,2.550790309906006,3.0,2347.236816|3.000000|0.000000,2175.614990|3.000000|0.000000,2347.236816|3.000000|0.000000,3,109731676160.000000,N/A,5
MOGP_GENERATIONAL,7baf6830-f248-11f0-a4fb-6e001b3eef54,Toxicity,74,100,2175.614990|3.000000|0.000000,2.5955300331115723,3.0,2347.236816|3.000000|0.000000,2175.614990|3.000000|0.000000,2347.236816|3.000000|0.000000,3,55102021632.000000,N/A,5
MOGP_GENERATIONAL,7baf6830-f248-11f0-a4fb-6e001b3eef54,Toxicity,74,101,2175.614990|3.000000|0.000000,2.5502541065216064,3.0,2347.236816|3.000000|0.000000,2175.614990|3.000000|0.000000,2347.236816|3.000000|0.000000,3,111307554816.000000,N/A,5
MOGP_GENERATIONAL,7baf6830-f248-11f0-a4fb-6e001b3eef54,Toxicity,74,102,2175.614990|3.000000|0.000000,2.5017218589782715,3.0,2347.236816|3.000000|0.000000,2175.614990|3.000000|0.000000,2347.236816|3.000000|0.000000,3,81417641984.000000,N/A,5
MOGP_GENERATIONAL,7baf6830-f248-11f0-a4fb-6e001b3eef54,Toxicity,74,103,2175.614990|3.000000|0.000000,2.472184896469116,3.0,2347.236816|3.000000|0.000000,2175.614990|3.000000|0.000000,2347.236816|3.000000|0.000000,3,94235361280.000000,N/A,5
MOGP_GENERATIONAL,7baf6830-f248-11f0-a4fb-6e001b3eef54,Toxicity,74,104,2175.614990|3.000000|0.000000,2.575510025024414,3.0,2347.236816|3.000000|0.000000,2175.614990|3.000000|0.000000,2347.236816|3.000000|0.000000,3,47784022016.000000,N/A,5
MOGP_GENERATIONAL,7baf6830-f248-11f0-a4fb-6e001b3eef54,Toxicity,74,105,2175.614990|3.000000|0.000000,2.6306982040405273,3.0,2347.236816|3.000000|0.000000,2175.614990|3.000000|0.000000,2347.236816|3.000000|0.000000,3,68883128320.000000,N/A,5
MOGP_GENERATIONAL,7baf6830-f248-11f0-a4fb-6e001b3eef54,Toxicity,74,106,2175.614990|3.000000|0.000000,2.7262520790100098,3.0,2347.236816|3.000000|0.000000,2175.614990|3.000000|0.000000,2347.236816|3.000000|0.000000,3,52237037568.000000,N/A,5
MOGP_GENERATIONAL,7baf6830-f248-11f0-a4fb-6e001b3eef54,Toxicity,74,107,2175.614990|3.000000|0.000000,2.978034257888794,3.0,2347.236816|3.000000|0.000000,2175.614990|3.000000|0.000000,2347.236816|3.000000|0.000000,3,18484322304.000000,N/A,5
MOGP_GENERATIONAL,7baf6830-f248-11f0-a4fb-6e001b3eef54,Toxicity,74,108,2175.614990|3.000000|0.000000,3.052473783493042,3.0,2347.236816|3.000000|0.000000,2175.614990|3.000000|0.000000,2347.236816|3.000000|0.000000,3,104335958016.000000,N/A,5
MOGP_GENERATIONAL,7baf6830-f248-11f0-a4fb-6e001b3eef54,Toxicity,74,109,2175.614990|3.000000|0.000000,3.020531177520752,3.0,2347.236816|3.000000|0.000000,2038.173828|11.000000|2.000000,2263.060791|11.000000|2.000000,11,43282796544.000000,N/A,5
MOGP_GENERATIONAL,7baf6830-f248-11f0-a4fb-6e001b3eef54,Toxicity,74,110,2175.614990|3.000000|0.000000,3.283708095550537,3.0,2347.236816|3.000000|0.000000,2175.614990|3.000000|0.000000,2347.236816|3.000000|0.000000,3,129308736.000000,N/A,5
MOGP_GENERATIONAL,7baf6830-f248-11f0-a4fb-6e001b3eef54,Toxicity,74,111,2175.614990|3.000000|0.000000,2.9213950634002686,3.0,2347.236816|3.000000|0.000000,2175.614990|3.000000|0.000000,2347.236816|3.000000|0.000000,3,18971043840.000000,N/A,5
MOGP_GENERATIONAL,7baf6830-f248-11f0-a4fb-6e001b3eef54,Toxicity,74,112,2175.614990|3.000000|0.000000,2.972822904586792,3.0,2347.236816|3.000000|0.000000,1960.835449|7.000000|0.000000,2152.044434|7.000000|0.000000,7,109220480.000000,N/A,5
MOGP_GENERATIONAL,7baf6830-f248-11f0-a4fb-6e001b3eef54,Toxicity,74,113,2175.614990|3.000000|0.000000,3.0871851444244385,3.0,2347.236816|3.000000|0.000000,2175.614990|3.000000|0.000000,2347.236816|3.000000|0.000000,3,68174073856.000000,N/A,5
MOGP_GENERATIONAL,7baf6830-f248-11f0-a4fb-6e001b3eef54,Toxicity,74,114,2175.614990|3.000000|0.000000,3.01609206199646,3.0,2347.236816|3.000000|0.000000,2175.614990|3.000000|0.000000,2347.236816|3.000000|0.000000,3,83053993984.000000,N/A,5
MOGP_GENERATIONAL,7baf6830-f248-11f0-a4fb-6e001b3eef54,Toxicity,74,115,2175.614990|3.000000|0.000000,3.009948253631592,3.0,2347.236816|3.000000|0.000000,2175.614990|3.000000|0.000000,2347.236816|3.000000|0.000000,3,37689434112.000000,N/A,5
MOGP_GENERATIONAL,7baf6830-f248-11f0-a4fb-6e001b3eef54,Toxicity,74,116,2175.614990|3.000000|0.000000,3.042091131210327,3.0,2347.236816|3.000000|0.000000,2175.614990|3.000000|0.000000,2347.236816|3.000000|0.000000,3,3911430144.000000,N/A,5
MOGP_GENERATIONAL,7baf6830-f248-11f0-a4fb-6e001b3eef54,Toxicity,74,117,2175.614990|3.000000|0.000000,3.1577770709991455,3.0,2347.236816|3.000000|0.000000,2175.614990|3.000000|0.000000,2347.236816|3.000000|0.000000,3,22981505024.000000,N/A,5
MOGP_GENERATIONAL,7baf6830-f248-11f0-a4fb-6e001b3eef54,Toxicity,74,118,2175.614990|3.000000|0.000000,3.1639959812164307,3.0,2347.236816|3.000000|0.000000,2111.564697|7.000000|2.000000,2296.531006|7.000000|2.000000,7,68003774464.000000,N/A,5
MOGP_GENERATIONAL,7baf6830-f248-11f0-a4fb-6e001b3eef54,Toxicity,74,119,2175.614990|3.000000|0.000000,3.1243488788604736,3.0,2347.236816|3.000000|0.000000,2089.766113|7.000000|0.000000,2272.206543|7.000000|0.000000,7,18745956352.000000,N/A,5
MOGP_GENERATIONAL,7baf6830-f248-11f0-a4fb-6e001b3eef54,Toxicity,74,120,2175.614990|3.000000|0.000000,3.235975980758667,3.0,2347.236816|3.000000|0.000000,2175.614990|3.000000|0.000000,2347.236816|3.000000|0.000000,3,54518571008.000000,N/A,5
MOGP_GENERATIONAL,7baf6830-f248-11f0-a4fb-6e001b3eef54,Toxicity,74,121,2175.614990|3.000000|0.000000,3.2677791118621826,3.0,2347.236816|3.000000|0.000000,2137.028320|7.000000|1.000000,2286.409180|7.000000|1.000000,7,57546825728.000000,N/A,5
MOGP_GENERATIONAL,7baf6830-f248-11f0-a4fb-6e001b3eef54,Toxicity,74,122,2175.614990|3.000000|0.000000,3.2954442501068115,3.0,2347.236816|3.000000|0.000000,2134.459717|7.000000|1.000000,2352.695557|7.000000|1.000000,7,60018216960.000000,N/A,5
MOGP_GENERATIONAL,7baf6830-f248-11f0-a4fb-6e001b3eef54,Toxicity,74,123,2175.614990|3.000000|0.000000,3.243788957595825,3.0,2347.236816|3.000000|0.000000,2175.614990|3.000000|0.000000,2347.236816|3.000000|0.000000,3,46978408448.000000,N/A,5
MOGP_GENERATIONAL,7baf6830-f248-11f0-a4fb-6e001b3eef54,Toxicity,74,124,2175.614990|3.000000|0.000000,3.270838975906372,3.0,2347.236816|3.000000|0.000000,2175.614990|3.000000|0.000000,2347.236816|3.000000|0.000000,3,67930718208.000000,N/A,5
MOGP_GENERATIONAL,7baf6830-f248-11f0-a4fb-6e001b3eef54,Toxicity,74,125,2175.614990|3.000000|0.000000,3.1901590824127197,3.0,2347.236816|3.000000|0.000000,2175.614990|3.000000|0.000000,2347.236816|3.000000|0.000000,3,27706431488.000000,N/A,5
MOGP_GENERATIONAL,7baf6830-f248-11f0-a4fb-6e001b3eef54,Toxicity,74,126,2175.614990|3.000000|0.000000,2.9918289184570312,3.0,2347.236816|3.000000|0.000000,2175.614990|3.000000|0.000000,2347.236816|3.000000|0.000000,3,73182986240.000000,N/A,5
MOGP_GENERATIONAL,7baf6830-f248-11f0-a4fb-6e001b3eef54,Toxicity,74,127,2175.614990|3.000000|0.000000,2.9814469814300537,3.0,2347.236816|3.000000|0.000000,1961.462280|7.000000|0.000000,2153.061768|7.000000|0.000000,7,33453924.000000,N/A,5
MOGP_GENERATIONAL,7baf6830-f248-11f0-a4fb-6e001b3eef54,Toxicity,74,128,2175.614990|3.000000|0.000000,3.154850959777832,3.0,2347.236816|3.000000|0.000000,2175.614990|3.000000|0.000000,2347.236816|3.000000|0.000000,3,70528098304.000000,N/A,5
MOGP_GENERATIONAL,7baf6830-f248-11f0-a4fb-6e001b3eef54,Toxicity,74,129,2175.614990|3.000000|0.000000,3.2608933448791504,3.0,2347.236816|3.000000|0.000000,2175.614990|3.000000|0.000000,2347.236816|3.000000|0.000000,3,66271404032.000000,N/A,5
MOGP_GENERATIONAL,7baf6830-f248-11f0-a4fb-6e001b3eef54,Toxicity,74,130,2175.614990|3.000000|0.000000,3.2765657901763916,3.0,2347.236816|3.000000|0.000000,2175.614990|3.000000|0.000000,2347.236816|3.000000|0.000000,3,70710706176.000000,N/A,5
MOGP_GENERATIONAL,7baf6830-f248-11f0-a4fb-6e001b3eef54,Toxicity,74,131,2175.614990|3.000000|0.000000,3.174915075302124,3.0,2347.236816|3.000000|0.000000,1990.520752|7.000000|0.000000,2180.268311|7.000000|0.000000,7,51379441664.000000,N/A,5
MOGP_GENERATIONAL,7baf6830-f248-11f0-a4fb-6e001b3eef54,Toxicity,74,132,2175.614990|3.000000|0.000000,3.0429799556732178,3.0,2347.236816|3.000000|0.000000,2134.589111|7.000000|2.000000,2410.985596|7.000000|2.000000,7,17942609920.000000,N/A,5
MOGP_GENERATIONAL,7baf6830-f248-11f0-a4fb-6e001b3eef54,Toxicity,74,133,2175.614990|3.000000|0.000000,3.0841662883758545,3.0,2347.236816|3.000000|0.000000,1990.520752|7.000000|0.000000,2180.268311|7.000000|0.000000,7,52309790720.000000,N/A,5
MOGP_GENERATIONAL,7baf6830-f248-11f0-a4fb-6e001b3eef54,Toxicity,74,134,2175.614990|3.000000|0.000000,3.1247470378875732,3.0,2347.236816|3.000000|0.000000,1990.520752|7.000000|0.000000,2180.268311|7.000000|0.000000,7,20904263680.000000,N/A,5
MOGP_GENERATIONAL,7baf6830-f248-11f0-a4fb-6e001b3eef54,Toxicity,74,135,2175.614990|3.000000|0.000000,3.128751039505005,3.0,2347.236816|3.000000|0.000000,2175.614990|3.000000|0.000000,2347.236816|3.000000|0.000000,3,108160647168.000000,N/A,5
MOGP_GENERATIONAL,7baf6830-f248-11f0-a4fb-6e001b3eef54,Toxicity,74,136,2175.614990|3.000000|0.000000,3.1657769680023193,3.0,2347.236816|3.000000|0.000000,2175.614990|3.000000|0.000000,2347.236816|3.000000|0.000000,3,35443945472.000000,N/A,5
MOGP_GENERATIONAL,7baf6830-f248-11f0-a4fb-6e001b3eef54,Toxicity,74,137,2175.614990|3.000000|0.000000,3.2260873317718506,3.0,2347.236816|3.000000|0.000000,2175.614990|3.000000|0.000000,2347.236816|3.000000|0.000000,3,19268323328.000000,N/A,5
MOGP_GENERATIONAL,7baf6830-f248-11f0-a4fb-6e001b3eef54,Toxicity,74,138,2175.614990|3.000000|0.000000,3.250959873199463,3.0,2347.236816|3.000000|0.000000,2029.838257|7.000000|2.000000,2255.751709|7.000000|2.000000,7,50836054016.000000,N/A,5
MOGP_GENERATIONAL,7baf6830-f248-11f0-a4fb-6e001b3eef54,Toxicity,74,139,2175.614990|3.000000|0.000000,3.186228036880493,3.0,2347.236816|3.000000|0.000000,2016.912354|7.000000|2.000000,2253.472656|7.000000|2.000000,7,69981560832.000000,N/A,5
MOGP_GENERATIONAL,7baf6830-f248-11f0-a4fb-6e001b3eef54,Toxicity,74,140,2175.614990|3.000000|0.000000,3.102372169494629,3.0,2347.236816|3.000000|0.000000,2175.614990|3.000000|0.000000,2347.236816|3.000000|0.000000,3,68338397184.000000,N/A,5
MOGP_GENERATIONAL,7baf6830-f248-11f0-a4fb-6e001b3eef54,Toxicity,74,141,2175.614990|3.000000|0.000000,3.308877944946289,3.0,2347.236816|3.000000|0.000000,2175.614990|3.000000|0.000000,2347.236816|3.000000|0.000000,3,61536063488.000000,N/A,5
MOGP_GENERATIONAL,7baf6830-f248-11f0-a4fb-6e001b3eef54,Toxicity,74,142,2175.614990|3.000000|0.000000,3.226377248764038,3.0,2347.236816|3.000000|0.000000,2175.614990|3.000000|0.000000,2347.236816|3.000000|0.000000,3,50021109760.000000,N/A,5
MOGP_GENERATIONAL,7baf6830-f248-11f0-a4fb-6e001b3eef54,Toxicity,74,143,2175.614990|3.000000|0.000000,3.073744773864746,3.0,2347.236816|3.000000|0.000000,2175.614990|3.000000|0.000000,2347.236816|3.000000|0.000000,3,78486462464.000000,N/A,5
MOGP_GENERATIONAL,7baf6830-f248-11f0-a4fb-6e001b3eef54,Toxicity,74,144,2175.614990|3.000000|0.000000,3.2773008346557617,3.0,2347.236816|3.000000|0.000000,2175.614990|3.000000|0.000000,2347.236816|3.000000|0.000000,3,26966962176.000000,N/A,5
MOGP_GENERATIONAL,7baf6830-f248-11f0-a4fb-6e001b3eef54,Toxicity,74,145,2175.614990|3.000000|0.000000,3.062088966369629,3.0,2347.236816|3.000000|0.000000,2081.310303|7.000000|1.000000,2243.359375|7.000000|1.000000,7,76699820032.000000,N/A,5
MOGP_GENERATIONAL,7baf6830-f248-11f0-a4fb-6e001b3eef54,Toxicity,74,146,2175.614990|3.000000|0.000000,3.0879359245300293,3.0,2347.236816|3.000000|0.000000,2175.614990|3.000000|0.000000,2347.236816|3.000000|0.000000,3,112972054528.000000,N/A,5
MOGP_GENERATIONAL,7baf6830-f248-11f0-a4fb-6e001b3eef54,Toxicity,74,147,2175.614990|3.000000|0.000000,2.942589044570923,3.0,2347.236816|3.000000|0.000000,2175.614990|3.000000|0.000000,2347.236816|3.000000|0.000000,3,38398009344.000000,N/A,5
MOGP_GENERATIONAL,7baf6830-f248-11f0-a4fb-6e001b3eef54,Toxicity,74,148,2175.614990|3.000000|0.000000,2.895008087158203,3.0,2347.236816|3.000000|0.000000,2175.614990|3.000000|0.000000,2347.236816|3.000000|0.000000,3,57844703232.000000,N/A,5
MOGP_GENERATIONAL,7baf6830-f248-11f0-a4fb-6e001b3eef54,Toxicity,74,149,2175.614990|3.000000|0.000000,3.102062940597534,3.0,2347.236816|3.000000|0.000000,2175.614990|3.000000|0.000000,2347.236816|3.000000|0.000000,3,89037553664.000000,N/A,5
MOGP_GENERATIONAL,7baf6830-f248-11f0-a4fb-6e001b3eef54,Toxicity,74,150,2175.614990|3.000000|0.000000,2.908176898956299,3.0,2347.236816|3.000000|0.000000,2175.614990|3.000000|0.000000,2347.236816|3.000000|0.000000,3,42677846016.000000,N/A,5
MOGP_GENERATIONAL,7baf6830-f248-11f0-a4fb-6e001b3eef54,Toxicity,74,151,2175.614990|3.000000|0.000000,3.0500810146331787,3.0,2347.236816|3.000000|0.000000,2175.614990|3.000000|0.000000,2347.236816|3.000000|0.000000,3,70620749824.000000,N/A,5
MOGP_GENERATIONAL,7baf6830-f248-11f0-a4fb-6e001b3eef54,Toxicity,74,152,2175.614990|3.000000|0.000000,3.371541976928711,3.0,2347.236816|3.000000|0.000000,2175.614990|3.000000|0.000000,2347.236816|3.000000|0.000000,3,42632347648.000000,N/A,5
MOGP_GENERATIONAL,7baf6830-f248-11f0-a4fb-6e001b3eef54,Toxicity,74,153,2175.614990|3.000000|0.000000,3.036088228225708,3.0,2347.236816|3.000000|0.000000,2175.614990|3.000000|0.000000,2347.236816|3.000000|0.000000,3,60290895872.000000,N/A,5
MOGP_GENERATIONAL,7baf6830-f248-11f0-a4fb-6e001b3eef54,Toxicity,74,154,2175.614990|3.000000|0.000000,2.9322750568389893,3.0,2347.236816|3.000000|0.000000,1995.642700|7.000000|0.000000,2182.990967|7.000000|0.000000,7,89669468160.000000,N/A,5
MOGP_GENERATIONAL,7baf6830-f248-11f0-a4fb-6e001b3eef54,Toxicity,74,155,2175.614990|3.000000|0.000000,2.9715888500213623,3.0,2347.236816|3.000000|0.000000,2056.390869|7.000000|2.000000,2267.139404|7.000000|2.000000,7,64428769280.000000,N/A,5
MOGP_GENERATIONAL,7baf6830-f248-11f0-a4fb-6e001b3eef54,Toxicity,74,156,2175.614990|3.000000|0.000000,3.073593854904175,3.0,2347.236816|3.000000|0.000000,2175.614990|3.000000|0.000000,2347.236816|3.000000|0.000000,3,80839917568.000000,N/A,5
MOGP_GENERATIONAL,7baf6830-f248-11f0-a4fb-6e001b3eef54,Toxicity,74,157,2175.614990|3.000000|0.000000,3.063180923461914,3.0,2347.236816|3.000000|0.000000,2058.055176|7.000000|0.000000,2242.822998|7.000000|0.000000,7,85276557312.000000,N/A,5
MOGP_GENERATIONAL,7baf6830-f248-11f0-a4fb-6e001b3eef54,Toxicity,74,158,2175.614990|3.000000|0.000000,2.992816209793091,3.0,2347.236816|3.000000|0.000000,2175.614990|3.000000|0.000000,2347.236816|3.000000|0.000000,3,80727588864.000000,N/A,5
MOGP_GENERATIONAL,7baf6830-f248-11f0-a4fb-6e001b3eef54,Toxicity,74,159,2175.614990|3.000000|0.000000,2.9792819023132324,3.0,2347.236816|3.000000|0.000000,2106.936279|7.000000|0.000000,2284.163330|7.000000|0.000000,7,59275284480.000000,N/A,5
MOGP_GENERATIONAL,7baf6830-f248-11f0-a4fb-6e001b3eef54,Toxicity,74,160,2175.614990|3.000000|0.000000,2.8635618686676025,3.0,2347.236816|3.000000|0.000000,2113.755859|7.000000|2.000000,2299.600586|7.000000|2.000000,7,80004997120.000000,N/A,5
MOGP_GENERATIONAL,7baf6830-f248-11f0-a4fb-6e001b3eef54,Toxicity,74,161,2175.614990|3.000000|0.000000,2.8408868312835693,3.0,2347.236816|3.000000|0.000000,2175.614990|3.000000|0.000000,2347.236816|3.000000|0.000000,3,66360385536.000000,N/A,5
MOGP_GENERATIONAL,7baf6830-f248-11f0-a4fb-6e001b3eef54,Toxicity,74,162,2175.614990|3.000000|0.000000,2.786860942840576,3.0,2347.236816|3.000000|0.000000,2175.614990|3.000000|0.000000,2347.236816|3.000000|0.000000,3,50232557568.000000,N/A,5
MOGP_GENERATIONAL,7baf6830-f248-11f0-a4fb-6e001b3eef54,Toxicity,74,163,2175.614990|3.000000|0.000000,2.843317985534668,3.0,2347.236816|3.000000|0.000000,2074.574219|7.000000|1.000000,2275.056885|7.000000|1.000000,7,85608808.000000,N/A,5
MOGP_GENERATIONAL,7baf6830-f248-11f0-a4fb-6e001b3eef54,Toxicity,74,164,2175.614990|3.000000|0.000000,2.91511607170105,3.0,2347.236816|3.000000|0.000000,2034.925171|11.000000|3.000000,2270.819580|11.000000|3.000000,11,75121680384.000000,N/A,5
MOGP_GENERATIONAL,7baf6830-f248-11f0-a4fb-6e001b3eef54,Toxicity,74,165,2175.614990|3.000000|0.000000,3.00738263130188,3.0,2347.236816|3.000000|0.000000,2056.840088|5.000000|2.000000,2238.445557|5.000000|2.000000,5,54242783232.000000,N/A,5
MOGP_GENERATIONAL,7baf6830-f248-11f0-a4fb-6e001b3eef54,Toxicity,74,166,2175.614990|3.000000|0.000000,2.9113011360168457,3.0,2347.236816|3.000000|0.000000,2175.614990|3.000000|0.000000,2347.236816|3.000000|0.000000,3,25370423296.000000,N/A,5
MOGP_GENERATIONAL,7baf6830-f248-11f0-a4fb-6e001b3eef54,Toxicity,74,167,2175.614990|3.000000|0.000000,2.8553411960601807,3.0,2347.236816|3.000000|0.000000,2175.614990|3.000000|0.000000,2347.236816|3.000000|0.000000,3,52272783360.000000,N/A,5
MOGP_GENERATIONAL,7baf6830-f248-11f0-a4fb-6e001b3eef54,Toxicity,74,168,2175.614990|3.000000|0.000000,2.7686350345611572,3.0,2347.236816|3.000000|0.000000,2175.614990|3.000000|0.000000,2347.236816|3.000000|0.000000,3,86332104704.000000,N/A,5
MOGP_GENERATIONAL,7baf6830-f248-11f0-a4fb-6e001b3eef54,Toxicity,74,169,2175.614990|3.000000|0.000000,2.9008121490478516,3.0,2347.236816|3.000000|0.000000,2027.887451|5.000000|0.000000,2214.890381|5.000000|0.000000,5,54475026432.000000,N/A,5
MOGP_GENERATIONAL,7baf6830-f248-11f0-a4fb-6e001b3eef54,Toxicity,74,170,2175.614990|3.000000|0.000000,2.8900887966156006,3.0,2347.236816|3.000000|0.000000,2152.282715|7.000000|0.000000,2325.765381|7.000000|0.000000,7,52996079616.000000,N/A,5
MOGP_GENERATIONAL,7baf6830-f248-11f0-a4fb-6e001b3eef54,Toxicity,74,171,2175.614990|3.000000|0.000000,2.9831371307373047,3.0,2347.236816|3.000000|0.000000,2175.614990|3.000000|0.000000,2347.236816|3.000000|0.000000,3,100407386112.000000,N/A,5
MOGP_GENERATIONAL,7baf6830-f248-11f0-a4fb-6e001b3eef54,Toxicity,74,172,2175.614990|3.000000|0.000000,3.0291759967803955,3.0,2347.236816|3.000000|0.000000,2175.614990|3.000000|0.000000,2347.236816|3.000000|0.000000,3,18046593024.000000,N/A,5
MOGP_GENERATIONAL,7baf6830-f248-11f0-a4fb-6e001b3eef54,Toxicity,74,173,2175.614990|3.000000|0.000000,2.8960890769958496,3.0,2347.236816|3.000000|0.000000,2175.614990|3.000000|0.000000,2347.236816|3.000000|0.000000,3,3928787200.000000,N/A,5
MOGP_GENERATIONAL,7baf6830-f248-11f0-a4fb-6e001b3eef54,Toxicity,74,174,2175.614990|3.000000|0.000000,2.954815149307251,3.0,2347.236816|3.000000|0.000000,2175.614990|3.000000|0.000000,2347.236816|3.000000|0.000000,3,61500702720.000000,N/A,5
MOGP_GENERATIONAL,7baf6830-f248-11f0-a4fb-6e001b3eef54,Toxicity,74,175,2175.614990|3.000000|0.000000,2.899305820465088,3.0,2347.236816|3.000000|0.000000,2175.614990|3.000000|0.000000,2347.236816|3.000000|0.000000,3,58133073920.000000,N/A,5
MOGP_GENERATIONAL,7baf6830-f248-11f0-a4fb-6e001b3eef54,Toxicity,74,176,2175.614990|3.000000|0.000000,3.0758819580078125,3.0,2347.236816|3.000000|0.000000,2175.614990|3.000000|0.000000,2347.236816|3.000000|0.000000,3,9580767232.000000,N/A,5
MOGP_GENERATIONAL,7baf6830-f248-11f0-a4fb-6e001b3eef54,Toxicity,74,177,2175.614990|3.000000|0.000000,3.243009090423584,3.0,2347.236816|3.000000|0.000000,2175.614990|3.000000|0.000000,2347.236816|3.000000|0.000000,3,69315354624.000000,N/A,5
MOGP_GENERATIONAL,7baf6830-f248-11f0-a4fb-6e001b3eef54,Toxicity,74,178,2175.614990|3.000000|0.000000,3.0354111194610596,3.0,2347.236816|3.000000|0.000000,2175.614990|3.000000|0.000000,2347.236816|3.000000|0.000000,3,56199036928.000000,N/A,5
MOGP_GENERATIONAL,7baf6830-f248-11f0-a4fb-6e001b3eef54,Toxicity,74,179,2175.614990|3.000000|0.000000,2.9839680194854736,3.0,2347.236816|3.000000|0.000000,2175.614990|3.000000|0.000000,2347.236816|3.000000|0.000000,3,46354030592.000000,N/A,5
MOGP_GENERATIONAL,7baf6830-f248-11f0-a4fb-6e001b3eef54,Toxicity,74,180,2175.614990|3.000000|0.000000,3.0542690753936768,3.0,2347.236816|3.000000|0.000000,2175.614990|3.000000|0.000000,2347.236816|3.000000|0.000000,3,60344745984.000000,N/A,5
MOGP_GENERATIONAL,7baf6830-f248-11f0-a4fb-6e001b3eef54,Toxicity,74,181,2175.614990|3.000000|0.000000,3.0096969604492188,3.0,2347.236816|3.000000|0.000000,2175.614990|3.000000|0.000000,2347.236816|3.000000|0.000000,3,51918163968.000000,N/A,5
MOGP_GENERATIONAL,7baf6830-f248-11f0-a4fb-6e001b3eef54,Toxicity,74,182,2175.614990|3.000000|0.000000,3.0320942401885986,3.0,2347.236816|3.000000|0.000000,2175.614990|3.000000|0.000000,2347.236816|3.000000|0.000000,3,5565494784.000000,N/A,5
MOGP_GENERATIONAL,7baf6830-f248-11f0-a4fb-6e001b3eef54,Toxicity,74,183,2175.614990|3.000000|0.000000,2.950627088546753,3.0,2347.236816|3.000000|0.000000,2175.614990|3.000000|0.000000,2347.236816|3.000000|0.000000,3,113126719488.000000,N/A,5
MOGP_GENERATIONAL,7baf6830-f248-11f0-a4fb-6e001b3eef54,Toxicity,74,184,2175.614990|3.000000|0.000000,2.9236490726470947,3.0,2347.236816|3.000000|0.000000,2175.614990|3.000000|0.000000,2347.236816|3.000000|0.000000,3,97104125952.000000,N/A,5
MOGP_GENERATIONAL,7baf6830-f248-11f0-a4fb-6e001b3eef54,Toxicity,74,185,2175.614990|3.000000|0.000000,2.9622557163238525,3.0,2347.236816|3.000000|0.000000,2079.437500|7.000000|2.000000,2281.414551|7.000000|2.000000,7,91670773760.000000,N/A,5
MOGP_GENERATIONAL,7baf6830-f248-11f0-a4fb-6e001b3eef54,Toxicity,74,186,2175.614990|3.000000|0.000000,2.762653112411499,3.0,2347.236816|3.000000|0.000000,2052.494385|5.000000|1.000000,2240.429443|5.000000|1.000000,5,83254067200.000000,N/A,5
MOGP_GENERATIONAL,7baf6830-f248-11f0-a4fb-6e001b3eef54,Toxicity,74,187,2175.614990|3.000000|0.000000,2.6096010208129883,3.0,2347.236816|3.000000|0.000000,2175.614990|3.000000|0.000000,2347.236816|3.000000|0.000000,3,53913706496.000000,N/A,5
MOGP_GENERATIONAL,7baf6830-f248-11f0-a4fb-6e001b3eef54,Toxicity,74,188,2175.614990|3.000000|0.000000,2.6481099128723145,3.0,2347.236816|3.000000|0.000000,2011.311279|7.000000|2.000000,2164.854492|7.000000|2.000000,7,59549683712.000000,N/A,5
MOGP_GENERATIONAL,7baf6830-f248-11f0-a4fb-6e001b3eef54,Toxicity,74,189,2175.614990|3.000000|0.000000,2.9340879917144775,3.0,2347.236816|3.000000|0.000000,2175.614990|3.000000|0.000000,2347.236816|3.000000|0.000000,3,71026278400.000000,N/A,5
MOGP_GENERATIONAL,7baf6830-f248-11f0-a4fb-6e001b3eef54,Toxicity,74,190,2175.614990|3.000000|0.000000,2.886324882507324,3.0,2347.236816|3.000000|0.000000,2072.735107|7.000000|2.000000,2286.134033|7.000000|2.000000,7,52650065920.000000,N/A,5
MOGP_GENERATIONAL,7baf6830-f248-11f0-a4fb-6e001b3eef54,Toxicity,74,191,2175.614990|3.000000|0.000000,2.921266794204712,3.0,2347.236816|3.000000|0.000000,2175.614990|3.000000|0.000000,2347.236816|3.000000|0.000000,3,87981858816.000000,N/A,5
MOGP_GENERATIONAL,7baf6830-f248-11f0-a4fb-6e001b3eef54,Toxicity,74,192,2175.614990|3.000000|0.000000,3.023552894592285,3.0,2347.236816|3.000000|0.000000,2175.614990|3.000000|0.000000,2347.236816|3.000000|0.000000,3,97222901760.000000,N/A,5
MOGP_GENERATIONAL,7baf6830-f248-11f0-a4fb-6e001b3eef54,Toxicity,74,193,2175.614990|3.000000|0.000000,3.0185532569885254,3.0,2347.236816|3.000000|0.000000,2175.614990|3.000000|0.000000,2347.236816|3.000000|0.000000,3,71522934784.000000,N/A,5
MOGP_GENERATIONAL,7baf6830-f248-11f0-a4fb-6e001b3eef54,Toxicity,74,194,2175.614990|3.000000|0.000000,3.190737724304199,3.0,2347.236816|3.000000|0.000000,2175.614990|3.000000|0.000000,2347.236816|3.000000|0.000000,3,49508065280.000000,N/A,5
MOGP_GENERATIONAL,7baf6830-f248-11f0-a4fb-6e001b3eef54,Toxicity,74,195,2175.614990|3.000000|0.000000,3.2057480812072754,3.0,2347.236816|3.000000|0.000000,2175.614990|3.000000|0.000000,2347.236816|3.000000|0.000000,3,87310581760.000000,N/A,5
MOGP_GENERATIONAL,7baf6830-f248-11f0-a4fb-6e001b3eef54,Toxicity,74,196,2175.614990|3.000000|0.000000,3.204533100128174,3.0,2347.236816|3.000000|0.000000,2175.614990|3.000000|0.000000,2347.236816|3.000000|0.000000,3,9166479360.000000,N/A,5
MOGP_GENERATIONAL,7baf6830-f248-11f0-a4fb-6e001b3eef54,Toxicity,74,197,2175.614990|3.000000|0.000000,3.1667778491973877,3.0,2347.236816|3.000000|0.000000,2175.614990|3.000000|0.000000,2347.236816|3.000000|0.000000,3,3911384064.000000,N/A,5
MOGP_GENERATIONAL,7baf6830-f248-11f0-a4fb-6e001b3eef54,Toxicity,74,198,2175.614990|3.000000|0.000000,3.094299077987671,3.0,2347.236816|3.000000|0.000000,2175.614990|3.000000|0.000000,2347.236816|3.000000|0.000000,3,21189799936.000000,N/A,5
MOGP_GENERATIONAL,7baf6830-f248-11f0-a4fb-6e001b3eef54,Toxicity,74,199,2175.614990|3.000000|0.000000,3.1474339962005615,3.0,2347.236816|3.000000|0.000000,2175.614990|3.000000|0.000000,2347.236816|3.000000|0.000000,3,67772153856.000000,N/A,5
MOGP_GENERATIONAL,7baf6830-f248-11f0-a4fb-6e001b3eef54,Toxicity,74,200,2175.614990|3.000000|0.000000,3.247680187225342,3.0,2347.236816|3.000000|0.000000,2175.614990|3.000000|0.000000,2347.236816|3.000000|0.000000,3,11724481536.000000,N/A,5
MOGP_GENERATIONAL,7baf6830-f248-11f0-a4fb-6e001b3eef54,Toxicity,74,201,2175.614990|3.000000|0.000000,3.054213285446167,3.0,2347.236816|3.000000|0.000000,2175.614990|3.000000|0.000000,2347.236816|3.000000|0.000000,3,99484147712.000000,N/A,5
MOGP_GENERATIONAL,7baf6830-f248-11f0-a4fb-6e001b3eef54,Toxicity,74,202,2175.614990|3.000000|0.000000,2.9460830688476562,3.0,2347.236816|3.000000|0.000000,2175.614990|3.000000|0.000000,2347.236816|3.000000|0.000000,3,72593096704.000000,N/A,5
MOGP_GENERATIONAL,7baf6830-f248-11f0-a4fb-6e001b3eef54,Toxicity,74,203,2175.614990|3.000000|0.000000,3.031116008758545,3.0,2347.236816|3.000000|0.000000,2175.614990|3.000000|0.000000,2347.236816|3.000000|0.000000,3,97949630464.000000,N/A,5
MOGP_GENERATIONAL,7baf6830-f248-11f0-a4fb-6e001b3eef54,Toxicity,74,204,2175.614990|3.000000|0.000000,2.916290044784546,3.0,2347.236816|3.000000|0.000000,2175.614990|3.000000|0.000000,2347.236816|3.000000|0.000000,3,86320889856.000000,N/A,5
MOGP_GENERATIONAL,7baf6830-f248-11f0-a4fb-6e001b3eef54,Toxicity,74,205,2175.614990|3.000000|0.000000,2.9773809909820557,3.0,2347.236816|3.000000|0.000000,2175.614990|3.000000|0.000000,2347.236816|3.000000|0.000000,3,52416278528.000000,N/A,5
MOGP_GENERATIONAL,7baf6830-f248-11f0-a4fb-6e001b3eef54,Toxicity,74,206,2175.614990|3.000000|0.000000,2.76090407371521,3.0,2347.236816|3.000000|0.000000,2175.614990|3.000000|0.000000,2347.236816|3.000000|0.000000,3,34733035520.000000,N/A,5
MOGP_GENERATIONAL,7baf6830-f248-11f0-a4fb-6e001b3eef54,Toxicity,74,207,2175.614990|3.000000|0.000000,2.813088893890381,3.0,2347.236816|3.000000|0.000000,2175.614990|3.000000|0.000000,2347.236816|3.000000|0.000000,3,109536731136.000000,N/A,5
MOGP_GENERATIONAL,7baf6830-f248-11f0-a4fb-6e001b3eef54,Toxicity,74,208,2175.614990|3.000000|0.000000,2.6330108642578125,3.0,2347.236816|3.000000|0.000000,2148.967773|7.000000|1.000000,2355.385742|7.000000|1.000000,7,101911093248.000000,N/A,5
MOGP_GENERATIONAL,7baf6830-f248-11f0-a4fb-6e001b3eef54,Toxicity,74,209,2175.614990|3.000000|0.000000,2.556300163269043,3.0,2347.236816|3.000000|0.000000,2175.614990|3.000000|0.000000,2347.236816|3.000000|0.000000,3,52764303360.000000,N/A,5
MOGP_GENERATIONAL,7baf6830-f248-11f0-a4fb-6e001b3eef54,Toxicity,74,210,2175.614990|3.000000|0.000000,2.5121350288391113,3.0,2347.236816|3.000000|0.000000,1960.835449|7.000000|0.000000,2152.044434|7.000000|0.000000,7,52371525632.000000,N/A,5
MOGP_GENERATIONAL,7baf6830-f248-11f0-a4fb-6e001b3eef54,Toxicity,74,211,2175.614990|3.000000|0.000000,2.6094539165496826,3.0,2347.236816|3.000000|0.000000,2045.682739|5.000000|2.000000,2257.602051|5.000000|2.000000,5,99817635840.000000,N/A,5
MOGP_GENERATIONAL,7baf6830-f248-11f0-a4fb-6e001b3eef54,Toxicity,74,212,2175.614990|3.000000|0.000000,2.6345298290252686,3.0,2347.236816|3.000000|0.000000,2175.614990|3.000000|0.000000,2347.236816|3.000000|0.000000,3,51460087808.000000,N/A,5
MOGP_GENERATIONAL,7baf6830-f248-11f0-a4fb-6e001b3eef54,Toxicity,74,213,2175.614990|3.000000|0.000000,2.576076030731201,3.0,2347.236816|3.000000|0.000000,2175.614990|3.000000|0.000000,2347.236816|3.000000|0.000000,3,54189694976.000000,N/A,5
MOGP_GENERATIONAL,7baf6830-f248-11f0-a4fb-6e001b3eef54,Toxicity,74,214,2175.614990|3.000000|0.000000,2.7464308738708496,3.0,2347.236816|3.000000|0.000000,2175.614990|3.000000|0.000000,2347.236816|3.000000|0.000000,3,18965286912.000000,N/A,5
MOGP_GENERATIONAL,7baf6830-f248-11f0-a4fb-6e001b3eef54,Toxicity,74,215,2175.614990|3.000000|0.000000,2.513117790222168,3.0,2347.236816|3.000000|0.000000,2175.614990|3.000000|0.000000,2347.236816|3.000000|0.000000,3,84761919488.000000,N/A,5
MOGP_GENERATIONAL,7baf6830-f248-11f0-a4fb-6e001b3eef54,Toxicity,74,216,2175.614990|3.000000|0.000000,2.4855868816375732,3.0,2347.236816|3.000000|0.000000,2175.614990|3.000000|0.000000,2347.236816|3.000000|0.000000,3,86581657600.000000,N/A,5
MOGP_GENERATIONAL,7baf6830-f248-11f0-a4fb-6e001b3eef54,Toxicity,74,217,2175.614990|3.000000|0.000000,2.5208230018615723,3.0,2347.236816|3.000000|0.000000,1995.642700|7.000000|0.000000,2182.990967|7.000000|0.000000,7,88892039168.000000,N/A,5
MOGP_GENERATIONAL,7baf6830-f248-11f0-a4fb-6e001b3eef54,Toxicity,74,218,2175.614990|3.000000|0.000000,2.721914052963257,3.0,2347.236816|3.000000|0.000000,2123.202637|7.000000|1.000000,2307.379639|7.000000|1.000000,7,104818958336.000000,N/A,5
MOGP_GENERATIONAL,7baf6830-f248-11f0-a4fb-6e001b3eef54,Toxicity,74,219,2175.614990|3.000000|0.000000,2.580460786819458,3.0,2347.236816|3.000000|0.000000,1995.642700|7.000000|0.000000,2182.990967|7.000000|0.000000,7,69246083072.000000,N/A,5
MOGP_GENERATIONAL,7baf6830-f248-11f0-a4fb-6e001b3eef54,Toxicity,74,220,2175.614990|3.000000|0.000000,2.6470930576324463,3.0,2347.236816|3.000000|0.000000,2175.614990|3.000000|0.000000,2347.236816|3.000000|0.000000,3,50375520256.000000,N/A,5
MOGP_GENERATIONAL,7baf6830-f248-11f0-a4fb-6e001b3eef54,Toxicity,74,221,2175.614990|3.000000|0.000000,2.609541893005371,3.0,2347.236816|3.000000|0.000000,2175.614990|3.000000|0.000000,2347.236816|3.000000|0.000000,3,38011035648.000000,N/A,5
MOGP_GENERATIONAL,7baf6830-f248-11f0-a4fb-6e001b3eef54,Toxicity,74,222,2175.614990|3.000000|0.000000,2.6574201583862305,3.0,2347.236816|3.000000|0.000000,2175.614990|3.000000|0.000000,2347.236816|3.000000|0.000000,3,52482535424.000000,N/A,5
MOGP_GENERATIONAL,7baf6830-f248-11f0-a4fb-6e001b3eef54,Toxicity,74,223,2175.614990|3.000000|0.000000,2.6252710819244385,3.0,2347.236816|3.000000|0.000000,2175.614990|3.000000|0.000000,2347.236816|3.000000|0.000000,3,75189657600.000000,N/A,5
MOGP_GENERATIONAL,7baf6830-f248-11f0-a4fb-6e001b3eef54,Toxicity,74,224,2175.614990|3.000000|0.000000,2.6816768646240234,3.0,2347.236816|3.000000|0.000000,2175.614990|3.000000|0.000000,2347.236816|3.000000|0.000000,3,50222407680.000000,N/A,5
MOGP_GENERATIONAL,7baf6830-f248-11f0-a4fb-6e001b3eef54,Toxicity,74,225,2175.614990|3.000000|0.000000,2.7186381816864014,3.0,2347.236816|3.000000|0.000000,2175.614990|3.000000|0.000000,2347.236816|3.000000|0.000000,3,51529760768.000000,N/A,5
MOGP_GENERATIONAL,7baf6830-f248-11f0-a4fb-6e001b3eef54,Toxicity,74,226,2175.614990|3.000000|0.000000,2.623253107070923,3.0,2347.236816|3.000000|0.000000,2175.614990|3.000000|0.000000,2347.236816|3.000000|0.000000,3,51452649472.000000,N/A,5
MOGP_GENERATIONAL,7baf6830-f248-11f0-a4fb-6e001b3eef54,Toxicity,74,227,2175.614990|3.000000|0.000000,2.87185001373291,3.0,2347.236816|3.000000|0.000000,2175.614990|3.000000|0.000000,2347.236816|3.000000|0.000000,3,83898327040.000000,N/A,5
MOGP_GENERATIONAL,7baf6830-f248-11f0-a4fb-6e001b3eef54,Toxicity,74,228,2175.614990|3.000000|0.000000,2.839500904083252,3.0,2347.236816|3.000000|0.000000,2175.614990|3.000000|0.000000,2347.236816|3.000000|0.000000,3,33660014592.000000,N/A,5
MOGP_GENERATIONAL,7baf6830-f248-11f0-a4fb-6e001b3eef54,Toxicity,74,229,2175.614990|3.000000|0.000000,2.92378306388855,3.0,2347.236816|3.000000|0.000000,2175.614990|3.000000|0.000000,2347.236816|3.000000|0.000000,3,98503816.000000,N/A,5
MOGP_GENERATIONAL,7baf6830-f248-11f0-a4fb-6e001b3eef54,Toxicity,74,230,2175.614990|3.000000|0.000000,3.1937620639801025,3.0,2347.236816|3.000000|0.000000,2175.614990|3.000000|0.000000,2347.236816|3.000000|0.000000,3,94918901760.000000,N/A,5
MOGP_GENERATIONAL,7baf6830-f248-11f0-a4fb-6e001b3eef54,Toxicity,74,231,2175.614990|3.000000|0.000000,2.8485121726989746,3.0,2347.236816|3.000000|0.000000,2175.614990|3.000000|0.000000,2347.236816|3.000000|0.000000,3,78453997568.000000,N/A,5
MOGP_GENERATIONAL,7baf6830-f248-11f0-a4fb-6e001b3eef54,Toxicity,74,232,2175.614990|3.000000|0.000000,2.9015989303588867,3.0,2347.236816|3.000000|0.000000,2175.614990|3.000000|0.000000,2347.236816|3.000000|0.000000,3,86082224128.000000,N/A,5
MOGP_GENERATIONAL,7baf6830-f248-11f0-a4fb-6e001b3eef54,Toxicity,74,233,2175.614990|3.000000|0.000000,3.0459609031677246,3.0,2347.236816|3.000000|0.000000,2175.614990|3.000000|0.000000,2347.236816|3.000000|0.000000,3,77426335744.000000,N/A,5
MOGP_GENERATIONAL,7baf6830-f248-11f0-a4fb-6e001b3eef54,Toxicity,74,234,2175.614990|3.000000|0.000000,3.002091884613037,3.0,2347.236816|3.000000|0.000000,2175.614990|3.000000|0.000000,2347.236816|3.000000|0.000000,3,70785966080.000000,N/A,5
MOGP_GENERATIONAL,7baf6830-f248-11f0-a4fb-6e001b3eef54,Toxicity,74,235,2175.614990|3.000000|0.000000,3.02500581741333,3.0,2347.236816|3.000000|0.000000,2175.614990|3.000000|0.000000,2347.236816|3.000000|0.000000,3,49449963520.000000,N/A,5
MOGP_GENERATIONAL,7baf6830-f248-11f0-a4fb-6e001b3eef54,Toxicity,74,236,2175.614990|3.000000|0.000000,3.033933639526367,3.0,2347.236816|3.000000|0.000000,2175.614990|3.000000|0.000000,2347.236816|3.000000|0.000000,3,67228270592.000000,N/A,5
MOGP_GENERATIONAL,7baf6830-f248-11f0-a4fb-6e001b3eef54,Toxicity,74,237,2175.614990|3.000000|0.000000,2.959188938140869,3.0,2347.236816|3.000000|0.000000,2175.614990|3.000000|0.000000,2347.236816|3.000000|0.000000,3,57352241152.000000,N/A,5
MOGP_GENERATIONAL,7baf6830-f248-11f0-a4fb-6e001b3eef54,Toxicity,74,238,2175.614990|3.000000|0.000000,2.970486879348755,3.0,2347.236816|3.000000|0.000000,2175.614990|3.000000|0.000000,2347.236816|3.000000|0.000000,3,78604312576.000000,N/A,5
MOGP_GENERATIONAL,7baf6830-f248-11f0-a4fb-6e001b3eef54,Toxicity,74,239,2175.614990|3.000000|0.000000,2.8965911865234375,3.0,2347.236816|3.000000|0.000000,2175.614990|3.000000|0.000000,2347.236816|3.000000|0.000000,3,100835164160.000000,N/A,5
MOGP_GENERATIONAL,7baf6830-f248-11f0-a4fb-6e001b3eef54,Toxicity,74,240,2175.614990|3.000000|0.000000,3.0765390396118164,3.0,2347.236816|3.000000|0.000000,2175.614990|3.000000|0.000000,2347.236816|3.000000|0.000000,3,39430164480.000000,N/A,5
MOGP_GENERATIONAL,7baf6830-f248-11f0-a4fb-6e001b3eef54,Toxicity,74,241,2175.614990|3.000000|0.000000,2.9667980670928955,3.0,2347.236816|3.000000|0.000000,2175.614990|3.000000|0.000000,2347.236816|3.000000|0.000000,3,86835642368.000000,N/A,5
MOGP_GENERATIONAL,7baf6830-f248-11f0-a4fb-6e001b3eef54,Toxicity,74,242,2175.614990|3.000000|0.000000,2.946052074432373,3.0,2347.236816|3.000000|0.000000,1995.642700|7.000000|0.000000,2182.990967|7.000000|0.000000,7,87264575488.000000,N/A,5
MOGP_GENERATIONAL,7baf6830-f248-11f0-a4fb-6e001b3eef54,Toxicity,74,243,2175.614990|3.000000|0.000000,2.843187093734741,3.0,2347.236816|3.000000|0.000000,2175.614990|3.000000|0.000000,2347.236816|3.000000|0.000000,3,51457331200.000000,N/A,5
MOGP_GENERATIONAL,7baf6830-f248-11f0-a4fb-6e001b3eef54,Toxicity,74,244,2175.614990|3.000000|0.000000,2.9750170707702637,3.0,2347.236816|3.000000|0.000000,2175.614990|3.000000|0.000000,2347.236816|3.000000|0.000000,3,70491930624.000000,N/A,5
MOGP_GENERATIONAL,7baf6830-f248-11f0-a4fb-6e001b3eef54,Toxicity,74,245,2175.614990|3.000000|0.000000,2.9632601737976074,3.0,2347.236816|3.000000|0.000000,2175.614990|3.000000|0.000000,2347.236816|3.000000|0.000000,3,60681936896.000000,N/A,5
MOGP_GENERATIONAL,7baf6830-f248-11f0-a4fb-6e001b3eef54,Toxicity,74,246,2175.614990|3.000000|0.000000,2.964505672454834,3.0,2347.236816|3.000000|0.000000,2175.614990|3.000000|0.000000,2347.236816|3.000000|0.000000,3,94178942976.000000,N/A,5
MOGP_GENERATIONAL,7baf6830-f248-11f0-a4fb-6e001b3eef54,Toxicity,74,247,2175.614990|3.000000|0.000000,3.080314874649048,3.0,2347.236816|3.000000|0.000000,2175.614990|3.000000|0.000000,2347.236816|3.000000|0.000000,3,40428539904.000000,N/A,5
MOGP_GENERATIONAL,7baf6830-f248-11f0-a4fb-6e001b3eef54,Toxicity,74,248,2175.614990|3.000000|0.000000,3.0465338230133057,3.0,2347.236816|3.000000|0.000000,2078.548828|7.000000|2.000000,2282.320068|7.000000|2.000000,7,62347018240.000000,N/A,5
MOGP_GENERATIONAL,7baf6830-f248-11f0-a4fb-6e001b3eef54,Toxicity,74,249,2175.614990|3.000000|0.000000,3.258229970932007,3.0,2347.236816|3.000000|0.000000,2175.614990|3.000000|0.000000,2347.236816|3.000000|0.000000,3,49963962368.000000,N/A,5
MOGP_GENERATIONAL,7baf6830-f248-11f0-a4fb-6e001b3eef54,Toxicity,74,250,2175.614990|3.000000|0.000000,3.039634943008423,3.0,2347.236816|3.000000|0.000000,2175.614990|3.000000|0.000000,2347.236816|3.000000|0.000000,3,52699119616.000000,N/A,5
