MOGP_GENERATIONAL,995cfc42-f074-11f0-b9e8-6e001b3eef54,Boston,74,0,9.684484|3.000000|2.000000|0.000000|0.000000,1.2269549369812012,3.0,11.006601|3.000000|2.000000|0.000000|0.000000,N/A,N/A,0,243113656320.000000,N/A,5
MOGP_GENERATIONAL,995cfc42-f074-11f0-b9e8-6e001b3eef54,Boston,74,1,9.684484|3.000000|2.000000|0.000000|0.000000,0.05886411666870117,3.0,11.006601|3.000000|2.000000|0.000000|0.000000,9.684484|3.000000|2.000000|0.000000|0.000000,11.006601|3.000000|2.000000|0.000000|0.000000,3,62463852544.000000,N/A,5
MOGP_GENERATIONAL,995cfc42-f074-11f0-b9e8-6e001b3eef54,Boston,74,2,8.842939|3.000000|0.000000|0.000000|0.000000,0.055017948150634766,3.0,10.299335|3.000000|0.000000|0.000000|0.000000,8.842939|3.000000|0.000000|0.000000|0.000000,10.299335|3.000000|0.000000|0.000000|0.000000,3,56826953728.000000,N/A,5
MOGP_GENERATIONAL,995cfc42-f074-11f0-b9e8-6e001b3eef54,Boston,74,3,8.842939|3.000000|0.000000|0.000000|0.000000,0.05377697944641113,3.0,10.299335|3.000000|0.000000|0.000000|0.000000,8.842939|3.000000|0.000000|0.000000|0.000000,10.299335|3.000000|0.000000|0.000000|0.000000,3,72125521920.000000,N/A,5
MOGP_GENERATIONAL,995cfc42-f074-11f0-b9e8-6e001b3eef54,Boston,74,4,8.842939|3.000000|0.000000|0.000000|0.000000,0.05251312255859375,3.0,10.299335|3.000000|0.000000|0.000000|0.000000,8.842939|3.000000|0.000000|0.000000|0.000000,10.299335|3.000000|0.000000|0.000000|0.000000,3,76795797504.000000,N/A,5
MOGP_GENERATIONAL,995cfc42-f074-11f0-b9e8-6e001b3eef54,Boston,74,5,8.842939|3.000000|0.000000|0.000000|0.000000,0.054448843002319336,3.0,10.299335|3.000000|0.000000|0.000000|0.000000,8.842939|3.000000|0.000000|0.000000|0.000000,10.299335|3.000000|0.000000|0.000000|0.000000,3,102940786688.000000,N/A,5
MOGP_GENERATIONAL,995cfc42-f074-11f0-b9e8-6e001b3eef54,Boston,74,6,8.842939|3.000000|0.000000|0.000000|0.000000,0.05232405662536621,3.0,10.299335|3.000000|0.000000|0.000000|0.000000,8.842939|3.000000|0.000000|0.000000|0.000000,10.299335|3.000000|0.000000|0.000000|0.000000,3,29726990336.000000,N/A,5
MOGP_GENERATIONAL,995cfc42-f074-11f0-b9e8-6e001b3eef54,Boston,74,7,8.842939|3.000000|0.000000|0.000000|0.000000,0.05117177963256836,3.0,10.299335|3.000000|0.000000|0.000000|0.000000,8.842939|3.000000|0.000000|0.000000|0.000000,10.299335|3.000000|0.000000|0.000000|0.000000,3,935712448.000000,N/A,5
MOGP_GENERATIONAL,995cfc42-f074-11f0-b9e8-6e001b3eef54,Boston,74,8,8.842939|3.000000|0.000000|0.000000|0.000000,0.054553985595703125,3.0,10.299335|3.000000|0.000000|0.000000|0.000000,8.842939|3.000000|0.000000|0.000000|0.000000,10.299335|3.000000|0.000000|0.000000|0.000000,3,80226910208.000000,N/A,5
MOGP_GENERATIONAL,995cfc42-f074-11f0-b9e8-6e001b3eef54,Boston,74,9,8.842939|3.000000|0.000000|0.000000|0.000000,0.0527338981628418,3.0,10.299335|3.000000|0.000000|0.000000|0.000000,8.842939|3.000000|0.000000|0.000000|0.000000,10.299335|3.000000|0.000000|0.000000|0.000000,3,57829548032.000000,N/A,5
MOGP_GENERATIONAL,995cfc42-f074-11f0-b9e8-6e001b3eef54,Boston,74,10,8.842939|3.000000|0.000000|0.000000|0.000000,0.05202889442443848,3.0,10.299335|3.000000|0.000000|0.000000|0.000000,8.842939|3.000000|0.000000|0.000000|0.000000,10.299335|3.000000|0.000000|0.000000|0.000000,3,34211155968.000000,N/A,5
MOGP_GENERATIONAL,995cfc42-f074-11f0-b9e8-6e001b3eef54,Boston,74,11,8.842939|3.000000|0.000000|0.000000|0.000000,0.05290818214416504,3.0,10.299335|3.000000|0.000000|0.000000|0.000000,8.842939|3.000000|0.000000|0.000000|0.000000,10.299335|3.000000|0.000000|0.000000|0.000000,3,61307506688.000000,N/A,5
MOGP_GENERATIONAL,995cfc42-f074-11f0-b9e8-6e001b3eef54,Boston,74,12,8.842939|3.000000|0.000000|0.000000|0.000000,0.051902055740356445,3.0,10.299335|3.000000|0.000000|0.000000|0.000000,8.842939|3.000000|0.000000|0.000000|0.000000,10.299335|3.000000|0.000000|0.000000|0.000000,3,34173446144.000000,N/A,5
MOGP_GENERATIONAL,995cfc42-f074-11f0-b9e8-6e001b3eef54,Boston,74,13,8.842939|3.000000|0.000000|0.000000|0.000000,0.053070068359375,3.0,10.299335|3.000000|0.000000|0.000000|0.000000,8.842939|3.000000|0.000000|0.000000|0.000000,10.299335|3.000000|0.000000|0.000000|0.000000,3,64542777344.000000,N/A,5
MOGP_GENERATIONAL,995cfc42-f074-11f0-b9e8-6e001b3eef54,Boston,74,14,8.842939|3.000000|0.000000|0.000000|0.000000,0.05518603324890137,3.0,10.299335|3.000000|0.000000|0.000000|0.000000,8.842939|3.000000|0.000000|0.000000|0.000000,10.299335|3.000000|0.000000|0.000000|0.000000,3,108168994816.000000,N/A,5
MOGP_GENERATIONAL,995cfc42-f074-11f0-b9e8-6e001b3eef54,Boston,74,15,8.842939|3.000000|0.000000|0.000000|0.000000,0.0548858642578125,3.0,10.299335|3.000000|0.000000|0.000000|0.000000,8.842939|3.000000|0.000000|0.000000|0.000000,10.299335|3.000000|0.000000|0.000000|0.000000,3,81935507456.000000,N/A,5
MOGP_GENERATIONAL,995cfc42-f074-11f0-b9e8-6e001b3eef54,Boston,74,16,7.796449|7.000000|1.000000|0.000000|0.000000,0.05359005928039551,7.0,9.290512|7.000000|1.000000|0.000000|0.000000,7.796449|7.000000|1.000000|0.000000|0.000000,9.290512|7.000000|1.000000|0.000000|0.000000,7,61835431936.000000,N/A,5
MOGP_GENERATIONAL,995cfc42-f074-11f0-b9e8-6e001b3eef54,Boston,74,17,7.796449|7.000000|1.000000|0.000000|0.000000,0.05713081359863281,7.0,9.290512|7.000000|1.000000|0.000000|0.000000,7.796449|7.000000|1.000000|0.000000|0.000000,9.290512|7.000000|1.000000|0.000000|0.000000,7,88397422592.000000,N/A,5
MOGP_GENERATIONAL,995cfc42-f074-11f0-b9e8-6e001b3eef54,Boston,74,18,7.796449|7.000000|1.000000|0.000000|0.000000,0.0532069206237793,7.0,9.290512|7.000000|1.000000|0.000000|0.000000,7.796449|7.000000|1.000000|0.000000|0.000000,9.290512|7.000000|1.000000|0.000000|0.000000,7,94141218816.000000,N/A,5
MOGP_GENERATIONAL,995cfc42-f074-11f0-b9e8-6e001b3eef54,Boston,74,19,7.796449|7.000000|1.000000|0.000000|0.000000,0.05192875862121582,7.0,9.290512|7.000000|1.000000|0.000000|0.000000,7.796449|7.000000|1.000000|0.000000|0.000000,9.290512|7.000000|1.000000|0.000000|0.000000,7,61731213312.000000,N/A,5
MOGP_GENERATIONAL,995cfc42-f074-11f0-b9e8-6e001b3eef54,Boston,74,20,7.796449|7.000000|1.000000|0.000000|0.000000,0.05363011360168457,7.0,9.290512|7.000000|1.000000|0.000000|0.000000,7.796449|7.000000|1.000000|0.000000|0.000000,9.290512|7.000000|1.000000|0.000000|0.000000,7,77650444288.000000,N/A,5
MOGP_GENERATIONAL,995cfc42-f074-11f0-b9e8-6e001b3eef54,Boston,74,21,7.796449|7.000000|1.000000|0.000000|0.000000,0.05422210693359375,7.0,9.290512|7.000000|1.000000|0.000000|0.000000,7.796449|7.000000|1.000000|0.000000|0.000000,9.290512|7.000000|1.000000|0.000000|0.000000,7,28433995776.000000,N/A,5
MOGP_GENERATIONAL,995cfc42-f074-11f0-b9e8-6e001b3eef54,Boston,74,22,7.796449|7.000000|1.000000|0.000000|0.000000,0.056086063385009766,7.0,9.290512|7.000000|1.000000|0.000000|0.000000,7.796449|7.000000|1.000000|0.000000|0.000000,9.290512|7.000000|1.000000|0.000000|0.000000,7,54230798336.000000,N/A,5
MOGP_GENERATIONAL,995cfc42-f074-11f0-b9e8-6e001b3eef54,Boston,74,23,7.796449|7.000000|1.000000|0.000000|0.000000,0.053205013275146484,7.0,9.290512|7.000000|1.000000|0.000000|0.000000,7.796449|7.000000|1.000000|0.000000|0.000000,9.290512|7.000000|1.000000|0.000000|0.000000,7,69809594368.000000,N/A,5
MOGP_GENERATIONAL,995cfc42-f074-11f0-b9e8-6e001b3eef54,Boston,74,24,7.796449|7.000000|1.000000|0.000000|0.000000,0.05211687088012695,7.0,9.290512|7.000000|1.000000|0.000000|0.000000,7.796449|7.000000|1.000000|0.000000|0.000000,9.290512|7.000000|1.000000|0.000000|0.000000,7,64453382144.000000,N/A,5
MOGP_GENERATIONAL,995cfc42-f074-11f0-b9e8-6e001b3eef54,Boston,74,25,7.796449|7.000000|1.000000|0.000000|0.000000,0.05303692817687988,7.0,9.290512|7.000000|1.000000|0.000000|0.000000,7.796449|7.000000|1.000000|0.000000|0.000000,9.290512|7.000000|1.000000|0.000000|0.000000,7,34042402816.000000,N/A,5
MOGP_GENERATIONAL,995cfc42-f074-11f0-b9e8-6e001b3eef54,Boston,74,26,7.796449|7.000000|1.000000|0.000000|0.000000,0.052680253982543945,7.0,9.290512|7.000000|1.000000|0.000000|0.000000,7.796449|7.000000|1.000000|0.000000|0.000000,9.290512|7.000000|1.000000|0.000000|0.000000,7,96128819200.000000,N/A,5
MOGP_GENERATIONAL,995cfc42-f074-11f0-b9e8-6e001b3eef54,Boston,74,27,7.796449|7.000000|1.000000|0.000000|0.000000,0.054656028747558594,7.0,9.290512|7.000000|1.000000|0.000000|0.000000,7.796449|7.000000|1.000000|0.000000|0.000000,9.290512|7.000000|1.000000|0.000000|0.000000,7,94132862976.000000,N/A,5
MOGP_GENERATIONAL,995cfc42-f074-11f0-b9e8-6e001b3eef54,Boston,74,28,7.796449|7.000000|1.000000|0.000000|0.000000,0.0531919002532959,7.0,9.290512|7.000000|1.000000|0.000000|0.000000,7.796449|7.000000|1.000000|0.000000|0.000000,9.290512|7.000000|1.000000|0.000000|0.000000,7,50445299712.000000,N/A,5
MOGP_GENERATIONAL,995cfc42-f074-11f0-b9e8-6e001b3eef54,Boston,74,29,7.472232|11.000000|1.000000|0.000000|0.000000,0.05355501174926758,11.0,8.967032|11.000000|1.000000|0.000000|0.000000,7.472232|11.000000|1.000000|0.000000|0.000000,8.967032|11.000000|1.000000|0.000000|0.000000,11,99801251840.000000,N/A,5
MOGP_GENERATIONAL,995cfc42-f074-11f0-b9e8-6e001b3eef54,Boston,74,30,7.472232|11.000000|1.000000|0.000000|0.000000,0.05577802658081055,11.0,8.967032|11.000000|1.000000|0.000000|0.000000,7.472232|11.000000|1.000000|0.000000|0.000000,8.967032|11.000000|1.000000|0.000000|0.000000,11,74270228480.000000,N/A,5
MOGP_GENERATIONAL,995cfc42-f074-11f0-b9e8-6e001b3eef54,Boston,74,31,7.472232|11.000000|1.000000|0.000000|0.000000,0.10112214088439941,11.0,8.967032|11.000000|1.000000|0.000000|0.000000,7.472232|11.000000|1.000000|0.000000|0.000000,8.967032|11.000000|1.000000|0.000000|0.000000,11,67266609152.000000,N/A,5
MOGP_GENERATIONAL,995cfc42-f074-11f0-b9e8-6e001b3eef54,Boston,74,32,6.701976|11.000000|3.000000|0.000000|0.000000,0.06193375587463379,11.0,7.356732|11.000000|3.000000|0.000000|0.000000,6.701976|11.000000|3.000000|0.000000|0.000000,7.356732|11.000000|3.000000|0.000000|0.000000,11,84687650816.000000,N/A,5
MOGP_GENERATIONAL,995cfc42-f074-11f0-b9e8-6e001b3eef54,Boston,74,33,6.701976|11.000000|3.000000|0.000000|0.000000,0.05814981460571289,11.0,7.356732|11.000000|3.000000|0.000000|0.000000,6.701976|11.000000|3.000000|0.000000|0.000000,7.356732|11.000000|3.000000|0.000000|0.000000,11,78762893312.000000,N/A,5
MOGP_GENERATIONAL,995cfc42-f074-11f0-b9e8-6e001b3eef54,Boston,74,34,6.701976|11.000000|3.000000|0.000000|0.000000,0.05683493614196777,11.0,7.356732|11.000000|3.000000|0.000000|0.000000,6.701976|11.000000|3.000000|0.000000|0.000000,7.356732|11.000000|3.000000|0.000000|0.000000,11,109602332672.000000,N/A,5
MOGP_GENERATIONAL,995cfc42-f074-11f0-b9e8-6e001b3eef54,Boston,74,35,6.701976|11.000000|3.000000|0.000000|0.000000,0.056971073150634766,11.0,7.356732|11.000000|3.000000|0.000000|0.000000,6.701976|11.000000|3.000000|0.000000|0.000000,7.356732|11.000000|3.000000|0.000000|0.000000,11,63844773888.000000,N/A,5
MOGP_GENERATIONAL,995cfc42-f074-11f0-b9e8-6e001b3eef54,Boston,74,36,6.701976|11.000000|3.000000|0.000000|0.000000,0.05334806442260742,11.0,7.356732|11.000000|3.000000|0.000000|0.000000,6.701976|11.000000|3.000000|0.000000|0.000000,7.356732|11.000000|3.000000|0.000000|0.000000,11,92387565568.000000,N/A,5
MOGP_GENERATIONAL,995cfc42-f074-11f0-b9e8-6e001b3eef54,Boston,74,37,6.701976|11.000000|3.000000|0.000000|0.000000,0.05334210395812988,11.0,7.356732|11.000000|3.000000|0.000000|0.000000,6.701976|11.000000|3.000000|0.000000|0.000000,7.356732|11.000000|3.000000|0.000000|0.000000,11,67777994752.000000,N/A,5
MOGP_GENERATIONAL,995cfc42-f074-11f0-b9e8-6e001b3eef54,Boston,74,38,6.701976|11.000000|3.000000|0.000000|0.000000,0.055590152740478516,11.0,7.356732|11.000000|3.000000|0.000000|0.000000,6.701976|11.000000|3.000000|0.000000|0.000000,7.356732|11.000000|3.000000|0.000000|0.000000,11,98452881408.000000,N/A,5
MOGP_GENERATIONAL,995cfc42-f074-11f0-b9e8-6e001b3eef54,Boston,74,39,6.701976|11.000000|3.000000|0.000000|0.000000,0.05232596397399902,11.0,7.356732|11.000000|3.000000|0.000000|0.000000,6.701976|11.000000|3.000000|0.000000|0.000000,7.356732|11.000000|3.000000|0.000000|0.000000,11,75596554240.000000,N/A,5
MOGP_GENERATIONAL,995cfc42-f074-11f0-b9e8-6e001b3eef54,Boston,74,40,6.701976|11.000000|3.000000|0.000000|0.000000,0.05463767051696777,11.0,7.356732|11.000000|3.000000|0.000000|0.000000,6.701976|11.000000|3.000000|0.000000|0.000000,7.356732|11.000000|3.000000|0.000000|0.000000,11,88095948800.000000,N/A,5
MOGP_GENERATIONAL,995cfc42-f074-11f0-b9e8-6e001b3eef54,Boston,74,41,6.701976|11.000000|3.000000|0.000000|0.000000,0.05276799201965332,11.0,7.356732|11.000000|3.000000|0.000000|0.000000,6.701976|11.000000|3.000000|0.000000|0.000000,7.356732|11.000000|3.000000|0.000000|0.000000,11,87148879872.000000,N/A,5
MOGP_GENERATIONAL,995cfc42-f074-11f0-b9e8-6e001b3eef54,Boston,74,42,6.701976|11.000000|3.000000|0.000000|0.000000,0.05356001853942871,11.0,7.356732|11.000000|3.000000|0.000000|0.000000,6.701976|11.000000|3.000000|0.000000|0.000000,7.356732|11.000000|3.000000|0.000000|0.000000,11,53828071424.000000,N/A,5
MOGP_GENERATIONAL,995cfc42-f074-11f0-b9e8-6e001b3eef54,Boston,74,43,6.701976|11.000000|3.000000|0.000000|0.000000,0.05466866493225098,11.0,7.356732|11.000000|3.000000|0.000000|0.000000,6.701976|11.000000|3.000000|0.000000|0.000000,7.356732|11.000000|3.000000|0.000000|0.000000,11,101927002112.000000,N/A,5
MOGP_GENERATIONAL,995cfc42-f074-11f0-b9e8-6e001b3eef54,Boston,74,44,6.701976|11.000000|3.000000|0.000000|0.000000,0.05322003364562988,11.0,7.356732|11.000000|3.000000|0.000000|0.000000,6.701976|11.000000|3.000000|0.000000|0.000000,7.356732|11.000000|3.000000|0.000000|0.000000,11,102786342912.000000,N/A,5
MOGP_GENERATIONAL,995cfc42-f074-11f0-b9e8-6e001b3eef54,Boston,74,45,6.701976|11.000000|3.000000|0.000000|0.000000,0.05287504196166992,11.0,7.356732|11.000000|3.000000|0.000000|0.000000,6.701976|11.000000|3.000000|0.000000|0.000000,7.356732|11.000000|3.000000|0.000000|0.000000,11,95792095232.000000,N/A,5
MOGP_GENERATIONAL,995cfc42-f074-11f0-b9e8-6e001b3eef54,Boston,74,46,6.701976|11.000000|3.000000|0.000000|0.000000,0.05359697341918945,11.0,7.356732|11.000000|3.000000|0.000000|0.000000,6.701976|11.000000|3.000000|0.000000|0.000000,7.356732|11.000000|3.000000|0.000000|0.000000,11,86649569280.000000,N/A,5
MOGP_GENERATIONAL,995cfc42-f074-11f0-b9e8-6e001b3eef54,Boston,74,47,6.701976|11.000000|3.000000|0.000000|0.000000,0.05289173126220703,11.0,7.356732|11.000000|3.000000|0.000000|0.000000,6.701976|11.000000|3.000000|0.000000|0.000000,7.356732|11.000000|3.000000|0.000000|0.000000,11,87781007360.000000,N/A,5
MOGP_GENERATIONAL,995cfc42-f074-11f0-b9e8-6e001b3eef54,Boston,74,48,6.701976|11.000000|3.000000|0.000000|0.000000,0.05374288558959961,11.0,7.356732|11.000000|3.000000|0.000000|0.000000,6.701976|11.000000|3.000000|0.000000|0.000000,7.356732|11.000000|3.000000|0.000000|0.000000,11,78570659840.000000,N/A,5
MOGP_GENERATIONAL,995cfc42-f074-11f0-b9e8-6e001b3eef54,Boston,74,49,6.701976|11.000000|3.000000|0.000000|0.000000,0.054962158203125,11.0,7.356732|11.000000|3.000000|0.000000|0.000000,6.701976|11.000000|3.000000|0.000000|0.000000,7.356732|11.000000|3.000000|0.000000|0.000000,11,85678768128.000000,N/A,5
MOGP_GENERATIONAL,995cfc42-f074-11f0-b9e8-6e001b3eef54,Boston,74,50,6.701976|11.000000|3.000000|0.000000|0.000000,0.05205512046813965,11.0,7.356732|11.000000|3.000000|0.000000|0.000000,6.701976|11.000000|3.000000|0.000000|0.000000,7.356732|11.000000|3.000000|0.000000|0.000000,11,98005114880.000000,N/A,5
MOGP_GENERATIONAL,995cfc42-f074-11f0-b9e8-6e001b3eef54,Boston,74,51,6.701976|11.000000|3.000000|0.000000|0.000000,0.05499625205993652,11.0,7.356732|11.000000|3.000000|0.000000|0.000000,6.701976|11.000000|3.000000|0.000000|0.000000,7.356732|11.000000|3.000000|0.000000|0.000000,11,66733268992.000000,N/A,5
MOGP_GENERATIONAL,995cfc42-f074-11f0-b9e8-6e001b3eef54,Boston,74,52,6.701976|11.000000|3.000000|0.000000|0.000000,0.06656217575073242,11.0,7.356732|11.000000|3.000000|0.000000|0.000000,6.701976|11.000000|3.000000|0.000000|0.000000,7.356732|11.000000|3.000000|0.000000|0.000000,11,70533685248.000000,N/A,5
MOGP_GENERATIONAL,995cfc42-f074-11f0-b9e8-6e001b3eef54,Boston,74,53,6.701976|11.000000|3.000000|0.000000|0.000000,0.05234885215759277,11.0,7.356732|11.000000|3.000000|0.000000|0.000000,6.701976|11.000000|3.000000|0.000000|0.000000,7.356732|11.000000|3.000000|0.000000|0.000000,11,82982617088.000000,N/A,5
MOGP_GENERATIONAL,995cfc42-f074-11f0-b9e8-6e001b3eef54,Boston,74,54,6.701976|11.000000|3.000000|0.000000|0.000000,0.05205988883972168,11.0,7.356732|11.000000|3.000000|0.000000|0.000000,6.701976|11.000000|3.000000|0.000000|0.000000,7.356732|11.000000|3.000000|0.000000|0.000000,11,1258240000.000000,N/A,5
MOGP_GENERATIONAL,995cfc42-f074-11f0-b9e8-6e001b3eef54,Boston,74,55,6.701976|11.000000|3.000000|0.000000|0.000000,0.055409908294677734,11.0,7.356732|11.000000|3.000000|0.000000|0.000000,6.701976|11.000000|3.000000|0.000000|0.000000,7.356732|11.000000|3.000000|0.000000|0.000000,11,65562169344.000000,N/A,5
MOGP_GENERATIONAL,995cfc42-f074-11f0-b9e8-6e001b3eef54,Boston,74,56,6.701976|11.000000|3.000000|0.000000|0.000000,0.0529630184173584,11.0,7.356732|11.000000|3.000000|0.000000|0.000000,6.701976|11.000000|3.000000|0.000000|0.000000,7.356732|11.000000|3.000000|0.000000|0.000000,11,81209319424.000000,N/A,5
MOGP_GENERATIONAL,995cfc42-f074-11f0-b9e8-6e001b3eef54,Boston,74,57,6.513846|7.000000|2.000000|0.000000|0.000000,0.05343317985534668,7.0,8.302429|7.000000|2.000000|0.000000|0.000000,6.513846|7.000000|2.000000|0.000000|0.000000,8.302429|7.000000|2.000000|0.000000|0.000000,7,82680938496.000000,N/A,5
MOGP_GENERATIONAL,995cfc42-f074-11f0-b9e8-6e001b3eef54,Boston,74,58,6.513846|7.000000|2.000000|0.000000|0.000000,0.05350208282470703,7.0,8.302429|7.000000|2.000000|0.000000|0.000000,6.513846|7.000000|2.000000|0.000000|0.000000,8.302429|7.000000|2.000000|0.000000|0.000000,7,25457672192.000000,N/A,5
MOGP_GENERATIONAL,995cfc42-f074-11f0-b9e8-6e001b3eef54,Boston,74,59,6.513846|7.000000|2.000000|0.000000|0.000000,0.05397915840148926,7.0,8.302429|7.000000|2.000000|0.000000|0.000000,6.513846|7.000000|2.000000|0.000000|0.000000,8.302429|7.000000|2.000000|0.000000|0.000000,7,42942164992.000000,N/A,5
MOGP_GENERATIONAL,995cfc42-f074-11f0-b9e8-6e001b3eef54,Boston,74,60,6.513846|7.000000|2.000000|0.000000|0.000000,0.05279898643493652,7.0,8.302429|7.000000|2.000000|0.000000|0.000000,6.513846|7.000000|2.000000|0.000000|0.000000,8.302429|7.000000|2.000000|0.000000|0.000000,7,49404080128.000000,N/A,5
MOGP_GENERATIONAL,995cfc42-f074-11f0-b9e8-6e001b3eef54,Boston,74,61,6.513846|7.000000|2.000000|0.000000|0.000000,0.05358386039733887,7.0,8.302429|7.000000|2.000000|0.000000|0.000000,6.513846|7.000000|2.000000|0.000000|0.000000,8.302429|7.000000|2.000000|0.000000|0.000000,7,50916483072.000000,N/A,5
MOGP_GENERATIONAL,995cfc42-f074-11f0-b9e8-6e001b3eef54,Boston,74,62,6.513846|7.000000|2.000000|0.000000|0.000000,0.0514678955078125,7.0,8.302429|7.000000|2.000000|0.000000|0.000000,6.513846|7.000000|2.000000|0.000000|0.000000,8.302429|7.000000|2.000000|0.000000|0.000000,7,49369980928.000000,N/A,5
MOGP_GENERATIONAL,995cfc42-f074-11f0-b9e8-6e001b3eef54,Boston,74,63,6.513846|7.000000|2.000000|0.000000|0.000000,0.05218315124511719,7.0,8.302429|7.000000|2.000000|0.000000|0.000000,6.513846|7.000000|2.000000|0.000000|0.000000,8.302429|7.000000|2.000000|0.000000|0.000000,7,17856270336.000000,N/A,5
MOGP_GENERATIONAL,995cfc42-f074-11f0-b9e8-6e001b3eef54,Boston,74,64,6.513846|7.000000|2.000000|0.000000|0.000000,0.0692291259765625,7.0,8.302429|7.000000|2.000000|0.000000|0.000000,6.513846|7.000000|2.000000|0.000000|0.000000,8.302429|7.000000|2.000000|0.000000|0.000000,7,59321065472.000000,N/A,5
MOGP_GENERATIONAL,995cfc42-f074-11f0-b9e8-6e001b3eef54,Boston,74,65,6.513846|7.000000|2.000000|0.000000|0.000000,0.052542924880981445,7.0,8.302429|7.000000|2.000000|0.000000|0.000000,6.513846|7.000000|2.000000|0.000000|0.000000,8.302429|7.000000|2.000000|0.000000|0.000000,7,79812476928.000000,N/A,5
MOGP_GENERATIONAL,995cfc42-f074-11f0-b9e8-6e001b3eef54,Boston,74,66,6.513846|7.000000|2.000000|0.000000|0.000000,0.054351091384887695,7.0,8.302429|7.000000|2.000000|0.000000|0.000000,6.513846|7.000000|2.000000|0.000000|0.000000,8.302429|7.000000|2.000000|0.000000|0.000000,7,96376578048.000000,N/A,5
MOGP_GENERATIONAL,995cfc42-f074-11f0-b9e8-6e001b3eef54,Boston,74,67,6.513846|7.000000|2.000000|0.000000|0.000000,0.05278515815734863,7.0,8.302429|7.000000|2.000000|0.000000|0.000000,6.513846|7.000000|2.000000|0.000000|0.000000,8.302429|7.000000|2.000000|0.000000|0.000000,7,59407675392.000000,N/A,5
MOGP_GENERATIONAL,995cfc42-f074-11f0-b9e8-6e001b3eef54,Boston,74,68,6.513846|7.000000|2.000000|0.000000|0.000000,0.05425000190734863,7.0,8.302429|7.000000|2.000000|0.000000|0.000000,6.513846|7.000000|2.000000|0.000000|0.000000,8.302429|7.000000|2.000000|0.000000|0.000000,7,97563025408.000000,N/A,5
MOGP_GENERATIONAL,995cfc42-f074-11f0-b9e8-6e001b3eef54,Boston,74,69,6.513846|7.000000|2.000000|0.000000|0.000000,0.05229806900024414,7.0,8.302429|7.000000|2.000000|0.000000|0.000000,6.513846|7.000000|2.000000|0.000000|0.000000,8.302429|7.000000|2.000000|0.000000|0.000000,7,57661493248.000000,N/A,5
MOGP_GENERATIONAL,995cfc42-f074-11f0-b9e8-6e001b3eef54,Boston,74,70,6.513846|7.000000|2.000000|0.000000|0.000000,0.05393815040588379,7.0,8.302429|7.000000|2.000000|0.000000|0.000000,6.513846|7.000000|2.000000|0.000000|0.000000,8.302429|7.000000|2.000000|0.000000|0.000000,7,78167605248.000000,N/A,5
MOGP_GENERATIONAL,995cfc42-f074-11f0-b9e8-6e001b3eef54,Boston,74,71,6.513846|7.000000|2.000000|0.000000|0.000000,0.062317848205566406,7.0,8.302429|7.000000|2.000000|0.000000|0.000000,6.513846|7.000000|2.000000|0.000000|0.000000,8.302429|7.000000|2.000000|0.000000|0.000000,7,86788530176.000000,N/A,5
MOGP_GENERATIONAL,995cfc42-f074-11f0-b9e8-6e001b3eef54,Boston,74,72,6.513846|7.000000|2.000000|0.000000|0.000000,0.054145097732543945,7.0,8.302429|7.000000|2.000000|0.000000|0.000000,6.513846|7.000000|2.000000|0.000000|0.000000,8.302429|7.000000|2.000000|0.000000|0.000000,7,56423784448.000000,N/A,5
MOGP_GENERATIONAL,995cfc42-f074-11f0-b9e8-6e001b3eef54,Boston,74,73,6.513846|7.000000|2.000000|0.000000|0.000000,0.05573081970214844,7.0,8.302429|7.000000|2.000000|0.000000|0.000000,6.513846|7.000000|2.000000|0.000000|0.000000,8.302429|7.000000|2.000000|0.000000|0.000000,7,56677666816.000000,N/A,5
MOGP_GENERATIONAL,995cfc42-f074-11f0-b9e8-6e001b3eef54,Boston,74,74,6.513846|7.000000|2.000000|0.000000|0.000000,0.05477404594421387,7.0,8.302429|7.000000|2.000000|0.000000|0.000000,6.513846|7.000000|2.000000|0.000000|0.000000,8.302429|7.000000|2.000000|0.000000|0.000000,7,89109774336.000000,N/A,5
MOGP_GENERATIONAL,995cfc42-f074-11f0-b9e8-6e001b3eef54,Boston,74,75,6.513846|7.000000|2.000000|0.000000|0.000000,0.05240917205810547,7.0,8.302429|7.000000|2.000000|0.000000|0.000000,6.513846|7.000000|2.000000|0.000000|0.000000,8.302429|7.000000|2.000000|0.000000|0.000000,7,60490919936.000000,N/A,5
MOGP_GENERATIONAL,995cfc42-f074-11f0-b9e8-6e001b3eef54,Boston,74,76,6.513846|7.000000|2.000000|0.000000|0.000000,0.06010103225708008,7.0,8.302429|7.000000|2.000000|0.000000|0.000000,6.513846|7.000000|2.000000|0.000000|0.000000,8.302429|7.000000|2.000000|0.000000|0.000000,7,96241090560.000000,N/A,5
MOGP_GENERATIONAL,995cfc42-f074-11f0-b9e8-6e001b3eef54,Boston,74,77,6.513846|7.000000|2.000000|0.000000|0.000000,0.05517435073852539,7.0,8.302429|7.000000|2.000000|0.000000|0.000000,6.513846|7.000000|2.000000|0.000000|0.000000,8.302429|7.000000|2.000000|0.000000|0.000000,7,58857299968.000000,N/A,5
MOGP_GENERATIONAL,995cfc42-f074-11f0-b9e8-6e001b3eef54,Boston,74,78,6.513846|7.000000|2.000000|0.000000|0.000000,0.053690195083618164,7.0,8.302429|7.000000|2.000000|0.000000|0.000000,6.513846|7.000000|2.000000|0.000000|0.000000,8.302429|7.000000|2.000000|0.000000|0.000000,7,106276036608.000000,N/A,5
MOGP_GENERATIONAL,995cfc42-f074-11f0-b9e8-6e001b3eef54,Boston,74,79,6.513846|7.000000|2.000000|0.000000|0.000000,0.05338597297668457,7.0,8.302429|7.000000|2.000000|0.000000|0.000000,6.513846|7.000000|2.000000|0.000000|0.000000,8.302429|7.000000|2.000000|0.000000|0.000000,7,74349576192.000000,N/A,5
MOGP_GENERATIONAL,995cfc42-f074-11f0-b9e8-6e001b3eef54,Boston,74,80,6.513846|7.000000|2.000000|0.000000|0.000000,0.05369877815246582,7.0,8.302429|7.000000|2.000000|0.000000|0.000000,6.513846|7.000000|2.000000|0.000000|0.000000,8.302429|7.000000|2.000000|0.000000|0.000000,7,83094839296.000000,N/A,5
MOGP_GENERATIONAL,995cfc42-f074-11f0-b9e8-6e001b3eef54,Boston,74,81,6.513846|7.000000|2.000000|0.000000|0.000000,0.05366992950439453,7.0,8.302429|7.000000|2.000000|0.000000|0.000000,6.513846|7.000000|2.000000|0.000000|0.000000,8.302429|7.000000|2.000000|0.000000|0.000000,7,74069327872.000000,N/A,5
MOGP_GENERATIONAL,995cfc42-f074-11f0-b9e8-6e001b3eef54,Boston,74,82,6.513846|7.000000|2.000000|0.000000|0.000000,0.05155515670776367,7.0,8.302429|7.000000|2.000000|0.000000|0.000000,6.513846|7.000000|2.000000|0.000000|0.000000,8.302429|7.000000|2.000000|0.000000|0.000000,7,58136985600.000000,N/A,5
MOGP_GENERATIONAL,995cfc42-f074-11f0-b9e8-6e001b3eef54,Boston,74,83,6.513846|7.000000|2.000000|0.000000|0.000000,0.051553964614868164,7.0,8.302429|7.000000|2.000000|0.000000|0.000000,6.513846|7.000000|2.000000|0.000000|0.000000,8.302429|7.000000|2.000000|0.000000|0.000000,7,85817950208.000000,N/A,5
MOGP_GENERATIONAL,995cfc42-f074-11f0-b9e8-6e001b3eef54,Boston,74,84,6.513846|7.000000|2.000000|0.000000|0.000000,0.05496335029602051,7.0,8.302429|7.000000|2.000000|0.000000|0.000000,6.513846|7.000000|2.000000|0.000000|0.000000,8.302429|7.000000|2.000000|0.000000|0.000000,7,64185319424.000000,N/A,5
MOGP_GENERATIONAL,995cfc42-f074-11f0-b9e8-6e001b3eef54,Boston,74,85,6.513846|7.000000|2.000000|0.000000|0.000000,0.05489993095397949,7.0,8.302429|7.000000|2.000000|0.000000|0.000000,6.513846|7.000000|2.000000|0.000000|0.000000,8.302429|7.000000|2.000000|0.000000|0.000000,7,82465538048.000000,N/A,5
MOGP_GENERATIONAL,995cfc42-f074-11f0-b9e8-6e001b3eef54,Boston,74,86,6.513846|7.000000|2.000000|0.000000|0.000000,0.056767940521240234,7.0,8.302429|7.000000|2.000000|0.000000|0.000000,6.513846|7.000000|2.000000|0.000000|0.000000,8.302429|7.000000|2.000000|0.000000|0.000000,7,94086119424.000000,N/A,5
MOGP_GENERATIONAL,995cfc42-f074-11f0-b9e8-6e001b3eef54,Boston,74,87,6.513846|7.000000|2.000000|0.000000|0.000000,0.052954912185668945,7.0,8.302429|7.000000|2.000000|0.000000|0.000000,6.513846|7.000000|2.000000|0.000000|0.000000,8.302429|7.000000|2.000000|0.000000|0.000000,7,82813034496.000000,N/A,5
MOGP_GENERATIONAL,995cfc42-f074-11f0-b9e8-6e001b3eef54,Boston,74,88,6.513846|7.000000|2.000000|0.000000|0.000000,0.05434608459472656,7.0,8.302429|7.000000|2.000000|0.000000|0.000000,6.513846|7.000000|2.000000|0.000000|0.000000,8.302429|7.000000|2.000000|0.000000|0.000000,7,60015259648.000000,N/A,5
MOGP_GENERATIONAL,995cfc42-f074-11f0-b9e8-6e001b3eef54,Boston,74,89,6.513846|7.000000|2.000000|0.000000|0.000000,0.05899477005004883,7.0,8.302429|7.000000|2.000000|0.000000|0.000000,6.513846|7.000000|2.000000|0.000000|0.000000,8.302429|7.000000|2.000000|0.000000|0.000000,7,99889225728.000000,N/A,5
MOGP_GENERATIONAL,995cfc42-f074-11f0-b9e8-6e001b3eef54,Boston,74,90,6.513846|7.000000|2.000000|0.000000|0.000000,0.05830192565917969,7.0,8.302429|7.000000|2.000000|0.000000|0.000000,6.513846|7.000000|2.000000|0.000000|0.000000,8.302429|7.000000|2.000000|0.000000|0.000000,7,102242885632.000000,N/A,5
MOGP_GENERATIONAL,995cfc42-f074-11f0-b9e8-6e001b3eef54,Boston,74,91,6.513846|7.000000|2.000000|0.000000|0.000000,0.06823182106018066,7.0,8.302429|7.000000|2.000000|0.000000|0.000000,6.513846|7.000000|2.000000|0.000000|0.000000,8.302429|7.000000|2.000000|0.000000|0.000000,7,89553485824.000000,N/A,5
MOGP_GENERATIONAL,995cfc42-f074-11f0-b9e8-6e001b3eef54,Boston,74,92,6.513846|7.000000|2.000000|0.000000|0.000000,0.05398392677307129,7.0,8.302429|7.000000|2.000000|0.000000|0.000000,6.513846|7.000000|2.000000|0.000000|0.000000,8.302429|7.000000|2.000000|0.000000|0.000000,7,83661422592.000000,N/A,5
MOGP_GENERATIONAL,995cfc42-f074-11f0-b9e8-6e001b3eef54,Boston,74,93,6.513846|7.000000|2.000000|0.000000|0.000000,0.05387091636657715,7.0,8.302429|7.000000|2.000000|0.000000|0.000000,6.513846|7.000000|2.000000|0.000000|0.000000,8.302429|7.000000|2.000000|0.000000|0.000000,7,78770585600.000000,N/A,5
MOGP_GENERATIONAL,995cfc42-f074-11f0-b9e8-6e001b3eef54,Boston,74,94,6.513846|7.000000|2.000000|0.000000|0.000000,0.05415987968444824,7.0,8.302429|7.000000|2.000000|0.000000|0.000000,6.513846|7.000000|2.000000|0.000000|0.000000,8.302429|7.000000|2.000000|0.000000|0.000000,7,73654116352.000000,N/A,5
MOGP_GENERATIONAL,995cfc42-f074-11f0-b9e8-6e001b3eef54,Boston,74,95,6.513846|7.000000|2.000000|0.000000|0.000000,0.05315518379211426,7.0,8.302429|7.000000|2.000000|0.000000|0.000000,6.513846|7.000000|2.000000|0.000000|0.000000,8.302429|7.000000|2.000000|0.000000|0.000000,7,38251040768.000000,N/A,5
MOGP_GENERATIONAL,995cfc42-f074-11f0-b9e8-6e001b3eef54,Boston,74,96,6.513846|7.000000|2.000000|0.000000|0.000000,0.05812788009643555,7.0,8.302429|7.000000|2.000000|0.000000|0.000000,6.513846|7.000000|2.000000|0.000000|0.000000,8.302429|7.000000|2.000000|0.000000|0.000000,7,72149049344.000000,N/A,5
MOGP_GENERATIONAL,995cfc42-f074-11f0-b9e8-6e001b3eef54,Boston,74,97,6.513846|7.000000|2.000000|0.000000|0.000000,0.05543088912963867,7.0,8.302429|7.000000|2.000000|0.000000|0.000000,6.513846|7.000000|2.000000|0.000000|0.000000,8.302429|7.000000|2.000000|0.000000|0.000000,7,52881129472.000000,N/A,5
MOGP_GENERATIONAL,995cfc42-f074-11f0-b9e8-6e001b3eef54,Boston,74,98,6.513846|7.000000|2.000000|0.000000|0.000000,0.05266523361206055,7.0,8.302429|7.000000|2.000000|0.000000|0.000000,6.513846|7.000000|2.000000|0.000000|0.000000,8.302429|7.000000|2.000000|0.000000|0.000000,7,56600178688.000000,N/A,5
MOGP_GENERATIONAL,995cfc42-f074-11f0-b9e8-6e001b3eef54,Boston,74,99,6.513846|7.000000|2.000000|0.000000|0.000000,0.05666804313659668,7.0,8.302429|7.000000|2.000000|0.000000|0.000000,6.513846|7.000000|2.000000|0.000000|0.000000,8.302429|7.000000|2.000000|0.000000|0.000000,7,65769693184.000000,N/A,5
MOGP_GENERATIONAL,995cfc42-f074-11f0-b9e8-6e001b3eef54,Boston,74,100,6.513846|7.000000|2.000000|0.000000|0.000000,0.05204892158508301,7.0,8.302429|7.000000|2.000000|0.000000|0.000000,6.513846|7.000000|2.000000|0.000000|0.000000,8.302429|7.000000|2.000000|0.000000|0.000000,7,51119869952.000000,N/A,5
MOGP_GENERATIONAL,995cfc42-f074-11f0-b9e8-6e001b3eef54,Boston,74,101,6.513846|7.000000|2.000000|0.000000|0.000000,0.05265212059020996,7.0,8.302429|7.000000|2.000000|0.000000|0.000000,6.513846|7.000000|2.000000|0.000000|0.000000,8.302429|7.000000|2.000000|0.000000|0.000000,7,97945567232.000000,N/A,5
MOGP_GENERATIONAL,995cfc42-f074-11f0-b9e8-6e001b3eef54,Boston,74,102,6.513846|7.000000|2.000000|0.000000|0.000000,0.055001020431518555,7.0,8.302429|7.000000|2.000000|0.000000|0.000000,6.513846|7.000000|2.000000|0.000000|0.000000,8.302429|7.000000|2.000000|0.000000|0.000000,7,77216415744.000000,N/A,5
MOGP_GENERATIONAL,995cfc42-f074-11f0-b9e8-6e001b3eef54,Boston,74,103,6.513846|7.000000|2.000000|0.000000|0.000000,0.06173586845397949,7.0,8.302429|7.000000|2.000000|0.000000|0.000000,6.513846|7.000000|2.000000|0.000000|0.000000,8.302429|7.000000|2.000000|0.000000|0.000000,7,59339636736.000000,N/A,5
MOGP_GENERATIONAL,995cfc42-f074-11f0-b9e8-6e001b3eef54,Boston,74,104,6.513846|7.000000|2.000000|0.000000|0.000000,0.06180930137634277,7.0,8.302429|7.000000|2.000000|0.000000|0.000000,6.513846|7.000000|2.000000|0.000000|0.000000,8.302429|7.000000|2.000000|0.000000|0.000000,7,78550761472.000000,N/A,5
MOGP_GENERATIONAL,995cfc42-f074-11f0-b9e8-6e001b3eef54,Boston,74,105,6.513846|7.000000|2.000000|0.000000|0.000000,0.09117794036865234,7.0,8.302429|7.000000|2.000000|0.000000|0.000000,6.513846|7.000000|2.000000|0.000000|0.000000,8.302429|7.000000|2.000000|0.000000|0.000000,7,61616259072.000000,N/A,5
MOGP_GENERATIONAL,995cfc42-f074-11f0-b9e8-6e001b3eef54,Boston,74,106,6.513846|7.000000|2.000000|0.000000|0.000000,0.052452802658081055,7.0,8.302429|7.000000|2.000000|0.000000|0.000000,6.513846|7.000000|2.000000|0.000000|0.000000,8.302429|7.000000|2.000000|0.000000|0.000000,7,61092069376.000000,N/A,5
MOGP_GENERATIONAL,995cfc42-f074-11f0-b9e8-6e001b3eef54,Boston,74,107,6.513846|7.000000|2.000000|0.000000|0.000000,0.051612138748168945,7.0,8.302429|7.000000|2.000000|0.000000|0.000000,6.513846|7.000000|2.000000|0.000000|0.000000,8.302429|7.000000|2.000000|0.000000|0.000000,7,62608908288.000000,N/A,5
MOGP_GENERATIONAL,995cfc42-f074-11f0-b9e8-6e001b3eef54,Boston,74,108,6.513846|7.000000|2.000000|0.000000|0.000000,0.05537891387939453,7.0,8.302429|7.000000|2.000000|0.000000|0.000000,6.513846|7.000000|2.000000|0.000000|0.000000,8.302429|7.000000|2.000000|0.000000|0.000000,7,113948344320.000000,N/A,5
MOGP_GENERATIONAL,995cfc42-f074-11f0-b9e8-6e001b3eef54,Boston,74,109,6.513846|7.000000|2.000000|0.000000|0.000000,0.061491966247558594,7.0,8.302429|7.000000|2.000000|0.000000|0.000000,6.513846|7.000000|2.000000|0.000000|0.000000,8.302429|7.000000|2.000000|0.000000|0.000000,7,47457263616.000000,N/A,5
MOGP_GENERATIONAL,995cfc42-f074-11f0-b9e8-6e001b3eef54,Boston,74,110,6.513846|7.000000|2.000000|0.000000|0.000000,0.05345916748046875,7.0,8.302429|7.000000|2.000000|0.000000|0.000000,6.513846|7.000000|2.000000|0.000000|0.000000,8.302429|7.000000|2.000000|0.000000|0.000000,7,67483762688.000000,N/A,5
MOGP_GENERATIONAL,995cfc42-f074-11f0-b9e8-6e001b3eef54,Boston,74,111,6.513846|7.000000|2.000000|0.000000|0.000000,0.07047080993652344,7.0,8.302429|7.000000|2.000000|0.000000|0.000000,6.513846|7.000000|2.000000|0.000000|0.000000,8.302429|7.000000|2.000000|0.000000|0.000000,7,72614322176.000000,N/A,5
MOGP_GENERATIONAL,995cfc42-f074-11f0-b9e8-6e001b3eef54,Boston,74,112,6.513846|7.000000|2.000000|0.000000|0.000000,0.06081724166870117,7.0,8.302429|7.000000|2.000000|0.000000|0.000000,6.513846|7.000000|2.000000|0.000000|0.000000,8.302429|7.000000|2.000000|0.000000|0.000000,7,57623298048.000000,N/A,5
MOGP_GENERATIONAL,995cfc42-f074-11f0-b9e8-6e001b3eef54,Boston,74,113,6.513846|7.000000|2.000000|0.000000|0.000000,0.09282708168029785,7.0,8.302429|7.000000|2.000000|0.000000|0.000000,6.513846|7.000000|2.000000|0.000000|0.000000,8.302429|7.000000|2.000000|0.000000|0.000000,7,86778699776.000000,N/A,5
MOGP_GENERATIONAL,995cfc42-f074-11f0-b9e8-6e001b3eef54,Boston,74,114,6.513846|7.000000|2.000000|0.000000|0.000000,0.056279897689819336,7.0,8.302429|7.000000|2.000000|0.000000|0.000000,6.513846|7.000000|2.000000|0.000000|0.000000,8.302429|7.000000|2.000000|0.000000|0.000000,7,89155215360.000000,N/A,5
MOGP_GENERATIONAL,995cfc42-f074-11f0-b9e8-6e001b3eef54,Boston,74,115,6.513846|7.000000|2.000000|0.000000|0.000000,0.05128622055053711,7.0,8.302429|7.000000|2.000000|0.000000|0.000000,6.513846|7.000000|2.000000|0.000000|0.000000,8.302429|7.000000|2.000000|0.000000|0.000000,7,96933019648.000000,N/A,5
MOGP_GENERATIONAL,995cfc42-f074-11f0-b9e8-6e001b3eef54,Boston,74,116,6.513846|7.000000|2.000000|0.000000|0.000000,0.054229021072387695,7.0,8.302429|7.000000|2.000000|0.000000|0.000000,6.513846|7.000000|2.000000|0.000000|0.000000,8.302429|7.000000|2.000000|0.000000|0.000000,7,37961957376.000000,N/A,5
MOGP_GENERATIONAL,995cfc42-f074-11f0-b9e8-6e001b3eef54,Boston,74,117,6.513846|7.000000|2.000000|0.000000|0.000000,0.05284237861633301,7.0,8.302429|7.000000|2.000000|0.000000|0.000000,6.513846|7.000000|2.000000|0.000000|0.000000,8.302429|7.000000|2.000000|0.000000|0.000000,7,49083764736.000000,N/A,5
MOGP_GENERATIONAL,995cfc42-f074-11f0-b9e8-6e001b3eef54,Boston,74,118,6.513846|7.000000|2.000000|0.000000|0.000000,0.05396294593811035,7.0,8.302429|7.000000|2.000000|0.000000|0.000000,6.513846|7.000000|2.000000|0.000000|0.000000,8.302429|7.000000|2.000000|0.000000|0.000000,7,73384050688.000000,N/A,5
MOGP_GENERATIONAL,995cfc42-f074-11f0-b9e8-6e001b3eef54,Boston,74,119,6.513846|7.000000|2.000000|0.000000|0.000000,0.05225086212158203,7.0,8.302429|7.000000|2.000000|0.000000|0.000000,6.513846|7.000000|2.000000|0.000000|0.000000,8.302429|7.000000|2.000000|0.000000|0.000000,7,97404239872.000000,N/A,5
MOGP_GENERATIONAL,995cfc42-f074-11f0-b9e8-6e001b3eef54,Boston,74,120,6.513846|7.000000|2.000000|0.000000|0.000000,0.052459001541137695,7.0,8.302429|7.000000|2.000000|0.000000|0.000000,6.513846|7.000000|2.000000|0.000000|0.000000,8.302429|7.000000|2.000000|0.000000|0.000000,7,85870714880.000000,N/A,5
MOGP_GENERATIONAL,995cfc42-f074-11f0-b9e8-6e001b3eef54,Boston,74,121,6.513846|7.000000|2.000000|0.000000|0.000000,0.052757978439331055,7.0,8.302429|7.000000|2.000000|0.000000|0.000000,6.513846|7.000000|2.000000|0.000000|0.000000,8.302429|7.000000|2.000000|0.000000|0.000000,7,76557918208.000000,N/A,5
MOGP_GENERATIONAL,995cfc42-f074-11f0-b9e8-6e001b3eef54,Boston,74,122,6.513846|7.000000|2.000000|0.000000|0.000000,0.05361008644104004,7.0,8.302429|7.000000|2.000000|0.000000|0.000000,6.513846|7.000000|2.000000|0.000000|0.000000,8.302429|7.000000|2.000000|0.000000|0.000000,7,85903368192.000000,N/A,5
MOGP_GENERATIONAL,995cfc42-f074-11f0-b9e8-6e001b3eef54,Boston,74,123,6.513846|7.000000|2.000000|0.000000|0.000000,0.05328726768493652,7.0,8.302429|7.000000|2.000000|0.000000|0.000000,6.513846|7.000000|2.000000|0.000000|0.000000,8.302429|7.000000|2.000000|0.000000|0.000000,7,120270635008.000000,N/A,5
MOGP_GENERATIONAL,995cfc42-f074-11f0-b9e8-6e001b3eef54,Boston,74,124,6.513846|7.000000|2.000000|0.000000|0.000000,0.052881717681884766,7.0,8.302429|7.000000|2.000000|0.000000|0.000000,6.513846|7.000000|2.000000|0.000000|0.000000,8.302429|7.000000|2.000000|0.000000|0.000000,7,58920349696.000000,N/A,5
MOGP_GENERATIONAL,995cfc42-f074-11f0-b9e8-6e001b3eef54,Boston,74,125,6.513846|7.000000|2.000000|0.000000|0.000000,0.07010412216186523,7.0,8.302429|7.000000|2.000000|0.000000|0.000000,6.513846|7.000000|2.000000|0.000000|0.000000,8.302429|7.000000|2.000000|0.000000|0.000000,7,92621193216.000000,N/A,5
MOGP_GENERATIONAL,995cfc42-f074-11f0-b9e8-6e001b3eef54,Boston,74,126,6.513846|7.000000|2.000000|0.000000|0.000000,0.052182912826538086,7.0,8.302429|7.000000|2.000000|0.000000|0.000000,6.513846|7.000000|2.000000|0.000000|0.000000,8.302429|7.000000|2.000000|0.000000|0.000000,7,69046009856.000000,N/A,5
MOGP_GENERATIONAL,995cfc42-f074-11f0-b9e8-6e001b3eef54,Boston,74,127,6.513846|7.000000|2.000000|0.000000|0.000000,0.145097017288208,7.0,8.302429|7.000000|2.000000|0.000000|0.000000,6.513846|7.000000|2.000000|0.000000|0.000000,8.302429|7.000000|2.000000|0.000000|0.000000,7,36046745600.000000,N/A,5
MOGP_GENERATIONAL,995cfc42-f074-11f0-b9e8-6e001b3eef54,Boston,74,128,6.513846|7.000000|2.000000|0.000000|0.000000,0.052919864654541016,7.0,8.302429|7.000000|2.000000|0.000000|0.000000,6.513846|7.000000|2.000000|0.000000|0.000000,8.302429|7.000000|2.000000|0.000000|0.000000,7,100488462336.000000,N/A,5
MOGP_GENERATIONAL,995cfc42-f074-11f0-b9e8-6e001b3eef54,Boston,74,129,6.513846|7.000000|2.000000|0.000000|0.000000,0.05490303039550781,7.0,8.302429|7.000000|2.000000|0.000000|0.000000,6.513846|7.000000|2.000000|0.000000|0.000000,8.302429|7.000000|2.000000|0.000000|0.000000,7,64666755072.000000,N/A,5
MOGP_GENERATIONAL,995cfc42-f074-11f0-b9e8-6e001b3eef54,Boston,74,130,6.513846|7.000000|2.000000|0.000000|0.000000,0.05773305892944336,7.0,8.302429|7.000000|2.000000|0.000000|0.000000,6.513846|7.000000|2.000000|0.000000|0.000000,8.302429|7.000000|2.000000|0.000000|0.000000,7,92260704256.000000,N/A,5
MOGP_GENERATIONAL,995cfc42-f074-11f0-b9e8-6e001b3eef54,Boston,74,131,6.513846|7.000000|2.000000|0.000000|0.000000,0.05612492561340332,7.0,8.302429|7.000000|2.000000|0.000000|0.000000,6.513846|7.000000|2.000000|0.000000|0.000000,8.302429|7.000000|2.000000|0.000000|0.000000,7,71305822208.000000,N/A,5
MOGP_GENERATIONAL,995cfc42-f074-11f0-b9e8-6e001b3eef54,Boston,74,132,6.513846|7.000000|2.000000|0.000000|0.000000,0.06033492088317871,7.0,8.302429|7.000000|2.000000|0.000000|0.000000,6.513846|7.000000|2.000000|0.000000|0.000000,8.302429|7.000000|2.000000|0.000000|0.000000,7,119281696768.000000,N/A,5
MOGP_GENERATIONAL,995cfc42-f074-11f0-b9e8-6e001b3eef54,Boston,74,133,6.513846|7.000000|2.000000|0.000000|0.000000,0.05285501480102539,7.0,8.302429|7.000000|2.000000|0.000000|0.000000,6.513846|7.000000|2.000000|0.000000|0.000000,8.302429|7.000000|2.000000|0.000000|0.000000,7,69310382080.000000,N/A,5
MOGP_GENERATIONAL,995cfc42-f074-11f0-b9e8-6e001b3eef54,Boston,74,134,6.513846|7.000000|2.000000|0.000000|0.000000,0.054039716720581055,7.0,8.302429|7.000000|2.000000|0.000000|0.000000,6.513846|7.000000|2.000000|0.000000|0.000000,8.302429|7.000000|2.000000|0.000000|0.000000,7,92131082240.000000,N/A,5
MOGP_GENERATIONAL,995cfc42-f074-11f0-b9e8-6e001b3eef54,Boston,74,135,6.513846|7.000000|2.000000|0.000000|0.000000,0.0825350284576416,7.0,8.302429|7.000000|2.000000|0.000000|0.000000,6.513846|7.000000|2.000000|0.000000|0.000000,8.302429|7.000000|2.000000|0.000000|0.000000,7,41758347264.000000,N/A,5
MOGP_GENERATIONAL,995cfc42-f074-11f0-b9e8-6e001b3eef54,Boston,74,136,6.513846|7.000000|2.000000|0.000000|0.000000,0.058157920837402344,7.0,8.302429|7.000000|2.000000|0.000000|0.000000,6.513846|7.000000|2.000000|0.000000|0.000000,8.302429|7.000000|2.000000|0.000000|0.000000,7,101875654656.000000,N/A,5
MOGP_GENERATIONAL,995cfc42-f074-11f0-b9e8-6e001b3eef54,Boston,74,137,6.513846|7.000000|2.000000|0.000000|0.000000,0.05398702621459961,7.0,8.302429|7.000000|2.000000|0.000000|0.000000,6.513846|7.000000|2.000000|0.000000|0.000000,8.302429|7.000000|2.000000|0.000000|0.000000,7,72054718464.000000,N/A,5
MOGP_GENERATIONAL,995cfc42-f074-11f0-b9e8-6e001b3eef54,Boston,74,138,6.513846|7.000000|2.000000|0.000000|0.000000,0.054305076599121094,7.0,8.302429|7.000000|2.000000|0.000000|0.000000,6.513846|7.000000|2.000000|0.000000|0.000000,8.302429|7.000000|2.000000|0.000000|0.000000,7,102348259328.000000,N/A,5
MOGP_GENERATIONAL,995cfc42-f074-11f0-b9e8-6e001b3eef54,Boston,74,139,6.513846|7.000000|2.000000|0.000000|0.000000,0.05364179611206055,7.0,8.302429|7.000000|2.000000|0.000000|0.000000,6.513846|7.000000|2.000000|0.000000|0.000000,8.302429|7.000000|2.000000|0.000000|0.000000,7,78080696320.000000,N/A,5
MOGP_GENERATIONAL,995cfc42-f074-11f0-b9e8-6e001b3eef54,Boston,74,140,6.513846|7.000000|2.000000|0.000000|0.000000,0.05328106880187988,7.0,8.302429|7.000000|2.000000|0.000000|0.000000,6.513846|7.000000|2.000000|0.000000|0.000000,8.302429|7.000000|2.000000|0.000000|0.000000,7,128180781056.000000,N/A,5
MOGP_GENERATIONAL,995cfc42-f074-11f0-b9e8-6e001b3eef54,Boston,74,141,6.513846|7.000000|2.000000|0.000000|0.000000,0.05347895622253418,7.0,8.302429|7.000000|2.000000|0.000000|0.000000,6.513846|7.000000|2.000000|0.000000|0.000000,8.302429|7.000000|2.000000|0.000000|0.000000,7,132413177856.000000,N/A,5
MOGP_GENERATIONAL,995cfc42-f074-11f0-b9e8-6e001b3eef54,Boston,74,142,6.513846|7.000000|2.000000|0.000000|0.000000,0.05284404754638672,7.0,8.302429|7.000000|2.000000|0.000000|0.000000,6.513846|7.000000|2.000000|0.000000|0.000000,8.302429|7.000000|2.000000|0.000000|0.000000,7,64856211456.000000,N/A,5
MOGP_GENERATIONAL,995cfc42-f074-11f0-b9e8-6e001b3eef54,Boston,74,143,6.513846|7.000000|2.000000|0.000000|0.000000,0.05365896224975586,7.0,8.302429|7.000000|2.000000|0.000000|0.000000,6.513846|7.000000|2.000000|0.000000|0.000000,8.302429|7.000000|2.000000|0.000000|0.000000,7,59222749184.000000,N/A,5
MOGP_GENERATIONAL,995cfc42-f074-11f0-b9e8-6e001b3eef54,Boston,74,144,6.513846|7.000000|2.000000|0.000000|0.000000,0.05364084243774414,7.0,8.302429|7.000000|2.000000|0.000000|0.000000,6.513846|7.000000|2.000000|0.000000|0.000000,8.302429|7.000000|2.000000|0.000000|0.000000,7,55552634880.000000,N/A,5
MOGP_GENERATIONAL,995cfc42-f074-11f0-b9e8-6e001b3eef54,Boston,74,145,6.513846|7.000000|2.000000|0.000000|0.000000,0.05274796485900879,7.0,8.302429|7.000000|2.000000|0.000000|0.000000,6.513846|7.000000|2.000000|0.000000|0.000000,8.302429|7.000000|2.000000|0.000000|0.000000,7,41145638912.000000,N/A,5
MOGP_GENERATIONAL,995cfc42-f074-11f0-b9e8-6e001b3eef54,Boston,74,146,6.513846|7.000000|2.000000|0.000000|0.000000,0.052490949630737305,7.0,8.302429|7.000000|2.000000|0.000000|0.000000,6.513846|7.000000|2.000000|0.000000|0.000000,8.302429|7.000000|2.000000|0.000000|0.000000,7,54271627264.000000,N/A,5
MOGP_GENERATIONAL,995cfc42-f074-11f0-b9e8-6e001b3eef54,Boston,74,147,6.513846|7.000000|2.000000|0.000000|0.000000,0.05731391906738281,7.0,8.302429|7.000000|2.000000|0.000000|0.000000,6.513846|7.000000|2.000000|0.000000|0.000000,8.302429|7.000000|2.000000|0.000000|0.000000,7,57762443264.000000,N/A,5
MOGP_GENERATIONAL,995cfc42-f074-11f0-b9e8-6e001b3eef54,Boston,74,148,6.513846|7.000000|2.000000|0.000000|0.000000,0.05431318283081055,7.0,8.302429|7.000000|2.000000|0.000000|0.000000,6.513846|7.000000|2.000000|0.000000|0.000000,8.302429|7.000000|2.000000|0.000000|0.000000,7,93323649024.000000,N/A,5
MOGP_GENERATIONAL,995cfc42-f074-11f0-b9e8-6e001b3eef54,Boston,74,149,6.513846|7.000000|2.000000|0.000000|0.000000,0.052329063415527344,7.0,8.302429|7.000000|2.000000|0.000000|0.000000,6.513846|7.000000|2.000000|0.000000|0.000000,8.302429|7.000000|2.000000|0.000000|0.000000,7,91466686464.000000,N/A,5
MOGP_GENERATIONAL,995cfc42-f074-11f0-b9e8-6e001b3eef54,Boston,74,150,6.513846|7.000000|2.000000|0.000000|0.000000,0.05246877670288086,7.0,8.302429|7.000000|2.000000|0.000000|0.000000,6.513846|7.000000|2.000000|0.000000|0.000000,8.302429|7.000000|2.000000|0.000000|0.000000,7,82948513792.000000,N/A,5
MOGP_GENERATIONAL,995cfc42-f074-11f0-b9e8-6e001b3eef54,Boston,74,151,6.513846|7.000000|2.000000|0.000000|0.000000,0.054718971252441406,7.0,8.302429|7.000000|2.000000|0.000000|0.000000,6.513846|7.000000|2.000000|0.000000|0.000000,8.302429|7.000000|2.000000|0.000000|0.000000,7,65547657216.000000,N/A,5
MOGP_GENERATIONAL,995cfc42-f074-11f0-b9e8-6e001b3eef54,Boston,74,152,6.513846|7.000000|2.000000|0.000000|0.000000,0.05357098579406738,7.0,8.302429|7.000000|2.000000|0.000000|0.000000,6.513846|7.000000|2.000000|0.000000|0.000000,8.302429|7.000000|2.000000|0.000000|0.000000,7,71736598528.000000,N/A,5
MOGP_GENERATIONAL,995cfc42-f074-11f0-b9e8-6e001b3eef54,Boston,74,153,6.513846|7.000000|2.000000|0.000000|0.000000,0.05273699760437012,7.0,8.302429|7.000000|2.000000|0.000000|0.000000,6.513846|7.000000|2.000000|0.000000|0.000000,8.302429|7.000000|2.000000|0.000000|0.000000,7,104945917952.000000,N/A,5
MOGP_GENERATIONAL,995cfc42-f074-11f0-b9e8-6e001b3eef54,Boston,74,154,6.513846|7.000000|2.000000|0.000000|0.000000,0.05243086814880371,7.0,8.302429|7.000000|2.000000|0.000000|0.000000,6.513846|7.000000|2.000000|0.000000|0.000000,8.302429|7.000000|2.000000|0.000000|0.000000,7,62008270848.000000,N/A,5
MOGP_GENERATIONAL,995cfc42-f074-11f0-b9e8-6e001b3eef54,Boston,74,155,6.513846|7.000000|2.000000|0.000000|0.000000,0.06322598457336426,7.0,8.302429|7.000000|2.000000|0.000000|0.000000,6.513846|7.000000|2.000000|0.000000|0.000000,8.302429|7.000000|2.000000|0.000000|0.000000,7,109446799360.000000,N/A,5
MOGP_GENERATIONAL,995cfc42-f074-11f0-b9e8-6e001b3eef54,Boston,74,156,6.513846|7.000000|2.000000|0.000000|0.000000,0.052063941955566406,7.0,8.302429|7.000000|2.000000|0.000000|0.000000,6.513846|7.000000|2.000000|0.000000|0.000000,8.302429|7.000000|2.000000|0.000000|0.000000,7,71212679168.000000,N/A,5
MOGP_GENERATIONAL,995cfc42-f074-11f0-b9e8-6e001b3eef54,Boston,74,157,6.513846|7.000000|2.000000|0.000000|0.000000,0.05291914939880371,7.0,8.302429|7.000000|2.000000|0.000000|0.000000,6.513846|7.000000|2.000000|0.000000|0.000000,8.302429|7.000000|2.000000|0.000000|0.000000,7,67560329216.000000,N/A,5
MOGP_GENERATIONAL,995cfc42-f074-11f0-b9e8-6e001b3eef54,Boston,74,158,6.513846|7.000000|2.000000|0.000000|0.000000,0.0705251693725586,7.0,8.302429|7.000000|2.000000|0.000000|0.000000,6.513846|7.000000|2.000000|0.000000|0.000000,8.302429|7.000000|2.000000|0.000000|0.000000,7,55985418240.000000,N/A,5
MOGP_GENERATIONAL,995cfc42-f074-11f0-b9e8-6e001b3eef54,Boston,74,159,6.513846|7.000000|2.000000|0.000000|0.000000,0.053201913833618164,7.0,8.302429|7.000000|2.000000|0.000000|0.000000,6.513846|7.000000|2.000000|0.000000|0.000000,8.302429|7.000000|2.000000|0.000000|0.000000,7,81026523136.000000,N/A,5
MOGP_GENERATIONAL,995cfc42-f074-11f0-b9e8-6e001b3eef54,Boston,74,160,6.513846|7.000000|2.000000|0.000000|0.000000,0.0575408935546875,7.0,8.302429|7.000000|2.000000|0.000000|0.000000,6.513846|7.000000|2.000000|0.000000|0.000000,8.302429|7.000000|2.000000|0.000000|0.000000,7,90572120064.000000,N/A,5
MOGP_GENERATIONAL,995cfc42-f074-11f0-b9e8-6e001b3eef54,Boston,74,161,6.513846|7.000000|2.000000|0.000000|0.000000,0.05488181114196777,7.0,8.302429|7.000000|2.000000|0.000000|0.000000,6.513846|7.000000|2.000000|0.000000|0.000000,8.302429|7.000000|2.000000|0.000000|0.000000,7,79809454080.000000,N/A,5
MOGP_GENERATIONAL,995cfc42-f074-11f0-b9e8-6e001b3eef54,Boston,74,162,6.513846|7.000000|2.000000|0.000000|0.000000,0.05364799499511719,7.0,8.302429|7.000000|2.000000|0.000000|0.000000,6.513846|7.000000|2.000000|0.000000|0.000000,8.302429|7.000000|2.000000|0.000000|0.000000,7,46838067200.000000,N/A,5
MOGP_GENERATIONAL,995cfc42-f074-11f0-b9e8-6e001b3eef54,Boston,74,163,6.513846|7.000000|2.000000|0.000000|0.000000,0.06581997871398926,7.0,8.302429|7.000000|2.000000|0.000000|0.000000,6.513846|7.000000|2.000000|0.000000|0.000000,8.302429|7.000000|2.000000|0.000000|0.000000,7,101765644288.000000,N/A,5
MOGP_GENERATIONAL,995cfc42-f074-11f0-b9e8-6e001b3eef54,Boston,74,164,6.513846|7.000000|2.000000|0.000000|0.000000,0.05263471603393555,7.0,8.302429|7.000000|2.000000|0.000000|0.000000,6.513846|7.000000|2.000000|0.000000|0.000000,8.302429|7.000000|2.000000|0.000000|0.000000,7,38414860288.000000,N/A,5
MOGP_GENERATIONAL,995cfc42-f074-11f0-b9e8-6e001b3eef54,Boston,74,165,6.513846|7.000000|2.000000|0.000000|0.000000,0.05410313606262207,7.0,8.302429|7.000000|2.000000|0.000000|0.000000,6.513846|7.000000|2.000000|0.000000|0.000000,8.302429|7.000000|2.000000|0.000000|0.000000,7,78745182208.000000,N/A,5
MOGP_GENERATIONAL,995cfc42-f074-11f0-b9e8-6e001b3eef54,Boston,74,166,6.513846|7.000000|2.000000|0.000000|0.000000,0.05600404739379883,7.0,8.302429|7.000000|2.000000|0.000000|0.000000,6.513846|7.000000|2.000000|0.000000|0.000000,8.302429|7.000000|2.000000|0.000000|0.000000,7,93548953600.000000,N/A,5
MOGP_GENERATIONAL,995cfc42-f074-11f0-b9e8-6e001b3eef54,Boston,74,167,6.513846|7.000000|2.000000|0.000000|0.000000,0.07413005828857422,7.0,8.302429|7.000000|2.000000|0.000000|0.000000,6.513846|7.000000|2.000000|0.000000|0.000000,8.302429|7.000000|2.000000|0.000000|0.000000,7,105146736640.000000,N/A,5
MOGP_GENERATIONAL,995cfc42-f074-11f0-b9e8-6e001b3eef54,Boston,74,168,6.513846|7.000000|2.000000|0.000000|0.000000,0.05374884605407715,7.0,8.302429|7.000000|2.000000|0.000000|0.000000,6.513846|7.000000|2.000000|0.000000|0.000000,8.302429|7.000000|2.000000|0.000000|0.000000,7,22536488960.000000,N/A,5
MOGP_GENERATIONAL,995cfc42-f074-11f0-b9e8-6e001b3eef54,Boston,74,169,6.513846|7.000000|2.000000|0.000000|0.000000,0.05357694625854492,7.0,8.302429|7.000000|2.000000|0.000000|0.000000,6.513846|7.000000|2.000000|0.000000|0.000000,8.302429|7.000000|2.000000|0.000000|0.000000,7,96090783744.000000,N/A,5
MOGP_GENERATIONAL,995cfc42-f074-11f0-b9e8-6e001b3eef54,Boston,74,170,6.513846|7.000000|2.000000|0.000000|0.000000,0.06178784370422363,7.0,8.302429|7.000000|2.000000|0.000000|0.000000,6.513846|7.000000|2.000000|0.000000|0.000000,8.302429|7.000000|2.000000|0.000000|0.000000,7,34922561536.000000,N/A,5
MOGP_GENERATIONAL,995cfc42-f074-11f0-b9e8-6e001b3eef54,Boston,74,171,6.513846|7.000000|2.000000|0.000000|0.000000,0.061515092849731445,7.0,8.302429|7.000000|2.000000|0.000000|0.000000,6.513846|7.000000|2.000000|0.000000|0.000000,8.302429|7.000000|2.000000|0.000000|0.000000,7,103051444224.000000,N/A,5
MOGP_GENERATIONAL,995cfc42-f074-11f0-b9e8-6e001b3eef54,Boston,74,172,6.513846|7.000000|2.000000|0.000000|0.000000,0.055312156677246094,7.0,8.302429|7.000000|2.000000|0.000000|0.000000,6.513846|7.000000|2.000000|0.000000|0.000000,8.302429|7.000000|2.000000|0.000000|0.000000,7,78872616960.000000,N/A,5
MOGP_GENERATIONAL,995cfc42-f074-11f0-b9e8-6e001b3eef54,Boston,74,173,6.513846|7.000000|2.000000|0.000000|0.000000,0.061131954193115234,7.0,8.302429|7.000000|2.000000|0.000000|0.000000,6.513846|7.000000|2.000000|0.000000|0.000000,8.302429|7.000000|2.000000|0.000000|0.000000,7,56903307264.000000,N/A,5
MOGP_GENERATIONAL,995cfc42-f074-11f0-b9e8-6e001b3eef54,Boston,74,174,6.513846|7.000000|2.000000|0.000000|0.000000,0.05472373962402344,7.0,8.302429|7.000000|2.000000|0.000000|0.000000,6.513846|7.000000|2.000000|0.000000|0.000000,8.302429|7.000000|2.000000|0.000000|0.000000,7,88950784000.000000,N/A,5
MOGP_GENERATIONAL,995cfc42-f074-11f0-b9e8-6e001b3eef54,Boston,74,175,6.513846|7.000000|2.000000|0.000000|0.000000,0.056677818298339844,7.0,8.302429|7.000000|2.000000|0.000000|0.000000,6.513846|7.000000|2.000000|0.000000|0.000000,8.302429|7.000000|2.000000|0.000000|0.000000,7,35999264768.000000,N/A,5
MOGP_GENERATIONAL,995cfc42-f074-11f0-b9e8-6e001b3eef54,Boston,74,176,6.513846|7.000000|2.000000|0.000000|0.000000,0.05390000343322754,7.0,8.302429|7.000000|2.000000|0.000000|0.000000,6.513846|7.000000|2.000000|0.000000|0.000000,8.302429|7.000000|2.000000|0.000000|0.000000,7,125613957120.000000,N/A,5
MOGP_GENERATIONAL,995cfc42-f074-11f0-b9e8-6e001b3eef54,Boston,74,177,6.513846|7.000000|2.000000|0.000000|0.000000,0.0767970085144043,7.0,8.302429|7.000000|2.000000|0.000000|0.000000,6.513846|7.000000|2.000000|0.000000|0.000000,8.302429|7.000000|2.000000|0.000000|0.000000,7,77068369920.000000,N/A,5
MOGP_GENERATIONAL,995cfc42-f074-11f0-b9e8-6e001b3eef54,Boston,74,178,6.513846|7.000000|2.000000|0.000000|0.000000,0.06403040885925293,7.0,8.302429|7.000000|2.000000|0.000000|0.000000,6.513846|7.000000|2.000000|0.000000|0.000000,8.302429|7.000000|2.000000|0.000000|0.000000,7,71369121792.000000,N/A,5
MOGP_GENERATIONAL,995cfc42-f074-11f0-b9e8-6e001b3eef54,Boston,74,179,6.513846|7.000000|2.000000|0.000000|0.000000,0.1327812671661377,7.0,8.302429|7.000000|2.000000|0.000000|0.000000,6.513846|7.000000|2.000000|0.000000|0.000000,8.302429|7.000000|2.000000|0.000000|0.000000,7,113927553024.000000,N/A,5
MOGP_GENERATIONAL,995cfc42-f074-11f0-b9e8-6e001b3eef54,Boston,74,180,6.513846|7.000000|2.000000|0.000000|0.000000,0.055017948150634766,7.0,8.302429|7.000000|2.000000|0.000000|0.000000,6.513846|7.000000|2.000000|0.000000|0.000000,8.302429|7.000000|2.000000|0.000000|0.000000,7,101981995008.000000,N/A,5
MOGP_GENERATIONAL,995cfc42-f074-11f0-b9e8-6e001b3eef54,Boston,74,181,6.513846|7.000000|2.000000|0.000000|0.000000,0.05378890037536621,7.0,8.302429|7.000000|2.000000|0.000000|0.000000,6.513846|7.000000|2.000000|0.000000|0.000000,8.302429|7.000000|2.000000|0.000000|0.000000,7,73726689280.000000,N/A,5
MOGP_GENERATIONAL,995cfc42-f074-11f0-b9e8-6e001b3eef54,Boston,74,182,6.513846|7.000000|2.000000|0.000000|0.000000,0.05916333198547363,7.0,8.302429|7.000000|2.000000|0.000000|0.000000,6.513846|7.000000|2.000000|0.000000|0.000000,8.302429|7.000000|2.000000|0.000000|0.000000,7,73779273728.000000,N/A,5
MOGP_GENERATIONAL,995cfc42-f074-11f0-b9e8-6e001b3eef54,Boston,74,183,6.513846|7.000000|2.000000|0.000000|0.000000,0.054917097091674805,7.0,8.302429|7.000000|2.000000|0.000000|0.000000,6.513846|7.000000|2.000000|0.000000|0.000000,8.302429|7.000000|2.000000|0.000000|0.000000,7,98838380544.000000,N/A,5
MOGP_GENERATIONAL,995cfc42-f074-11f0-b9e8-6e001b3eef54,Boston,74,184,6.513846|7.000000|2.000000|0.000000|0.000000,0.054847002029418945,7.0,8.302429|7.000000|2.000000|0.000000|0.000000,6.513846|7.000000|2.000000|0.000000|0.000000,8.302429|7.000000|2.000000|0.000000|0.000000,7,106997325824.000000,N/A,5
MOGP_GENERATIONAL,995cfc42-f074-11f0-b9e8-6e001b3eef54,Boston,74,185,6.513846|7.000000|2.000000|0.000000|0.000000,0.06357121467590332,7.0,8.302429|7.000000|2.000000|0.000000|0.000000,6.513846|7.000000|2.000000|0.000000|0.000000,8.302429|7.000000|2.000000|0.000000|0.000000,7,69000413184.000000,N/A,5
MOGP_GENERATIONAL,995cfc42-f074-11f0-b9e8-6e001b3eef54,Boston,74,186,6.513846|7.000000|2.000000|0.000000|0.000000,0.07690119743347168,7.0,8.302429|7.000000|2.000000|0.000000|0.000000,6.513846|7.000000|2.000000|0.000000|0.000000,8.302429|7.000000|2.000000|0.000000|0.000000,7,69843820544.000000,N/A,5
MOGP_GENERATIONAL,995cfc42-f074-11f0-b9e8-6e001b3eef54,Boston,74,187,6.513846|7.000000|2.000000|0.000000|0.000000,0.06907892227172852,7.0,8.302429|7.000000|2.000000|0.000000|0.000000,6.513846|7.000000|2.000000|0.000000|0.000000,8.302429|7.000000|2.000000|0.000000|0.000000,7,104720449536.000000,N/A,5
MOGP_GENERATIONAL,995cfc42-f074-11f0-b9e8-6e001b3eef54,Boston,74,188,6.513846|7.000000|2.000000|0.000000|0.000000,0.05942082405090332,7.0,8.302429|7.000000|2.000000|0.000000|0.000000,6.513846|7.000000|2.000000|0.000000|0.000000,8.302429|7.000000|2.000000|0.000000|0.000000,7,51161903104.000000,N/A,5
MOGP_GENERATIONAL,995cfc42-f074-11f0-b9e8-6e001b3eef54,Boston,74,189,6.513846|7.000000|2.000000|0.000000|0.000000,0.054151296615600586,7.0,8.302429|7.000000|2.000000|0.000000|0.000000,6.513846|7.000000|2.000000|0.000000|0.000000,8.302429|7.000000|2.000000|0.000000|0.000000,7,75723087872.000000,N/A,5
MOGP_GENERATIONAL,995cfc42-f074-11f0-b9e8-6e001b3eef54,Boston,74,190,6.513846|7.000000|2.000000|0.000000|0.000000,0.05434107780456543,7.0,8.302429|7.000000|2.000000|0.000000|0.000000,6.513846|7.000000|2.000000|0.000000|0.000000,8.302429|7.000000|2.000000|0.000000|0.000000,7,70809387008.000000,N/A,5
MOGP_GENERATIONAL,995cfc42-f074-11f0-b9e8-6e001b3eef54,Boston,74,191,6.513846|7.000000|2.000000|0.000000|0.000000,0.06117606163024902,7.0,8.302429|7.000000|2.000000|0.000000|0.000000,6.513846|7.000000|2.000000|0.000000|0.000000,8.302429|7.000000|2.000000|0.000000|0.000000,7,75773034496.000000,N/A,5
MOGP_GENERATIONAL,995cfc42-f074-11f0-b9e8-6e001b3eef54,Boston,74,192,6.513846|7.000000|2.000000|0.000000|0.000000,0.06768393516540527,7.0,8.302429|7.000000|2.000000|0.000000|0.000000,6.513846|7.000000|2.000000|0.000000|0.000000,8.302429|7.000000|2.000000|0.000000|0.000000,7,85350391808.000000,N/A,5
MOGP_GENERATIONAL,995cfc42-f074-11f0-b9e8-6e001b3eef54,Boston,74,193,6.513846|7.000000|2.000000|0.000000|0.000000,0.07160115242004395,7.0,8.302429|7.000000|2.000000|0.000000|0.000000,6.513846|7.000000|2.000000|0.000000|0.000000,8.302429|7.000000|2.000000|0.000000|0.000000,7,101155864576.000000,N/A,5
MOGP_GENERATIONAL,995cfc42-f074-11f0-b9e8-6e001b3eef54,Boston,74,194,6.513846|7.000000|2.000000|0.000000|0.000000,0.11849117279052734,7.0,8.302429|7.000000|2.000000|0.000000|0.000000,6.513846|7.000000|2.000000|0.000000|0.000000,8.302429|7.000000|2.000000|0.000000|0.000000,7,69276385280.000000,N/A,5
MOGP_GENERATIONAL,995cfc42-f074-11f0-b9e8-6e001b3eef54,Boston,74,195,6.513846|7.000000|2.000000|0.000000|0.000000,0.0714271068572998,7.0,8.302429|7.000000|2.000000|0.000000|0.000000,6.513846|7.000000|2.000000|0.000000|0.000000,8.302429|7.000000|2.000000|0.000000|0.000000,7,87332896768.000000,N/A,5
MOGP_GENERATIONAL,995cfc42-f074-11f0-b9e8-6e001b3eef54,Boston,74,196,6.513846|7.000000|2.000000|0.000000|0.000000,0.08090066909790039,7.0,8.302429|7.000000|2.000000|0.000000|0.000000,6.513846|7.000000|2.000000|0.000000|0.000000,8.302429|7.000000|2.000000|0.000000|0.000000,7,80981868544.000000,N/A,5
MOGP_GENERATIONAL,995cfc42-f074-11f0-b9e8-6e001b3eef54,Boston,74,197,6.513846|7.000000|2.000000|0.000000|0.000000,0.069000244140625,7.0,8.302429|7.000000|2.000000|0.000000|0.000000,6.513846|7.000000|2.000000|0.000000|0.000000,8.302429|7.000000|2.000000|0.000000|0.000000,7,89630457856.000000,N/A,5
MOGP_GENERATIONAL,995cfc42-f074-11f0-b9e8-6e001b3eef54,Boston,74,198,6.513846|7.000000|2.000000|0.000000|0.000000,0.05297088623046875,7.0,8.302429|7.000000|2.000000|0.000000|0.000000,6.513846|7.000000|2.000000|0.000000|0.000000,8.302429|7.000000|2.000000|0.000000|0.000000,7,49937465344.000000,N/A,5
MOGP_GENERATIONAL,995cfc42-f074-11f0-b9e8-6e001b3eef54,Boston,74,199,6.513846|7.000000|2.000000|0.000000|0.000000,0.059658050537109375,7.0,8.302429|7.000000|2.000000|0.000000|0.000000,6.513846|7.000000|2.000000|0.000000|0.000000,8.302429|7.000000|2.000000|0.000000|0.000000,7,26140307456.000000,N/A,5
MOGP_GENERATIONAL,995cfc42-f074-11f0-b9e8-6e001b3eef54,Boston,74,200,6.513846|7.000000|2.000000|0.000000|0.000000,0.05280613899230957,7.0,8.302429|7.000000|2.000000|0.000000|0.000000,6.513846|7.000000|2.000000|0.000000|0.000000,8.302429|7.000000|2.000000|0.000000|0.000000,7,65948999680.000000,N/A,5
MOGP_GENERATIONAL,995cfc42-f074-11f0-b9e8-6e001b3eef54,Boston,74,201,6.513846|7.000000|2.000000|0.000000|0.000000,0.062458038330078125,7.0,8.302429|7.000000|2.000000|0.000000|0.000000,6.513846|7.000000|2.000000|0.000000|0.000000,8.302429|7.000000|2.000000|0.000000|0.000000,7,102186942464.000000,N/A,5
MOGP_GENERATIONAL,995cfc42-f074-11f0-b9e8-6e001b3eef54,Boston,74,202,6.513846|7.000000|2.000000|0.000000|0.000000,0.0600430965423584,7.0,8.302429|7.000000|2.000000|0.000000|0.000000,6.513846|7.000000|2.000000|0.000000|0.000000,8.302429|7.000000|2.000000|0.000000|0.000000,7,86626975744.000000,N/A,5
MOGP_GENERATIONAL,995cfc42-f074-11f0-b9e8-6e001b3eef54,Boston,74,203,6.513846|7.000000|2.000000|0.000000|0.000000,0.0583798885345459,7.0,8.302429|7.000000|2.000000|0.000000|0.000000,6.513846|7.000000|2.000000|0.000000|0.000000,8.302429|7.000000|2.000000|0.000000|0.000000,7,80031891456.000000,N/A,5
MOGP_GENERATIONAL,995cfc42-f074-11f0-b9e8-6e001b3eef54,Boston,74,204,6.513846|7.000000|2.000000|0.000000|0.000000,0.0590360164642334,7.0,8.302429|7.000000|2.000000|0.000000|0.000000,6.513846|7.000000|2.000000|0.000000|0.000000,8.302429|7.000000|2.000000|0.000000|0.000000,7,75434278912.000000,N/A,5
MOGP_GENERATIONAL,995cfc42-f074-11f0-b9e8-6e001b3eef54,Boston,74,205,6.513846|7.000000|2.000000|0.000000|0.000000,0.06529116630554199,7.0,8.302429|7.000000|2.000000|0.000000|0.000000,6.513846|7.000000|2.000000|0.000000|0.000000,8.302429|7.000000|2.000000|0.000000|0.000000,7,83876569088.000000,N/A,5
MOGP_GENERATIONAL,995cfc42-f074-11f0-b9e8-6e001b3eef54,Boston,74,206,6.513846|7.000000|2.000000|0.000000|0.000000,0.07059836387634277,7.0,8.302429|7.000000|2.000000|0.000000|0.000000,6.513846|7.000000|2.000000|0.000000|0.000000,8.302429|7.000000|2.000000|0.000000|0.000000,7,88792334336.000000,N/A,5
MOGP_GENERATIONAL,995cfc42-f074-11f0-b9e8-6e001b3eef54,Boston,74,207,6.513846|7.000000|2.000000|0.000000|0.000000,0.06187081336975098,7.0,8.302429|7.000000|2.000000|0.000000|0.000000,6.513846|7.000000|2.000000|0.000000|0.000000,8.302429|7.000000|2.000000|0.000000|0.000000,7,79004073984.000000,N/A,5
MOGP_GENERATIONAL,995cfc42-f074-11f0-b9e8-6e001b3eef54,Boston,74,208,6.513846|7.000000|2.000000|0.000000|0.000000,0.05582284927368164,7.0,8.302429|7.000000|2.000000|0.000000|0.000000,6.513846|7.000000|2.000000|0.000000|0.000000,8.302429|7.000000|2.000000|0.000000|0.000000,7,68569300992.000000,N/A,5
MOGP_GENERATIONAL,995cfc42-f074-11f0-b9e8-6e001b3eef54,Boston,74,209,6.513846|7.000000|2.000000|0.000000|0.000000,0.06626200675964355,7.0,8.302429|7.000000|2.000000|0.000000|0.000000,6.513846|7.000000|2.000000|0.000000|0.000000,8.302429|7.000000|2.000000|0.000000|0.000000,7,89091604480.000000,N/A,5
MOGP_GENERATIONAL,995cfc42-f074-11f0-b9e8-6e001b3eef54,Boston,74,210,6.513846|7.000000|2.000000|0.000000|0.000000,0.06885099411010742,7.0,8.302429|7.000000|2.000000|0.000000|0.000000,6.513846|7.000000|2.000000|0.000000|0.000000,8.302429|7.000000|2.000000|0.000000|0.000000,7,86482411520.000000,N/A,5
MOGP_GENERATIONAL,995cfc42-f074-11f0-b9e8-6e001b3eef54,Boston,74,211,6.513846|7.000000|2.000000|0.000000|0.000000,0.1592390537261963,7.0,8.302429|7.000000|2.000000|0.000000|0.000000,6.513846|7.000000|2.000000|0.000000|0.000000,8.302429|7.000000|2.000000|0.000000|0.000000,7,82519703552.000000,N/A,5
MOGP_GENERATIONAL,995cfc42-f074-11f0-b9e8-6e001b3eef54,Boston,74,212,6.513846|7.000000|2.000000|0.000000|0.000000,0.07201099395751953,7.0,8.302429|7.000000|2.000000|0.000000|0.000000,6.513846|7.000000|2.000000|0.000000|0.000000,8.302429|7.000000|2.000000|0.000000|0.000000,7,113368309760.000000,N/A,5
MOGP_GENERATIONAL,995cfc42-f074-11f0-b9e8-6e001b3eef54,Boston,74,213,6.513846|7.000000|2.000000|0.000000|0.000000,0.10500478744506836,7.0,8.302429|7.000000|2.000000|0.000000|0.000000,6.513846|7.000000|2.000000|0.000000|0.000000,8.302429|7.000000|2.000000|0.000000|0.000000,7,106060759040.000000,N/A,5
MOGP_GENERATIONAL,995cfc42-f074-11f0-b9e8-6e001b3eef54,Boston,74,214,6.513846|7.000000|2.000000|0.000000|0.000000,0.059246063232421875,7.0,8.302429|7.000000|2.000000|0.000000|0.000000,6.513846|7.000000|2.000000|0.000000|0.000000,8.302429|7.000000|2.000000|0.000000|0.000000,7,61530193920.000000,N/A,5
MOGP_GENERATIONAL,995cfc42-f074-11f0-b9e8-6e001b3eef54,Boston,74,215,6.513846|7.000000|2.000000|0.000000|0.000000,0.09294700622558594,7.0,8.302429|7.000000|2.000000|0.000000|0.000000,6.513846|7.000000|2.000000|0.000000|0.000000,8.302429|7.000000|2.000000|0.000000|0.000000,7,87060963328.000000,N/A,5
MOGP_GENERATIONAL,995cfc42-f074-11f0-b9e8-6e001b3eef54,Boston,74,216,6.513846|7.000000|2.000000|0.000000|0.000000,0.05672001838684082,7.0,8.302429|7.000000|2.000000|0.000000|0.000000,6.513846|7.000000|2.000000|0.000000|0.000000,8.302429|7.000000|2.000000|0.000000|0.000000,7,48886345728.000000,N/A,5
MOGP_GENERATIONAL,995cfc42-f074-11f0-b9e8-6e001b3eef54,Boston,74,217,6.513846|7.000000|2.000000|0.000000|0.000000,0.06616926193237305,7.0,8.302429|7.000000|2.000000|0.000000|0.000000,6.513846|7.000000|2.000000|0.000000|0.000000,8.302429|7.000000|2.000000|0.000000|0.000000,7,92773793792.000000,N/A,5
MOGP_GENERATIONAL,995cfc42-f074-11f0-b9e8-6e001b3eef54,Boston,74,218,6.513846|7.000000|2.000000|0.000000|0.000000,0.06198883056640625,7.0,8.302429|7.000000|2.000000|0.000000|0.000000,6.513846|7.000000|2.000000|0.000000|0.000000,8.302429|7.000000|2.000000|0.000000|0.000000,7,66186964992.000000,N/A,5
MOGP_GENERATIONAL,995cfc42-f074-11f0-b9e8-6e001b3eef54,Boston,74,219,6.513846|7.000000|2.000000|0.000000|0.000000,0.06759810447692871,7.0,8.302429|7.000000|2.000000|0.000000|0.000000,6.513846|7.000000|2.000000|0.000000|0.000000,8.302429|7.000000|2.000000|0.000000|0.000000,7,64871809024.000000,N/A,5
MOGP_GENERATIONAL,995cfc42-f074-11f0-b9e8-6e001b3eef54,Boston,74,220,6.513846|7.000000|2.000000|0.000000|0.000000,0.05573725700378418,7.0,8.302429|7.000000|2.000000|0.000000|0.000000,6.513846|7.000000|2.000000|0.000000|0.000000,8.302429|7.000000|2.000000|0.000000|0.000000,7,81339580416.000000,N/A,5
MOGP_GENERATIONAL,995cfc42-f074-11f0-b9e8-6e001b3eef54,Boston,74,221,6.513846|7.000000|2.000000|0.000000|0.000000,0.12899017333984375,7.0,8.302429|7.000000|2.000000|0.000000|0.000000,6.513846|7.000000|2.000000|0.000000|0.000000,8.302429|7.000000|2.000000|0.000000|0.000000,7,82039095296.000000,N/A,5
MOGP_GENERATIONAL,995cfc42-f074-11f0-b9e8-6e001b3eef54,Boston,74,222,6.513846|7.000000|2.000000|0.000000|0.000000,0.0618891716003418,7.0,8.302429|7.000000|2.000000|0.000000|0.000000,6.513846|7.000000|2.000000|0.000000|0.000000,8.302429|7.000000|2.000000|0.000000|0.000000,7,58617221120.000000,N/A,5
MOGP_GENERATIONAL,995cfc42-f074-11f0-b9e8-6e001b3eef54,Boston,74,223,6.513846|7.000000|2.000000|0.000000|0.000000,0.060009002685546875,7.0,8.302429|7.000000|2.000000|0.000000|0.000000,6.513846|7.000000|2.000000|0.000000|0.000000,8.302429|7.000000|2.000000|0.000000|0.000000,7,92674146304.000000,N/A,5
MOGP_GENERATIONAL,995cfc42-f074-11f0-b9e8-6e001b3eef54,Boston,74,224,6.513846|7.000000|2.000000|0.000000|0.000000,0.05804324150085449,7.0,8.302429|7.000000|2.000000|0.000000|0.000000,6.513846|7.000000|2.000000|0.000000|0.000000,8.302429|7.000000|2.000000|0.000000|0.000000,7,42568433664.000000,N/A,5
MOGP_GENERATIONAL,995cfc42-f074-11f0-b9e8-6e001b3eef54,Boston,74,225,6.513846|7.000000|2.000000|0.000000|0.000000,0.07196521759033203,7.0,8.302429|7.000000|2.000000|0.000000|0.000000,6.513846|7.000000|2.000000|0.000000|0.000000,8.302429|7.000000|2.000000|0.000000|0.000000,7,88903573504.000000,N/A,5
MOGP_GENERATIONAL,995cfc42-f074-11f0-b9e8-6e001b3eef54,Boston,74,226,6.513846|7.000000|2.000000|0.000000|0.000000,0.10465002059936523,7.0,8.302429|7.000000|2.000000|0.000000|0.000000,6.513846|7.000000|2.000000|0.000000|0.000000,8.302429|7.000000|2.000000|0.000000|0.000000,7,105782419456.000000,N/A,5
MOGP_GENERATIONAL,995cfc42-f074-11f0-b9e8-6e001b3eef54,Boston,74,227,6.513846|7.000000|2.000000|0.000000|0.000000,0.056636810302734375,7.0,8.302429|7.000000|2.000000|0.000000|0.000000,6.513846|7.000000|2.000000|0.000000|0.000000,8.302429|7.000000|2.000000|0.000000|0.000000,7,89577078784.000000,N/A,5
MOGP_GENERATIONAL,995cfc42-f074-11f0-b9e8-6e001b3eef54,Boston,74,228,6.513846|7.000000|2.000000|0.000000|0.000000,0.06845593452453613,7.0,8.302429|7.000000|2.000000|0.000000|0.000000,6.513846|7.000000|2.000000|0.000000|0.000000,8.302429|7.000000|2.000000|0.000000|0.000000,7,89754148864.000000,N/A,5
MOGP_GENERATIONAL,995cfc42-f074-11f0-b9e8-6e001b3eef54,Boston,74,229,6.513846|7.000000|2.000000|0.000000|0.000000,0.08075714111328125,7.0,8.302429|7.000000|2.000000|0.000000|0.000000,6.513846|7.000000|2.000000|0.000000|0.000000,8.302429|7.000000|2.000000|0.000000|0.000000,7,118899752960.000000,N/A,5
MOGP_GENERATIONAL,995cfc42-f074-11f0-b9e8-6e001b3eef54,Boston,74,230,6.513846|7.000000|2.000000|0.000000|0.000000,0.056596994400024414,7.0,8.302429|7.000000|2.000000|0.000000|0.000000,6.513846|7.000000|2.000000|0.000000|0.000000,8.302429|7.000000|2.000000|0.000000|0.000000,7,74395779072.000000,N/A,5
MOGP_GENERATIONAL,995cfc42-f074-11f0-b9e8-6e001b3eef54,Boston,74,231,6.513846|7.000000|2.000000|0.000000|0.000000,0.08742403984069824,7.0,8.302429|7.000000|2.000000|0.000000|0.000000,6.513846|7.000000|2.000000|0.000000|0.000000,8.302429|7.000000|2.000000|0.000000|0.000000,7,113288691712.000000,N/A,5
MOGP_GENERATIONAL,995cfc42-f074-11f0-b9e8-6e001b3eef54,Boston,74,232,6.513846|7.000000|2.000000|0.000000|0.000000,0.060484886169433594,7.0,8.302429|7.000000|2.000000|0.000000|0.000000,6.513846|7.000000|2.000000|0.000000|0.000000,8.302429|7.000000|2.000000|0.000000|0.000000,7,88913403904.000000,N/A,5
MOGP_GENERATIONAL,995cfc42-f074-11f0-b9e8-6e001b3eef54,Boston,74,233,6.513846|7.000000|2.000000|0.000000|0.000000,0.0623018741607666,7.0,8.302429|7.000000|2.000000|0.000000|0.000000,6.513846|7.000000|2.000000|0.000000|0.000000,8.302429|7.000000|2.000000|0.000000|0.000000,7,7032211456.000000,N/A,5
MOGP_GENERATIONAL,995cfc42-f074-11f0-b9e8-6e001b3eef54,Boston,74,234,6.513846|7.000000|2.000000|0.000000|0.000000,0.06586098670959473,7.0,8.302429|7.000000|2.000000|0.000000|0.000000,6.513846|7.000000|2.000000|0.000000|0.000000,8.302429|7.000000|2.000000|0.000000|0.000000,7,108041207808.000000,N/A,5
MOGP_GENERATIONAL,995cfc42-f074-11f0-b9e8-6e001b3eef54,Boston,74,235,6.513846|7.000000|2.000000|0.000000|0.000000,0.07402181625366211,7.0,8.302429|7.000000|2.000000|0.000000|0.000000,6.513846|7.000000|2.000000|0.000000|0.000000,8.302429|7.000000|2.000000|0.000000|0.000000,7,129939955712.000000,N/A,5
MOGP_GENERATIONAL,995cfc42-f074-11f0-b9e8-6e001b3eef54,Boston,74,236,6.513846|7.000000|2.000000|0.000000|0.000000,0.05270028114318848,7.0,8.302429|7.000000|2.000000|0.000000|0.000000,6.513846|7.000000|2.000000|0.000000|0.000000,8.302429|7.000000|2.000000|0.000000|0.000000,7,112767352832.000000,N/A,5
MOGP_GENERATIONAL,995cfc42-f074-11f0-b9e8-6e001b3eef54,Boston,74,237,6.513846|7.000000|2.000000|0.000000|0.000000,0.06073498725891113,7.0,8.302429|7.000000|2.000000|0.000000|0.000000,6.513846|7.000000|2.000000|0.000000|0.000000,8.302429|7.000000|2.000000|0.000000|0.000000,7,40196268032.000000,N/A,5
MOGP_GENERATIONAL,995cfc42-f074-11f0-b9e8-6e001b3eef54,Boston,74,238,6.513846|7.000000|2.000000|0.000000|0.000000,0.05873703956604004,7.0,8.302429|7.000000|2.000000|0.000000|0.000000,6.513846|7.000000|2.000000|0.000000|0.000000,8.302429|7.000000|2.000000|0.000000|0.000000,7,83438100480.000000,N/A,5
MOGP_GENERATIONAL,995cfc42-f074-11f0-b9e8-6e001b3eef54,Boston,74,239,6.513846|7.000000|2.000000|0.000000|0.000000,0.0877828598022461,7.0,8.302429|7.000000|2.000000|0.000000|0.000000,6.513846|7.000000|2.000000|0.000000|0.000000,8.302429|7.000000|2.000000|0.000000|0.000000,7,64262676480.000000,N/A,5
MOGP_GENERATIONAL,995cfc42-f074-11f0-b9e8-6e001b3eef54,Boston,74,240,6.513846|7.000000|2.000000|0.000000|0.000000,0.0845489501953125,7.0,8.302429|7.000000|2.000000|0.000000|0.000000,6.513846|7.000000|2.000000|0.000000|0.000000,8.302429|7.000000|2.000000|0.000000|0.000000,7,72295260160.000000,N/A,5
MOGP_GENERATIONAL,995cfc42-f074-11f0-b9e8-6e001b3eef54,Boston,74,241,6.513846|7.000000|2.000000|0.000000|0.000000,0.0753328800201416,7.0,8.302429|7.000000|2.000000|0.000000|0.000000,6.513846|7.000000|2.000000|0.000000|0.000000,8.302429|7.000000|2.000000|0.000000|0.000000,7,87675789312.000000,N/A,5
MOGP_GENERATIONAL,995cfc42-f074-11f0-b9e8-6e001b3eef54,Boston,74,242,6.513846|7.000000|2.000000|0.000000|0.000000,0.0894460678100586,7.0,8.302429|7.000000|2.000000|0.000000|0.000000,6.513846|7.000000|2.000000|0.000000|0.000000,8.302429|7.000000|2.000000|0.000000|0.000000,7,67392311296.000000,N/A,5
MOGP_GENERATIONAL,995cfc42-f074-11f0-b9e8-6e001b3eef54,Boston,74,243,6.513846|7.000000|2.000000|0.000000|0.000000,0.06554794311523438,7.0,8.302429|7.000000|2.000000|0.000000|0.000000,6.513846|7.000000|2.000000|0.000000|0.000000,8.302429|7.000000|2.000000|0.000000|0.000000,7,52760334336.000000,N/A,5
MOGP_GENERATIONAL,995cfc42-f074-11f0-b9e8-6e001b3eef54,Boston,74,244,6.513846|7.000000|2.000000|0.000000|0.000000,0.06431317329406738,7.0,8.302429|7.000000|2.000000|0.000000|0.000000,6.513846|7.000000|2.000000|0.000000|0.000000,8.302429|7.000000|2.000000|0.000000|0.000000,7,97475182592.000000,N/A,5
MOGP_GENERATIONAL,995cfc42-f074-11f0-b9e8-6e001b3eef54,Boston,74,245,6.513846|7.000000|2.000000|0.000000|0.000000,0.0688776969909668,7.0,8.302429|7.000000|2.000000|0.000000|0.000000,6.513846|7.000000|2.000000|0.000000|0.000000,8.302429|7.000000|2.000000|0.000000|0.000000,7,43289157632.000000,N/A,5
MOGP_GENERATIONAL,995cfc42-f074-11f0-b9e8-6e001b3eef54,Boston,74,246,6.513846|7.000000|2.000000|0.000000|0.000000,0.06572294235229492,7.0,8.302429|7.000000|2.000000|0.000000|0.000000,6.513846|7.000000|2.000000|0.000000|0.000000,8.302429|7.000000|2.000000|0.000000|0.000000,7,75083579392.000000,N/A,5
MOGP_GENERATIONAL,995cfc42-f074-11f0-b9e8-6e001b3eef54,Boston,74,247,6.513846|7.000000|2.000000|0.000000|0.000000,0.06395101547241211,7.0,8.302429|7.000000|2.000000|0.000000|0.000000,6.513846|7.000000|2.000000|0.000000|0.000000,8.302429|7.000000|2.000000|0.000000|0.000000,7,88852684800.000000,N/A,5
MOGP_GENERATIONAL,995cfc42-f074-11f0-b9e8-6e001b3eef54,Boston,74,248,6.513846|7.000000|2.000000|0.000000|0.000000,0.07346200942993164,7.0,8.302429|7.000000|2.000000|0.000000|0.000000,6.513846|7.000000|2.000000|0.000000|0.000000,8.302429|7.000000|2.000000|0.000000|0.000000,7,76560490496.000000,N/A,5
MOGP_GENERATIONAL,995cfc42-f074-11f0-b9e8-6e001b3eef54,Boston,74,249,6.513846|7.000000|2.000000|0.000000|0.000000,0.06100296974182129,7.0,8.302429|7.000000|2.000000|0.000000|0.000000,6.513846|7.000000|2.000000|0.000000|0.000000,8.302429|7.000000|2.000000|0.000000|0.000000,7,69627723776.000000,N/A,5
MOGP_GENERATIONAL,995cfc42-f074-11f0-b9e8-6e001b3eef54,Boston,74,250,6.513846|7.000000|2.000000|0.000000|0.000000,0.07437491416931152,7.0,8.302429|7.000000|2.000000|0.000000|0.000000,6.513846|7.000000|2.000000|0.000000|0.000000,8.302429|7.000000|2.000000|0.000000|0.000000,7,88525332480.000000,N/A,5
