MOGP_GENERATIONAL,a457bcf8-ec9c-11f0-bc26-6e001b3eef54,Cooling,74,0,9.382293|3.000000|0.000000|0.000000|0.000000,1.4224531650543213,3.0,9.849599|3.000000|0.000000|0.000000|0.000000,N/A,N/A,0,244412596224.000000,N/A,5
MOGP_GENERATIONAL,a457bcf8-ec9c-11f0-bc26-6e001b3eef54,Cooling,74,1,9.382293|3.000000|0.000000|0.000000|0.000000,1.4200971126556396,3.0,9.849599|3.000000|0.000000|0.000000|0.000000,4.625110|3.000000|1.000000|0.000000|0.000000,4.359913|3.000000|1.000000|0.000000|0.000000,3,78737268736.000000,N/A,5
MOGP_GENERATIONAL,a457bcf8-ec9c-11f0-bc26-6e001b3eef54,Cooling,74,2,9.382293|3.000000|0.000000|0.000000|0.000000,1.534818172454834,3.0,9.849599|3.000000|0.000000|0.000000|0.000000,4.625110|3.000000|1.000000|0.000000|0.000000,4.359913|3.000000|1.000000|0.000000|0.000000,3,55245705216.000000,N/A,5
MOGP_GENERATIONAL,a457bcf8-ec9c-11f0-bc26-6e001b3eef54,Cooling,74,3,9.382293|3.000000|0.000000|0.000000|0.000000,1.5987677574157715,3.0,9.849599|3.000000|0.000000|0.000000|0.000000,4.625110|3.000000|1.000000|0.000000|0.000000,4.359913|3.000000|1.000000|0.000000|0.000000,3,98731581440.000000,N/A,5
MOGP_GENERATIONAL,a457bcf8-ec9c-11f0-bc26-6e001b3eef54,Cooling,74,4,9.382293|3.000000|0.000000|0.000000|0.000000,1.668262004852295,3.0,9.849599|3.000000|0.000000|0.000000|0.000000,8.497482|3.000000|1.000000|0.000000|0.000000,7.965155|3.000000|1.000000|0.000000|0.000000,3,70533685248.000000,N/A,5
MOGP_GENERATIONAL,a457bcf8-ec9c-11f0-bc26-6e001b3eef54,Cooling,74,5,9.382293|3.000000|0.000000|0.000000|0.000000,1.7674717903137207,3.0,9.849599|3.000000|0.000000|0.000000|0.000000,9.382293|3.000000|0.000000|0.000000|0.000000,9.849599|3.000000|0.000000|0.000000|0.000000,3,78147756032.000000,N/A,5
MOGP_GENERATIONAL,a457bcf8-ec9c-11f0-bc26-6e001b3eef54,Cooling,74,6,9.382293|3.000000|0.000000|0.000000|0.000000,1.853950023651123,3.0,9.849599|3.000000|0.000000|0.000000|0.000000,9.382293|3.000000|0.000000|0.000000|0.000000,9.849599|3.000000|0.000000|0.000000|0.000000,3,97503363072.000000,N/A,5
MOGP_GENERATIONAL,a457bcf8-ec9c-11f0-bc26-6e001b3eef54,Cooling,74,7,9.382293|3.000000|0.000000|0.000000|0.000000,1.8430519104003906,3.0,9.849599|3.000000|0.000000|0.000000|0.000000,9.382293|3.000000|0.000000|0.000000|0.000000,9.849599|3.000000|0.000000|0.000000|0.000000,3,80762839040.000000,N/A,5
MOGP_GENERATIONAL,a457bcf8-ec9c-11f0-bc26-6e001b3eef54,Cooling,74,8,9.382293|3.000000|0.000000|0.000000|0.000000,1.8241090774536133,3.0,9.849599|3.000000|0.000000|0.000000|0.000000,9.382293|3.000000|0.000000|0.000000|0.000000,9.849599|3.000000|0.000000|0.000000|0.000000,3,92582739968.000000,N/A,5
MOGP_GENERATIONAL,a457bcf8-ec9c-11f0-bc26-6e001b3eef54,Cooling,74,9,9.382293|3.000000|0.000000|0.000000|0.000000,1.8918499946594238,3.0,9.849599|3.000000|0.000000|0.000000|0.000000,9.382293|3.000000|0.000000|0.000000|0.000000,9.849599|3.000000|0.000000|0.000000|0.000000,3,24293365760.000000,N/A,5
MOGP_GENERATIONAL,a457bcf8-ec9c-11f0-bc26-6e001b3eef54,Cooling,74,10,9.382293|3.000000|0.000000|0.000000|0.000000,1.924046277999878,3.0,9.849599|3.000000|0.000000|0.000000|0.000000,9.382293|3.000000|0.000000|0.000000|0.000000,9.849599|3.000000|0.000000|0.000000|0.000000,3,89635618816.000000,N/A,5
MOGP_GENERATIONAL,a457bcf8-ec9c-11f0-bc26-6e001b3eef54,Cooling,74,11,9.382293|3.000000|0.000000|0.000000|0.000000,1.992201805114746,3.0,9.849599|3.000000|0.000000|0.000000|0.000000,9.382293|3.000000|0.000000|0.000000|0.000000,9.849599|3.000000|0.000000|0.000000|0.000000,3,82858721280.000000,N/A,5
MOGP_GENERATIONAL,a457bcf8-ec9c-11f0-bc26-6e001b3eef54,Cooling,74,12,9.382293|3.000000|0.000000|0.000000|0.000000,2.1447598934173584,3.0,9.849599|3.000000|0.000000|0.000000|0.000000,9.382293|3.000000|0.000000|0.000000|0.000000,9.849599|3.000000|0.000000|0.000000|0.000000,3,89612894208.000000,N/A,5
MOGP_GENERATIONAL,a457bcf8-ec9c-11f0-bc26-6e001b3eef54,Cooling,74,13,9.382293|3.000000|0.000000|0.000000|0.000000,2.3054771423339844,3.0,9.849599|3.000000|0.000000|0.000000|0.000000,9.382293|3.000000|0.000000|0.000000|0.000000,9.849599|3.000000|0.000000|0.000000|0.000000,3,100086136832.000000,N/A,5
MOGP_GENERATIONAL,a457bcf8-ec9c-11f0-bc26-6e001b3eef54,Cooling,74,14,9.382293|3.000000|0.000000|0.000000|0.000000,2.5199508666992188,3.0,9.849599|3.000000|0.000000|0.000000|0.000000,9.382293|3.000000|0.000000|0.000000|0.000000,9.849599|3.000000|0.000000|0.000000|0.000000,3,96547962880.000000,N/A,5
MOGP_GENERATIONAL,a457bcf8-ec9c-11f0-bc26-6e001b3eef54,Cooling,74,15,9.382293|3.000000|0.000000|0.000000|0.000000,2.845353126525879,3.0,9.849599|3.000000|0.000000|0.000000|0.000000,9.382293|3.000000|0.000000|0.000000|0.000000,9.849599|3.000000|0.000000|0.000000|0.000000,3,101737168896.000000,N/A,5
MOGP_GENERATIONAL,a457bcf8-ec9c-11f0-bc26-6e001b3eef54,Cooling,74,16,9.382293|3.000000|0.000000|0.000000|0.000000,3.036430835723877,3.0,9.849599|3.000000|0.000000|0.000000|0.000000,9.382293|3.000000|0.000000|0.000000|0.000000,9.849599|3.000000|0.000000|0.000000|0.000000,3,55893094400.000000,N/A,5
MOGP_GENERATIONAL,a457bcf8-ec9c-11f0-bc26-6e001b3eef54,Cooling,74,17,9.382293|3.000000|0.000000|0.000000|0.000000,3.4647750854492188,3.0,9.849599|3.000000|0.000000|0.000000|0.000000,7.651203|7.000000|1.000000|0.000000|0.000000,7.604468|7.000000|1.000000|0.000000|0.000000,7,70534217728.000000,N/A,5
MOGP_GENERATIONAL,a457bcf8-ec9c-11f0-bc26-6e001b3eef54,Cooling,74,18,9.382293|3.000000|0.000000|0.000000|0.000000,3.692685842514038,3.0,9.849599|3.000000|0.000000|0.000000|0.000000,9.382293|3.000000|0.000000|0.000000|0.000000,9.849599|3.000000|0.000000|0.000000|0.000000,3,99498704896.000000,N/A,5
MOGP_GENERATIONAL,a457bcf8-ec9c-11f0-bc26-6e001b3eef54,Cooling,74,19,9.382293|3.000000|0.000000|0.000000|0.000000,4.001720190048218,3.0,9.849599|3.000000|0.000000|0.000000|0.000000,9.382293|3.000000|0.000000|0.000000|0.000000,9.849599|3.000000|0.000000|0.000000|0.000000,3,72076345344.000000,N/A,5
MOGP_GENERATIONAL,a457bcf8-ec9c-11f0-bc26-6e001b3eef54,Cooling,74,20,9.382293|3.000000|0.000000|0.000000|0.000000,3.8635778427124023,3.0,9.849599|3.000000|0.000000|0.000000|0.000000,9.382293|3.000000|0.000000|0.000000|0.000000,9.849599|3.000000|0.000000|0.000000|0.000000,3,48378748928.000000,N/A,5
MOGP_GENERATIONAL,a457bcf8-ec9c-11f0-bc26-6e001b3eef54,Cooling,74,21,9.382293|3.000000|0.000000|0.000000|0.000000,3.552860975265503,3.0,9.849599|3.000000|0.000000|0.000000|0.000000,9.382293|3.000000|0.000000|0.000000|0.000000,9.849599|3.000000|0.000000|0.000000|0.000000,3,62287839232.000000,N/A,5
MOGP_GENERATIONAL,a457bcf8-ec9c-11f0-bc26-6e001b3eef54,Cooling,74,22,9.382293|3.000000|0.000000|0.000000|0.000000,3.843151807785034,3.0,9.849599|3.000000|0.000000|0.000000|0.000000,9.382293|3.000000|0.000000|0.000000|0.000000,9.849599|3.000000|0.000000|0.000000|0.000000,3,93019488256.000000,N/A,5
MOGP_GENERATIONAL,a457bcf8-ec9c-11f0-bc26-6e001b3eef54,Cooling,74,23,9.382293|3.000000|0.000000|0.000000|0.000000,3.712773084640503,3.0,9.849599|3.000000|0.000000|0.000000|0.000000,9.382293|3.000000|0.000000|0.000000|0.000000,9.849599|3.000000|0.000000|0.000000|0.000000,3,98989785088.000000,N/A,5
MOGP_GENERATIONAL,a457bcf8-ec9c-11f0-bc26-6e001b3eef54,Cooling,74,24,9.382293|3.000000|0.000000|0.000000|0.000000,3.7274208068847656,3.0,9.849599|3.000000|0.000000|0.000000|0.000000,5.611051|7.000000|1.000000|0.000000|0.000000,6.051401|7.000000|1.000000|0.000000|0.000000,7,90440392704.000000,N/A,5
MOGP_GENERATIONAL,a457bcf8-ec9c-11f0-bc26-6e001b3eef54,Cooling,74,25,9.382293|3.000000|0.000000|0.000000|0.000000,3.5195350646972656,3.0,9.849599|3.000000|0.000000|0.000000|0.000000,9.382293|3.000000|0.000000|0.000000|0.000000,9.849599|3.000000|0.000000|0.000000|0.000000,3,73996271616.000000,N/A,5
MOGP_GENERATIONAL,a457bcf8-ec9c-11f0-bc26-6e001b3eef54,Cooling,74,26,9.382293|3.000000|0.000000|0.000000|0.000000,3.5526070594787598,3.0,9.849599|3.000000|0.000000|0.000000|0.000000,9.382293|3.000000|0.000000|0.000000|0.000000,9.849599|3.000000|0.000000|0.000000|0.000000,3,108275449856.000000,N/A,5
MOGP_GENERATIONAL,a457bcf8-ec9c-11f0-bc26-6e001b3eef54,Cooling,74,27,9.382293|3.000000|0.000000|0.000000|0.000000,3.662980794906616,3.0,9.849599|3.000000|0.000000|0.000000|0.000000,9.382293|3.000000|0.000000|0.000000|0.000000,9.849599|3.000000|0.000000|0.000000|0.000000,3,106085556224.000000,N/A,5
MOGP_GENERATIONAL,a457bcf8-ec9c-11f0-bc26-6e001b3eef54,Cooling,74,28,9.382293|3.000000|0.000000|0.000000|0.000000,3.505396842956543,3.0,9.849599|3.000000|0.000000|0.000000|0.000000,9.382293|3.000000|0.000000|0.000000|0.000000,9.849599|3.000000|0.000000|0.000000|0.000000,3,49937465344.000000,N/A,5
MOGP_GENERATIONAL,a457bcf8-ec9c-11f0-bc26-6e001b3eef54,Cooling,74,29,9.382293|3.000000|0.000000|0.000000|0.000000,3.4565446376800537,3.0,9.849599|3.000000|0.000000|0.000000|0.000000,9.382293|3.000000|0.000000|0.000000|0.000000,9.849599|3.000000|0.000000|0.000000|0.000000,3,94924660736.000000,N/A,5
MOGP_GENERATIONAL,a457bcf8-ec9c-11f0-bc26-6e001b3eef54,Cooling,74,30,9.382293|3.000000|0.000000|0.000000|0.000000,3.6287429332733154,3.0,9.849599|3.000000|0.000000|0.000000|0.000000,9.382293|3.000000|0.000000|0.000000|0.000000,9.849599|3.000000|0.000000|0.000000|0.000000,3,106212851712.000000,N/A,5
MOGP_GENERATIONAL,a457bcf8-ec9c-11f0-bc26-6e001b3eef54,Cooling,74,31,9.382293|3.000000|0.000000|0.000000|0.000000,3.9491140842437744,3.0,9.849599|3.000000|0.000000|0.000000|0.000000,9.382293|3.000000|0.000000|0.000000|0.000000,9.849599|3.000000|0.000000|0.000000|0.000000,3,70533685248.000000,N/A,5
MOGP_GENERATIONAL,a457bcf8-ec9c-11f0-bc26-6e001b3eef54,Cooling,74,32,9.382293|3.000000|0.000000|0.000000|0.000000,4.000078201293945,3.0,9.849599|3.000000|0.000000|0.000000|0.000000,9.382293|3.000000|0.000000|0.000000|0.000000,9.849599|3.000000|0.000000|0.000000|0.000000,3,70533685248.000000,N/A,5
MOGP_GENERATIONAL,a457bcf8-ec9c-11f0-bc26-6e001b3eef54,Cooling,74,33,9.382293|3.000000|0.000000|0.000000|0.000000,3.7710111141204834,3.0,9.849599|3.000000|0.000000|0.000000|0.000000,9.382293|3.000000|0.000000|0.000000|0.000000,9.849599|3.000000|0.000000|0.000000|0.000000,3,69975146496.000000,N/A,5
MOGP_GENERATIONAL,a457bcf8-ec9c-11f0-bc26-6e001b3eef54,Cooling,74,34,9.382293|3.000000|0.000000|0.000000|0.000000,4.097286939620972,3.0,9.849599|3.000000|0.000000|0.000000|0.000000,6.719963|7.000000|1.000000|0.000000|0.000000,7.248744|7.000000|1.000000|0.000000|0.000000,7,100471201792.000000,N/A,5
MOGP_GENERATIONAL,a457bcf8-ec9c-11f0-bc26-6e001b3eef54,Cooling,74,35,9.382293|3.000000|0.000000|0.000000|0.000000,3.805777072906494,3.0,9.849599|3.000000|0.000000|0.000000|0.000000,9.382293|3.000000|0.000000|0.000000|0.000000,9.849599|3.000000|0.000000|0.000000|0.000000,3,127179112448.000000,N/A,5
MOGP_GENERATIONAL,a457bcf8-ec9c-11f0-bc26-6e001b3eef54,Cooling,74,36,9.382293|3.000000|0.000000|0.000000|0.000000,3.9417569637298584,3.0,9.849599|3.000000|0.000000|0.000000|0.000000,9.382293|3.000000|0.000000|0.000000|0.000000,9.849599|3.000000|0.000000|0.000000|0.000000,3,117636227072.000000,N/A,5
MOGP_GENERATIONAL,a457bcf8-ec9c-11f0-bc26-6e001b3eef54,Cooling,74,37,9.382293|3.000000|0.000000|0.000000|0.000000,3.8478171825408936,3.0,9.849599|3.000000|0.000000|0.000000|0.000000,9.382293|3.000000|0.000000|0.000000|0.000000,9.849599|3.000000|0.000000|0.000000|0.000000,3,96323092480.000000,N/A,5
MOGP_GENERATIONAL,a457bcf8-ec9c-11f0-bc26-6e001b3eef54,Cooling,74,38,9.382293|3.000000|0.000000|0.000000|0.000000,3.7103662490844727,3.0,9.849599|3.000000|0.000000|0.000000|0.000000,9.382293|3.000000|0.000000|0.000000|0.000000,9.849599|3.000000|0.000000|0.000000|0.000000,3,70533668864.000000,N/A,5
MOGP_GENERATIONAL,a457bcf8-ec9c-11f0-bc26-6e001b3eef54,Cooling,74,39,9.382293|3.000000|0.000000|0.000000|0.000000,3.806257963180542,3.0,9.849599|3.000000|0.000000|0.000000|0.000000,9.382293|3.000000|0.000000|0.000000|0.000000,9.849599|3.000000|0.000000|0.000000|0.000000,3,86277185536.000000,N/A,5
MOGP_GENERATIONAL,a457bcf8-ec9c-11f0-bc26-6e001b3eef54,Cooling,74,40,9.382293|3.000000|0.000000|0.000000|0.000000,3.7629759311676025,3.0,9.849599|3.000000|0.000000|0.000000|0.000000,9.382293|3.000000|0.000000|0.000000|0.000000,9.849599|3.000000|0.000000|0.000000|0.000000,3,97782120448.000000,N/A,5
MOGP_GENERATIONAL,a457bcf8-ec9c-11f0-bc26-6e001b3eef54,Cooling,74,41,9.382293|3.000000|0.000000|0.000000|0.000000,3.7136998176574707,3.0,9.849599|3.000000|0.000000|0.000000|0.000000,9.382293|3.000000|0.000000|0.000000|0.000000,9.849599|3.000000|0.000000|0.000000|0.000000,3,135135068160.000000,N/A,5
MOGP_GENERATIONAL,a457bcf8-ec9c-11f0-bc26-6e001b3eef54,Cooling,74,42,9.382293|3.000000|0.000000|0.000000|0.000000,3.6981959342956543,3.0,9.849599|3.000000|0.000000|0.000000|0.000000,7.529734|15.000000|2.000000|2.000000|0.000000,8.172091|15.000000|2.000000|2.000000|0.000000,15,73807896576.000000,N/A,5
MOGP_GENERATIONAL,a457bcf8-ec9c-11f0-bc26-6e001b3eef54,Cooling,74,43,9.382293|3.000000|0.000000|0.000000|0.000000,3.461857795715332,3.0,9.849599|3.000000|0.000000|0.000000|0.000000,9.382293|3.000000|0.000000|0.000000|0.000000,9.849599|3.000000|0.000000|0.000000|0.000000,3,49937477632.000000,N/A,5
MOGP_GENERATIONAL,a457bcf8-ec9c-11f0-bc26-6e001b3eef54,Cooling,74,44,9.382293|3.000000|0.000000|0.000000|0.000000,3.7253329753875732,3.0,9.849599|3.000000|0.000000|0.000000|0.000000,6.788218|7.000000|1.000000|0.000000|0.000000,6.933017|7.000000|1.000000|0.000000|0.000000,7,69441658880.000000,N/A,5
MOGP_GENERATIONAL,a457bcf8-ec9c-11f0-bc26-6e001b3eef54,Cooling,74,45,9.382293|3.000000|0.000000|0.000000|0.000000,3.559739112854004,3.0,9.849599|3.000000|0.000000|0.000000|0.000000,9.382293|3.000000|0.000000|0.000000|0.000000,9.849599|3.000000|0.000000|0.000000|0.000000,3,110363312128.000000,N/A,5
MOGP_GENERATIONAL,a457bcf8-ec9c-11f0-bc26-6e001b3eef54,Cooling,74,46,9.382293|3.000000|0.000000|0.000000|0.000000,3.826474905014038,3.0,9.849599|3.000000|0.000000|0.000000|0.000000,9.382293|3.000000|0.000000|0.000000|0.000000,9.849599|3.000000|0.000000|0.000000|0.000000,3,93212262400.000000,N/A,5
MOGP_GENERATIONAL,a457bcf8-ec9c-11f0-bc26-6e001b3eef54,Cooling,74,47,9.382293|3.000000|0.000000|0.000000|0.000000,3.6966850757598877,3.0,9.849599|3.000000|0.000000|0.000000|0.000000,9.382293|3.000000|0.000000|0.000000|0.000000,9.849599|3.000000|0.000000|0.000000|0.000000,3,133945253888.000000,N/A,5
MOGP_GENERATIONAL,a457bcf8-ec9c-11f0-bc26-6e001b3eef54,Cooling,74,48,9.382293|3.000000|0.000000|0.000000|0.000000,3.752318859100342,3.0,9.849599|3.000000|0.000000|0.000000|0.000000,9.382293|3.000000|0.000000|0.000000|0.000000,9.849599|3.000000|0.000000|0.000000|0.000000,3,92988194816.000000,N/A,5
MOGP_GENERATIONAL,a457bcf8-ec9c-11f0-bc26-6e001b3eef54,Cooling,74,49,9.382293|3.000000|0.000000|0.000000|0.000000,3.539551019668579,3.0,9.849599|3.000000|0.000000|0.000000|0.000000,9.382293|3.000000|0.000000|0.000000|0.000000,9.849599|3.000000|0.000000|0.000000|0.000000,3,121552486400.000000,N/A,5
MOGP_GENERATIONAL,a457bcf8-ec9c-11f0-bc26-6e001b3eef54,Cooling,74,50,9.382293|3.000000|0.000000|0.000000|0.000000,3.7896718978881836,3.0,9.849599|3.000000|0.000000|0.000000|0.000000,9.382293|3.000000|0.000000|0.000000|0.000000,9.849599|3.000000|0.000000|0.000000|0.000000,3,112252002304.000000,N/A,5
MOGP_GENERATIONAL,a457bcf8-ec9c-11f0-bc26-6e001b3eef54,Cooling,74,51,9.382293|3.000000|0.000000|0.000000|0.000000,3.617492198944092,3.0,9.849599|3.000000|0.000000|0.000000|0.000000,9.382293|3.000000|0.000000|0.000000|0.000000,9.849599|3.000000|0.000000|0.000000|0.000000,3,70533685248.000000,N/A,5
MOGP_GENERATIONAL,a457bcf8-ec9c-11f0-bc26-6e001b3eef54,Cooling,74,52,9.382293|3.000000|0.000000|0.000000|0.000000,3.7140660285949707,3.0,9.849599|3.000000|0.000000|0.000000|0.000000,7.228365|11.000000|2.000000|0.000000|0.000000,7.864778|11.000000|2.000000|0.000000|0.000000,11,70533677056.000000,N/A,5
MOGP_GENERATIONAL,a457bcf8-ec9c-11f0-bc26-6e001b3eef54,Cooling,74,53,9.382293|3.000000|0.000000|0.000000|0.000000,3.68973970413208,3.0,9.849599|3.000000|0.000000|0.000000|0.000000,5.570013|11.000000|2.000000|0.000000|0.000000,5.544036|11.000000|2.000000|0.000000|0.000000,11,45443293184.000000,N/A,5
MOGP_GENERATIONAL,a457bcf8-ec9c-11f0-bc26-6e001b3eef54,Cooling,74,54,9.382293|3.000000|0.000000|0.000000|0.000000,3.735374927520752,3.0,9.849599|3.000000|0.000000|0.000000|0.000000,9.382293|3.000000|0.000000|0.000000|0.000000,9.849599|3.000000|0.000000|0.000000|0.000000,3,131927851008.000000,N/A,5
MOGP_GENERATIONAL,a457bcf8-ec9c-11f0-bc26-6e001b3eef54,Cooling,74,55,9.382293|3.000000|0.000000|0.000000|0.000000,3.573261022567749,3.0,9.849599|3.000000|0.000000|0.000000|0.000000,6.788218|7.000000|1.000000|0.000000|0.000000,6.933017|7.000000|1.000000|0.000000|0.000000,7,86981017600.000000,N/A,5
MOGP_GENERATIONAL,a457bcf8-ec9c-11f0-bc26-6e001b3eef54,Cooling,74,56,9.382293|3.000000|0.000000|0.000000|0.000000,3.512028217315674,3.0,9.849599|3.000000|0.000000|0.000000|0.000000,9.382293|3.000000|0.000000|0.000000|0.000000,9.849599|3.000000|0.000000|0.000000|0.000000,3,67135733760.000000,N/A,5
MOGP_GENERATIONAL,a457bcf8-ec9c-11f0-bc26-6e001b3eef54,Cooling,74,57,9.382293|3.000000|0.000000|0.000000|0.000000,3.68268084526062,3.0,9.849599|3.000000|0.000000|0.000000|0.000000,9.382293|3.000000|0.000000|0.000000|0.000000,9.849599|3.000000|0.000000|0.000000|0.000000,3,97359921152.000000,N/A,5
MOGP_GENERATIONAL,a457bcf8-ec9c-11f0-bc26-6e001b3eef54,Cooling,74,58,9.382293|3.000000|0.000000|0.000000|0.000000,3.7134499549865723,3.0,9.849599|3.000000|0.000000|0.000000|0.000000,9.382293|3.000000|0.000000|0.000000|0.000000,9.849599|3.000000|0.000000|0.000000|0.000000,3,97231380480.000000,N/A,5
MOGP_GENERATIONAL,a457bcf8-ec9c-11f0-bc26-6e001b3eef54,Cooling,74,59,9.382293|3.000000|0.000000|0.000000|0.000000,3.586256742477417,3.0,9.849599|3.000000|0.000000|0.000000|0.000000,9.382293|3.000000|0.000000|0.000000|0.000000,9.849599|3.000000|0.000000|0.000000|0.000000,3,71618445312.000000,N/A,5
MOGP_GENERATIONAL,a457bcf8-ec9c-11f0-bc26-6e001b3eef54,Cooling,74,60,9.382293|3.000000|0.000000|0.000000|0.000000,3.425743818283081,3.0,9.849599|3.000000|0.000000|0.000000|0.000000,9.382293|3.000000|0.000000|0.000000|0.000000,9.849599|3.000000|0.000000|0.000000|0.000000,3,86277177344.000000,N/A,5
MOGP_GENERATIONAL,a457bcf8-ec9c-11f0-bc26-6e001b3eef54,Cooling,74,61,9.382293|3.000000|0.000000|0.000000|0.000000,3.621387004852295,3.0,9.849599|3.000000|0.000000|0.000000|0.000000,9.382293|3.000000|0.000000|0.000000|0.000000,9.849599|3.000000|0.000000|0.000000|0.000000,3,74623188992.000000,N/A,5
MOGP_GENERATIONAL,a457bcf8-ec9c-11f0-bc26-6e001b3eef54,Cooling,74,62,9.382293|3.000000|0.000000|0.000000|0.000000,3.7794971466064453,3.0,9.849599|3.000000|0.000000|0.000000|0.000000,9.382293|3.000000|0.000000|0.000000|0.000000,9.849599|3.000000|0.000000|0.000000|0.000000,3,65952755712.000000,N/A,5
MOGP_GENERATIONAL,a457bcf8-ec9c-11f0-bc26-6e001b3eef54,Cooling,74,63,9.382293|3.000000|0.000000|0.000000|0.000000,4.14888072013855,3.0,9.849599|3.000000|0.000000|0.000000|0.000000,9.382293|3.000000|0.000000|0.000000|0.000000,9.849599|3.000000|0.000000|0.000000|0.000000,3,91184455680.000000,N/A,5
MOGP_GENERATIONAL,a457bcf8-ec9c-11f0-bc26-6e001b3eef54,Cooling,74,64,9.382293|3.000000|0.000000|0.000000|0.000000,4.309492111206055,3.0,9.849599|3.000000|0.000000|0.000000|0.000000,5.611051|7.000000|1.000000|0.000000|0.000000,6.051401|7.000000|1.000000|0.000000|0.000000,7,49937469440.000000,N/A,5
MOGP_GENERATIONAL,a457bcf8-ec9c-11f0-bc26-6e001b3eef54,Cooling,74,65,9.382293|3.000000|0.000000|0.000000|0.000000,4.058228254318237,3.0,9.849599|3.000000|0.000000|0.000000|0.000000,9.382293|3.000000|0.000000|0.000000|0.000000,9.849599|3.000000|0.000000|0.000000|0.000000,3,99498754048.000000,N/A,5
MOGP_GENERATIONAL,a457bcf8-ec9c-11f0-bc26-6e001b3eef54,Cooling,74,66,9.382293|3.000000|0.000000|0.000000|0.000000,4.184998035430908,3.0,9.849599|3.000000|0.000000|0.000000|0.000000,9.382293|3.000000|0.000000|0.000000|0.000000,9.849599|3.000000|0.000000|0.000000|0.000000,3,49937465344.000000,N/A,5
MOGP_GENERATIONAL,a457bcf8-ec9c-11f0-bc26-6e001b3eef54,Cooling,74,67,9.382293|3.000000|0.000000|0.000000|0.000000,4.204302787780762,3.0,9.849599|3.000000|0.000000|0.000000|0.000000,5.611051|7.000000|1.000000|0.000000|0.000000,6.051401|7.000000|1.000000|0.000000|0.000000,7,79370870784.000000,N/A,5
MOGP_GENERATIONAL,a457bcf8-ec9c-11f0-bc26-6e001b3eef54,Cooling,74,68,9.382293|3.000000|0.000000|0.000000|0.000000,4.0149290561676025,3.0,9.849599|3.000000|0.000000|0.000000|0.000000,9.382293|3.000000|0.000000|0.000000|0.000000,9.849599|3.000000|0.000000|0.000000|0.000000,3,100379394048.000000,N/A,5
MOGP_GENERATIONAL,a457bcf8-ec9c-11f0-bc26-6e001b3eef54,Cooling,74,69,9.382293|3.000000|0.000000|0.000000|0.000000,4.1521687507629395,3.0,9.849599|3.000000|0.000000|0.000000|0.000000,5.611051|7.000000|1.000000|0.000000|0.000000,6.051401|7.000000|1.000000|0.000000|0.000000,7,103275806720.000000,N/A,5
MOGP_GENERATIONAL,a457bcf8-ec9c-11f0-bc26-6e001b3eef54,Cooling,74,70,9.382293|3.000000|0.000000|0.000000|0.000000,4.002706050872803,3.0,9.849599|3.000000|0.000000|0.000000|0.000000,6.719963|7.000000|1.000000|0.000000|0.000000,7.248744|7.000000|1.000000|0.000000|0.000000,7,62951038976.000000,N/A,5
MOGP_GENERATIONAL,a457bcf8-ec9c-11f0-bc26-6e001b3eef54,Cooling,74,71,9.382293|3.000000|0.000000|0.000000|0.000000,4.150446891784668,3.0,9.849599|3.000000|0.000000|0.000000|0.000000,9.382293|3.000000|0.000000|0.000000|0.000000,9.849599|3.000000|0.000000|0.000000|0.000000,3,72822038528.000000,N/A,5
MOGP_GENERATIONAL,a457bcf8-ec9c-11f0-bc26-6e001b3eef54,Cooling,74,72,9.382293|3.000000|0.000000|0.000000|0.000000,4.124097108840942,3.0,9.849599|3.000000|0.000000|0.000000|0.000000,9.382293|3.000000|0.000000|0.000000|0.000000,9.849599|3.000000|0.000000|0.000000|0.000000,3,128751484928.000000,N/A,5
MOGP_GENERATIONAL,a457bcf8-ec9c-11f0-bc26-6e001b3eef54,Cooling,74,73,9.382293|3.000000|0.000000|0.000000|0.000000,4.044950723648071,3.0,9.849599|3.000000|0.000000|0.000000|0.000000,9.382293|3.000000|0.000000|0.000000|0.000000,9.849599|3.000000|0.000000|0.000000|0.000000,3,86277185536.000000,N/A,5
MOGP_GENERATIONAL,a457bcf8-ec9c-11f0-bc26-6e001b3eef54,Cooling,74,74,9.382293|3.000000|0.000000|0.000000|0.000000,3.9346189498901367,3.0,9.849599|3.000000|0.000000|0.000000|0.000000,9.382293|3.000000|0.000000|0.000000|0.000000,9.849599|3.000000|0.000000|0.000000|0.000000,3,86277169152.000000,N/A,5
MOGP_GENERATIONAL,a457bcf8-ec9c-11f0-bc26-6e001b3eef54,Cooling,74,75,9.382293|3.000000|0.000000|0.000000|0.000000,4.126682996749878,3.0,9.849599|3.000000|0.000000|0.000000|0.000000,9.382293|3.000000|0.000000|0.000000|0.000000,9.849599|3.000000|0.000000|0.000000|0.000000,3,65325617152.000000,N/A,5
MOGP_GENERATIONAL,a457bcf8-ec9c-11f0-bc26-6e001b3eef54,Cooling,74,76,9.382293|3.000000|0.000000|0.000000|0.000000,4.136417865753174,3.0,9.849599|3.000000|0.000000|0.000000|0.000000,9.382293|3.000000|0.000000|0.000000|0.000000,9.849599|3.000000|0.000000|0.000000|0.000000,3,91368636416.000000,N/A,5
MOGP_GENERATIONAL,a457bcf8-ec9c-11f0-bc26-6e001b3eef54,Cooling,74,77,9.382293|3.000000|0.000000|0.000000|0.000000,3.8799221515655518,3.0,9.849599|3.000000|0.000000|0.000000|0.000000,9.288937|11.000000|3.000000|0.000000|0.000000,9.972560|11.000000|3.000000|0.000000|0.000000,11,86277185536.000000,N/A,5
MOGP_GENERATIONAL,a457bcf8-ec9c-11f0-bc26-6e001b3eef54,Cooling,74,78,9.382293|3.000000|0.000000|0.000000|0.000000,3.930276870727539,3.0,9.849599|3.000000|0.000000|0.000000|0.000000,7.529734|7.000000|1.000000|0.000000|0.000000,8.172091|7.000000|1.000000|0.000000|0.000000,7,77829136384.000000,N/A,5
MOGP_GENERATIONAL,a457bcf8-ec9c-11f0-bc26-6e001b3eef54,Cooling,74,79,9.382293|3.000000|0.000000|0.000000|0.000000,3.8879542350769043,3.0,9.849599|3.000000|0.000000|0.000000|0.000000,9.382293|3.000000|0.000000|0.000000|0.000000,9.849599|3.000000|0.000000|0.000000|0.000000,3,122446233600.000000,N/A,5
MOGP_GENERATIONAL,a457bcf8-ec9c-11f0-bc26-6e001b3eef54,Cooling,74,80,9.382293|3.000000|0.000000|0.000000|0.000000,3.801056146621704,3.0,9.849599|3.000000|0.000000|0.000000|0.000000,9.382293|3.000000|0.000000|0.000000|0.000000,9.849599|3.000000|0.000000|0.000000|0.000000,3,74026221568.000000,N/A,5
MOGP_GENERATIONAL,a457bcf8-ec9c-11f0-bc26-6e001b3eef54,Cooling,74,81,9.382293|3.000000|0.000000|0.000000|0.000000,3.907768726348877,3.0,9.849599|3.000000|0.000000|0.000000|0.000000,9.382293|3.000000|0.000000|0.000000|0.000000,9.849599|3.000000|0.000000|0.000000|0.000000,3,64649236480.000000,N/A,5
MOGP_GENERATIONAL,a457bcf8-ec9c-11f0-bc26-6e001b3eef54,Cooling,74,82,9.382293|3.000000|0.000000|0.000000|0.000000,3.7646846771240234,3.0,9.849599|3.000000|0.000000|0.000000|0.000000,9.382293|3.000000|0.000000|0.000000|0.000000,9.849599|3.000000|0.000000|0.000000|0.000000,3,110353555456.000000,N/A,5
MOGP_GENERATIONAL,a457bcf8-ec9c-11f0-bc26-6e001b3eef54,Cooling,74,83,9.382293|3.000000|0.000000|0.000000|0.000000,3.8816378116607666,3.0,9.849599|3.000000|0.000000|0.000000|0.000000,9.121122|19.000000|2.000000|0.000000|0.000000,9.842541|19.000000|2.000000|0.000000|0.000000,19,34282616832.000000,N/A,5
MOGP_GENERATIONAL,a457bcf8-ec9c-11f0-bc26-6e001b3eef54,Cooling,74,84,9.382293|3.000000|0.000000|0.000000|0.000000,3.814995050430298,3.0,9.849599|3.000000|0.000000|0.000000|0.000000,9.382293|3.000000|0.000000|0.000000|0.000000,9.849599|3.000000|0.000000|0.000000|0.000000,3,70533685248.000000,N/A,5
MOGP_GENERATIONAL,a457bcf8-ec9c-11f0-bc26-6e001b3eef54,Cooling,74,85,9.382293|3.000000|0.000000|0.000000|0.000000,3.7992701530456543,3.0,9.849599|3.000000|0.000000|0.000000|0.000000,9.382293|3.000000|0.000000|0.000000|0.000000,9.849599|3.000000|0.000000|0.000000|0.000000,3,86277185536.000000,N/A,5
MOGP_GENERATIONAL,a457bcf8-ec9c-11f0-bc26-6e001b3eef54,Cooling,74,86,9.382293|3.000000|0.000000|0.000000|0.000000,4.175976991653442,3.0,9.849599|3.000000|0.000000|0.000000|0.000000,9.382293|3.000000|0.000000|0.000000|0.000000,9.849599|3.000000|0.000000|0.000000|0.000000,3,49445007360.000000,N/A,5
MOGP_GENERATIONAL,a457bcf8-ec9c-11f0-bc26-6e001b3eef54,Cooling,74,87,9.382293|3.000000|0.000000|0.000000|0.000000,4.011364221572876,3.0,9.849599|3.000000|0.000000|0.000000|0.000000,9.382293|3.000000|0.000000|0.000000|0.000000,9.849599|3.000000|0.000000|0.000000|0.000000,3,69441544192.000000,N/A,5
MOGP_GENERATIONAL,a457bcf8-ec9c-11f0-bc26-6e001b3eef54,Cooling,74,88,9.382293|3.000000|0.000000|0.000000|0.000000,4.095635890960693,3.0,9.849599|3.000000|0.000000|0.000000|0.000000,9.382293|3.000000|0.000000|0.000000|0.000000,9.849599|3.000000|0.000000|0.000000|0.000000,3,111102435328.000000,N/A,5
MOGP_GENERATIONAL,a457bcf8-ec9c-11f0-bc26-6e001b3eef54,Cooling,74,89,9.382293|3.000000|0.000000|0.000000|0.000000,3.901693820953369,3.0,9.849599|3.000000|0.000000|0.000000|0.000000,9.382293|3.000000|0.000000|0.000000|0.000000,9.849599|3.000000|0.000000|0.000000|0.000000,3,91556462592.000000,N/A,5
MOGP_GENERATIONAL,a457bcf8-ec9c-11f0-bc26-6e001b3eef54,Cooling,74,90,9.382293|3.000000|0.000000|0.000000|0.000000,3.9396798610687256,3.0,9.849599|3.000000|0.000000|0.000000|0.000000,6.719963|7.000000|1.000000|0.000000|0.000000,7.248744|7.000000|1.000000|0.000000|0.000000,7,70530670592.000000,N/A,5
MOGP_GENERATIONAL,a457bcf8-ec9c-11f0-bc26-6e001b3eef54,Cooling,74,91,9.382293|3.000000|0.000000|0.000000|0.000000,3.941689968109131,3.0,9.849599|3.000000|0.000000|0.000000|0.000000,7.428574|15.000000|3.000000|0.000000|0.000000,8.146649|15.000000|3.000000|0.000000|0.000000,15,110050967552.000000,N/A,5
MOGP_GENERATIONAL,a457bcf8-ec9c-11f0-bc26-6e001b3eef54,Cooling,74,92,9.382293|3.000000|0.000000|0.000000|0.000000,3.684149980545044,3.0,9.849599|3.000000|0.000000|0.000000|0.000000,7.529734|7.000000|1.000000|0.000000|0.000000,8.172091|7.000000|1.000000|0.000000|0.000000,7,74624385024.000000,N/A,5
MOGP_GENERATIONAL,a457bcf8-ec9c-11f0-bc26-6e001b3eef54,Cooling,74,93,9.382293|3.000000|0.000000|0.000000|0.000000,3.9942522048950195,3.0,9.849599|3.000000|0.000000|0.000000|0.000000,7.651203|7.000000|1.000000|0.000000|0.000000,7.604468|7.000000|1.000000|0.000000|0.000000,7,59726434304.000000,N/A,5
MOGP_GENERATIONAL,a457bcf8-ec9c-11f0-bc26-6e001b3eef54,Cooling,74,94,9.382293|3.000000|0.000000|0.000000|0.000000,4.002761125564575,3.0,9.849599|3.000000|0.000000|0.000000|0.000000,9.382293|3.000000|0.000000|0.000000|0.000000,9.849599|3.000000|0.000000|0.000000|0.000000,3,105356910592.000000,N/A,5
MOGP_GENERATIONAL,a457bcf8-ec9c-11f0-bc26-6e001b3eef54,Cooling,74,95,9.382293|3.000000|0.000000|0.000000|0.000000,3.77217698097229,3.0,9.849599|3.000000|0.000000|0.000000|0.000000,6.965889|11.000000|2.000000|2.000000|0.000000,7.605381|11.000000|2.000000|2.000000|0.000000,11,99498754048.000000,N/A,5
MOGP_GENERATIONAL,a457bcf8-ec9c-11f0-bc26-6e001b3eef54,Cooling,74,96,9.382293|3.000000|0.000000|0.000000|0.000000,4.164022207260132,3.0,9.849599|3.000000|0.000000|0.000000|0.000000,9.382293|3.000000|0.000000|0.000000|0.000000,9.849599|3.000000|0.000000|0.000000|0.000000,3,119624081408.000000,N/A,5
MOGP_GENERATIONAL,a457bcf8-ec9c-11f0-bc26-6e001b3eef54,Cooling,74,97,9.382293|3.000000|0.000000|0.000000|0.000000,4.08923602104187,3.0,9.849599|3.000000|0.000000|0.000000|0.000000,9.382293|3.000000|0.000000|0.000000|0.000000,9.849599|3.000000|0.000000|0.000000|0.000000,3,98692128768.000000,N/A,5
MOGP_GENERATIONAL,a457bcf8-ec9c-11f0-bc26-6e001b3eef54,Cooling,74,98,9.382293|3.000000|0.000000|0.000000|0.000000,3.9436187744140625,3.0,9.849599|3.000000|0.000000|0.000000|0.000000,9.382293|3.000000|0.000000|0.000000|0.000000,9.849599|3.000000|0.000000|0.000000|0.000000,3,48428658688.000000,N/A,5
MOGP_GENERATIONAL,a457bcf8-ec9c-11f0-bc26-6e001b3eef54,Cooling,74,99,9.382293|3.000000|0.000000|0.000000|0.000000,4.084161996841431,3.0,9.849599|3.000000|0.000000|0.000000|0.000000,9.382293|3.000000|0.000000|0.000000|0.000000,9.849599|3.000000|0.000000|0.000000|0.000000,3,123858214912.000000,N/A,5
MOGP_GENERATIONAL,a457bcf8-ec9c-11f0-bc26-6e001b3eef54,Cooling,74,100,9.382293|3.000000|0.000000|0.000000|0.000000,4.197946786880493,3.0,9.849599|3.000000|0.000000|0.000000|0.000000,9.382293|3.000000|0.000000|0.000000|0.000000,9.849599|3.000000|0.000000|0.000000|0.000000,3,69441658880.000000,N/A,5
MOGP_GENERATIONAL,a457bcf8-ec9c-11f0-bc26-6e001b3eef54,Cooling,74,101,9.382293|3.000000|0.000000|0.000000|0.000000,4.082616090774536,3.0,9.849599|3.000000|0.000000|0.000000|0.000000,9.382293|3.000000|0.000000|0.000000|0.000000,9.849599|3.000000|0.000000|0.000000|0.000000,3,68896219136.000000,N/A,5
MOGP_GENERATIONAL,a457bcf8-ec9c-11f0-bc26-6e001b3eef54,Cooling,74,102,9.382293|3.000000|0.000000|0.000000|0.000000,3.831991195678711,3.0,9.849599|3.000000|0.000000|0.000000|0.000000,8.731316|7.000000|1.000000|0.000000|0.000000,9.435141|7.000000|1.000000|0.000000|0.000000,7,89901907968.000000,N/A,5
MOGP_GENERATIONAL,a457bcf8-ec9c-11f0-bc26-6e001b3eef54,Cooling,74,103,9.382293|3.000000|0.000000|0.000000|0.000000,3.7552618980407715,3.0,9.849599|3.000000|0.000000|0.000000|0.000000,9.382293|3.000000|0.000000|0.000000|0.000000,9.849599|3.000000|0.000000|0.000000|0.000000,3,54511595520.000000,N/A,5
MOGP_GENERATIONAL,a457bcf8-ec9c-11f0-bc26-6e001b3eef54,Cooling,74,104,9.382293|3.000000|0.000000|0.000000|0.000000,3.4466779232025146,3.0,9.849599|3.000000|0.000000|0.000000|0.000000,9.382293|3.000000|0.000000|0.000000|0.000000,9.849599|3.000000|0.000000|0.000000|0.000000,3,132482826240.000000,N/A,5
MOGP_GENERATIONAL,a457bcf8-ec9c-11f0-bc26-6e001b3eef54,Cooling,74,105,9.382293|3.000000|0.000000|0.000000|0.000000,3.4847829341888428,3.0,9.849599|3.000000|0.000000|0.000000|0.000000,9.382293|3.000000|0.000000|0.000000|0.000000,9.849599|3.000000|0.000000|0.000000|0.000000,3,92808855552.000000,N/A,5
MOGP_GENERATIONAL,a457bcf8-ec9c-11f0-bc26-6e001b3eef54,Cooling,74,106,9.382293|3.000000|0.000000|0.000000|0.000000,3.4435911178588867,3.0,9.849599|3.000000|0.000000|0.000000|0.000000,9.382293|3.000000|0.000000|0.000000|0.000000,9.849599|3.000000|0.000000|0.000000|0.000000,3,48378605568.000000,N/A,5
MOGP_GENERATIONAL,a457bcf8-ec9c-11f0-bc26-6e001b3eef54,Cooling,74,107,9.382293|3.000000|0.000000|0.000000|0.000000,3.607064962387085,3.0,9.849599|3.000000|0.000000|0.000000|0.000000,9.382293|3.000000|0.000000|0.000000|0.000000,9.849599|3.000000|0.000000|0.000000|0.000000,3,65952755712.000000,N/A,5
MOGP_GENERATIONAL,a457bcf8-ec9c-11f0-bc26-6e001b3eef54,Cooling,74,108,9.382293|3.000000|0.000000|0.000000|0.000000,3.7873589992523193,3.0,9.849599|3.000000|0.000000|0.000000|0.000000,9.382293|3.000000|0.000000|0.000000|0.000000,9.849599|3.000000|0.000000|0.000000|0.000000,3,35146346496.000000,N/A,5
MOGP_GENERATIONAL,a457bcf8-ec9c-11f0-bc26-6e001b3eef54,Cooling,74,109,9.382293|3.000000|0.000000|0.000000|0.000000,3.8258931636810303,3.0,9.849599|3.000000|0.000000|0.000000|0.000000,9.382293|3.000000|0.000000|0.000000|0.000000,9.849599|3.000000|0.000000|0.000000|0.000000,3,70533267456.000000,N/A,5
MOGP_GENERATIONAL,a457bcf8-ec9c-11f0-bc26-6e001b3eef54,Cooling,74,110,9.382293|3.000000|0.000000|0.000000|0.000000,3.9771010875701904,3.0,9.849599|3.000000|0.000000|0.000000|0.000000,9.382293|3.000000|0.000000|0.000000|0.000000,9.849599|3.000000|0.000000|0.000000|0.000000,3,82642984960.000000,N/A,5
MOGP_GENERATIONAL,a457bcf8-ec9c-11f0-bc26-6e001b3eef54,Cooling,74,111,9.382293|3.000000|0.000000|0.000000|0.000000,3.8667259216308594,3.0,9.849599|3.000000|0.000000|0.000000|0.000000,9.382293|3.000000|0.000000|0.000000|0.000000,9.849599|3.000000|0.000000|0.000000|0.000000,3,91455275008.000000,N/A,5
MOGP_GENERATIONAL,a457bcf8-ec9c-11f0-bc26-6e001b3eef54,Cooling,74,112,9.382293|3.000000|0.000000|0.000000|0.000000,3.85530686378479,3.0,9.849599|3.000000|0.000000|0.000000|0.000000,9.382293|3.000000|0.000000|0.000000|0.000000,9.849599|3.000000|0.000000|0.000000|0.000000,3,77977763840.000000,N/A,5
MOGP_GENERATIONAL,a457bcf8-ec9c-11f0-bc26-6e001b3eef54,Cooling,74,113,9.382293|3.000000|0.000000|0.000000|0.000000,3.6369640827178955,3.0,9.849599|3.000000|0.000000|0.000000|0.000000,9.382293|3.000000|0.000000|0.000000|0.000000,9.849599|3.000000|0.000000|0.000000|0.000000,3,71766196224.000000,N/A,5
MOGP_GENERATIONAL,a457bcf8-ec9c-11f0-bc26-6e001b3eef54,Cooling,74,114,9.382293|3.000000|0.000000|0.000000|0.000000,3.5192620754241943,3.0,9.849599|3.000000|0.000000|0.000000|0.000000,9.382293|3.000000|0.000000|0.000000|0.000000,9.849599|3.000000|0.000000|0.000000|0.000000,3,35739217920.000000,N/A,5
MOGP_GENERATIONAL,a457bcf8-ec9c-11f0-bc26-6e001b3eef54,Cooling,74,115,9.382293|3.000000|0.000000|0.000000|0.000000,4.052457809448242,3.0,9.849599|3.000000|0.000000|0.000000|0.000000,5.611051|15.000000|1.000000|0.000000|0.000000,6.051401|15.000000|1.000000|0.000000|0.000000,15,92978552832.000000,N/A,5
MOGP_GENERATIONAL,a457bcf8-ec9c-11f0-bc26-6e001b3eef54,Cooling,74,116,9.382293|3.000000|0.000000|0.000000|0.000000,3.7419440746307373,3.0,9.849599|3.000000|0.000000|0.000000|0.000000,9.382293|3.000000|0.000000|0.000000|0.000000,9.849599|3.000000|0.000000|0.000000|0.000000,3,67254296576.000000,N/A,5
MOGP_GENERATIONAL,a457bcf8-ec9c-11f0-bc26-6e001b3eef54,Cooling,74,117,9.382293|3.000000|0.000000|0.000000|0.000000,3.6965160369873047,3.0,9.849599|3.000000|0.000000|0.000000|0.000000,7.529734|7.000000|1.000000|0.000000|0.000000,8.172091|7.000000|1.000000|0.000000|0.000000,7,75564720128.000000,N/A,5
MOGP_GENERATIONAL,a457bcf8-ec9c-11f0-bc26-6e001b3eef54,Cooling,74,118,9.382293|3.000000|0.000000|0.000000|0.000000,3.5307998657226562,3.0,9.849599|3.000000|0.000000|0.000000|0.000000,9.382293|3.000000|0.000000|0.000000|0.000000,9.849599|3.000000|0.000000|0.000000|0.000000,3,55478259712.000000,N/A,5
MOGP_GENERATIONAL,a457bcf8-ec9c-11f0-bc26-6e001b3eef54,Cooling,74,119,9.382293|3.000000|0.000000|0.000000|0.000000,3.774860143661499,3.0,9.849599|3.000000|0.000000|0.000000|0.000000,8.731316|7.000000|1.000000|0.000000|0.000000,9.435141|7.000000|1.000000|0.000000|0.000000,7,88746917888.000000,N/A,5
MOGP_GENERATIONAL,a457bcf8-ec9c-11f0-bc26-6e001b3eef54,Cooling,74,120,9.382293|3.000000|0.000000|0.000000|0.000000,3.607465982437134,3.0,9.849599|3.000000|0.000000|0.000000|0.000000,5.611051|7.000000|1.000000|0.000000|0.000000,6.051401|7.000000|1.000000|0.000000|0.000000,7,100090454016.000000,N/A,5
MOGP_GENERATIONAL,a457bcf8-ec9c-11f0-bc26-6e001b3eef54,Cooling,74,121,9.382293|3.000000|0.000000|0.000000|0.000000,3.3925609588623047,3.0,9.849599|3.000000|0.000000|0.000000|0.000000,9.382293|3.000000|0.000000|0.000000|0.000000,9.849599|3.000000|0.000000|0.000000|0.000000,3,58458816512.000000,N/A,5
MOGP_GENERATIONAL,a457bcf8-ec9c-11f0-bc26-6e001b3eef54,Cooling,74,122,9.382293|3.000000|0.000000|0.000000|0.000000,3.6646440029144287,3.0,9.849599|3.000000|0.000000|0.000000|0.000000,9.382293|3.000000|0.000000|0.000000|0.000000,9.849599|3.000000|0.000000|0.000000|0.000000,3,49937469440.000000,N/A,5
MOGP_GENERATIONAL,a457bcf8-ec9c-11f0-bc26-6e001b3eef54,Cooling,74,123,9.382293|3.000000|0.000000|0.000000|0.000000,3.5796570777893066,3.0,9.849599|3.000000|0.000000|0.000000|0.000000,9.382293|3.000000|0.000000|0.000000|0.000000,9.849599|3.000000|0.000000|0.000000|0.000000,3,75884388352.000000,N/A,5
MOGP_GENERATIONAL,a457bcf8-ec9c-11f0-bc26-6e001b3eef54,Cooling,74,124,9.382293|3.000000|0.000000|0.000000|0.000000,3.7931461334228516,3.0,9.849599|3.000000|0.000000|0.000000|0.000000,9.382293|3.000000|0.000000|0.000000|0.000000,9.849599|3.000000|0.000000|0.000000|0.000000,3,104056463360.000000,N/A,5
MOGP_GENERATIONAL,a457bcf8-ec9c-11f0-bc26-6e001b3eef54,Cooling,74,125,9.382293|3.000000|0.000000|0.000000|0.000000,3.8148488998413086,3.0,9.849599|3.000000|0.000000|0.000000|0.000000,9.382293|3.000000|0.000000|0.000000|0.000000,9.849599|3.000000|0.000000|0.000000|0.000000,3,61093117952.000000,N/A,5
MOGP_GENERATIONAL,a457bcf8-ec9c-11f0-bc26-6e001b3eef54,Cooling,74,126,9.382293|3.000000|0.000000|0.000000|0.000000,3.866191864013672,3.0,9.849599|3.000000|0.000000|0.000000|0.000000,9.382293|3.000000|0.000000|0.000000|0.000000,9.849599|3.000000|0.000000|0.000000|0.000000,3,113749139456.000000,N/A,5
MOGP_GENERATIONAL,a457bcf8-ec9c-11f0-bc26-6e001b3eef54,Cooling,74,127,9.382293|3.000000|0.000000|0.000000|0.000000,3.591888189315796,3.0,9.849599|3.000000|0.000000|0.000000|0.000000,7.960735|11.000000|2.000000|0.000000|0.000000,8.534122|11.000000|2.000000|0.000000|0.000000,11,51956002816.000000,N/A,5
MOGP_GENERATIONAL,a457bcf8-ec9c-11f0-bc26-6e001b3eef54,Cooling,74,128,9.382293|3.000000|0.000000|0.000000|0.000000,3.875159978866577,3.0,9.849599|3.000000|0.000000|0.000000|0.000000,9.382293|3.000000|0.000000|0.000000|0.000000,9.849599|3.000000|0.000000|0.000000|0.000000,3,49937469440.000000,N/A,5
MOGP_GENERATIONAL,a457bcf8-ec9c-11f0-bc26-6e001b3eef54,Cooling,74,129,9.382293|3.000000|0.000000|0.000000|0.000000,3.8371639251708984,3.0,9.849599|3.000000|0.000000|0.000000|0.000000,9.382293|3.000000|0.000000|0.000000|0.000000,9.849599|3.000000|0.000000|0.000000|0.000000,3,76638961664.000000,N/A,5
MOGP_GENERATIONAL,a457bcf8-ec9c-11f0-bc26-6e001b3eef54,Cooling,74,130,9.382293|3.000000|0.000000|0.000000|0.000000,3.9104650020599365,3.0,9.849599|3.000000|0.000000|0.000000|0.000000,8.547617|15.000000|2.000000|0.000000|0.000000,9.141744|15.000000|2.000000|0.000000|0.000000,15,86277185536.000000,N/A,5
MOGP_GENERATIONAL,a457bcf8-ec9c-11f0-bc26-6e001b3eef54,Cooling,74,131,9.382293|3.000000|0.000000|0.000000|0.000000,3.592993974685669,3.0,9.849599|3.000000|0.000000|0.000000|0.000000,9.382293|3.000000|0.000000|0.000000|0.000000,9.849599|3.000000|0.000000|0.000000|0.000000,3,71873781760.000000,N/A,5
MOGP_GENERATIONAL,a457bcf8-ec9c-11f0-bc26-6e001b3eef54,Cooling,74,132,9.382293|3.000000|0.000000|0.000000|0.000000,3.892580270767212,3.0,9.849599|3.000000|0.000000|0.000000|0.000000,8.915037|11.000000|2.000000|0.000000|0.000000,9.645377|11.000000|2.000000|0.000000|0.000000,11,87115931648.000000,N/A,5
MOGP_GENERATIONAL,a457bcf8-ec9c-11f0-bc26-6e001b3eef54,Cooling,74,133,9.382293|3.000000|0.000000|0.000000|0.000000,3.7027759552001953,3.0,9.849599|3.000000|0.000000|0.000000|0.000000,8.731316|7.000000|1.000000|0.000000|0.000000,9.435141|7.000000|1.000000|0.000000|0.000000,7,124017606656.000000,N/A,5
MOGP_GENERATIONAL,a457bcf8-ec9c-11f0-bc26-6e001b3eef54,Cooling,74,134,9.382293|3.000000|0.000000|0.000000|0.000000,3.7001209259033203,3.0,9.849599|3.000000|0.000000|0.000000|0.000000,7.529734|7.000000|1.000000|0.000000|0.000000,8.172091|7.000000|1.000000|0.000000|0.000000,7,65952751616.000000,N/A,5
MOGP_GENERATIONAL,a457bcf8-ec9c-11f0-bc26-6e001b3eef54,Cooling,74,135,9.382293|3.000000|0.000000|0.000000|0.000000,3.4328958988189697,3.0,9.849599|3.000000|0.000000|0.000000|0.000000,9.382293|3.000000|0.000000|0.000000|0.000000,9.849599|3.000000|0.000000|0.000000|0.000000,3,54935928832.000000,N/A,5
MOGP_GENERATIONAL,a457bcf8-ec9c-11f0-bc26-6e001b3eef54,Cooling,74,136,9.382293|3.000000|0.000000|0.000000|0.000000,3.5024569034576416,3.0,9.849599|3.000000|0.000000|0.000000|0.000000,9.382293|3.000000|0.000000|0.000000|0.000000,9.849599|3.000000|0.000000|0.000000|0.000000,3,26571419648.000000,N/A,5
MOGP_GENERATIONAL,a457bcf8-ec9c-11f0-bc26-6e001b3eef54,Cooling,74,137,9.382293|3.000000|0.000000|0.000000|0.000000,3.55535888671875,3.0,9.849599|3.000000|0.000000|0.000000|0.000000,9.382293|3.000000|0.000000|0.000000|0.000000,9.849599|3.000000|0.000000|0.000000|0.000000,3,76878872576.000000,N/A,5
MOGP_GENERATIONAL,a457bcf8-ec9c-11f0-bc26-6e001b3eef54,Cooling,74,138,9.382293|3.000000|0.000000|0.000000|0.000000,3.767990827560425,3.0,9.849599|3.000000|0.000000|0.000000|0.000000,9.382293|3.000000|0.000000|0.000000|0.000000,9.849599|3.000000|0.000000|0.000000|0.000000,3,121326936064.000000,N/A,5
MOGP_GENERATIONAL,a457bcf8-ec9c-11f0-bc26-6e001b3eef54,Cooling,74,139,9.382293|3.000000|0.000000|0.000000|0.000000,3.657288074493408,3.0,9.849599|3.000000|0.000000|0.000000|0.000000,9.382293|3.000000|0.000000|0.000000|0.000000,9.849599|3.000000|0.000000|0.000000|0.000000,3,118343376896.000000,N/A,5
MOGP_GENERATIONAL,a457bcf8-ec9c-11f0-bc26-6e001b3eef54,Cooling,74,140,9.382293|3.000000|0.000000|0.000000|0.000000,3.869156837463379,3.0,9.849599|3.000000|0.000000|0.000000|0.000000,9.382293|3.000000|0.000000|0.000000|0.000000,9.849599|3.000000|0.000000|0.000000|0.000000,3,65863053312.000000,N/A,5
MOGP_GENERATIONAL,a457bcf8-ec9c-11f0-bc26-6e001b3eef54,Cooling,74,141,9.382293|3.000000|0.000000|0.000000|0.000000,3.533294916152954,3.0,9.849599|3.000000|0.000000|0.000000|0.000000,9.382293|3.000000|0.000000|0.000000|0.000000,9.849599|3.000000|0.000000|0.000000|0.000000,3,78039687168.000000,N/A,5
MOGP_GENERATIONAL,a457bcf8-ec9c-11f0-bc26-6e001b3eef54,Cooling,74,142,9.382293|3.000000|0.000000|0.000000|0.000000,3.5022130012512207,3.0,9.849599|3.000000|0.000000|0.000000|0.000000,8.795516|5.000000|2.000000|0.000000|0.000000,9.296750|5.000000|2.000000|0.000000|0.000000,5,93432643584.000000,N/A,5
MOGP_GENERATIONAL,a457bcf8-ec9c-11f0-bc26-6e001b3eef54,Cooling,74,143,9.382293|3.000000|0.000000|0.000000|0.000000,3.533931016921997,3.0,9.849599|3.000000|0.000000|0.000000|0.000000,8.572055|11.000000|3.000000|0.000000|0.000000,9.236681|11.000000|3.000000|0.000000|0.000000,11,68411166720.000000,N/A,5
MOGP_GENERATIONAL,a457bcf8-ec9c-11f0-bc26-6e001b3eef54,Cooling,74,144,9.382293|3.000000|0.000000|0.000000|0.000000,3.4292361736297607,3.0,9.849599|3.000000|0.000000|0.000000|0.000000,9.382293|3.000000|0.000000|0.000000|0.000000,9.849599|3.000000|0.000000|0.000000|0.000000,3,101990072320.000000,N/A,5
MOGP_GENERATIONAL,a457bcf8-ec9c-11f0-bc26-6e001b3eef54,Cooling,74,145,9.382293|3.000000|0.000000|0.000000|0.000000,3.0560550689697266,3.0,9.849599|3.000000|0.000000|0.000000|0.000000,7.532053|11.000000|2.000000|0.000000|0.000000,7.926045|11.000000|2.000000|0.000000|0.000000,11,84300120064.000000,N/A,5
MOGP_GENERATIONAL,a457bcf8-ec9c-11f0-bc26-6e001b3eef54,Cooling,74,146,9.382293|3.000000|0.000000|0.000000|0.000000,3.282325029373169,3.0,9.849599|3.000000|0.000000|0.000000|0.000000,7.095979|11.000000|3.000000|0.000000|0.000000,7.272456|11.000000|3.000000|0.000000|0.000000,11,6450835968.000000,N/A,5
MOGP_GENERATIONAL,a457bcf8-ec9c-11f0-bc26-6e001b3eef54,Cooling,74,147,9.382293|3.000000|0.000000|0.000000|0.000000,3.223345994949341,3.0,9.849599|3.000000|0.000000|0.000000|0.000000,9.382293|3.000000|0.000000|0.000000|0.000000,9.849599|3.000000|0.000000|0.000000|0.000000,3,82584510464.000000,N/A,5
MOGP_GENERATIONAL,a457bcf8-ec9c-11f0-bc26-6e001b3eef54,Cooling,74,148,9.382293|3.000000|0.000000|0.000000|0.000000,3.166476011276245,3.0,9.849599|3.000000|0.000000|0.000000|0.000000,9.382293|3.000000|0.000000|0.000000|0.000000,9.849599|3.000000|0.000000|0.000000|0.000000,3,64809025536.000000,N/A,5
MOGP_GENERATIONAL,a457bcf8-ec9c-11f0-bc26-6e001b3eef54,Cooling,74,149,9.382293|3.000000|0.000000|0.000000|0.000000,3.334774971008301,3.0,9.849599|3.000000|0.000000|0.000000|0.000000,9.382293|3.000000|0.000000|0.000000|0.000000,9.849599|3.000000|0.000000|0.000000|0.000000,3,70540910592.000000,N/A,5
MOGP_GENERATIONAL,a457bcf8-ec9c-11f0-bc26-6e001b3eef54,Cooling,74,150,9.382293|3.000000|0.000000|0.000000|0.000000,3.5067059993743896,3.0,9.849599|3.000000|0.000000|0.000000|0.000000,9.382293|3.000000|0.000000|0.000000|0.000000,9.849599|3.000000|0.000000|0.000000|0.000000,3,96818978816.000000,N/A,5
MOGP_GENERATIONAL,a457bcf8-ec9c-11f0-bc26-6e001b3eef54,Cooling,74,151,9.382293|3.000000|0.000000|0.000000|0.000000,3.1503241062164307,3.0,9.849599|3.000000|0.000000|0.000000|0.000000,9.382293|3.000000|0.000000|0.000000|0.000000,9.849599|3.000000|0.000000|0.000000|0.000000,3,70628327424.000000,N/A,5
MOGP_GENERATIONAL,a457bcf8-ec9c-11f0-bc26-6e001b3eef54,Cooling,74,152,9.382293|3.000000|0.000000|0.000000|0.000000,3.2994019985198975,3.0,9.849599|3.000000|0.000000|0.000000|0.000000,5.611051|7.000000|1.000000|0.000000|0.000000,6.051401|7.000000|1.000000|0.000000|0.000000,7,62859341824.000000,N/A,5
MOGP_GENERATIONAL,a457bcf8-ec9c-11f0-bc26-6e001b3eef54,Cooling,74,153,9.382293|3.000000|0.000000|0.000000|0.000000,3.1667659282684326,3.0,9.849599|3.000000|0.000000|0.000000|0.000000,9.382293|3.000000|0.000000|0.000000|0.000000,9.849599|3.000000|0.000000|0.000000|0.000000,3,59714822144.000000,N/A,5
MOGP_GENERATIONAL,a457bcf8-ec9c-11f0-bc26-6e001b3eef54,Cooling,74,154,9.382293|3.000000|0.000000|0.000000|0.000000,3.3382320404052734,3.0,9.849599|3.000000|0.000000|0.000000|0.000000,9.382293|3.000000|0.000000|0.000000|0.000000,9.849599|3.000000|0.000000|0.000000|0.000000,3,43206709248.000000,N/A,5
MOGP_GENERATIONAL,a457bcf8-ec9c-11f0-bc26-6e001b3eef54,Cooling,74,155,9.382293|3.000000|0.000000|0.000000|0.000000,3.3814148902893066,3.0,9.849599|3.000000|0.000000|0.000000|0.000000,9.382293|3.000000|0.000000|0.000000|0.000000,9.849599|3.000000|0.000000|0.000000|0.000000,3,111161114624.000000,N/A,5
MOGP_GENERATIONAL,a457bcf8-ec9c-11f0-bc26-6e001b3eef54,Cooling,74,156,9.382293|3.000000|0.000000|0.000000|0.000000,3.5489909648895264,3.0,9.849599|3.000000|0.000000|0.000000|0.000000,9.382293|3.000000|0.000000|0.000000|0.000000,9.849599|3.000000|0.000000|0.000000|0.000000,3,69371731968.000000,N/A,5
MOGP_GENERATIONAL,a457bcf8-ec9c-11f0-bc26-6e001b3eef54,Cooling,74,157,9.382293|3.000000|0.000000|0.000000|0.000000,3.5703141689300537,3.0,9.849599|3.000000|0.000000|0.000000|0.000000,9.382293|3.000000|0.000000|0.000000|0.000000,9.849599|3.000000|0.000000|0.000000|0.000000,3,97507704832.000000,N/A,5
MOGP_GENERATIONAL,a457bcf8-ec9c-11f0-bc26-6e001b3eef54,Cooling,74,158,9.382293|3.000000|0.000000|0.000000|0.000000,3.892068862915039,3.0,9.849599|3.000000|0.000000|0.000000|0.000000,9.382293|3.000000|0.000000|0.000000|0.000000,9.849599|3.000000|0.000000|0.000000|0.000000,3,110894096384.000000,N/A,5
MOGP_GENERATIONAL,a457bcf8-ec9c-11f0-bc26-6e001b3eef54,Cooling,74,159,9.382293|3.000000|0.000000|0.000000|0.000000,3.609673023223877,3.0,9.849599|3.000000|0.000000|0.000000|0.000000,9.382293|3.000000|0.000000|0.000000|0.000000,9.849599|3.000000|0.000000|0.000000|0.000000,3,43206828032.000000,N/A,5
MOGP_GENERATIONAL,a457bcf8-ec9c-11f0-bc26-6e001b3eef54,Cooling,74,160,9.382293|3.000000|0.000000|0.000000|0.000000,3.620159149169922,3.0,9.849599|3.000000|0.000000|0.000000|0.000000,9.382293|3.000000|0.000000|0.000000|0.000000,9.849599|3.000000|0.000000|0.000000|0.000000,3,56317804544.000000,N/A,5
MOGP_GENERATIONAL,a457bcf8-ec9c-11f0-bc26-6e001b3eef54,Cooling,74,161,9.382293|3.000000|0.000000|0.000000|0.000000,3.6807267665863037,3.0,9.849599|3.000000|0.000000|0.000000|0.000000,9.382293|3.000000|0.000000|0.000000|0.000000,9.849599|3.000000|0.000000|0.000000|0.000000,3,119920762880.000000,N/A,5
MOGP_GENERATIONAL,a457bcf8-ec9c-11f0-bc26-6e001b3eef54,Cooling,74,162,9.382293|3.000000|0.000000|0.000000|0.000000,4.019845247268677,3.0,9.849599|3.000000|0.000000|0.000000|0.000000,9.382293|3.000000|0.000000|0.000000|0.000000,9.849599|3.000000|0.000000|0.000000|0.000000,3,65952755712.000000,N/A,5
MOGP_GENERATIONAL,a457bcf8-ec9c-11f0-bc26-6e001b3eef54,Cooling,74,163,9.382293|3.000000|0.000000|0.000000|0.000000,3.935720205307007,3.0,9.849599|3.000000|0.000000|0.000000|0.000000,7.651203|7.000000|1.000000|0.000000|0.000000,7.604468|7.000000|1.000000|0.000000|0.000000,7,78693531648.000000,N/A,5
MOGP_GENERATIONAL,a457bcf8-ec9c-11f0-bc26-6e001b3eef54,Cooling,74,164,9.382293|3.000000|0.000000|0.000000|0.000000,3.9465861320495605,3.0,9.849599|3.000000|0.000000|0.000000|0.000000,9.382293|3.000000|0.000000|0.000000|0.000000,9.849599|3.000000|0.000000|0.000000|0.000000,3,70533685248.000000,N/A,5
MOGP_GENERATIONAL,a457bcf8-ec9c-11f0-bc26-6e001b3eef54,Cooling,74,165,9.382293|3.000000|0.000000|0.000000|0.000000,3.8711438179016113,3.0,9.849599|3.000000|0.000000|0.000000|0.000000,9.382293|3.000000|0.000000|0.000000|0.000000,9.849599|3.000000|0.000000|0.000000|0.000000,3,107367383040.000000,N/A,5
MOGP_GENERATIONAL,a457bcf8-ec9c-11f0-bc26-6e001b3eef54,Cooling,74,166,9.382293|3.000000|0.000000|0.000000|0.000000,3.6188690662384033,3.0,9.849599|3.000000|0.000000|0.000000|0.000000,5.611051|15.000000|2.000000|2.000000|0.000000,6.051401|15.000000|2.000000|2.000000|0.000000,15,100144562176.000000,N/A,5
MOGP_GENERATIONAL,a457bcf8-ec9c-11f0-bc26-6e001b3eef54,Cooling,74,167,9.382293|3.000000|0.000000|0.000000|0.000000,3.8266329765319824,3.0,9.849599|3.000000|0.000000|0.000000|0.000000,8.497482|15.000000|2.000000|0.000000|0.000000,7.965155|15.000000|2.000000|0.000000|0.000000,15,92623585280.000000,N/A,5
MOGP_GENERATIONAL,a457bcf8-ec9c-11f0-bc26-6e001b3eef54,Cooling,74,168,9.382293|3.000000|0.000000|0.000000|0.000000,4.14046573638916,3.0,9.849599|3.000000|0.000000|0.000000|0.000000,9.382293|3.000000|0.000000|0.000000|0.000000,9.849599|3.000000|0.000000|0.000000|0.000000,3,81553440768.000000,N/A,5
MOGP_GENERATIONAL,a457bcf8-ec9c-11f0-bc26-6e001b3eef54,Cooling,74,169,9.382293|3.000000|0.000000|0.000000|0.000000,3.996474027633667,3.0,9.849599|3.000000|0.000000|0.000000|0.000000,9.382293|3.000000|0.000000|0.000000|0.000000,9.849599|3.000000|0.000000|0.000000|0.000000,3,49937469440.000000,N/A,5
MOGP_GENERATIONAL,a457bcf8-ec9c-11f0-bc26-6e001b3eef54,Cooling,74,170,9.382293|3.000000|0.000000|0.000000|0.000000,3.966219186782837,3.0,9.849599|3.000000|0.000000|0.000000|0.000000,9.382293|3.000000|0.000000|0.000000|0.000000,9.849599|3.000000|0.000000|0.000000|0.000000,3,86277185536.000000,N/A,5
MOGP_GENERATIONAL,a457bcf8-ec9c-11f0-bc26-6e001b3eef54,Cooling,74,171,9.382293|3.000000|0.000000|0.000000|0.000000,3.862016201019287,3.0,9.849599|3.000000|0.000000|0.000000|0.000000,9.382293|3.000000|0.000000|0.000000|0.000000,9.849599|3.000000|0.000000|0.000000|0.000000,3,70533685248.000000,N/A,5
MOGP_GENERATIONAL,a457bcf8-ec9c-11f0-bc26-6e001b3eef54,Cooling,74,172,9.382293|3.000000|0.000000|0.000000|0.000000,3.7951149940490723,3.0,9.849599|3.000000|0.000000|0.000000|0.000000,9.382293|3.000000|0.000000|0.000000|0.000000,9.849599|3.000000|0.000000|0.000000|0.000000,3,119333879808.000000,N/A,5
MOGP_GENERATIONAL,a457bcf8-ec9c-11f0-bc26-6e001b3eef54,Cooling,74,173,9.382293|3.000000|0.000000|0.000000|0.000000,3.6269280910491943,3.0,9.849599|3.000000|0.000000|0.000000|0.000000,9.382293|3.000000|0.000000|0.000000|0.000000,9.849599|3.000000|0.000000|0.000000|0.000000,3,111102435328.000000,N/A,5
MOGP_GENERATIONAL,a457bcf8-ec9c-11f0-bc26-6e001b3eef54,Cooling,74,174,9.382293|3.000000|0.000000|0.000000|0.000000,3.6440300941467285,3.0,9.849599|3.000000|0.000000|0.000000|0.000000,9.382293|3.000000|0.000000|0.000000|0.000000,9.849599|3.000000|0.000000|0.000000|0.000000,3,746.084167,N/A,5
MOGP_GENERATIONAL,a457bcf8-ec9c-11f0-bc26-6e001b3eef54,Cooling,74,175,9.382293|3.000000|0.000000|0.000000|0.000000,3.853600025177002,3.0,9.849599|3.000000|0.000000|0.000000|0.000000,9.382293|3.000000|0.000000|0.000000|0.000000,9.849599|3.000000|0.000000|0.000000|0.000000,3,92326928384.000000,N/A,5
MOGP_GENERATIONAL,a457bcf8-ec9c-11f0-bc26-6e001b3eef54,Cooling,74,176,9.382293|3.000000|0.000000|0.000000|0.000000,3.809480905532837,3.0,9.849599|3.000000|0.000000|0.000000|0.000000,9.382293|3.000000|0.000000|0.000000|0.000000,9.849599|3.000000|0.000000|0.000000|0.000000,3,138514071552.000000,N/A,5
MOGP_GENERATIONAL,a457bcf8-ec9c-11f0-bc26-6e001b3eef54,Cooling,74,177,9.382293|3.000000|0.000000|0.000000|0.000000,3.4172606468200684,3.0,9.849599|3.000000|0.000000|0.000000|0.000000,9.382293|3.000000|0.000000|0.000000|0.000000,9.849599|3.000000|0.000000|0.000000|0.000000,3,70533251072.000000,N/A,5
MOGP_GENERATIONAL,a457bcf8-ec9c-11f0-bc26-6e001b3eef54,Cooling,74,178,9.382293|3.000000|0.000000|0.000000|0.000000,3.7521629333496094,3.0,9.849599|3.000000|0.000000|0.000000|0.000000,9.382293|3.000000|0.000000|0.000000|0.000000,9.849599|3.000000|0.000000|0.000000|0.000000,3,54511595520.000000,N/A,5
MOGP_GENERATIONAL,a457bcf8-ec9c-11f0-bc26-6e001b3eef54,Cooling,74,179,9.382293|3.000000|0.000000|0.000000|0.000000,3.88454008102417,3.0,9.849599|3.000000|0.000000|0.000000|0.000000,7.529734|7.000000|1.000000|0.000000|0.000000,8.172091|7.000000|1.000000|0.000000|0.000000,7,85570240512.000000,N/A,5
MOGP_GENERATIONAL,a457bcf8-ec9c-11f0-bc26-6e001b3eef54,Cooling,74,180,9.382293|3.000000|0.000000|0.000000|0.000000,3.830579996109009,3.0,9.849599|3.000000|0.000000|0.000000|0.000000,9.382293|3.000000|0.000000|0.000000|0.000000,9.849599|3.000000|0.000000|0.000000|0.000000,3,104407097344.000000,N/A,5
MOGP_GENERATIONAL,a457bcf8-ec9c-11f0-bc26-6e001b3eef54,Cooling,74,181,9.382293|3.000000|0.000000|0.000000|0.000000,4.034614086151123,3.0,9.849599|3.000000|0.000000|0.000000|0.000000,5.611051|7.000000|1.000000|0.000000|0.000000,6.051401|7.000000|1.000000|0.000000|0.000000,7,120834588672.000000,N/A,5
MOGP_GENERATIONAL,a457bcf8-ec9c-11f0-bc26-6e001b3eef54,Cooling,74,182,9.382293|3.000000|0.000000|0.000000|0.000000,4.095969915390015,3.0,9.849599|3.000000|0.000000|0.000000|0.000000,9.382293|3.000000|0.000000|0.000000|0.000000,9.849599|3.000000|0.000000|0.000000|0.000000,3,124989972480.000000,N/A,5
MOGP_GENERATIONAL,a457bcf8-ec9c-11f0-bc26-6e001b3eef54,Cooling,74,183,9.382293|3.000000|0.000000|0.000000|0.000000,4.080336093902588,3.0,9.849599|3.000000|0.000000|0.000000|0.000000,9.382293|3.000000|0.000000|0.000000|0.000000,9.849599|3.000000|0.000000|0.000000|0.000000,3,78697930752.000000,N/A,5
MOGP_GENERATIONAL,a457bcf8-ec9c-11f0-bc26-6e001b3eef54,Cooling,74,184,9.382293|3.000000|0.000000|0.000000|0.000000,4.068165063858032,3.0,9.849599|3.000000|0.000000|0.000000|0.000000,9.382293|3.000000|0.000000|0.000000|0.000000,9.849599|3.000000|0.000000|0.000000|0.000000,3,99498762240.000000,N/A,5
MOGP_GENERATIONAL,a457bcf8-ec9c-11f0-bc26-6e001b3eef54,Cooling,74,185,9.382293|3.000000|0.000000|0.000000|0.000000,3.934018135070801,3.0,9.849599|3.000000|0.000000|0.000000|0.000000,9.382293|3.000000|0.000000|0.000000|0.000000,9.849599|3.000000|0.000000|0.000000|0.000000,3,85389017088.000000,N/A,5
MOGP_GENERATIONAL,a457bcf8-ec9c-11f0-bc26-6e001b3eef54,Cooling,74,186,9.382293|3.000000|0.000000|0.000000|0.000000,3.95672869682312,3.0,9.849599|3.000000|0.000000|0.000000|0.000000,9.382293|3.000000|0.000000|0.000000|0.000000,9.849599|3.000000|0.000000|0.000000|0.000000,3,49937461248.000000,N/A,5
MOGP_GENERATIONAL,a457bcf8-ec9c-11f0-bc26-6e001b3eef54,Cooling,74,187,9.382293|3.000000|0.000000|0.000000|0.000000,4.085904836654663,3.0,9.849599|3.000000|0.000000|0.000000|0.000000,9.382293|3.000000|0.000000|0.000000|0.000000,9.849599|3.000000|0.000000|0.000000|0.000000,3,119855726592.000000,N/A,5
MOGP_GENERATIONAL,a457bcf8-ec9c-11f0-bc26-6e001b3eef54,Cooling,74,188,9.382293|3.000000|0.000000|0.000000|0.000000,4.094933032989502,3.0,9.849599|3.000000|0.000000|0.000000|0.000000,9.382293|3.000000|0.000000|0.000000|0.000000,9.849599|3.000000|0.000000|0.000000|0.000000,3,88586895360.000000,N/A,5
MOGP_GENERATIONAL,a457bcf8-ec9c-11f0-bc26-6e001b3eef54,Cooling,74,189,9.382293|3.000000|0.000000|0.000000|0.000000,3.8652498722076416,3.0,9.849599|3.000000|0.000000|0.000000|0.000000,8.731316|7.000000|1.000000|0.000000|0.000000,9.435141|7.000000|1.000000|0.000000|0.000000,7,70533685248.000000,N/A,5
MOGP_GENERATIONAL,a457bcf8-ec9c-11f0-bc26-6e001b3eef54,Cooling,74,190,9.382293|3.000000|0.000000|0.000000|0.000000,4.095704793930054,3.0,9.849599|3.000000|0.000000|0.000000|0.000000,9.382293|3.000000|0.000000|0.000000|0.000000,9.849599|3.000000|0.000000|0.000000|0.000000,3,88960335872.000000,N/A,5
MOGP_GENERATIONAL,a457bcf8-ec9c-11f0-bc26-6e001b3eef54,Cooling,74,191,9.382293|3.000000|0.000000|0.000000|0.000000,4.085669279098511,3.0,9.849599|3.000000|0.000000|0.000000|0.000000,9.382293|3.000000|0.000000|0.000000|0.000000,9.849599|3.000000|0.000000|0.000000|0.000000,3,113648738304.000000,N/A,5
MOGP_GENERATIONAL,a457bcf8-ec9c-11f0-bc26-6e001b3eef54,Cooling,74,192,9.382293|3.000000|0.000000|0.000000|0.000000,4.2184977531433105,3.0,9.849599|3.000000|0.000000|0.000000|0.000000,9.382293|3.000000|0.000000|0.000000|0.000000,9.849599|3.000000|0.000000|0.000000|0.000000,3,86277185536.000000,N/A,5
MOGP_GENERATIONAL,a457bcf8-ec9c-11f0-bc26-6e001b3eef54,Cooling,74,193,9.382293|3.000000|0.000000|0.000000|0.000000,4.270228862762451,3.0,9.849599|3.000000|0.000000|0.000000|0.000000,9.382293|3.000000|0.000000|0.000000|0.000000,9.849599|3.000000|0.000000|0.000000|0.000000,3,58476707840.000000,N/A,5
MOGP_GENERATIONAL,a457bcf8-ec9c-11f0-bc26-6e001b3eef54,Cooling,74,194,9.382293|3.000000|0.000000|0.000000|0.000000,4.18581485748291,3.0,9.849599|3.000000|0.000000|0.000000|0.000000,6.672586|15.000000|2.000000|0.000000|0.000000,7.247645|15.000000|2.000000|0.000000|0.000000,15,48378736640.000000,N/A,5
MOGP_GENERATIONAL,a457bcf8-ec9c-11f0-bc26-6e001b3eef54,Cooling,74,195,9.382293|3.000000|0.000000|0.000000|0.000000,4.151549816131592,3.0,9.849599|3.000000|0.000000|0.000000|0.000000,9.382293|3.000000|0.000000|0.000000|0.000000,9.849599|3.000000|0.000000|0.000000|0.000000,3,88138711040.000000,N/A,5
MOGP_GENERATIONAL,a457bcf8-ec9c-11f0-bc26-6e001b3eef54,Cooling,74,196,9.382293|3.000000|0.000000|0.000000|0.000000,3.9800608158111572,3.0,9.849599|3.000000|0.000000|0.000000|0.000000,9.382293|3.000000|0.000000|0.000000|0.000000,9.849599|3.000000|0.000000|0.000000|0.000000,3,65581592576.000000,N/A,5
MOGP_GENERATIONAL,a457bcf8-ec9c-11f0-bc26-6e001b3eef54,Cooling,74,197,9.382293|3.000000|0.000000|0.000000|0.000000,3.8061270713806152,3.0,9.849599|3.000000|0.000000|0.000000|0.000000,6.719963|7.000000|1.000000|0.000000|0.000000,7.248744|7.000000|1.000000|0.000000|0.000000,7,85206728704.000000,N/A,5
MOGP_GENERATIONAL,a457bcf8-ec9c-11f0-bc26-6e001b3eef54,Cooling,74,198,9.382293|3.000000|0.000000|0.000000|0.000000,3.950914144515991,3.0,9.849599|3.000000|0.000000|0.000000|0.000000,9.382293|3.000000|0.000000|0.000000|0.000000,9.849599|3.000000|0.000000|0.000000|0.000000,3,87541669888.000000,N/A,5
MOGP_GENERATIONAL,a457bcf8-ec9c-11f0-bc26-6e001b3eef54,Cooling,74,199,9.382293|3.000000|0.000000|0.000000|0.000000,3.9971132278442383,3.0,9.849599|3.000000|0.000000|0.000000|0.000000,9.382293|3.000000|0.000000|0.000000|0.000000,9.849599|3.000000|0.000000|0.000000|0.000000,3,75997331456.000000,N/A,5
MOGP_GENERATIONAL,a457bcf8-ec9c-11f0-bc26-6e001b3eef54,Cooling,74,200,9.382293|3.000000|0.000000|0.000000|0.000000,3.7451059818267822,3.0,9.849599|3.000000|0.000000|0.000000|0.000000,9.382293|3.000000|0.000000|0.000000|0.000000,9.849599|3.000000|0.000000|0.000000|0.000000,3,82584502272.000000,N/A,5
MOGP_GENERATIONAL,a457bcf8-ec9c-11f0-bc26-6e001b3eef54,Cooling,74,201,9.382293|3.000000|0.000000|0.000000|0.000000,3.821570634841919,3.0,9.849599|3.000000|0.000000|0.000000|0.000000,9.382293|3.000000|0.000000|0.000000|0.000000,9.849599|3.000000|0.000000|0.000000|0.000000,3,116348059648.000000,N/A,5
MOGP_GENERATIONAL,a457bcf8-ec9c-11f0-bc26-6e001b3eef54,Cooling,74,202,9.382293|3.000000|0.000000|0.000000|0.000000,3.8917088508605957,3.0,9.849599|3.000000|0.000000|0.000000|0.000000,9.382293|3.000000|0.000000|0.000000|0.000000,9.849599|3.000000|0.000000|0.000000|0.000000,3,107805368320.000000,N/A,5
MOGP_GENERATIONAL,a457bcf8-ec9c-11f0-bc26-6e001b3eef54,Cooling,74,203,9.382293|3.000000|0.000000|0.000000|0.000000,3.867812156677246,3.0,9.849599|3.000000|0.000000|0.000000|0.000000,9.382293|3.000000|0.000000|0.000000|0.000000,9.849599|3.000000|0.000000|0.000000|0.000000,3,96323092480.000000,N/A,5
MOGP_GENERATIONAL,a457bcf8-ec9c-11f0-bc26-6e001b3eef54,Cooling,74,204,9.382293|3.000000|0.000000|0.000000|0.000000,3.8803529739379883,3.0,9.849599|3.000000|0.000000|0.000000|0.000000,8.572055|11.000000|3.000000|0.000000|0.000000,9.236681|11.000000|3.000000|0.000000|0.000000,11,99498762240.000000,N/A,5
MOGP_GENERATIONAL,a457bcf8-ec9c-11f0-bc26-6e001b3eef54,Cooling,74,205,9.382293|3.000000|0.000000|0.000000|0.000000,3.606215000152588,3.0,9.849599|3.000000|0.000000|0.000000|0.000000,9.382293|3.000000|0.000000|0.000000|0.000000,9.849599|3.000000|0.000000|0.000000|0.000000,3,18365515776.000000,N/A,5
MOGP_GENERATIONAL,a457bcf8-ec9c-11f0-bc26-6e001b3eef54,Cooling,74,206,9.382293|3.000000|0.000000|0.000000|0.000000,3.642627000808716,3.0,9.849599|3.000000|0.000000|0.000000|0.000000,9.382293|3.000000|0.000000|0.000000|0.000000,9.849599|3.000000|0.000000|0.000000|0.000000,3,74826104832.000000,N/A,5
MOGP_GENERATIONAL,a457bcf8-ec9c-11f0-bc26-6e001b3eef54,Cooling,74,207,9.382293|3.000000|0.000000|0.000000|0.000000,3.6455202102661133,3.0,9.849599|3.000000|0.000000|0.000000|0.000000,5.611051|7.000000|1.000000|0.000000|0.000000,6.051401|7.000000|1.000000|0.000000|0.000000,7,63015997440.000000,N/A,5
MOGP_GENERATIONAL,a457bcf8-ec9c-11f0-bc26-6e001b3eef54,Cooling,74,208,9.382293|3.000000|0.000000|0.000000|0.000000,3.550874948501587,3.0,9.849599|3.000000|0.000000|0.000000|0.000000,9.382293|3.000000|0.000000|0.000000|0.000000,9.849599|3.000000|0.000000|0.000000|0.000000,3,115502866432.000000,N/A,5
MOGP_GENERATIONAL,a457bcf8-ec9c-11f0-bc26-6e001b3eef54,Cooling,74,209,9.382293|3.000000|0.000000|0.000000|0.000000,3.4039859771728516,3.0,9.849599|3.000000|0.000000|0.000000|0.000000,5.611051|7.000000|1.000000|0.000000|0.000000,6.051401|7.000000|1.000000|0.000000|0.000000,7,2717716480.000000,N/A,5
MOGP_GENERATIONAL,a457bcf8-ec9c-11f0-bc26-6e001b3eef54,Cooling,74,210,9.382293|3.000000|0.000000|0.000000|0.000000,3.102368116378784,3.0,9.849599|3.000000|0.000000|0.000000|0.000000,9.382293|3.000000|0.000000|0.000000|0.000000,9.849599|3.000000|0.000000|0.000000|0.000000,3,71849672704.000000,N/A,5
MOGP_GENERATIONAL,a457bcf8-ec9c-11f0-bc26-6e001b3eef54,Cooling,74,211,9.382293|3.000000|0.000000|0.000000|0.000000,3.072453022003174,3.0,9.849599|3.000000|0.000000|0.000000|0.000000,9.382293|3.000000|0.000000|0.000000|0.000000,9.849599|3.000000|0.000000|0.000000|0.000000,3,67725787136.000000,N/A,5
MOGP_GENERATIONAL,a457bcf8-ec9c-11f0-bc26-6e001b3eef54,Cooling,74,212,9.382293|3.000000|0.000000|0.000000|0.000000,2.9565320014953613,3.0,9.849599|3.000000|0.000000|0.000000|0.000000,9.382293|3.000000|0.000000|0.000000|0.000000,9.849599|3.000000|0.000000|0.000000|0.000000,3,120928460800.000000,N/A,5
MOGP_GENERATIONAL,a457bcf8-ec9c-11f0-bc26-6e001b3eef54,Cooling,74,213,9.382293|3.000000|0.000000|0.000000|0.000000,3.304903268814087,3.0,9.849599|3.000000|0.000000|0.000000|0.000000,8.497482|7.000000|1.000000|0.000000|0.000000,7.965155|7.000000|1.000000|0.000000|0.000000,7,25230925824.000000,N/A,5
MOGP_GENERATIONAL,a457bcf8-ec9c-11f0-bc26-6e001b3eef54,Cooling,74,214,9.382293|3.000000|0.000000|0.000000|0.000000,3.0595500469207764,3.0,9.849599|3.000000|0.000000|0.000000|0.000000,9.382293|3.000000|0.000000|0.000000|0.000000,9.849599|3.000000|0.000000|0.000000|0.000000,3,49937469440.000000,N/A,5
MOGP_GENERATIONAL,a457bcf8-ec9c-11f0-bc26-6e001b3eef54,Cooling,74,215,9.382293|3.000000|0.000000|0.000000|0.000000,3.2448647022247314,3.0,9.849599|3.000000|0.000000|0.000000|0.000000,9.382293|3.000000|0.000000|0.000000|0.000000,9.849599|3.000000|0.000000|0.000000|0.000000,3,99498762240.000000,N/A,5
MOGP_GENERATIONAL,a457bcf8-ec9c-11f0-bc26-6e001b3eef54,Cooling,74,216,9.382293|3.000000|0.000000|0.000000|0.000000,3.3522789478302,3.0,9.849599|3.000000|0.000000|0.000000|0.000000,9.382293|3.000000|0.000000|0.000000|0.000000,9.849599|3.000000|0.000000|0.000000|0.000000,3,54511587328.000000,N/A,5
MOGP_GENERATIONAL,a457bcf8-ec9c-11f0-bc26-6e001b3eef54,Cooling,74,217,9.382293|3.000000|0.000000|0.000000|0.000000,2.9902639389038086,3.0,9.849599|3.000000|0.000000|0.000000|0.000000,9.382293|3.000000|0.000000|0.000000|0.000000,9.849599|3.000000|0.000000|0.000000|0.000000,3,89052684288.000000,N/A,5
MOGP_GENERATIONAL,a457bcf8-ec9c-11f0-bc26-6e001b3eef54,Cooling,74,218,9.382293|3.000000|0.000000|0.000000|0.000000,2.933212995529175,3.0,9.849599|3.000000|0.000000|0.000000|0.000000,9.382293|3.000000|0.000000|0.000000|0.000000,9.849599|3.000000|0.000000|0.000000|0.000000,3,81098432512.000000,N/A,5
MOGP_GENERATIONAL,a457bcf8-ec9c-11f0-bc26-6e001b3eef54,Cooling,74,219,9.382293|3.000000|0.000000|0.000000|0.000000,2.882188081741333,3.0,9.849599|3.000000|0.000000|0.000000|0.000000,9.382293|3.000000|0.000000|0.000000|0.000000,9.849599|3.000000|0.000000|0.000000|0.000000,3,110698299392.000000,N/A,5
MOGP_GENERATIONAL,a457bcf8-ec9c-11f0-bc26-6e001b3eef54,Cooling,74,220,9.382293|3.000000|0.000000|0.000000|0.000000,2.9356470108032227,3.0,9.849599|3.000000|0.000000|0.000000|0.000000,9.382293|3.000000|0.000000|0.000000|0.000000,9.849599|3.000000|0.000000|0.000000|0.000000,3,104283439104.000000,N/A,5
MOGP_GENERATIONAL,a457bcf8-ec9c-11f0-bc26-6e001b3eef54,Cooling,74,221,9.382293|3.000000|0.000000|0.000000|0.000000,3.1195712089538574,3.0,9.849599|3.000000|0.000000|0.000000|0.000000,9.382293|3.000000|0.000000|0.000000|0.000000,9.849599|3.000000|0.000000|0.000000|0.000000,3,49937702912.000000,N/A,5
MOGP_GENERATIONAL,a457bcf8-ec9c-11f0-bc26-6e001b3eef54,Cooling,74,222,9.382293|3.000000|0.000000|0.000000|0.000000,3.6285948753356934,3.0,9.849599|3.000000|0.000000|0.000000|0.000000,9.382293|3.000000|0.000000|0.000000|0.000000,9.849599|3.000000|0.000000|0.000000|0.000000,3,109950361600.000000,N/A,5
MOGP_GENERATIONAL,a457bcf8-ec9c-11f0-bc26-6e001b3eef54,Cooling,74,223,9.382293|3.000000|0.000000|0.000000|0.000000,3.4757258892059326,3.0,9.849599|3.000000|0.000000|0.000000|0.000000,9.382293|3.000000|0.000000|0.000000|0.000000,9.849599|3.000000|0.000000|0.000000|0.000000,3,69083660288.000000,N/A,5
MOGP_GENERATIONAL,a457bcf8-ec9c-11f0-bc26-6e001b3eef54,Cooling,74,224,9.382293|3.000000|0.000000|0.000000|0.000000,3.4759721755981445,3.0,9.849599|3.000000|0.000000|0.000000|0.000000,9.382293|3.000000|0.000000|0.000000|0.000000,9.849599|3.000000|0.000000|0.000000|0.000000,3,55628095488.000000,N/A,5
MOGP_GENERATIONAL,a457bcf8-ec9c-11f0-bc26-6e001b3eef54,Cooling,74,225,9.382293|3.000000|0.000000|0.000000|0.000000,3.311931848526001,3.0,9.849599|3.000000|0.000000|0.000000|0.000000,9.382293|3.000000|0.000000|0.000000|0.000000,9.849599|3.000000|0.000000|0.000000|0.000000,3,69439725568.000000,N/A,5
MOGP_GENERATIONAL,a457bcf8-ec9c-11f0-bc26-6e001b3eef54,Cooling,74,226,9.382293|3.000000|0.000000|0.000000|0.000000,3.263279914855957,3.0,9.849599|3.000000|0.000000|0.000000|0.000000,9.382293|3.000000|0.000000|0.000000|0.000000,9.849599|3.000000|0.000000|0.000000|0.000000,3,28607172608.000000,N/A,5
MOGP_GENERATIONAL,a457bcf8-ec9c-11f0-bc26-6e001b3eef54,Cooling,74,227,9.382293|3.000000|0.000000|0.000000|0.000000,3.361217737197876,3.0,9.849599|3.000000|0.000000|0.000000|0.000000,7.455101|11.000000|2.000000|0.000000|0.000000,7.525211|11.000000|2.000000|0.000000|0.000000,11,72041996288.000000,N/A,5
MOGP_GENERATIONAL,a457bcf8-ec9c-11f0-bc26-6e001b3eef54,Cooling,74,228,9.382293|3.000000|0.000000|0.000000|0.000000,3.670419931411743,3.0,9.849599|3.000000|0.000000|0.000000|0.000000,9.382293|3.000000|0.000000|0.000000|0.000000,9.849599|3.000000|0.000000|0.000000|0.000000,3,86277185536.000000,N/A,5
MOGP_GENERATIONAL,a457bcf8-ec9c-11f0-bc26-6e001b3eef54,Cooling,74,229,9.382293|3.000000|0.000000|0.000000|0.000000,3.6653730869293213,3.0,9.849599|3.000000|0.000000|0.000000|0.000000,5.611051|7.000000|1.000000|0.000000|0.000000,6.051401|7.000000|1.000000|0.000000|0.000000,7,76790587392.000000,N/A,5
MOGP_GENERATIONAL,a457bcf8-ec9c-11f0-bc26-6e001b3eef54,Cooling,74,230,9.382293|3.000000|0.000000|0.000000|0.000000,3.699100971221924,3.0,9.849599|3.000000|0.000000|0.000000|0.000000,9.382293|3.000000|0.000000|0.000000|0.000000,9.849599|3.000000|0.000000|0.000000|0.000000,3,110833180672.000000,N/A,5
MOGP_GENERATIONAL,a457bcf8-ec9c-11f0-bc26-6e001b3eef54,Cooling,74,231,9.382293|3.000000|0.000000|0.000000|0.000000,3.645693063735962,3.0,9.849599|3.000000|0.000000|0.000000|0.000000,9.382293|3.000000|0.000000|0.000000|0.000000,9.849599|3.000000|0.000000|0.000000|0.000000,3,111102427136.000000,N/A,5
MOGP_GENERATIONAL,a457bcf8-ec9c-11f0-bc26-6e001b3eef54,Cooling,74,232,9.382293|3.000000|0.000000|0.000000|0.000000,3.746332883834839,3.0,9.849599|3.000000|0.000000|0.000000|0.000000,5.611051|11.000000|2.000000|2.000000|0.000000,6.051401|11.000000|2.000000|2.000000|0.000000,11,131124953088.000000,N/A,5
MOGP_GENERATIONAL,a457bcf8-ec9c-11f0-bc26-6e001b3eef54,Cooling,74,233,9.382293|3.000000|0.000000|0.000000|0.000000,3.6323671340942383,3.0,9.849599|3.000000|0.000000|0.000000|0.000000,9.382293|3.000000|0.000000|0.000000|0.000000,9.849599|3.000000|0.000000|0.000000|0.000000,3,70533693440.000000,N/A,5
MOGP_GENERATIONAL,a457bcf8-ec9c-11f0-bc26-6e001b3eef54,Cooling,74,234,9.382293|3.000000|0.000000|0.000000|0.000000,3.860152006149292,3.0,9.849599|3.000000|0.000000|0.000000|0.000000,9.382293|3.000000|0.000000|0.000000|0.000000,9.849599|3.000000|0.000000|0.000000|0.000000,3,95944491008.000000,N/A,5
MOGP_GENERATIONAL,a457bcf8-ec9c-11f0-bc26-6e001b3eef54,Cooling,74,235,9.382293|3.000000|0.000000|0.000000|0.000000,3.9514358043670654,3.0,9.849599|3.000000|0.000000|0.000000|0.000000,9.382293|3.000000|0.000000|0.000000|0.000000,9.849599|3.000000|0.000000|0.000000|0.000000,3,57935.976562,N/A,5
MOGP_GENERATIONAL,a457bcf8-ec9c-11f0-bc26-6e001b3eef54,Cooling,74,236,9.382293|3.000000|0.000000|0.000000|0.000000,4.096879243850708,3.0,9.849599|3.000000|0.000000|0.000000|0.000000,9.382293|3.000000|0.000000|0.000000|0.000000,9.849599|3.000000|0.000000|0.000000|0.000000,3,65812180992.000000,N/A,5
MOGP_GENERATIONAL,a457bcf8-ec9c-11f0-bc26-6e001b3eef54,Cooling,74,237,9.382293|3.000000|0.000000|0.000000|0.000000,4.031277179718018,3.0,9.849599|3.000000|0.000000|0.000000|0.000000,8.968611|11.000000|2.000000|0.000000|0.000000,9.114562|11.000000|2.000000|0.000000|0.000000,11,35146371072.000000,N/A,5
MOGP_GENERATIONAL,a457bcf8-ec9c-11f0-bc26-6e001b3eef54,Cooling,74,238,9.382293|3.000000|0.000000|0.000000|0.000000,4.104629993438721,3.0,9.849599|3.000000|0.000000|0.000000|0.000000,8.106407|11.000000|3.000000|0.000000|0.000000,8.772361|11.000000|3.000000|0.000000|0.000000,11,73560064000.000000,N/A,5
MOGP_GENERATIONAL,a457bcf8-ec9c-11f0-bc26-6e001b3eef54,Cooling,74,239,9.382293|3.000000|0.000000|0.000000|0.000000,4.040635108947754,3.0,9.849599|3.000000|0.000000|0.000000|0.000000,9.382293|3.000000|0.000000|0.000000|0.000000,9.849599|3.000000|0.000000|0.000000|0.000000,3,99498762240.000000,N/A,5
MOGP_GENERATIONAL,a457bcf8-ec9c-11f0-bc26-6e001b3eef54,Cooling,74,240,9.382293|3.000000|0.000000|0.000000|0.000000,3.8838109970092773,3.0,9.849599|3.000000|0.000000|0.000000|0.000000,8.497482|5.000000|1.000000|0.000000|0.000000,7.965155|5.000000|1.000000|0.000000|0.000000,5,72428773376.000000,N/A,5
MOGP_GENERATIONAL,a457bcf8-ec9c-11f0-bc26-6e001b3eef54,Cooling,74,241,9.382293|3.000000|0.000000|0.000000|0.000000,3.941253185272217,3.0,9.849599|3.000000|0.000000|0.000000|0.000000,9.382293|3.000000|0.000000|0.000000|0.000000,9.849599|3.000000|0.000000|0.000000|0.000000,3,70533586944.000000,N/A,5
MOGP_GENERATIONAL,a457bcf8-ec9c-11f0-bc26-6e001b3eef54,Cooling,74,242,9.382293|3.000000|0.000000|0.000000|0.000000,3.868975877761841,3.0,9.849599|3.000000|0.000000|0.000000|0.000000,9.382293|3.000000|0.000000|0.000000|0.000000,9.849599|3.000000|0.000000|0.000000|0.000000,3,100982833152.000000,N/A,5
MOGP_GENERATIONAL,a457bcf8-ec9c-11f0-bc26-6e001b3eef54,Cooling,74,243,9.382293|3.000000|0.000000|0.000000|0.000000,3.869932174682617,3.0,9.849599|3.000000|0.000000|0.000000|0.000000,9.382293|3.000000|0.000000|0.000000|0.000000,9.849599|3.000000|0.000000|0.000000|0.000000,3,105355902976.000000,N/A,5
MOGP_GENERATIONAL,a457bcf8-ec9c-11f0-bc26-6e001b3eef54,Cooling,74,244,9.382293|3.000000|0.000000|0.000000|0.000000,3.8306918144226074,3.0,9.849599|3.000000|0.000000|0.000000|0.000000,9.382293|3.000000|0.000000|0.000000|0.000000,9.849599|3.000000|0.000000|0.000000|0.000000,3,70335496192.000000,N/A,5
MOGP_GENERATIONAL,a457bcf8-ec9c-11f0-bc26-6e001b3eef54,Cooling,74,245,9.382293|3.000000|0.000000|0.000000|0.000000,4.097672939300537,3.0,9.849599|3.000000|0.000000|0.000000|0.000000,9.382293|3.000000|0.000000|0.000000|0.000000,9.849599|3.000000|0.000000|0.000000|0.000000,3,111038054400.000000,N/A,5
MOGP_GENERATIONAL,a457bcf8-ec9c-11f0-bc26-6e001b3eef54,Cooling,74,246,9.382293|3.000000|0.000000|0.000000|0.000000,3.789016008377075,3.0,9.849599|3.000000|0.000000|0.000000|0.000000,9.382293|3.000000|0.000000|0.000000|0.000000,9.849599|3.000000|0.000000|0.000000|0.000000,3,117305.515625,N/A,5
MOGP_GENERATIONAL,a457bcf8-ec9c-11f0-bc26-6e001b3eef54,Cooling,74,247,9.382293|3.000000|0.000000|0.000000|0.000000,4.151427984237671,3.0,9.849599|3.000000|0.000000|0.000000|0.000000,9.382293|3.000000|0.000000|0.000000|0.000000,9.849599|3.000000|0.000000|0.000000|0.000000,3,60841676800.000000,N/A,5
MOGP_GENERATIONAL,a457bcf8-ec9c-11f0-bc26-6e001b3eef54,Cooling,74,248,9.382293|3.000000|0.000000|0.000000|0.000000,4.230957984924316,3.0,9.849599|3.000000|0.000000|0.000000|0.000000,9.382293|3.000000|0.000000|0.000000|0.000000,9.849599|3.000000|0.000000|0.000000|0.000000,3,103979958272.000000,N/A,5
MOGP_GENERATIONAL,a457bcf8-ec9c-11f0-bc26-6e001b3eef54,Cooling,74,249,9.382293|3.000000|0.000000|0.000000|0.000000,4.058600187301636,3.0,9.849599|3.000000|0.000000|0.000000|0.000000,9.382293|3.000000|0.000000|0.000000|0.000000,9.849599|3.000000|0.000000|0.000000|0.000000,3,82724159488.000000,N/A,5
MOGP_GENERATIONAL,a457bcf8-ec9c-11f0-bc26-6e001b3eef54,Cooling,74,250,9.382293|3.000000|0.000000|0.000000|0.000000,4.20249080657959,3.0,9.849599|3.000000|0.000000|0.000000|0.000000,9.382293|3.000000|0.000000|0.000000|0.000000,9.849599|3.000000|0.000000|0.000000|0.000000,3,70533685248.000000,N/A,5
