MOGP_GENERATIONAL,c79e38ba-147c-11f1-9378-303ea725c124,Boston,74,0,10.168055|3.000000|2.000000,0.028681516647338867,3.0,9.939172|3.000000|2.000000,10.168055|3.000000|2.000000,9.939172|3.000000|2.000000,3,243284361216.000000,N/A,3,5
MOGP_GENERATIONAL,c79e38ba-147c-11f1-9378-303ea725c124,Boston,74,1,9.685912|3.000000|0.000000,0.028647422790527344,3.0,9.099292|3.000000|0.000000,9.685912|3.000000|0.000000,9.099292|3.000000|0.000000,3,113707098112.000000,N/A,2,5
MOGP_GENERATIONAL,c79e38ba-147c-11f1-9378-303ea725c124,Boston,74,2,9.685912|3.000000|0.000000,0.02824854850769043,3.0,9.099292|3.000000|0.000000,9.685912|3.000000|0.000000,9.099292|3.000000|0.000000,3,68486488064.000000,N/A,1,5
MOGP_GENERATIONAL,c79e38ba-147c-11f1-9378-303ea725c124,Boston,74,3,9.459933|3.000000|0.000000,0.028817176818847656,3.0,8.931745|3.000000|0.000000,9.459933|3.000000|0.000000,8.931745|3.000000|0.000000,3,94307016704.000000,N/A,2,5
MOGP_GENERATIONAL,c79e38ba-147c-11f1-9378-303ea725c124,Boston,74,4,8.706382|3.000000|1.000000,0.028177261352539062,3.0,8.644923|3.000000|1.000000,8.706382|3.000000|1.000000,8.644923|3.000000|1.000000,3,76961595392.000000,N/A,2,5
MOGP_GENERATIONAL,c79e38ba-147c-11f1-9378-303ea725c124,Boston,74,5,8.706382|3.000000|1.000000,0.027086973190307617,3.0,8.644923|3.000000|1.000000,8.706382|3.000000|1.000000,8.644923|3.000000|1.000000,3,70787440640.000000,N/A,2,5
MOGP_GENERATIONAL,c79e38ba-147c-11f1-9378-303ea725c124,Boston,74,6,8.706382|3.000000|1.000000,0.026551485061645508,3.0,8.644923|3.000000|1.000000,8.706382|3.000000|1.000000,8.644923|3.000000|1.000000,3,77801807872.000000,N/A,2,5
MOGP_GENERATIONAL,c79e38ba-147c-11f1-9378-303ea725c124,Boston,74,7,8.706382|3.000000|1.000000,0.026741981506347656,3.0,8.644923|3.000000|1.000000,8.706382|3.000000|1.000000,8.644923|3.000000|1.000000,3,47925731328.000000,N/A,2,5
MOGP_GENERATIONAL,c79e38ba-147c-11f1-9378-303ea725c124,Boston,74,8,8.706382|3.000000|1.000000,0.026201248168945312,3.0,8.644923|3.000000|1.000000,8.706382|3.000000|1.000000,8.644923|3.000000|1.000000,3,28481785856.000000,N/A,2,5
MOGP_GENERATIONAL,c79e38ba-147c-11f1-9378-303ea725c124,Boston,74,9,8.706382|3.000000|1.000000,0.026307106018066406,3.0,8.644923|3.000000|1.000000,8.706382|3.000000|1.000000,8.644923|3.000000|1.000000,3,88120180736.000000,N/A,2,5
MOGP_GENERATIONAL,c79e38ba-147c-11f1-9378-303ea725c124,Boston,74,10,8.706382|3.000000|1.000000,0.02632904052734375,3.0,8.644923|3.000000|1.000000,8.706382|3.000000|1.000000,8.644923|3.000000|1.000000,3,77862305792.000000,N/A,2,5
MOGP_GENERATIONAL,c79e38ba-147c-11f1-9378-303ea725c124,Boston,74,11,8.706382|3.000000|1.000000,0.026144981384277344,3.0,8.644923|3.000000|1.000000,8.706382|3.000000|1.000000,8.644923|3.000000|1.000000,3,76471943168.000000,N/A,2,5
MOGP_GENERATIONAL,c79e38ba-147c-11f1-9378-303ea725c124,Boston,74,12,8.706382|3.000000|1.000000,0.026488542556762695,3.0,8.644923|3.000000|1.000000,8.706382|3.000000|1.000000,8.644923|3.000000|1.000000,3,50747940864.000000,N/A,2,5
MOGP_GENERATIONAL,c79e38ba-147c-11f1-9378-303ea725c124,Boston,74,13,8.706382|3.000000|1.000000,0.026055097579956055,3.0,8.644923|3.000000|1.000000,8.706382|3.000000|1.000000,8.644923|3.000000|1.000000,3,55087919104.000000,N/A,2,5
MOGP_GENERATIONAL,c79e38ba-147c-11f1-9378-303ea725c124,Boston,74,14,8.706382|3.000000|1.000000,0.02696990966796875,3.0,8.644923|3.000000|1.000000,8.706382|3.000000|1.000000,8.644923|3.000000|1.000000,3,75339505664.000000,N/A,2,5
MOGP_GENERATIONAL,c79e38ba-147c-11f1-9378-303ea725c124,Boston,74,15,8.706382|3.000000|1.000000,0.026333332061767578,3.0,8.644923|3.000000|1.000000,8.706382|3.000000|1.000000,8.644923|3.000000|1.000000,3,62614773760.000000,N/A,2,5
MOGP_GENERATIONAL,c79e38ba-147c-11f1-9378-303ea725c124,Boston,74,16,8.383423|7.000000|1.000000,0.026391029357910156,7.0,8.012194|7.000000|1.000000,8.383423|7.000000|1.000000,8.012194|7.000000|1.000000,7,28950183936.000000,N/A,3,5
MOGP_GENERATIONAL,c79e38ba-147c-11f1-9378-303ea725c124,Boston,74,17,8.383423|7.000000|1.000000,0.027096986770629883,7.0,8.012194|7.000000|1.000000,8.383423|7.000000|1.000000,8.012194|7.000000|1.000000,7,108144156672.000000,N/A,2,5
MOGP_GENERATIONAL,c79e38ba-147c-11f1-9378-303ea725c124,Boston,74,18,8.383423|7.000000|1.000000,0.026119232177734375,7.0,8.012194|7.000000|1.000000,8.383423|7.000000|1.000000,8.012194|7.000000|1.000000,7,60157366272.000000,N/A,2,5
MOGP_GENERATIONAL,c79e38ba-147c-11f1-9378-303ea725c124,Boston,74,19,8.383423|7.000000|1.000000,0.026098012924194336,7.0,8.012194|7.000000|1.000000,8.383423|7.000000|1.000000,8.012194|7.000000|1.000000,7,7137989632.000000,N/A,2,5
MOGP_GENERATIONAL,c79e38ba-147c-11f1-9378-303ea725c124,Boston,74,20,8.383423|7.000000|1.000000,0.02559971809387207,7.0,8.012194|7.000000|1.000000,8.383423|7.000000|1.000000,8.012194|7.000000|1.000000,7,77485965312.000000,N/A,2,5
MOGP_GENERATIONAL,c79e38ba-147c-11f1-9378-303ea725c124,Boston,74,21,8.383423|7.000000|1.000000,0.0273587703704834,7.0,8.012194|7.000000|1.000000,8.383423|7.000000|1.000000,8.012194|7.000000|1.000000,7,86236545024.000000,N/A,2,5
MOGP_GENERATIONAL,c79e38ba-147c-11f1-9378-303ea725c124,Boston,74,22,8.383423|7.000000|1.000000,0.026477575302124023,7.0,8.012194|7.000000|1.000000,8.383423|7.000000|1.000000,8.012194|7.000000|1.000000,7,84759166976.000000,N/A,2,5
MOGP_GENERATIONAL,c79e38ba-147c-11f1-9378-303ea725c124,Boston,74,23,8.383423|7.000000|1.000000,0.026743650436401367,7.0,8.012194|7.000000|1.000000,8.383423|7.000000|1.000000,8.012194|7.000000|1.000000,7,52034641920.000000,N/A,2,5
MOGP_GENERATIONAL,c79e38ba-147c-11f1-9378-303ea725c124,Boston,74,24,8.383423|7.000000|1.000000,0.027034521102905273,7.0,8.012194|7.000000|1.000000,8.383423|7.000000|1.000000,8.012194|7.000000|1.000000,7,88084709376.000000,N/A,2,5
MOGP_GENERATIONAL,c79e38ba-147c-11f1-9378-303ea725c124,Boston,74,25,8.383423|7.000000|1.000000,0.026562213897705078,7.0,8.012194|7.000000|1.000000,8.383423|7.000000|1.000000,8.012194|7.000000|1.000000,7,38709944320.000000,N/A,2,5
MOGP_GENERATIONAL,c79e38ba-147c-11f1-9378-303ea725c124,Boston,74,26,8.383423|7.000000|1.000000,0.026410818099975586,7.0,8.012194|7.000000|1.000000,8.383423|7.000000|1.000000,8.012194|7.000000|1.000000,7,112758620160.000000,N/A,2,5
MOGP_GENERATIONAL,c79e38ba-147c-11f1-9378-303ea725c124,Boston,74,27,8.383423|7.000000|1.000000,0.026314496994018555,7.0,8.012194|7.000000|1.000000,8.383423|7.000000|1.000000,8.012194|7.000000|1.000000,7,30419079168.000000,N/A,2,5
MOGP_GENERATIONAL,c79e38ba-147c-11f1-9378-303ea725c124,Boston,74,28,8.383423|7.000000|1.000000,0.02702498435974121,7.0,8.012194|7.000000|1.000000,8.383423|7.000000|1.000000,8.012194|7.000000|1.000000,7,57923887104.000000,N/A,2,5
MOGP_GENERATIONAL,c79e38ba-147c-11f1-9378-303ea725c124,Boston,74,29,8.383423|7.000000|1.000000,0.02664637565612793,7.0,8.012194|7.000000|1.000000,8.383423|7.000000|1.000000,8.012194|7.000000|1.000000,7,85069873152.000000,N/A,2,5
MOGP_GENERATIONAL,c79e38ba-147c-11f1-9378-303ea725c124,Boston,74,30,8.088946|7.000000|1.000000,0.027418851852416992,7.0,7.619530|7.000000|1.000000,8.088946|7.000000|1.000000,7.619530|7.000000|1.000000,7,94363787264.000000,N/A,2,5
MOGP_GENERATIONAL,c79e38ba-147c-11f1-9378-303ea725c124,Boston,74,31,8.088946|7.000000|1.000000,0.02606964111328125,7.0,7.619530|7.000000|1.000000,8.088946|7.000000|1.000000,7.619530|7.000000|1.000000,7,76237094912.000000,N/A,2,5
MOGP_GENERATIONAL,c79e38ba-147c-11f1-9378-303ea725c124,Boston,74,32,8.088946|7.000000|1.000000,0.02656722068786621,7.0,7.619530|7.000000|1.000000,8.088946|7.000000|1.000000,7.619530|7.000000|1.000000,7,31073206272.000000,N/A,2,5
MOGP_GENERATIONAL,c79e38ba-147c-11f1-9378-303ea725c124,Boston,74,33,8.088946|7.000000|1.000000,0.026685476303100586,7.0,7.619530|7.000000|1.000000,8.088946|7.000000|1.000000,7.619530|7.000000|1.000000,7,79884419072.000000,N/A,2,5
MOGP_GENERATIONAL,c79e38ba-147c-11f1-9378-303ea725c124,Boston,74,34,8.088946|7.000000|1.000000,0.02646350860595703,7.0,7.619530|7.000000|1.000000,8.088946|7.000000|1.000000,7.619530|7.000000|1.000000,7,105268502528.000000,N/A,2,5
MOGP_GENERATIONAL,c79e38ba-147c-11f1-9378-303ea725c124,Boston,74,35,8.088946|7.000000|1.000000,0.02609992027282715,7.0,7.619530|7.000000|1.000000,8.088946|7.000000|1.000000,7.619530|7.000000|1.000000,7,84048084992.000000,N/A,2,5
MOGP_GENERATIONAL,c79e38ba-147c-11f1-9378-303ea725c124,Boston,74,36,8.088946|7.000000|1.000000,0.027488231658935547,7.0,7.619530|7.000000|1.000000,8.088946|7.000000|1.000000,7.619530|7.000000|1.000000,7,86780157952.000000,N/A,2,5
MOGP_GENERATIONAL,c79e38ba-147c-11f1-9378-303ea725c124,Boston,74,37,8.088946|7.000000|1.000000,0.026417016983032227,7.0,7.619530|7.000000|1.000000,8.088946|7.000000|1.000000,7.619530|7.000000|1.000000,7,25318934528.000000,N/A,2,5
MOGP_GENERATIONAL,c79e38ba-147c-11f1-9378-303ea725c124,Boston,74,38,8.088946|7.000000|1.000000,0.02559638023376465,7.0,7.619530|7.000000|1.000000,8.088946|7.000000|1.000000,7.619530|7.000000|1.000000,7,105251635200.000000,N/A,2,5
MOGP_GENERATIONAL,c79e38ba-147c-11f1-9378-303ea725c124,Boston,74,39,8.088946|7.000000|1.000000,0.026386499404907227,7.0,7.619530|7.000000|1.000000,8.088946|7.000000|1.000000,7.619530|7.000000|1.000000,7,110258044928.000000,N/A,2,5
MOGP_GENERATIONAL,c79e38ba-147c-11f1-9378-303ea725c124,Boston,74,40,8.088946|7.000000|1.000000,0.026102542877197266,7.0,7.619530|7.000000|1.000000,8.088946|7.000000|1.000000,7.619530|7.000000|1.000000,7,78426685440.000000,N/A,2,5
MOGP_GENERATIONAL,c79e38ba-147c-11f1-9378-303ea725c124,Boston,74,41,7.700258|23.000000|3.000000,0.026886701583862305,23.0,7.602951|23.000000|3.000000,7.700258|23.000000|3.000000,7.602951|23.000000|3.000000,23,41913921536.000000,N/A,2,5
MOGP_GENERATIONAL,c79e38ba-147c-11f1-9378-303ea725c124,Boston,74,42,7.700258|23.000000|3.000000,0.02619194984436035,23.0,7.602951|23.000000|3.000000,7.700258|23.000000|3.000000,7.602951|23.000000|3.000000,23,63114743808.000000,N/A,2,5
MOGP_GENERATIONAL,c79e38ba-147c-11f1-9378-303ea725c124,Boston,74,43,7.700258|23.000000|3.000000,0.02753162384033203,23.0,7.602951|23.000000|3.000000,7.700258|23.000000|3.000000,7.602951|23.000000|3.000000,23,73916768256.000000,N/A,2,5
MOGP_GENERATIONAL,c79e38ba-147c-11f1-9378-303ea725c124,Boston,74,44,7.700258|23.000000|3.000000,0.02653670310974121,23.0,7.602951|23.000000|3.000000,7.700258|23.000000|3.000000,7.602951|23.000000|3.000000,23,126278860800.000000,N/A,2,5
MOGP_GENERATIONAL,c79e38ba-147c-11f1-9378-303ea725c124,Boston,74,45,7.700258|23.000000|3.000000,0.02664041519165039,23.0,7.602951|23.000000|3.000000,7.700258|23.000000|3.000000,7.602951|23.000000|3.000000,23,92015140864.000000,N/A,2,5
MOGP_GENERATIONAL,c79e38ba-147c-11f1-9378-303ea725c124,Boston,74,46,7.700258|23.000000|3.000000,0.027294635772705078,23.0,7.602951|23.000000|3.000000,7.700258|23.000000|3.000000,7.602951|23.000000|3.000000,23,88405803008.000000,N/A,2,5
MOGP_GENERATIONAL,c79e38ba-147c-11f1-9378-303ea725c124,Boston,74,47,7.700258|23.000000|3.000000,0.026834726333618164,23.0,7.602951|23.000000|3.000000,7.700258|23.000000|3.000000,7.602951|23.000000|3.000000,23,110584471552.000000,N/A,2,5
MOGP_GENERATIONAL,c79e38ba-147c-11f1-9378-303ea725c124,Boston,74,48,7.700258|23.000000|3.000000,0.02642369270324707,23.0,7.602951|23.000000|3.000000,7.700258|23.000000|3.000000,7.602951|23.000000|3.000000,23,75304550400.000000,N/A,2,5
MOGP_GENERATIONAL,c79e38ba-147c-11f1-9378-303ea725c124,Boston,74,49,7.700258|23.000000|3.000000,0.026726245880126953,23.0,7.602951|23.000000|3.000000,7.700258|23.000000|3.000000,7.602951|23.000000|3.000000,23,104088616960.000000,N/A,2,5
MOGP_GENERATIONAL,c79e38ba-147c-11f1-9378-303ea725c124,Boston,74,50,7.700258|23.000000|3.000000,0.026772499084472656,23.0,7.602951|23.000000|3.000000,7.700258|23.000000|3.000000,7.602951|23.000000|3.000000,23,29313540096.000000,N/A,2,5
MOGP_GENERATIONAL,c79e38ba-147c-11f1-9378-303ea725c124,Boston,74,51,7.700258|23.000000|3.000000,0.026882648468017578,23.0,7.602951|23.000000|3.000000,7.700258|23.000000|3.000000,7.602951|23.000000|3.000000,23,72539095040.000000,N/A,2,5
MOGP_GENERATIONAL,c79e38ba-147c-11f1-9378-303ea725c124,Boston,74,52,7.700258|23.000000|3.000000,0.026426076889038086,23.0,7.602951|23.000000|3.000000,7.700258|23.000000|3.000000,7.602951|23.000000|3.000000,23,70597066752.000000,N/A,2,5
MOGP_GENERATIONAL,c79e38ba-147c-11f1-9378-303ea725c124,Boston,74,53,7.700258|23.000000|3.000000,0.02686166763305664,23.0,7.602951|23.000000|3.000000,7.700258|23.000000|3.000000,7.602951|23.000000|3.000000,23,101635776512.000000,N/A,2,5
MOGP_GENERATIONAL,c79e38ba-147c-11f1-9378-303ea725c124,Boston,74,54,7.700258|23.000000|3.000000,0.02631998062133789,23.0,7.602951|23.000000|3.000000,7.700258|23.000000|3.000000,7.602951|23.000000|3.000000,23,33287540736.000000,N/A,2,5
MOGP_GENERATIONAL,c79e38ba-147c-11f1-9378-303ea725c124,Boston,74,55,7.700258|23.000000|3.000000,0.026033401489257812,23.0,7.602951|23.000000|3.000000,7.700258|23.000000|3.000000,7.602951|23.000000|3.000000,23,19281776640.000000,N/A,2,5
MOGP_GENERATIONAL,c79e38ba-147c-11f1-9378-303ea725c124,Boston,74,56,7.700258|23.000000|3.000000,0.02738165855407715,23.0,7.602951|23.000000|3.000000,7.700258|23.000000|3.000000,7.602951|23.000000|3.000000,23,63782055936.000000,N/A,2,5
MOGP_GENERATIONAL,c79e38ba-147c-11f1-9378-303ea725c124,Boston,74,57,7.700258|23.000000|3.000000,0.026317596435546875,23.0,7.602951|23.000000|3.000000,7.700258|23.000000|3.000000,7.602951|23.000000|3.000000,23,57491501056.000000,N/A,2,5
MOGP_GENERATIONAL,c79e38ba-147c-11f1-9378-303ea725c124,Boston,74,58,7.700258|23.000000|3.000000,0.027008056640625,23.0,7.602951|23.000000|3.000000,7.700258|23.000000|3.000000,7.602951|23.000000|3.000000,23,104659443712.000000,N/A,2,5
MOGP_GENERATIONAL,c79e38ba-147c-11f1-9378-303ea725c124,Boston,74,59,7.700258|23.000000|3.000000,0.027431249618530273,23.0,7.602951|23.000000|3.000000,7.700258|23.000000|3.000000,7.602951|23.000000|3.000000,23,58688221184.000000,N/A,2,5
MOGP_GENERATIONAL,c79e38ba-147c-11f1-9378-303ea725c124,Boston,74,60,7.700258|23.000000|3.000000,0.026161909103393555,23.0,7.602951|23.000000|3.000000,7.700258|23.000000|3.000000,7.602951|23.000000|3.000000,23,69675589632.000000,N/A,2,5
MOGP_GENERATIONAL,c79e38ba-147c-11f1-9378-303ea725c124,Boston,74,61,7.700258|23.000000|3.000000,0.026770830154418945,23.0,7.602951|23.000000|3.000000,7.700258|23.000000|3.000000,7.602951|23.000000|3.000000,23,83393773568.000000,N/A,2,5
MOGP_GENERATIONAL,c79e38ba-147c-11f1-9378-303ea725c124,Boston,74,62,7.700258|23.000000|3.000000,0.02662372589111328,23.0,7.602951|23.000000|3.000000,7.700258|23.000000|3.000000,7.602951|23.000000|3.000000,23,70674923520.000000,N/A,2,5
MOGP_GENERATIONAL,c79e38ba-147c-11f1-9378-303ea725c124,Boston,74,63,7.700258|23.000000|3.000000,0.02688741683959961,23.0,7.602951|23.000000|3.000000,7.700258|23.000000|3.000000,7.602951|23.000000|3.000000,23,90622435328.000000,N/A,2,5
MOGP_GENERATIONAL,c79e38ba-147c-11f1-9378-303ea725c124,Boston,74,64,7.700258|23.000000|3.000000,0.026748180389404297,23.0,7.602951|23.000000|3.000000,7.700258|23.000000|3.000000,7.602951|23.000000|3.000000,23,81200185344.000000,N/A,2,5
MOGP_GENERATIONAL,c79e38ba-147c-11f1-9378-303ea725c124,Boston,74,65,7.700258|23.000000|3.000000,0.025930166244506836,23.0,7.602951|23.000000|3.000000,7.700258|23.000000|3.000000,7.602951|23.000000|3.000000,23,71840202752.000000,N/A,2,5
MOGP_GENERATIONAL,c79e38ba-147c-11f1-9378-303ea725c124,Boston,74,66,7.700258|23.000000|3.000000,0.026380538940429688,23.0,7.602951|23.000000|3.000000,7.700258|23.000000|3.000000,7.602951|23.000000|3.000000,23,103704125440.000000,N/A,2,5
MOGP_GENERATIONAL,c79e38ba-147c-11f1-9378-303ea725c124,Boston,74,67,7.700258|23.000000|3.000000,0.026509761810302734,23.0,7.602951|23.000000|3.000000,7.700258|23.000000|3.000000,7.602951|23.000000|3.000000,23,113062412288.000000,N/A,2,5
MOGP_GENERATIONAL,c79e38ba-147c-11f1-9378-303ea725c124,Boston,74,68,7.700258|23.000000|3.000000,0.026447296142578125,23.0,7.602951|23.000000|3.000000,7.700258|23.000000|3.000000,7.602951|23.000000|3.000000,23,75087233024.000000,N/A,2,5
MOGP_GENERATIONAL,c79e38ba-147c-11f1-9378-303ea725c124,Boston,74,69,7.700258|23.000000|3.000000,0.026085853576660156,23.0,7.602951|23.000000|3.000000,7.700258|23.000000|3.000000,7.602951|23.000000|3.000000,23,54444761088.000000,N/A,2,5
MOGP_GENERATIONAL,c79e38ba-147c-11f1-9378-303ea725c124,Boston,74,70,7.700258|23.000000|3.000000,0.026976585388183594,23.0,7.602951|23.000000|3.000000,7.700258|23.000000|3.000000,7.602951|23.000000|3.000000,23,106099662848.000000,N/A,2,5
MOGP_GENERATIONAL,c79e38ba-147c-11f1-9378-303ea725c124,Boston,74,71,7.700258|23.000000|3.000000,0.027440547943115234,23.0,7.602951|23.000000|3.000000,7.700258|23.000000|3.000000,7.602951|23.000000|3.000000,23,89870073856.000000,N/A,2,5
MOGP_GENERATIONAL,c79e38ba-147c-11f1-9378-303ea725c124,Boston,74,72,7.700258|23.000000|3.000000,0.02554917335510254,23.0,7.602951|23.000000|3.000000,7.700258|23.000000|3.000000,7.602951|23.000000|3.000000,23,89224478720.000000,N/A,2,5
MOGP_GENERATIONAL,c79e38ba-147c-11f1-9378-303ea725c124,Boston,74,73,7.700258|23.000000|3.000000,0.02634429931640625,23.0,7.602951|23.000000|3.000000,7.700258|23.000000|3.000000,7.602951|23.000000|3.000000,23,72245518336.000000,N/A,2,5
MOGP_GENERATIONAL,c79e38ba-147c-11f1-9378-303ea725c124,Boston,74,74,7.700258|23.000000|3.000000,0.02789020538330078,23.0,7.602951|23.000000|3.000000,7.700258|23.000000|3.000000,7.602951|23.000000|3.000000,23,95819292672.000000,N/A,2,5
MOGP_GENERATIONAL,c79e38ba-147c-11f1-9378-303ea725c124,Boston,74,75,7.700258|23.000000|3.000000,0.026062488555908203,23.0,7.602951|23.000000|3.000000,7.700258|23.000000|3.000000,7.602951|23.000000|3.000000,23,68901134336.000000,N/A,2,5
MOGP_GENERATIONAL,c79e38ba-147c-11f1-9378-303ea725c124,Boston,74,76,7.700258|23.000000|3.000000,0.026137590408325195,23.0,7.602951|23.000000|3.000000,7.700258|23.000000|3.000000,7.602951|23.000000|3.000000,23,74694303744.000000,N/A,2,5
MOGP_GENERATIONAL,c79e38ba-147c-11f1-9378-303ea725c124,Boston,74,77,7.700258|23.000000|3.000000,0.02673506736755371,23.0,7.602951|23.000000|3.000000,7.700258|23.000000|3.000000,7.602951|23.000000|3.000000,23,62597328896.000000,N/A,2,5
MOGP_GENERATIONAL,c79e38ba-147c-11f1-9378-303ea725c124,Boston,74,78,7.700258|23.000000|3.000000,0.02653026580810547,23.0,7.602951|23.000000|3.000000,7.700258|23.000000|3.000000,7.602951|23.000000|3.000000,23,99458424832.000000,N/A,2,5
MOGP_GENERATIONAL,c79e38ba-147c-11f1-9378-303ea725c124,Boston,74,79,7.700258|23.000000|3.000000,0.027020931243896484,23.0,7.602951|23.000000|3.000000,7.700258|23.000000|3.000000,7.602951|23.000000|3.000000,23,53673615360.000000,N/A,2,5
MOGP_GENERATIONAL,c79e38ba-147c-11f1-9378-303ea725c124,Boston,74,80,7.700258|23.000000|3.000000,0.02673935890197754,23.0,7.602951|23.000000|3.000000,7.700258|23.000000|3.000000,7.602951|23.000000|3.000000,23,59649511424.000000,N/A,2,5
MOGP_GENERATIONAL,c79e38ba-147c-11f1-9378-303ea725c124,Boston,74,81,7.700258|23.000000|3.000000,0.02690744400024414,23.0,7.602951|23.000000|3.000000,7.700258|23.000000|3.000000,7.602951|23.000000|3.000000,23,110810669056.000000,N/A,2,5
MOGP_GENERATIONAL,c79e38ba-147c-11f1-9378-303ea725c124,Boston,74,82,7.700258|23.000000|3.000000,0.025673627853393555,23.0,7.602951|23.000000|3.000000,7.700258|23.000000|3.000000,7.602951|23.000000|3.000000,23,2660326400.000000,N/A,2,5
MOGP_GENERATIONAL,c79e38ba-147c-11f1-9378-303ea725c124,Boston,74,83,7.700258|23.000000|3.000000,0.026924610137939453,23.0,7.602951|23.000000|3.000000,7.700258|23.000000|3.000000,7.602951|23.000000|3.000000,23,58942320640.000000,N/A,2,5
MOGP_GENERATIONAL,c79e38ba-147c-11f1-9378-303ea725c124,Boston,74,84,7.700258|23.000000|3.000000,0.02640390396118164,23.0,7.602951|23.000000|3.000000,7.700258|23.000000|3.000000,7.602951|23.000000|3.000000,23,63784628224.000000,N/A,2,5
MOGP_GENERATIONAL,c79e38ba-147c-11f1-9378-303ea725c124,Boston,74,85,7.700258|23.000000|3.000000,0.02736043930053711,23.0,7.602951|23.000000|3.000000,7.700258|23.000000|3.000000,7.602951|23.000000|3.000000,23,96723501056.000000,N/A,2,5
MOGP_GENERATIONAL,c79e38ba-147c-11f1-9378-303ea725c124,Boston,74,86,7.700258|23.000000|3.000000,0.0259857177734375,23.0,7.602951|23.000000|3.000000,7.700258|23.000000|3.000000,7.602951|23.000000|3.000000,23,54283382784.000000,N/A,2,5
MOGP_GENERATIONAL,c79e38ba-147c-11f1-9378-303ea725c124,Boston,74,87,7.700258|23.000000|3.000000,0.026014328002929688,23.0,7.602951|23.000000|3.000000,7.700258|23.000000|3.000000,7.602951|23.000000|3.000000,23,102863495168.000000,N/A,2,5
MOGP_GENERATIONAL,c79e38ba-147c-11f1-9378-303ea725c124,Boston,74,88,7.700258|23.000000|3.000000,0.026780366897583008,23.0,7.602951|23.000000|3.000000,7.700258|23.000000|3.000000,7.602951|23.000000|3.000000,23,92772892672.000000,N/A,2,5
MOGP_GENERATIONAL,c79e38ba-147c-11f1-9378-303ea725c124,Boston,74,89,7.700258|23.000000|3.000000,0.026259899139404297,23.0,7.602951|23.000000|3.000000,7.700258|23.000000|3.000000,7.602951|23.000000|3.000000,23,93149880320.000000,N/A,2,5
MOGP_GENERATIONAL,c79e38ba-147c-11f1-9378-303ea725c124,Boston,74,90,7.700258|23.000000|3.000000,0.02594470977783203,23.0,7.602951|23.000000|3.000000,7.700258|23.000000|3.000000,7.602951|23.000000|3.000000,23,91701403648.000000,N/A,2,5
MOGP_GENERATIONAL,c79e38ba-147c-11f1-9378-303ea725c124,Boston,74,91,7.700258|23.000000|3.000000,0.027463436126708984,23.0,7.602951|23.000000|3.000000,7.700258|23.000000|3.000000,7.602951|23.000000|3.000000,23,119058661376.000000,N/A,2,5
MOGP_GENERATIONAL,c79e38ba-147c-11f1-9378-303ea725c124,Boston,74,92,7.700258|23.000000|3.000000,0.026816368103027344,23.0,7.602951|23.000000|3.000000,7.700258|23.000000|3.000000,7.602951|23.000000|3.000000,23,70519488512.000000,N/A,2,5
MOGP_GENERATIONAL,c79e38ba-147c-11f1-9378-303ea725c124,Boston,74,93,7.700258|23.000000|3.000000,0.026232481002807617,23.0,7.602951|23.000000|3.000000,7.700258|23.000000|3.000000,7.602951|23.000000|3.000000,23,40989966336.000000,N/A,2,5
MOGP_GENERATIONAL,c79e38ba-147c-11f1-9378-303ea725c124,Boston,74,94,7.700258|23.000000|3.000000,0.026813507080078125,23.0,7.602951|23.000000|3.000000,7.700258|23.000000|3.000000,7.602951|23.000000|3.000000,23,101501689856.000000,N/A,2,5
MOGP_GENERATIONAL,c79e38ba-147c-11f1-9378-303ea725c124,Boston,74,95,7.700258|23.000000|3.000000,0.027479171752929688,23.0,7.602951|23.000000|3.000000,7.700258|23.000000|3.000000,7.602951|23.000000|3.000000,23,36219105280.000000,N/A,2,5
MOGP_GENERATIONAL,c79e38ba-147c-11f1-9378-303ea725c124,Boston,74,96,7.700258|23.000000|3.000000,0.027590274810791016,23.0,7.602951|23.000000|3.000000,7.700258|23.000000|3.000000,7.602951|23.000000|3.000000,23,72984846336.000000,N/A,2,5
MOGP_GENERATIONAL,c79e38ba-147c-11f1-9378-303ea725c124,Boston,74,97,7.700258|23.000000|3.000000,0.026564359664916992,23.0,7.602951|23.000000|3.000000,7.700258|23.000000|3.000000,7.602951|23.000000|3.000000,23,105355837440.000000,N/A,2,5
MOGP_GENERATIONAL,c79e38ba-147c-11f1-9378-303ea725c124,Boston,74,98,7.700258|23.000000|3.000000,0.026215553283691406,23.0,7.602951|23.000000|3.000000,7.700258|23.000000|3.000000,7.602951|23.000000|3.000000,23,80366125056.000000,N/A,2,5
MOGP_GENERATIONAL,c79e38ba-147c-11f1-9378-303ea725c124,Boston,74,99,7.700258|23.000000|3.000000,0.026612281799316406,23.0,7.602951|23.000000|3.000000,7.700258|23.000000|3.000000,7.602951|23.000000|3.000000,23,60276154368.000000,N/A,2,5
MOGP_GENERATIONAL,c79e38ba-147c-11f1-9378-303ea725c124,Boston,74,100,7.700258|23.000000|3.000000,0.026299476623535156,23.0,7.602951|23.000000|3.000000,7.700258|23.000000|3.000000,7.602951|23.000000|3.000000,23,52393570304.000000,N/A,2,5
MOGP_GENERATIONAL,c79e38ba-147c-11f1-9378-303ea725c124,Boston,74,101,7.700258|23.000000|3.000000,0.026750564575195312,23.0,7.602951|23.000000|3.000000,7.700258|23.000000|3.000000,7.602951|23.000000|3.000000,23,53311193088.000000,N/A,2,5
MOGP_GENERATIONAL,c79e38ba-147c-11f1-9378-303ea725c124,Boston,74,102,7.700258|23.000000|3.000000,0.027629852294921875,23.0,7.602951|23.000000|3.000000,7.700258|23.000000|3.000000,7.602951|23.000000|3.000000,23,109945020416.000000,N/A,2,5
MOGP_GENERATIONAL,c79e38ba-147c-11f1-9378-303ea725c124,Boston,74,103,7.700258|23.000000|3.000000,0.026729345321655273,23.0,7.602951|23.000000|3.000000,7.700258|23.000000|3.000000,7.602951|23.000000|3.000000,23,71536484352.000000,N/A,2,5
MOGP_GENERATIONAL,c79e38ba-147c-11f1-9378-303ea725c124,Boston,74,104,7.700258|23.000000|3.000000,0.026566028594970703,23.0,7.602951|23.000000|3.000000,7.700258|23.000000|3.000000,7.602951|23.000000|3.000000,23,76490629120.000000,N/A,2,5
MOGP_GENERATIONAL,c79e38ba-147c-11f1-9378-303ea725c124,Boston,74,105,7.700258|23.000000|3.000000,0.026894330978393555,23.0,7.602951|23.000000|3.000000,7.700258|23.000000|3.000000,7.602951|23.000000|3.000000,23,97199538176.000000,N/A,2,5
MOGP_GENERATIONAL,c79e38ba-147c-11f1-9378-303ea725c124,Boston,74,106,7.700258|23.000000|3.000000,0.0260162353515625,23.0,7.602951|23.000000|3.000000,7.700258|23.000000|3.000000,7.602951|23.000000|3.000000,23,46988464128.000000,N/A,2,5
MOGP_GENERATIONAL,c79e38ba-147c-11f1-9378-303ea725c124,Boston,74,107,7.700258|23.000000|3.000000,0.02689981460571289,23.0,7.602951|23.000000|3.000000,7.700258|23.000000|3.000000,7.602951|23.000000|3.000000,23,125647937536.000000,N/A,2,5
MOGP_GENERATIONAL,c79e38ba-147c-11f1-9378-303ea725c124,Boston,74,108,7.700258|23.000000|3.000000,0.026729822158813477,23.0,7.602951|23.000000|3.000000,7.700258|23.000000|3.000000,7.602951|23.000000|3.000000,23,49866874880.000000,N/A,2,5
MOGP_GENERATIONAL,c79e38ba-147c-11f1-9378-303ea725c124,Boston,74,109,7.700258|23.000000|3.000000,0.026722192764282227,23.0,7.602951|23.000000|3.000000,7.700258|23.000000|3.000000,7.602951|23.000000|3.000000,23,56346238976.000000,N/A,2,5
MOGP_GENERATIONAL,c79e38ba-147c-11f1-9378-303ea725c124,Boston,74,110,7.700258|23.000000|3.000000,0.026306867599487305,23.0,7.602951|23.000000|3.000000,7.700258|23.000000|3.000000,7.602951|23.000000|3.000000,23,55409750016.000000,N/A,2,5
MOGP_GENERATIONAL,c79e38ba-147c-11f1-9378-303ea725c124,Boston,74,111,7.700258|23.000000|3.000000,0.02743697166442871,23.0,7.602951|23.000000|3.000000,7.700258|23.000000|3.000000,7.602951|23.000000|3.000000,23,81963982848.000000,N/A,2,5
MOGP_GENERATIONAL,c79e38ba-147c-11f1-9378-303ea725c124,Boston,74,112,7.700258|23.000000|3.000000,0.02652430534362793,23.0,7.602951|23.000000|3.000000,7.700258|23.000000|3.000000,7.602951|23.000000|3.000000,23,91930435584.000000,N/A,2,5
MOGP_GENERATIONAL,c79e38ba-147c-11f1-9378-303ea725c124,Boston,74,113,7.700258|23.000000|3.000000,0.027550220489501953,23.0,7.602951|23.000000|3.000000,7.700258|23.000000|3.000000,7.602951|23.000000|3.000000,23,71294443520.000000,N/A,2,5
MOGP_GENERATIONAL,c79e38ba-147c-11f1-9378-303ea725c124,Boston,74,114,7.700258|23.000000|3.000000,0.026493310928344727,23.0,7.602951|23.000000|3.000000,7.700258|23.000000|3.000000,7.602951|23.000000|3.000000,23,38932144128.000000,N/A,2,5
MOGP_GENERATIONAL,c79e38ba-147c-11f1-9378-303ea725c124,Boston,74,115,7.700258|23.000000|3.000000,0.026244163513183594,23.0,7.602951|23.000000|3.000000,7.700258|23.000000|3.000000,7.602951|23.000000|3.000000,23,104250384384.000000,N/A,2,5
MOGP_GENERATIONAL,c79e38ba-147c-11f1-9378-303ea725c124,Boston,74,116,7.700258|23.000000|3.000000,0.025577545166015625,23.0,7.602951|23.000000|3.000000,7.700258|23.000000|3.000000,7.602951|23.000000|3.000000,23,53284081664.000000,N/A,2,5
MOGP_GENERATIONAL,c79e38ba-147c-11f1-9378-303ea725c124,Boston,74,117,7.700258|23.000000|3.000000,0.026837587356567383,23.0,7.602951|23.000000|3.000000,7.700258|23.000000|3.000000,7.602951|23.000000|3.000000,23,25266690048.000000,N/A,2,5
MOGP_GENERATIONAL,c79e38ba-147c-11f1-9378-303ea725c124,Boston,74,118,7.700258|23.000000|3.000000,0.027031660079956055,23.0,7.602951|23.000000|3.000000,7.700258|23.000000|3.000000,7.602951|23.000000|3.000000,23,117981323264.000000,N/A,2,5
MOGP_GENERATIONAL,c79e38ba-147c-11f1-9378-303ea725c124,Boston,74,119,7.700258|23.000000|3.000000,0.02678704261779785,23.0,7.602951|23.000000|3.000000,7.700258|23.000000|3.000000,7.602951|23.000000|3.000000,23,122261774336.000000,N/A,2,5
MOGP_GENERATIONAL,c79e38ba-147c-11f1-9378-303ea725c124,Boston,74,120,7.700258|23.000000|3.000000,0.026883602142333984,23.0,7.602951|23.000000|3.000000,7.700258|23.000000|3.000000,7.602951|23.000000|3.000000,23,99306758144.000000,N/A,2,5
MOGP_GENERATIONAL,c79e38ba-147c-11f1-9378-303ea725c124,Boston,74,121,7.700258|23.000000|3.000000,0.0280454158782959,23.0,7.602951|23.000000|3.000000,7.700258|23.000000|3.000000,7.602951|23.000000|3.000000,23,67033133056.000000,N/A,2,5
MOGP_GENERATIONAL,c79e38ba-147c-11f1-9378-303ea725c124,Boston,74,122,7.700258|23.000000|3.000000,0.026139497756958008,23.0,7.602951|23.000000|3.000000,7.700258|23.000000|3.000000,7.602951|23.000000|3.000000,23,60609839104.000000,N/A,2,5
MOGP_GENERATIONAL,c79e38ba-147c-11f1-9378-303ea725c124,Boston,74,123,7.700258|23.000000|3.000000,0.026305198669433594,23.0,7.602951|23.000000|3.000000,7.700258|23.000000|3.000000,7.602951|23.000000|3.000000,23,32105469952.000000,N/A,2,5
MOGP_GENERATIONAL,c79e38ba-147c-11f1-9378-303ea725c124,Boston,74,124,7.700258|23.000000|3.000000,0.027144432067871094,23.0,7.602951|23.000000|3.000000,7.700258|23.000000|3.000000,7.602951|23.000000|3.000000,23,91420442624.000000,N/A,2,5
MOGP_GENERATIONAL,c79e38ba-147c-11f1-9378-303ea725c124,Boston,74,125,7.700258|23.000000|3.000000,0.026695966720581055,23.0,7.602951|23.000000|3.000000,7.700258|23.000000|3.000000,7.602951|23.000000|3.000000,23,78885502976.000000,N/A,2,5
MOGP_GENERATIONAL,c79e38ba-147c-11f1-9378-303ea725c124,Boston,74,126,7.700258|23.000000|3.000000,0.026519298553466797,23.0,7.602951|23.000000|3.000000,7.700258|23.000000|3.000000,7.602951|23.000000|3.000000,23,77669384192.000000,N/A,2,5
MOGP_GENERATIONAL,c79e38ba-147c-11f1-9378-303ea725c124,Boston,74,127,7.700258|23.000000|3.000000,0.026436805725097656,23.0,7.602951|23.000000|3.000000,7.700258|23.000000|3.000000,7.602951|23.000000|3.000000,23,72357339136.000000,N/A,2,5
MOGP_GENERATIONAL,c79e38ba-147c-11f1-9378-303ea725c124,Boston,74,128,7.700258|23.000000|3.000000,0.027395009994506836,23.0,7.602951|23.000000|3.000000,7.700258|23.000000|3.000000,7.602951|23.000000|3.000000,23,92311592960.000000,N/A,2,5
MOGP_GENERATIONAL,c79e38ba-147c-11f1-9378-303ea725c124,Boston,74,129,7.700258|23.000000|3.000000,0.0643620491027832,23.0,7.602951|23.000000|3.000000,7.700258|23.000000|3.000000,7.602951|23.000000|3.000000,23,64606683136.000000,N/A,2,5
MOGP_GENERATIONAL,c79e38ba-147c-11f1-9378-303ea725c124,Boston,74,130,7.700258|23.000000|3.000000,0.026251792907714844,23.0,7.602951|23.000000|3.000000,7.700258|23.000000|3.000000,7.602951|23.000000|3.000000,23,82346803200.000000,N/A,2,5
MOGP_GENERATIONAL,c79e38ba-147c-11f1-9378-303ea725c124,Boston,74,131,7.700258|23.000000|3.000000,0.026198863983154297,23.0,7.602951|23.000000|3.000000,7.700258|23.000000|3.000000,7.602951|23.000000|3.000000,23,90705600512.000000,N/A,2,5
MOGP_GENERATIONAL,c79e38ba-147c-11f1-9378-303ea725c124,Boston,74,132,7.700258|23.000000|3.000000,0.02654290199279785,23.0,7.602951|23.000000|3.000000,7.700258|23.000000|3.000000,7.602951|23.000000|3.000000,23,74492338176.000000,N/A,2,5
MOGP_GENERATIONAL,c79e38ba-147c-11f1-9378-303ea725c124,Boston,74,133,7.700258|23.000000|3.000000,0.02754807472229004,23.0,7.602951|23.000000|3.000000,7.700258|23.000000|3.000000,7.602951|23.000000|3.000000,23,100356743168.000000,N/A,2,5
MOGP_GENERATIONAL,c79e38ba-147c-11f1-9378-303ea725c124,Boston,74,134,7.700258|23.000000|3.000000,0.026384353637695312,23.0,7.602951|23.000000|3.000000,7.700258|23.000000|3.000000,7.602951|23.000000|3.000000,23,41595899904.000000,N/A,2,5
MOGP_GENERATIONAL,c79e38ba-147c-11f1-9378-303ea725c124,Boston,74,135,7.700258|23.000000|3.000000,0.027709007263183594,23.0,7.602951|23.000000|3.000000,7.700258|23.000000|3.000000,7.602951|23.000000|3.000000,23,117579366400.000000,N/A,2,5
MOGP_GENERATIONAL,c79e38ba-147c-11f1-9378-303ea725c124,Boston,74,136,7.700258|23.000000|3.000000,0.02697014808654785,23.0,7.602951|23.000000|3.000000,7.700258|23.000000|3.000000,7.602951|23.000000|3.000000,23,107996872704.000000,N/A,2,5
MOGP_GENERATIONAL,c79e38ba-147c-11f1-9378-303ea725c124,Boston,74,137,7.700258|23.000000|3.000000,0.026132583618164062,23.0,7.602951|23.000000|3.000000,7.700258|23.000000|3.000000,7.602951|23.000000|3.000000,23,60511711232.000000,N/A,2,5
MOGP_GENERATIONAL,c79e38ba-147c-11f1-9378-303ea725c124,Boston,74,138,7.700258|23.000000|3.000000,0.026577472686767578,23.0,7.602951|23.000000|3.000000,7.700258|23.000000|3.000000,7.602951|23.000000|3.000000,23,61184598016.000000,N/A,2,5
MOGP_GENERATIONAL,c79e38ba-147c-11f1-9378-303ea725c124,Boston,74,139,7.700258|23.000000|3.000000,0.02701711654663086,23.0,7.602951|23.000000|3.000000,7.700258|23.000000|3.000000,7.602951|23.000000|3.000000,23,38998466560.000000,N/A,2,5
MOGP_GENERATIONAL,c79e38ba-147c-11f1-9378-303ea725c124,Boston,74,140,7.700258|23.000000|3.000000,0.02744579315185547,23.0,7.602951|23.000000|3.000000,7.700258|23.000000|3.000000,7.602951|23.000000|3.000000,23,84997193728.000000,N/A,2,5
MOGP_GENERATIONAL,c79e38ba-147c-11f1-9378-303ea725c124,Boston,74,141,7.700258|23.000000|3.000000,0.02722954750061035,23.0,7.602951|23.000000|3.000000,7.700258|23.000000|3.000000,7.602951|23.000000|3.000000,23,90700931072.000000,N/A,2,5
MOGP_GENERATIONAL,c79e38ba-147c-11f1-9378-303ea725c124,Boston,74,142,7.700258|23.000000|3.000000,0.026955604553222656,23.0,7.602951|23.000000|3.000000,7.700258|23.000000|3.000000,7.602951|23.000000|3.000000,23,81699307520.000000,N/A,2,5
MOGP_GENERATIONAL,c79e38ba-147c-11f1-9378-303ea725c124,Boston,74,143,7.700258|23.000000|3.000000,0.02717733383178711,23.0,7.602951|23.000000|3.000000,7.700258|23.000000|3.000000,7.602951|23.000000|3.000000,23,92822306816.000000,N/A,2,5
MOGP_GENERATIONAL,c79e38ba-147c-11f1-9378-303ea725c124,Boston,74,144,7.700258|23.000000|3.000000,0.027332067489624023,23.0,7.602951|23.000000|3.000000,7.700258|23.000000|3.000000,7.602951|23.000000|3.000000,23,89081995264.000000,N/A,2,5
MOGP_GENERATIONAL,c79e38ba-147c-11f1-9378-303ea725c124,Boston,74,145,7.700258|23.000000|3.000000,0.026338815689086914,23.0,7.602951|23.000000|3.000000,7.700258|23.000000|3.000000,7.602951|23.000000|3.000000,23,109468786688.000000,N/A,2,5
MOGP_GENERATIONAL,c79e38ba-147c-11f1-9378-303ea725c124,Boston,74,146,7.700258|23.000000|3.000000,0.02666950225830078,23.0,7.602951|23.000000|3.000000,7.700258|23.000000|3.000000,7.602951|23.000000|3.000000,23,70134063104.000000,N/A,2,5
MOGP_GENERATIONAL,c79e38ba-147c-11f1-9378-303ea725c124,Boston,74,147,7.700258|23.000000|3.000000,0.026763916015625,23.0,7.602951|23.000000|3.000000,7.700258|23.000000|3.000000,7.602951|23.000000|3.000000,23,82362384384.000000,N/A,2,5
MOGP_GENERATIONAL,c79e38ba-147c-11f1-9378-303ea725c124,Boston,74,148,7.700258|23.000000|3.000000,0.025968313217163086,23.0,7.602951|23.000000|3.000000,7.700258|23.000000|3.000000,7.602951|23.000000|3.000000,23,83189161984.000000,N/A,2,5
MOGP_GENERATIONAL,c79e38ba-147c-11f1-9378-303ea725c124,Boston,74,149,7.700258|23.000000|3.000000,0.026930570602416992,23.0,7.602951|23.000000|3.000000,7.700258|23.000000|3.000000,7.602951|23.000000|3.000000,23,103979794432.000000,N/A,2,5
MOGP_GENERATIONAL,c79e38ba-147c-11f1-9378-303ea725c124,Boston,74,150,7.700258|23.000000|3.000000,0.025885343551635742,23.0,7.602951|23.000000|3.000000,7.700258|23.000000|3.000000,7.602951|23.000000|3.000000,23,38604427264.000000,N/A,2,5
MOGP_GENERATIONAL,c79e38ba-147c-11f1-9378-303ea725c124,Boston,74,151,7.700258|23.000000|3.000000,0.02744150161743164,23.0,7.602951|23.000000|3.000000,7.700258|23.000000|3.000000,7.602951|23.000000|3.000000,23,120233566208.000000,N/A,2,5
MOGP_GENERATIONAL,c79e38ba-147c-11f1-9378-303ea725c124,Boston,74,152,7.700258|23.000000|3.000000,0.027373313903808594,23.0,7.602951|23.000000|3.000000,7.700258|23.000000|3.000000,7.602951|23.000000|3.000000,23,71204528128.000000,N/A,2,5
MOGP_GENERATIONAL,c79e38ba-147c-11f1-9378-303ea725c124,Boston,74,153,7.700258|23.000000|3.000000,0.026705265045166016,23.0,7.602951|23.000000|3.000000,7.700258|23.000000|3.000000,7.602951|23.000000|3.000000,23,83922911232.000000,N/A,2,5
MOGP_GENERATIONAL,c79e38ba-147c-11f1-9378-303ea725c124,Boston,74,154,7.700258|23.000000|3.000000,0.027124643325805664,23.0,7.602951|23.000000|3.000000,7.700258|23.000000|3.000000,7.602951|23.000000|3.000000,23,54068699136.000000,N/A,2,5
MOGP_GENERATIONAL,c79e38ba-147c-11f1-9378-303ea725c124,Boston,74,155,7.700258|23.000000|3.000000,0.02706456184387207,23.0,7.602951|23.000000|3.000000,7.700258|23.000000|3.000000,7.602951|23.000000|3.000000,23,105257091072.000000,N/A,2,5
MOGP_GENERATIONAL,c79e38ba-147c-11f1-9378-303ea725c124,Boston,74,156,7.700258|23.000000|3.000000,0.026689529418945312,23.0,7.602951|23.000000|3.000000,7.700258|23.000000|3.000000,7.602951|23.000000|3.000000,23,69571764224.000000,N/A,2,5
MOGP_GENERATIONAL,c79e38ba-147c-11f1-9378-303ea725c124,Boston,74,157,7.700258|23.000000|3.000000,0.025510549545288086,23.0,7.602951|23.000000|3.000000,7.700258|23.000000|3.000000,7.602951|23.000000|3.000000,23,48519290880.000000,N/A,2,5
MOGP_GENERATIONAL,c79e38ba-147c-11f1-9378-303ea725c124,Boston,74,158,7.700258|23.000000|3.000000,0.02710437774658203,23.0,7.602951|23.000000|3.000000,7.700258|23.000000|3.000000,7.602951|23.000000|3.000000,23,82575589376.000000,N/A,2,5
MOGP_GENERATIONAL,c79e38ba-147c-11f1-9378-303ea725c124,Boston,74,159,7.700258|23.000000|3.000000,0.026380300521850586,23.0,7.602951|23.000000|3.000000,7.700258|23.000000|3.000000,7.602951|23.000000|3.000000,23,70681280512.000000,N/A,2,5
MOGP_GENERATIONAL,c79e38ba-147c-11f1-9378-303ea725c124,Boston,74,160,7.700258|23.000000|3.000000,0.0258941650390625,23.0,7.602951|23.000000|3.000000,7.700258|23.000000|3.000000,7.602951|23.000000|3.000000,23,55703744512.000000,N/A,2,5
MOGP_GENERATIONAL,c79e38ba-147c-11f1-9378-303ea725c124,Boston,74,161,7.700258|23.000000|3.000000,0.02647995948791504,23.0,7.602951|23.000000|3.000000,7.700258|23.000000|3.000000,7.602951|23.000000|3.000000,23,103687708672.000000,N/A,2,5
MOGP_GENERATIONAL,c79e38ba-147c-11f1-9378-303ea725c124,Boston,74,162,7.700258|23.000000|3.000000,0.026134490966796875,23.0,7.602951|23.000000|3.000000,7.700258|23.000000|3.000000,7.602951|23.000000|3.000000,23,67773849600.000000,N/A,2,5
MOGP_GENERATIONAL,c79e38ba-147c-11f1-9378-303ea725c124,Boston,74,163,7.700258|23.000000|3.000000,0.027409076690673828,23.0,7.602951|23.000000|3.000000,7.700258|23.000000|3.000000,7.602951|23.000000|3.000000,23,125601300480.000000,N/A,2,5
MOGP_GENERATIONAL,c79e38ba-147c-11f1-9378-303ea725c124,Boston,74,164,7.700258|23.000000|3.000000,0.026551246643066406,23.0,7.602951|23.000000|3.000000,7.700258|23.000000|3.000000,7.602951|23.000000|3.000000,23,56893538304.000000,N/A,2,5
MOGP_GENERATIONAL,c79e38ba-147c-11f1-9378-303ea725c124,Boston,74,165,7.700258|23.000000|3.000000,0.025639057159423828,23.0,7.602951|23.000000|3.000000,7.700258|23.000000|3.000000,7.602951|23.000000|3.000000,23,69405097984.000000,N/A,2,5
MOGP_GENERATIONAL,c79e38ba-147c-11f1-9378-303ea725c124,Boston,74,166,7.700258|23.000000|3.000000,0.027227163314819336,23.0,7.602951|23.000000|3.000000,7.700258|23.000000|3.000000,7.602951|23.000000|3.000000,23,95336030208.000000,N/A,2,5
MOGP_GENERATIONAL,c79e38ba-147c-11f1-9378-303ea725c124,Boston,74,167,7.700258|23.000000|3.000000,0.02711319923400879,23.0,7.602951|23.000000|3.000000,7.700258|23.000000|3.000000,7.602951|23.000000|3.000000,23,90279411712.000000,N/A,2,5
MOGP_GENERATIONAL,c79e38ba-147c-11f1-9378-303ea725c124,Boston,74,168,7.700258|23.000000|3.000000,0.026508569717407227,23.0,7.602951|23.000000|3.000000,7.700258|23.000000|3.000000,7.602951|23.000000|3.000000,23,70727000064.000000,N/A,2,5
MOGP_GENERATIONAL,c79e38ba-147c-11f1-9378-303ea725c124,Boston,74,169,7.700258|23.000000|3.000000,0.02684760093688965,23.0,7.602951|23.000000|3.000000,7.700258|23.000000|3.000000,7.602951|23.000000|3.000000,23,84415209472.000000,N/A,2,5
MOGP_GENERATIONAL,c79e38ba-147c-11f1-9378-303ea725c124,Boston,74,170,7.700258|23.000000|3.000000,0.026126861572265625,23.0,7.602951|23.000000|3.000000,7.700258|23.000000|3.000000,7.602951|23.000000|3.000000,23,72880332800.000000,N/A,2,5
MOGP_GENERATIONAL,c79e38ba-147c-11f1-9378-303ea725c124,Boston,74,171,7.700258|23.000000|3.000000,0.02635645866394043,23.0,7.602951|23.000000|3.000000,7.700258|23.000000|3.000000,7.602951|23.000000|3.000000,23,49937371136.000000,N/A,2,5
MOGP_GENERATIONAL,c79e38ba-147c-11f1-9378-303ea725c124,Boston,74,172,7.700258|23.000000|3.000000,0.026903390884399414,23.0,7.602951|23.000000|3.000000,7.700258|23.000000|3.000000,7.602951|23.000000|3.000000,23,75601534976.000000,N/A,2,5
MOGP_GENERATIONAL,c79e38ba-147c-11f1-9378-303ea725c124,Boston,74,173,7.700258|23.000000|3.000000,0.027679443359375,23.0,7.602951|23.000000|3.000000,7.700258|23.000000|3.000000,7.602951|23.000000|3.000000,23,105298583552.000000,N/A,2,5
MOGP_GENERATIONAL,c79e38ba-147c-11f1-9378-303ea725c124,Boston,74,174,7.700258|23.000000|3.000000,0.026884794235229492,23.0,7.602951|23.000000|3.000000,7.700258|23.000000|3.000000,7.602951|23.000000|3.000000,23,66448912384.000000,N/A,2,5
MOGP_GENERATIONAL,c79e38ba-147c-11f1-9378-303ea725c124,Boston,74,175,7.700258|23.000000|3.000000,0.02678704261779785,23.0,7.602951|23.000000|3.000000,7.700258|23.000000|3.000000,7.602951|23.000000|3.000000,23,77986095104.000000,N/A,2,5
MOGP_GENERATIONAL,c79e38ba-147c-11f1-9378-303ea725c124,Boston,74,176,7.700258|23.000000|3.000000,0.02635025978088379,23.0,7.602951|23.000000|3.000000,7.700258|23.000000|3.000000,7.602951|23.000000|3.000000,23,72225464320.000000,N/A,2,5
MOGP_GENERATIONAL,c79e38ba-147c-11f1-9378-303ea725c124,Boston,74,177,7.219833|7.000000|1.000000,0.026913881301879883,7.0,7.563149|7.000000|1.000000,7.219833|7.000000|1.000000,7.563149|7.000000|1.000000,7,81359052800.000000,N/A,2,5
MOGP_GENERATIONAL,c79e38ba-147c-11f1-9378-303ea725c124,Boston,74,178,7.219833|7.000000|1.000000,0.02660346031188965,7.0,7.563149|7.000000|1.000000,7.219833|7.000000|1.000000,7.563149|7.000000|1.000000,7,49745620992.000000,N/A,2,5
MOGP_GENERATIONAL,c79e38ba-147c-11f1-9378-303ea725c124,Boston,74,179,7.219833|7.000000|1.000000,0.02651381492614746,7.0,7.563149|7.000000|1.000000,7.219833|7.000000|1.000000,7.563149|7.000000|1.000000,7,100140220416.000000,N/A,2,5
MOGP_GENERATIONAL,c79e38ba-147c-11f1-9378-303ea725c124,Boston,74,180,7.219833|7.000000|1.000000,0.026421785354614258,7.0,7.563149|7.000000|1.000000,7.219833|7.000000|1.000000,7.563149|7.000000|1.000000,7,90180009984.000000,N/A,2,5
MOGP_GENERATIONAL,c79e38ba-147c-11f1-9378-303ea725c124,Boston,74,181,7.219833|7.000000|1.000000,0.026442527770996094,7.0,7.563149|7.000000|1.000000,7.219833|7.000000|1.000000,7.563149|7.000000|1.000000,7,62336917504.000000,N/A,2,5
MOGP_GENERATIONAL,c79e38ba-147c-11f1-9378-303ea725c124,Boston,74,182,7.219833|7.000000|1.000000,0.026862382888793945,7.0,7.563149|7.000000|1.000000,7.219833|7.000000|1.000000,7.563149|7.000000|1.000000,7,108443262976.000000,N/A,2,5
MOGP_GENERATIONAL,c79e38ba-147c-11f1-9378-303ea725c124,Boston,74,183,7.219833|7.000000|1.000000,0.027079343795776367,7.0,7.563149|7.000000|1.000000,7.219833|7.000000|1.000000,7.563149|7.000000|1.000000,7,100112515072.000000,N/A,2,5
MOGP_GENERATIONAL,c79e38ba-147c-11f1-9378-303ea725c124,Boston,74,184,7.219833|7.000000|1.000000,0.025661945343017578,7.0,7.563149|7.000000|1.000000,7.219833|7.000000|1.000000,7.563149|7.000000|1.000000,7,6785094144.000000,N/A,2,5
MOGP_GENERATIONAL,c79e38ba-147c-11f1-9378-303ea725c124,Boston,74,185,7.219833|7.000000|1.000000,0.027365922927856445,7.0,7.563149|7.000000|1.000000,7.219833|7.000000|1.000000,7.563149|7.000000|1.000000,7,61476319232.000000,N/A,2,5
MOGP_GENERATIONAL,c79e38ba-147c-11f1-9378-303ea725c124,Boston,74,186,7.219833|7.000000|1.000000,0.02726602554321289,7.0,7.563149|7.000000|1.000000,7.219833|7.000000|1.000000,7.563149|7.000000|1.000000,7,55502692352.000000,N/A,2,5
MOGP_GENERATIONAL,c79e38ba-147c-11f1-9378-303ea725c124,Boston,74,187,7.219833|7.000000|1.000000,0.027251720428466797,7.0,7.563149|7.000000|1.000000,7.219833|7.000000|1.000000,7.563149|7.000000|1.000000,7,67379400704.000000,N/A,2,5
MOGP_GENERATIONAL,c79e38ba-147c-11f1-9378-303ea725c124,Boston,74,188,7.219833|7.000000|1.000000,0.026367902755737305,7.0,7.563149|7.000000|1.000000,7.219833|7.000000|1.000000,7.563149|7.000000|1.000000,7,87035232256.000000,N/A,2,5
MOGP_GENERATIONAL,c79e38ba-147c-11f1-9378-303ea725c124,Boston,74,189,7.219833|7.000000|1.000000,0.026631593704223633,7.0,7.563149|7.000000|1.000000,7.219833|7.000000|1.000000,7.563149|7.000000|1.000000,7,39982501888.000000,N/A,2,5
MOGP_GENERATIONAL,c79e38ba-147c-11f1-9378-303ea725c124,Boston,74,190,7.219833|7.000000|1.000000,0.02707695960998535,7.0,7.563149|7.000000|1.000000,7.219833|7.000000|1.000000,7.563149|7.000000|1.000000,7,102567911424.000000,N/A,2,5
MOGP_GENERATIONAL,c79e38ba-147c-11f1-9378-303ea725c124,Boston,74,191,7.219833|7.000000|1.000000,0.02698516845703125,7.0,7.563149|7.000000|1.000000,7.219833|7.000000|1.000000,7.563149|7.000000|1.000000,7,78453268480.000000,N/A,2,5
MOGP_GENERATIONAL,c79e38ba-147c-11f1-9378-303ea725c124,Boston,74,192,7.219833|7.000000|1.000000,0.026170730590820312,7.0,7.563149|7.000000|1.000000,7.219833|7.000000|1.000000,7.563149|7.000000|1.000000,7,91749883904.000000,N/A,2,5
MOGP_GENERATIONAL,c79e38ba-147c-11f1-9378-303ea725c124,Boston,74,193,7.219833|7.000000|1.000000,0.027430295944213867,7.0,7.563149|7.000000|1.000000,7.219833|7.000000|1.000000,7.563149|7.000000|1.000000,7,82135285760.000000,N/A,2,5
MOGP_GENERATIONAL,c79e38ba-147c-11f1-9378-303ea725c124,Boston,74,194,7.219833|7.000000|1.000000,0.02700018882751465,7.0,7.563149|7.000000|1.000000,7.219833|7.000000|1.000000,7.563149|7.000000|1.000000,7,71219732480.000000,N/A,2,5
MOGP_GENERATIONAL,c79e38ba-147c-11f1-9378-303ea725c124,Boston,74,195,7.219833|7.000000|1.000000,0.02619624137878418,7.0,7.563149|7.000000|1.000000,7.219833|7.000000|1.000000,7.563149|7.000000|1.000000,7,58211184640.000000,N/A,2,5
MOGP_GENERATIONAL,c79e38ba-147c-11f1-9378-303ea725c124,Boston,74,196,7.219833|7.000000|1.000000,0.025773048400878906,7.0,7.563149|7.000000|1.000000,7.219833|7.000000|1.000000,7.563149|7.000000|1.000000,7,51654967296.000000,N/A,2,5
MOGP_GENERATIONAL,c79e38ba-147c-11f1-9378-303ea725c124,Boston,74,197,7.219833|7.000000|1.000000,0.027283906936645508,7.0,7.563149|7.000000|1.000000,7.219833|7.000000|1.000000,7.563149|7.000000|1.000000,7,104168079360.000000,N/A,2,5
MOGP_GENERATIONAL,c79e38ba-147c-11f1-9378-303ea725c124,Boston,74,198,7.219833|7.000000|1.000000,0.026034116744995117,7.0,7.563149|7.000000|1.000000,7.219833|7.000000|1.000000,7.563149|7.000000|1.000000,7,95930179584.000000,N/A,2,5
MOGP_GENERATIONAL,c79e38ba-147c-11f1-9378-303ea725c124,Boston,74,199,7.219833|7.000000|1.000000,0.02657461166381836,7.0,7.563149|7.000000|1.000000,7.219833|7.000000|1.000000,7.563149|7.000000|1.000000,7,35957567488.000000,N/A,2,5
MOGP_GENERATIONAL,c79e38ba-147c-11f1-9378-303ea725c124,Boston,74,200,7.219833|7.000000|1.000000,0.02634572982788086,7.0,7.563149|7.000000|1.000000,7.219833|7.000000|1.000000,7.563149|7.000000|1.000000,7,85640953856.000000,N/A,2,5
MOGP_GENERATIONAL,c79e38ba-147c-11f1-9378-303ea725c124,Boston,74,201,7.219833|7.000000|1.000000,0.02661895751953125,7.0,7.563149|7.000000|1.000000,7.219833|7.000000|1.000000,7.563149|7.000000|1.000000,7,73888669696.000000,N/A,2,5
MOGP_GENERATIONAL,c79e38ba-147c-11f1-9378-303ea725c124,Boston,74,202,7.219833|7.000000|1.000000,0.025837421417236328,7.0,7.563149|7.000000|1.000000,7.219833|7.000000|1.000000,7.563149|7.000000|1.000000,7,92090712064.000000,N/A,2,5
MOGP_GENERATIONAL,c79e38ba-147c-11f1-9378-303ea725c124,Boston,74,203,7.219833|7.000000|1.000000,0.026879072189331055,7.0,7.563149|7.000000|1.000000,7.219833|7.000000|1.000000,7.563149|7.000000|1.000000,7,48650928128.000000,N/A,2,5
MOGP_GENERATIONAL,c79e38ba-147c-11f1-9378-303ea725c124,Boston,74,204,7.219833|7.000000|1.000000,0.026845693588256836,7.0,7.563149|7.000000|1.000000,7.219833|7.000000|1.000000,7.563149|7.000000|1.000000,7,74931232768.000000,N/A,2,5
MOGP_GENERATIONAL,c79e38ba-147c-11f1-9378-303ea725c124,Boston,74,205,7.219833|7.000000|1.000000,0.027431249618530273,7.0,7.563149|7.000000|1.000000,7.219833|7.000000|1.000000,7.563149|7.000000|1.000000,7,47791280128.000000,N/A,2,5
MOGP_GENERATIONAL,c79e38ba-147c-11f1-9378-303ea725c124,Boston,74,206,7.219833|7.000000|1.000000,0.02567887306213379,7.0,7.563149|7.000000|1.000000,7.219833|7.000000|1.000000,7.563149|7.000000|1.000000,7,78306410496.000000,N/A,2,5
MOGP_GENERATIONAL,c79e38ba-147c-11f1-9378-303ea725c124,Boston,74,207,7.219833|7.000000|1.000000,0.026442527770996094,7.0,7.563149|7.000000|1.000000,7.219833|7.000000|1.000000,7.563149|7.000000|1.000000,7,84286185472.000000,N/A,2,5
MOGP_GENERATIONAL,c79e38ba-147c-11f1-9378-303ea725c124,Boston,74,208,7.219833|7.000000|1.000000,0.027173995971679688,7.0,7.563149|7.000000|1.000000,7.219833|7.000000|1.000000,7.563149|7.000000|1.000000,7,102673858560.000000,N/A,2,5
MOGP_GENERATIONAL,c79e38ba-147c-11f1-9378-303ea725c124,Boston,74,209,7.219833|7.000000|1.000000,0.02662348747253418,7.0,7.563149|7.000000|1.000000,7.219833|7.000000|1.000000,7.563149|7.000000|1.000000,7,81757659136.000000,N/A,2,5
MOGP_GENERATIONAL,c79e38ba-147c-11f1-9378-303ea725c124,Boston,74,210,7.219833|7.000000|1.000000,0.027164220809936523,7.0,7.563149|7.000000|1.000000,7.219833|7.000000|1.000000,7.563149|7.000000|1.000000,7,101507317760.000000,N/A,2,5
MOGP_GENERATIONAL,c79e38ba-147c-11f1-9378-303ea725c124,Boston,74,211,7.219833|7.000000|1.000000,0.026115894317626953,7.0,7.563149|7.000000|1.000000,7.219833|7.000000|1.000000,7.563149|7.000000|1.000000,7,81261633536.000000,N/A,2,5
MOGP_GENERATIONAL,c79e38ba-147c-11f1-9378-303ea725c124,Boston,74,212,7.219833|7.000000|1.000000,0.025279521942138672,7.0,7.563149|7.000000|1.000000,7.219833|7.000000|1.000000,7.563149|7.000000|1.000000,7,11869840384.000000,N/A,2,5
MOGP_GENERATIONAL,c79e38ba-147c-11f1-9378-303ea725c124,Boston,74,213,7.219833|7.000000|1.000000,0.026834964752197266,7.0,7.563149|7.000000|1.000000,7.219833|7.000000|1.000000,7.563149|7.000000|1.000000,7,81103208448.000000,N/A,2,5
MOGP_GENERATIONAL,c79e38ba-147c-11f1-9378-303ea725c124,Boston,74,214,7.219833|7.000000|1.000000,0.026387929916381836,7.0,7.563149|7.000000|1.000000,7.219833|7.000000|1.000000,7.563149|7.000000|1.000000,7,101428224000.000000,N/A,2,5
MOGP_GENERATIONAL,c79e38ba-147c-11f1-9378-303ea725c124,Boston,74,215,7.219833|7.000000|1.000000,0.02650308609008789,7.0,7.563149|7.000000|1.000000,7.219833|7.000000|1.000000,7.563149|7.000000|1.000000,7,61767602176.000000,N/A,2,5
MOGP_GENERATIONAL,c79e38ba-147c-11f1-9378-303ea725c124,Boston,74,216,7.219833|7.000000|1.000000,0.025554656982421875,7.0,7.563149|7.000000|1.000000,7.219833|7.000000|1.000000,7.563149|7.000000|1.000000,7,63964549120.000000,N/A,2,5
MOGP_GENERATIONAL,c79e38ba-147c-11f1-9378-303ea725c124,Boston,74,217,7.219833|7.000000|1.000000,0.026440143585205078,7.0,7.563149|7.000000|1.000000,7.219833|7.000000|1.000000,7.563149|7.000000|1.000000,7,80732766208.000000,N/A,2,5
MOGP_GENERATIONAL,c79e38ba-147c-11f1-9378-303ea725c124,Boston,74,218,7.219833|7.000000|1.000000,0.02721858024597168,7.0,7.563149|7.000000|1.000000,7.219833|7.000000|1.000000,7.563149|7.000000|1.000000,7,44456226816.000000,N/A,2,5
MOGP_GENERATIONAL,c79e38ba-147c-11f1-9378-303ea725c124,Boston,74,219,7.219833|7.000000|1.000000,0.026156187057495117,7.0,7.563149|7.000000|1.000000,7.219833|7.000000|1.000000,7.563149|7.000000|1.000000,7,96978673664.000000,N/A,2,5
MOGP_GENERATIONAL,c79e38ba-147c-11f1-9378-303ea725c124,Boston,74,220,7.219833|7.000000|1.000000,0.026885509490966797,7.0,7.563149|7.000000|1.000000,7.219833|7.000000|1.000000,7.563149|7.000000|1.000000,7,99600875520.000000,N/A,2,5
MOGP_GENERATIONAL,c79e38ba-147c-11f1-9378-303ea725c124,Boston,74,221,7.219833|7.000000|1.000000,0.02667689323425293,7.0,7.563149|7.000000|1.000000,7.219833|7.000000|1.000000,7.563149|7.000000|1.000000,7,57785102336.000000,N/A,2,5
MOGP_GENERATIONAL,c79e38ba-147c-11f1-9378-303ea725c124,Boston,74,222,7.219833|7.000000|1.000000,0.025814294815063477,7.0,7.563149|7.000000|1.000000,7.219833|7.000000|1.000000,7.563149|7.000000|1.000000,7,48868179968.000000,N/A,2,5
MOGP_GENERATIONAL,c79e38ba-147c-11f1-9378-303ea725c124,Boston,74,223,7.219833|7.000000|1.000000,0.02662038803100586,7.0,7.563149|7.000000|1.000000,7.219833|7.000000|1.000000,7.563149|7.000000|1.000000,7,62707220480.000000,N/A,2,5
MOGP_GENERATIONAL,c79e38ba-147c-11f1-9378-303ea725c124,Boston,74,224,7.219833|7.000000|1.000000,0.025967836380004883,7.0,7.563149|7.000000|1.000000,7.219833|7.000000|1.000000,7.563149|7.000000|1.000000,7,31836088320.000000,N/A,2,5
MOGP_GENERATIONAL,c79e38ba-147c-11f1-9378-303ea725c124,Boston,74,225,7.219833|7.000000|1.000000,0.027008533477783203,7.0,7.563149|7.000000|1.000000,7.219833|7.000000|1.000000,7.563149|7.000000|1.000000,7,87223943168.000000,N/A,2,5
MOGP_GENERATIONAL,c79e38ba-147c-11f1-9378-303ea725c124,Boston,74,226,7.219833|7.000000|1.000000,0.02729058265686035,7.0,7.563149|7.000000|1.000000,7.219833|7.000000|1.000000,7.563149|7.000000|1.000000,7,94836342784.000000,N/A,2,5
MOGP_GENERATIONAL,c79e38ba-147c-11f1-9378-303ea725c124,Boston,74,227,7.219833|7.000000|1.000000,0.026834487915039062,7.0,7.563149|7.000000|1.000000,7.219833|7.000000|1.000000,7.563149|7.000000|1.000000,7,87898824704.000000,N/A,2,5
MOGP_GENERATIONAL,c79e38ba-147c-11f1-9378-303ea725c124,Boston,74,228,7.219833|7.000000|1.000000,0.026293516159057617,7.0,7.563149|7.000000|1.000000,7.219833|7.000000|1.000000,7.563149|7.000000|1.000000,7,83019186176.000000,N/A,2,5
MOGP_GENERATIONAL,c79e38ba-147c-11f1-9378-303ea725c124,Boston,74,229,7.219833|7.000000|1.000000,0.026094436645507812,7.0,7.563149|7.000000|1.000000,7.219833|7.000000|1.000000,7.563149|7.000000|1.000000,7,63096950784.000000,N/A,2,5
MOGP_GENERATIONAL,c79e38ba-147c-11f1-9378-303ea725c124,Boston,74,230,7.219833|7.000000|1.000000,0.027073144912719727,7.0,7.563149|7.000000|1.000000,7.219833|7.000000|1.000000,7.563149|7.000000|1.000000,7,86651035648.000000,N/A,2,5
MOGP_GENERATIONAL,c79e38ba-147c-11f1-9378-303ea725c124,Boston,74,231,7.219833|7.000000|1.000000,0.026143789291381836,7.0,7.563149|7.000000|1.000000,7.219833|7.000000|1.000000,7.563149|7.000000|1.000000,7,41061384192.000000,N/A,2,5
MOGP_GENERATIONAL,c79e38ba-147c-11f1-9378-303ea725c124,Boston,74,232,7.219833|7.000000|1.000000,0.026406526565551758,7.0,7.563149|7.000000|1.000000,7.219833|7.000000|1.000000,7.563149|7.000000|1.000000,7,85344772096.000000,N/A,2,5
MOGP_GENERATIONAL,c79e38ba-147c-11f1-9378-303ea725c124,Boston,74,233,7.219833|7.000000|1.000000,0.026836872100830078,7.0,7.563149|7.000000|1.000000,7.219833|7.000000|1.000000,7.563149|7.000000|1.000000,7,49388896256.000000,N/A,2,5
MOGP_GENERATIONAL,c79e38ba-147c-11f1-9378-303ea725c124,Boston,74,234,7.219833|7.000000|1.000000,0.0263669490814209,7.0,7.563149|7.000000|1.000000,7.219833|7.000000|1.000000,7.563149|7.000000|1.000000,7,95929827328.000000,N/A,2,5
MOGP_GENERATIONAL,c79e38ba-147c-11f1-9378-303ea725c124,Boston,74,235,7.219833|7.000000|1.000000,0.026168346405029297,7.0,7.563149|7.000000|1.000000,7.219833|7.000000|1.000000,7.563149|7.000000|1.000000,7,72182996992.000000,N/A,2,5
MOGP_GENERATIONAL,c79e38ba-147c-11f1-9378-303ea725c124,Boston,74,236,7.219833|7.000000|1.000000,0.026580095291137695,7.0,7.563149|7.000000|1.000000,7.219833|7.000000|1.000000,7.563149|7.000000|1.000000,7,27605878784.000000,N/A,2,5
MOGP_GENERATIONAL,c79e38ba-147c-11f1-9378-303ea725c124,Boston,74,237,7.219833|7.000000|1.000000,0.026213884353637695,7.0,7.563149|7.000000|1.000000,7.219833|7.000000|1.000000,7.563149|7.000000|1.000000,7,73848471552.000000,N/A,2,5
MOGP_GENERATIONAL,c79e38ba-147c-11f1-9378-303ea725c124,Boston,74,238,7.219833|7.000000|1.000000,0.025935649871826172,7.0,7.563149|7.000000|1.000000,7.219833|7.000000|1.000000,7.563149|7.000000|1.000000,7,58843312128.000000,N/A,2,5
MOGP_GENERATIONAL,c79e38ba-147c-11f1-9378-303ea725c124,Boston,74,239,7.219833|7.000000|1.000000,0.026094913482666016,7.0,7.563149|7.000000|1.000000,7.219833|7.000000|1.000000,7.563149|7.000000|1.000000,7,79960309760.000000,N/A,2,5
MOGP_GENERATIONAL,c79e38ba-147c-11f1-9378-303ea725c124,Boston,74,240,7.219833|7.000000|1.000000,0.027112245559692383,7.0,7.563149|7.000000|1.000000,7.219833|7.000000|1.000000,7.563149|7.000000|1.000000,7,68608610304.000000,N/A,2,5
MOGP_GENERATIONAL,c79e38ba-147c-11f1-9378-303ea725c124,Boston,74,241,7.219833|7.000000|1.000000,0.02659010887145996,7.0,7.563149|7.000000|1.000000,7.219833|7.000000|1.000000,7.563149|7.000000|1.000000,7,59561934848.000000,N/A,2,5
MOGP_GENERATIONAL,c79e38ba-147c-11f1-9378-303ea725c124,Boston,74,242,7.219833|7.000000|1.000000,0.026804208755493164,7.0,7.563149|7.000000|1.000000,7.219833|7.000000|1.000000,7.563149|7.000000|1.000000,7,103614414848.000000,N/A,2,5
MOGP_GENERATIONAL,c79e38ba-147c-11f1-9378-303ea725c124,Boston,74,243,7.219833|7.000000|1.000000,0.02717423439025879,7.0,7.563149|7.000000|1.000000,7.219833|7.000000|1.000000,7.563149|7.000000|1.000000,7,79003639808.000000,N/A,2,5
MOGP_GENERATIONAL,c79e38ba-147c-11f1-9378-303ea725c124,Boston,74,244,7.219833|7.000000|1.000000,0.026730775833129883,7.0,7.563149|7.000000|1.000000,7.219833|7.000000|1.000000,7.563149|7.000000|1.000000,7,93913505792.000000,N/A,2,5
MOGP_GENERATIONAL,c79e38ba-147c-11f1-9378-303ea725c124,Boston,74,245,7.219833|7.000000|1.000000,0.028227567672729492,7.0,7.563149|7.000000|1.000000,7.219833|7.000000|1.000000,7.563149|7.000000|1.000000,7,102474645504.000000,N/A,2,5
MOGP_GENERATIONAL,c79e38ba-147c-11f1-9378-303ea725c124,Boston,74,246,7.219833|7.000000|1.000000,0.02594161033630371,7.0,7.563149|7.000000|1.000000,7.219833|7.000000|1.000000,7.563149|7.000000|1.000000,7,55264591872.000000,N/A,2,5
MOGP_GENERATIONAL,c79e38ba-147c-11f1-9378-303ea725c124,Boston,74,247,7.219833|7.000000|1.000000,0.026563167572021484,7.0,7.563149|7.000000|1.000000,7.219833|7.000000|1.000000,7.563149|7.000000|1.000000,7,74385702912.000000,N/A,2,5
MOGP_GENERATIONAL,c79e38ba-147c-11f1-9378-303ea725c124,Boston,74,248,7.219833|7.000000|1.000000,0.0266268253326416,7.0,7.563149|7.000000|1.000000,7.219833|7.000000|1.000000,7.563149|7.000000|1.000000,7,34146387968.000000,N/A,2,5
MOGP_GENERATIONAL,c79e38ba-147c-11f1-9378-303ea725c124,Boston,74,249,7.219833|7.000000|1.000000,0.02629256248474121,7.0,7.563149|7.000000|1.000000,7.219833|7.000000|1.000000,7.563149|7.000000|1.000000,7,101425610752.000000,N/A,2,5
MOGP_GENERATIONAL,c79e38ba-147c-11f1-9378-303ea725c124,Boston,74,250,7.219833|7.000000|1.000000,0.02781820297241211,7.0,7.563149|7.000000|1.000000,7.219833|7.000000|1.000000,7.563149|7.000000|1.000000,7,114848530432.000000,N/A,2,5
