MOGP_NSGAII,d583c470-f1d3-11f0-a51a-6e001b3eef54,Toxicity,74,0,2261.405518|3.000000,0.9186367988586426,3.0,2468.740234|3.000000,N/A,N/A,0,159974572032.000000,N/A,5
MOGP_NSGAII,d583c470-f1d3-11f0-a51a-6e001b3eef54,Toxicity,74,1,2261.405518|3.000000,3.3166818618774414,3.0,2468.740234|3.000000,2136.099365|15.000000,2239.207275|15.000000,15,58.825760,N/A,5
MOGP_NSGAII,d583c470-f1d3-11f0-a51a-6e001b3eef54,Toxicity,74,2,2261.405518|3.000000,3.148432970046997,3.0,2468.740234|3.000000,2136.099365|15.000000,2239.207275|15.000000,15,72.772629,N/A,5
MOGP_NSGAII,d583c470-f1d3-11f0-a51a-6e001b3eef54,Toxicity,74,3,2241.010254|3.000000,3.095216989517212,3.0,2506.438232|3.000000,2136.099365|15.000000,2239.207275|15.000000,15,73.835838,N/A,5
MOGP_NSGAII,d583c470-f1d3-11f0-a51a-6e001b3eef54,Toxicity,74,4,2084.741699|3.000000,3.185096025466919,3.0,2202.287109|3.000000,2084.741699|3.000000,2202.287109|3.000000,3,74.802071,N/A,5
MOGP_NSGAII,d583c470-f1d3-11f0-a51a-6e001b3eef54,Toxicity,74,5,2084.741699|3.000000,3.0828280448913574,3.0,2202.287109|3.000000,2004.533936|17.000000,2159.060547|17.000000,17,84.451927,N/A,5
MOGP_NSGAII,d583c470-f1d3-11f0-a51a-6e001b3eef54,Toxicity,74,6,2084.741699|3.000000,3.0770461559295654,3.0,2202.287109|3.000000,2004.533936|15.000000,2159.060547|15.000000,15,77.169159,N/A,5
MOGP_NSGAII,d583c470-f1d3-11f0-a51a-6e001b3eef54,Toxicity,74,7,2084.741699|3.000000,3.0621747970581055,3.0,2202.287109|3.000000,2003.087158|13.000000,2155.931152|13.000000,13,73.326523,N/A,5
MOGP_NSGAII,d583c470-f1d3-11f0-a51a-6e001b3eef54,Toxicity,74,8,2084.741699|3.000000,3.1165671348571777,3.0,2202.287109|3.000000,1998.498901|11.000000,2187.343018|11.000000,11,61.238125,N/A,5
MOGP_NSGAII,d583c470-f1d3-11f0-a51a-6e001b3eef54,Toxicity,74,9,2079.588379|3.000000,3.09104585647583,3.0,2332.784912|3.000000,1998.498901|11.000000,2187.343018|11.000000,11,48.592926,N/A,5
MOGP_NSGAII,d583c470-f1d3-11f0-a51a-6e001b3eef54,Toxicity,74,10,2079.588379|3.000000,3.1063690185546875,3.0,2332.784912|3.000000,1995.539429|9.000000,2178.197754|9.000000,9,48.584480,N/A,5
MOGP_NSGAII,d583c470-f1d3-11f0-a51a-6e001b3eef54,Toxicity,74,11,2079.588379|3.000000,3.0136308670043945,3.0,2332.784912|3.000000,1995.539429|9.000000,2178.197754|9.000000,9,48.024689,N/A,5
MOGP_NSGAII,d583c470-f1d3-11f0-a51a-6e001b3eef54,Toxicity,74,12,2079.588379|3.000000,2.9968700408935547,3.0,2332.784912|3.000000,1995.539429|9.000000,2178.197754|9.000000,9,48.034237,N/A,5
MOGP_NSGAII,d583c470-f1d3-11f0-a51a-6e001b3eef54,Toxicity,74,13,2079.588379|3.000000,3.0388801097869873,3.0,2332.784912|3.000000,1995.539429|9.000000,2178.197754|9.000000,9,48.789509,N/A,5
MOGP_NSGAII,d583c470-f1d3-11f0-a51a-6e001b3eef54,Toxicity,74,14,2068.817627|3.000000,2.9893288612365723,3.0,2329.171631|3.000000,1992.677368|9.000000,2118.257324|9.000000,9,48.421219,N/A,5
MOGP_NSGAII,d583c470-f1d3-11f0-a51a-6e001b3eef54,Toxicity,74,15,2068.817627|3.000000,3.0322251319885254,3.0,2329.171631|3.000000,1984.020386|15.000000,2172.116699|15.000000,15,45.197792,N/A,5
MOGP_NSGAII,d583c470-f1d3-11f0-a51a-6e001b3eef54,Toxicity,74,16,2068.817627|3.000000,3.088312864303589,3.0,2329.171631|3.000000,1984.020386|15.000000,2172.116699|15.000000,15,45.012215,N/A,5
MOGP_NSGAII,d583c470-f1d3-11f0-a51a-6e001b3eef54,Toxicity,74,17,2068.817627|3.000000,3.132254123687744,3.0,2329.171631|3.000000,1964.160278|9.000000,2075.868652|9.000000,9,46.861549,N/A,5
MOGP_NSGAII,d583c470-f1d3-11f0-a51a-6e001b3eef54,Toxicity,74,18,2068.817627|3.000000,3.1574389934539795,3.0,2329.171631|3.000000,1964.160278|9.000000,2075.868652|9.000000,9,44.782352,N/A,5
MOGP_NSGAII,d583c470-f1d3-11f0-a51a-6e001b3eef54,Toxicity,74,19,2040.005493|3.000000,3.1942520141601562,3.0,2271.103027|3.000000,1964.160278|9.000000,2075.868652|9.000000,9,41.982456,N/A,5
MOGP_NSGAII,d583c470-f1d3-11f0-a51a-6e001b3eef54,Toxicity,74,20,2040.005493|3.000000,3.2328691482543945,3.0,2271.103027|3.000000,1964.160278|9.000000,2075.868652|9.000000,9,37.092148,N/A,5
MOGP_NSGAII,d583c470-f1d3-11f0-a51a-6e001b3eef54,Toxicity,74,21,2040.005493|3.000000,3.331657886505127,3.0,2271.103027|3.000000,1964.160278|9.000000,2075.868652|9.000000,9,35.924103,N/A,5
MOGP_NSGAII,d583c470-f1d3-11f0-a51a-6e001b3eef54,Toxicity,74,22,2040.005493|3.000000,3.5207509994506836,3.0,2271.103027|3.000000,1964.160278|9.000000,2075.868652|9.000000,9,26.932112,N/A,5
MOGP_NSGAII,d583c470-f1d3-11f0-a51a-6e001b3eef54,Toxicity,74,23,2040.005493|3.000000,3.7399439811706543,3.0,2271.103027|3.000000,1964.160278|9.000000,2075.868652|9.000000,9,24.287918,N/A,5
MOGP_NSGAII,d583c470-f1d3-11f0-a51a-6e001b3eef54,Toxicity,74,24,2039.634766|3.000000,4.150343894958496,3.0,2284.839844|3.000000,1964.160278|9.000000,2075.868652|9.000000,9,20.779400,N/A,5
MOGP_NSGAII,d583c470-f1d3-11f0-a51a-6e001b3eef54,Toxicity,74,25,2039.634766|3.000000,4.418100118637085,3.0,2284.839844|3.000000,1964.160278|9.000000,2075.868652|9.000000,9,21.041294,N/A,5
MOGP_NSGAII,d583c470-f1d3-11f0-a51a-6e001b3eef54,Toxicity,74,26,2039.634766|3.000000,4.493778944015503,3.0,2284.839844|3.000000,1964.160278|9.000000,2075.868652|9.000000,9,21.417135,N/A,5
MOGP_NSGAII,d583c470-f1d3-11f0-a51a-6e001b3eef54,Toxicity,74,27,2039.634766|3.000000,4.422324895858765,3.0,2284.839844|3.000000,1964.160278|9.000000,2075.868652|9.000000,9,20.813658,N/A,5
MOGP_NSGAII,d583c470-f1d3-11f0-a51a-6e001b3eef54,Toxicity,74,28,2039.634766|3.000000,4.436758041381836,3.0,2284.839844|3.000000,1964.160278|9.000000,2075.868652|9.000000,9,22.058523,N/A,5
MOGP_NSGAII,d583c470-f1d3-11f0-a51a-6e001b3eef54,Toxicity,74,29,2039.634766|3.000000,4.079203844070435,3.0,2284.839844|3.000000,1957.434204|9.000000,2102.228516|9.000000,9,23.144880,N/A,5
MOGP_NSGAII,d583c470-f1d3-11f0-a51a-6e001b3eef54,Toxicity,74,30,2039.634766|3.000000,4.0176100730896,3.0,2284.839844|3.000000,1957.434204|9.000000,2102.228516|9.000000,9,24.295380,N/A,5
MOGP_NSGAII,d583c470-f1d3-11f0-a51a-6e001b3eef54,Toxicity,74,31,2039.634766|3.000000,3.964183807373047,3.0,2284.839844|3.000000,1957.434204|9.000000,2102.228516|9.000000,9,25.619946,N/A,5
MOGP_NSGAII,d583c470-f1d3-11f0-a51a-6e001b3eef54,Toxicity,74,32,2039.634766|3.000000,3.596446990966797,3.0,2284.839844|3.000000,1957.434204|9.000000,2102.228516|9.000000,9,25.576191,N/A,5
MOGP_NSGAII,d583c470-f1d3-11f0-a51a-6e001b3eef54,Toxicity,74,33,2039.634766|3.000000,3.6774380207061768,3.0,2284.839844|3.000000,1957.434204|9.000000,2102.228516|9.000000,9,21.871103,N/A,5
MOGP_NSGAII,d583c470-f1d3-11f0-a51a-6e001b3eef54,Toxicity,74,34,2039.634766|3.000000,4.112635135650635,3.0,2284.839844|3.000000,1957.434204|9.000000,2102.228516|9.000000,9,13.602696,N/A,5
MOGP_NSGAII,d583c470-f1d3-11f0-a51a-6e001b3eef54,Toxicity,74,35,2039.634766|3.000000,5.05930495262146,3.0,2284.839844|3.000000,1957.434204|9.000000,2102.228516|9.000000,9,7.911593,N/A,5
MOGP_NSGAII,d583c470-f1d3-11f0-a51a-6e001b3eef54,Toxicity,74,36,2039.634766|3.000000,5.182982921600342,3.0,2284.839844|3.000000,1957.434204|9.000000,2102.228516|9.000000,9,7.911593,N/A,5
MOGP_NSGAII,d583c470-f1d3-11f0-a51a-6e001b3eef54,Toxicity,74,37,2039.634766|3.000000,5.175213098526001,3.0,2284.839844|3.000000,1957.434204|9.000000,2102.228516|9.000000,9,7.911593,N/A,5
MOGP_NSGAII,d583c470-f1d3-11f0-a51a-6e001b3eef54,Toxicity,74,38,2039.634766|3.000000,5.18717098236084,3.0,2284.839844|3.000000,1957.434204|9.000000,2102.228516|9.000000,9,7.911593,N/A,5
MOGP_NSGAII,d583c470-f1d3-11f0-a51a-6e001b3eef54,Toxicity,74,39,2039.634766|3.000000,5.194799184799194,3.0,2284.839844|3.000000,1957.434204|9.000000,2102.228516|9.000000,9,7.911593,N/A,5
MOGP_NSGAII,d583c470-f1d3-11f0-a51a-6e001b3eef54,Toxicity,74,40,2039.634766|3.000000,5.2503979206085205,3.0,2284.839844|3.000000,1957.434204|9.000000,2102.228516|9.000000,9,7.911593,N/A,5
MOGP_NSGAII,d583c470-f1d3-11f0-a51a-6e001b3eef54,Toxicity,74,41,2039.634766|3.000000,5.083407163619995,3.0,2284.839844|3.000000,1957.434204|9.000000,2102.228516|9.000000,9,7.911593,N/A,5
MOGP_NSGAII,d583c470-f1d3-11f0-a51a-6e001b3eef54,Toxicity,74,42,2039.634766|3.000000,5.173520088195801,3.0,2284.839844|3.000000,1957.434204|9.000000,2102.228516|9.000000,9,7.911593,N/A,5
MOGP_NSGAII,d583c470-f1d3-11f0-a51a-6e001b3eef54,Toxicity,74,43,2039.634766|3.000000,4.9893739223480225,3.0,2284.839844|3.000000,1957.434204|9.000000,2102.228516|9.000000,9,7.911593,N/A,5
MOGP_NSGAII,d583c470-f1d3-11f0-a51a-6e001b3eef54,Toxicity,74,44,2039.634766|3.000000,5.310322999954224,3.0,2284.839844|3.000000,1957.434204|9.000000,2102.228516|9.000000,9,7.911593,N/A,5
MOGP_NSGAII,d583c470-f1d3-11f0-a51a-6e001b3eef54,Toxicity,74,45,2039.634766|3.000000,5.252562761306763,3.0,2284.839844|3.000000,1957.434204|9.000000,2102.228516|9.000000,9,7.911593,N/A,5
MOGP_NSGAII,d583c470-f1d3-11f0-a51a-6e001b3eef54,Toxicity,74,46,2039.634766|3.000000,5.0904717445373535,3.0,2284.839844|3.000000,1957.434204|9.000000,2102.228516|9.000000,9,7.911593,N/A,5
MOGP_NSGAII,d583c470-f1d3-11f0-a51a-6e001b3eef54,Toxicity,74,47,2039.634766|3.000000,5.168489933013916,3.0,2284.839844|3.000000,1957.434204|9.000000,2102.228516|9.000000,9,7.911593,N/A,5
MOGP_NSGAII,d583c470-f1d3-11f0-a51a-6e001b3eef54,Toxicity,74,48,2039.634766|3.000000,5.274492979049683,3.0,2284.839844|3.000000,1957.434204|9.000000,2102.228516|9.000000,9,7.911593,N/A,5
MOGP_NSGAII,d583c470-f1d3-11f0-a51a-6e001b3eef54,Toxicity,74,49,2039.634766|3.000000,5.2885661125183105,3.0,2284.839844|3.000000,1957.434204|9.000000,2102.228516|9.000000,9,7.911593,N/A,5
MOGP_NSGAII,d583c470-f1d3-11f0-a51a-6e001b3eef54,Toxicity,74,50,2039.634766|3.000000,5.2774810791015625,3.0,2284.839844|3.000000,1957.434204|9.000000,2102.228516|9.000000,9,7.911593,N/A,5
MOGP_NSGAII,d583c470-f1d3-11f0-a51a-6e001b3eef54,Toxicity,74,51,2039.634766|3.000000,5.148750305175781,3.0,2284.839844|3.000000,1957.434204|9.000000,2102.228516|9.000000,9,7.911593,N/A,5
MOGP_NSGAII,d583c470-f1d3-11f0-a51a-6e001b3eef54,Toxicity,74,52,2039.634766|3.000000,5.38949728012085,3.0,2284.839844|3.000000,1957.434204|9.000000,2102.228516|9.000000,9,7.911593,N/A,5
MOGP_NSGAII,d583c470-f1d3-11f0-a51a-6e001b3eef54,Toxicity,74,53,2039.634766|3.000000,5.115072965621948,3.0,2284.839844|3.000000,1957.434204|9.000000,2102.228516|9.000000,9,7.911593,N/A,5
MOGP_NSGAII,d583c470-f1d3-11f0-a51a-6e001b3eef54,Toxicity,74,54,2039.634766|3.000000,5.455575942993164,3.0,2284.839844|3.000000,1957.434204|9.000000,2102.228516|9.000000,9,7.911593,N/A,5
MOGP_NSGAII,d583c470-f1d3-11f0-a51a-6e001b3eef54,Toxicity,74,55,2039.634766|3.000000,5.169075965881348,3.0,2284.839844|3.000000,1957.434204|9.000000,2102.228516|9.000000,9,7.911593,N/A,5
MOGP_NSGAII,d583c470-f1d3-11f0-a51a-6e001b3eef54,Toxicity,74,56,2039.634766|3.000000,5.0809550285339355,3.0,2284.839844|3.000000,1957.434204|9.000000,2102.228516|9.000000,9,7.911593,N/A,5
MOGP_NSGAII,d583c470-f1d3-11f0-a51a-6e001b3eef54,Toxicity,74,57,2039.634766|3.000000,5.103615999221802,3.0,2284.839844|3.000000,1957.434204|9.000000,2102.228516|9.000000,9,7.911593,N/A,5
MOGP_NSGAII,d583c470-f1d3-11f0-a51a-6e001b3eef54,Toxicity,74,58,2039.634766|3.000000,5.034702777862549,3.0,2284.839844|3.000000,1957.434204|9.000000,2102.228516|9.000000,9,7.911593,N/A,5
MOGP_NSGAII,d583c470-f1d3-11f0-a51a-6e001b3eef54,Toxicity,74,59,2039.634766|3.000000,5.329919099807739,3.0,2284.839844|3.000000,1957.434204|9.000000,2102.228516|9.000000,9,7.911593,N/A,5
MOGP_NSGAII,d583c470-f1d3-11f0-a51a-6e001b3eef54,Toxicity,74,60,2039.634766|3.000000,5.3843138217926025,3.0,2284.839844|3.000000,1957.434204|9.000000,2102.228516|9.000000,9,7.911593,N/A,5
MOGP_NSGAII,d583c470-f1d3-11f0-a51a-6e001b3eef54,Toxicity,74,61,2039.634766|3.000000,5.1235010623931885,3.0,2284.839844|3.000000,1957.434204|9.000000,2102.228516|9.000000,9,7.911593,N/A,5
MOGP_NSGAII,d583c470-f1d3-11f0-a51a-6e001b3eef54,Toxicity,74,62,2039.634766|3.000000,5.282682657241821,3.0,2284.839844|3.000000,1957.434204|9.000000,2102.228516|9.000000,9,7.911593,N/A,5
MOGP_NSGAII,d583c470-f1d3-11f0-a51a-6e001b3eef54,Toxicity,74,63,2039.634766|3.000000,5.1659770011901855,3.0,2284.839844|3.000000,1957.434204|9.000000,2102.228516|9.000000,9,7.911593,N/A,5
MOGP_NSGAII,d583c470-f1d3-11f0-a51a-6e001b3eef54,Toxicity,74,64,2039.634766|3.000000,5.103900909423828,3.0,2284.839844|3.000000,1957.434204|9.000000,2102.228516|9.000000,9,7.911593,N/A,5
MOGP_NSGAII,d583c470-f1d3-11f0-a51a-6e001b3eef54,Toxicity,74,65,2039.634766|3.000000,5.200376272201538,3.0,2284.839844|3.000000,1957.434204|9.000000,2102.228516|9.000000,9,7.911593,N/A,5
MOGP_NSGAII,d583c470-f1d3-11f0-a51a-6e001b3eef54,Toxicity,74,66,2039.634766|3.000000,5.091683864593506,3.0,2284.839844|3.000000,1957.434204|9.000000,2102.228516|9.000000,9,7.911593,N/A,5
MOGP_NSGAII,d583c470-f1d3-11f0-a51a-6e001b3eef54,Toxicity,74,67,2039.634766|3.000000,4.992254018783569,3.0,2284.839844|3.000000,1957.434204|9.000000,2102.228516|9.000000,9,7.911593,N/A,5
MOGP_NSGAII,d583c470-f1d3-11f0-a51a-6e001b3eef54,Toxicity,74,68,2039.634766|3.000000,5.3415327072143555,3.0,2284.839844|3.000000,1957.434204|9.000000,2102.228516|9.000000,9,7.911593,N/A,5
MOGP_NSGAII,d583c470-f1d3-11f0-a51a-6e001b3eef54,Toxicity,74,69,2039.634766|3.000000,5.014444828033447,3.0,2284.839844|3.000000,1957.434204|9.000000,2102.228516|9.000000,9,7.911593,N/A,5
MOGP_NSGAII,d583c470-f1d3-11f0-a51a-6e001b3eef54,Toxicity,74,70,2039.634766|3.000000,5.222637891769409,3.0,2284.839844|3.000000,1957.434204|9.000000,2102.228516|9.000000,9,7.911593,N/A,5
MOGP_NSGAII,d583c470-f1d3-11f0-a51a-6e001b3eef54,Toxicity,74,71,2039.634766|3.000000,5.297269105911255,3.0,2284.839844|3.000000,1957.434204|9.000000,2102.228516|9.000000,9,7.911593,N/A,5
MOGP_NSGAII,d583c470-f1d3-11f0-a51a-6e001b3eef54,Toxicity,74,72,2039.634766|3.000000,5.301661968231201,3.0,2284.839844|3.000000,1957.434204|9.000000,2102.228516|9.000000,9,7.911593,N/A,5
MOGP_NSGAII,d583c470-f1d3-11f0-a51a-6e001b3eef54,Toxicity,74,73,2039.634766|3.000000,5.258545160293579,3.0,2284.839844|3.000000,1957.434204|9.000000,2102.228516|9.000000,9,7.911593,N/A,5
MOGP_NSGAII,d583c470-f1d3-11f0-a51a-6e001b3eef54,Toxicity,74,74,2039.634766|3.000000,5.278969049453735,3.0,2284.839844|3.000000,1957.434204|9.000000,2102.228516|9.000000,9,7.911593,N/A,5
MOGP_NSGAII,d583c470-f1d3-11f0-a51a-6e001b3eef54,Toxicity,74,75,2039.634766|3.000000,5.0390050411224365,3.0,2284.839844|3.000000,1957.434204|9.000000,2102.228516|9.000000,9,7.911593,N/A,5
MOGP_NSGAII,d583c470-f1d3-11f0-a51a-6e001b3eef54,Toxicity,74,76,2039.634766|3.000000,5.186359167098999,3.0,2284.839844|3.000000,1957.434204|9.000000,2102.228516|9.000000,9,7.911593,N/A,5
MOGP_NSGAII,d583c470-f1d3-11f0-a51a-6e001b3eef54,Toxicity,74,77,2039.634766|3.000000,5.057236909866333,3.0,2284.839844|3.000000,1957.434204|9.000000,2102.228516|9.000000,9,7.911593,N/A,5
MOGP_NSGAII,d583c470-f1d3-11f0-a51a-6e001b3eef54,Toxicity,74,78,2039.634766|3.000000,5.208209991455078,3.0,2284.839844|3.000000,1957.434204|9.000000,2102.228516|9.000000,9,7.911593,N/A,5
MOGP_NSGAII,d583c470-f1d3-11f0-a51a-6e001b3eef54,Toxicity,74,79,2039.634766|3.000000,5.352438926696777,3.0,2284.839844|3.000000,1957.434204|9.000000,2102.228516|9.000000,9,7.911593,N/A,5
MOGP_NSGAII,d583c470-f1d3-11f0-a51a-6e001b3eef54,Toxicity,74,80,2039.634766|3.000000,5.221660137176514,3.0,2284.839844|3.000000,1957.434204|9.000000,2102.228516|9.000000,9,7.911593,N/A,5
MOGP_NSGAII,d583c470-f1d3-11f0-a51a-6e001b3eef54,Toxicity,74,81,2039.634766|3.000000,5.256032943725586,3.0,2284.839844|3.000000,1957.434204|9.000000,2102.228516|9.000000,9,7.911593,N/A,5
MOGP_NSGAII,d583c470-f1d3-11f0-a51a-6e001b3eef54,Toxicity,74,82,2039.634766|3.000000,5.126263856887817,3.0,2284.839844|3.000000,1957.434204|9.000000,2102.228516|9.000000,9,7.911593,N/A,5
MOGP_NSGAII,d583c470-f1d3-11f0-a51a-6e001b3eef54,Toxicity,74,83,2039.634766|3.000000,5.22334885597229,3.0,2284.839844|3.000000,1957.434204|9.000000,2102.228516|9.000000,9,7.911593,N/A,5
MOGP_NSGAII,d583c470-f1d3-11f0-a51a-6e001b3eef54,Toxicity,74,84,2039.634766|3.000000,5.345947265625,3.0,2284.839844|3.000000,1957.434204|9.000000,2102.228516|9.000000,9,7.911593,N/A,5
MOGP_NSGAII,d583c470-f1d3-11f0-a51a-6e001b3eef54,Toxicity,74,85,2039.634766|3.000000,5.210342884063721,3.0,2284.839844|3.000000,1957.434204|9.000000,2102.228516|9.000000,9,7.911593,N/A,5
MOGP_NSGAII,d583c470-f1d3-11f0-a51a-6e001b3eef54,Toxicity,74,86,2039.634766|3.000000,5.1673948764801025,3.0,2284.839844|3.000000,1948.868408|9.000000,2108.277344|9.000000,9,7.050228,N/A,5
MOGP_NSGAII,d583c470-f1d3-11f0-a51a-6e001b3eef54,Toxicity,74,87,2039.634766|3.000000,5.422457218170166,3.0,2284.839844|3.000000,1948.868408|9.000000,2108.277344|9.000000,9,7.050228,N/A,5
MOGP_NSGAII,d583c470-f1d3-11f0-a51a-6e001b3eef54,Toxicity,74,88,2039.634766|3.000000,5.16374397277832,3.0,2284.839844|3.000000,1948.868408|9.000000,2108.277344|9.000000,9,7.050228,N/A,5
MOGP_NSGAII,d583c470-f1d3-11f0-a51a-6e001b3eef54,Toxicity,74,89,2039.634766|3.000000,5.4234559535980225,3.0,2284.839844|3.000000,1948.868408|9.000000,2108.277344|9.000000,9,7.050228,N/A,5
MOGP_NSGAII,d583c470-f1d3-11f0-a51a-6e001b3eef54,Toxicity,74,90,2039.634766|3.000000,5.2213311195373535,3.0,2284.839844|3.000000,1948.868408|9.000000,2108.277344|9.000000,9,7.050228,N/A,5
MOGP_NSGAII,d583c470-f1d3-11f0-a51a-6e001b3eef54,Toxicity,74,91,2039.634766|3.000000,5.315086841583252,3.0,2284.839844|3.000000,1948.868408|9.000000,2108.277344|9.000000,9,8.361913,N/A,5
MOGP_NSGAII,d583c470-f1d3-11f0-a51a-6e001b3eef54,Toxicity,74,92,2039.634766|3.000000,5.282648801803589,3.0,2284.839844|3.000000,1948.868408|9.000000,2108.277344|9.000000,9,8.361913,N/A,5
MOGP_NSGAII,d583c470-f1d3-11f0-a51a-6e001b3eef54,Toxicity,74,93,2039.634766|3.000000,5.322649240493774,3.0,2284.839844|3.000000,1948.868408|9.000000,2108.277344|9.000000,9,8.361913,N/A,5
MOGP_NSGAII,d583c470-f1d3-11f0-a51a-6e001b3eef54,Toxicity,74,94,2039.634766|3.000000,5.315975189208984,3.0,2284.839844|3.000000,1948.868408|9.000000,2108.277344|9.000000,9,8.361913,N/A,5
MOGP_NSGAII,d583c470-f1d3-11f0-a51a-6e001b3eef54,Toxicity,74,95,2039.634766|3.000000,5.256738185882568,3.0,2284.839844|3.000000,1948.868408|9.000000,2108.277344|9.000000,9,8.361913,N/A,5
MOGP_NSGAII,d583c470-f1d3-11f0-a51a-6e001b3eef54,Toxicity,74,96,2039.634766|3.000000,5.203950881958008,3.0,2284.839844|3.000000,1948.868408|9.000000,2108.277344|9.000000,9,8.361913,N/A,5
MOGP_NSGAII,d583c470-f1d3-11f0-a51a-6e001b3eef54,Toxicity,74,97,2039.634766|3.000000,5.171568870544434,3.0,2284.839844|3.000000,1948.868408|9.000000,2108.277344|9.000000,9,8.361913,N/A,5
MOGP_NSGAII,d583c470-f1d3-11f0-a51a-6e001b3eef54,Toxicity,74,98,2039.634766|3.000000,5.2930967807769775,3.0,2284.839844|3.000000,1948.868408|9.000000,2108.277344|9.000000,9,8.361913,N/A,5
MOGP_NSGAII,d583c470-f1d3-11f0-a51a-6e001b3eef54,Toxicity,74,99,2039.634766|3.000000,5.210774898529053,3.0,2284.839844|3.000000,1948.868408|9.000000,2108.277344|9.000000,9,8.361913,N/A,5
MOGP_NSGAII,d583c470-f1d3-11f0-a51a-6e001b3eef54,Toxicity,74,100,2039.634766|3.000000,5.140167236328125,3.0,2284.839844|3.000000,1948.868408|9.000000,2108.277344|9.000000,9,8.361913,N/A,5
MOGP_NSGAII,d583c470-f1d3-11f0-a51a-6e001b3eef54,Toxicity,74,101,2039.634766|3.000000,5.232403755187988,3.0,2284.839844|3.000000,1948.868408|9.000000,2108.277344|9.000000,9,8.361913,N/A,5
MOGP_NSGAII,d583c470-f1d3-11f0-a51a-6e001b3eef54,Toxicity,74,102,2039.634766|3.000000,5.270069122314453,3.0,2284.839844|3.000000,1948.868408|9.000000,2108.277344|9.000000,9,8.361913,N/A,5
MOGP_NSGAII,d583c470-f1d3-11f0-a51a-6e001b3eef54,Toxicity,74,103,2039.634766|3.000000,5.28131103515625,3.0,2284.839844|3.000000,1948.868408|9.000000,2108.277344|9.000000,9,8.361913,N/A,5
MOGP_NSGAII,d583c470-f1d3-11f0-a51a-6e001b3eef54,Toxicity,74,104,2039.634766|3.000000,5.256554365158081,3.0,2284.839844|3.000000,1948.868408|9.000000,2108.277344|9.000000,9,8.361913,N/A,5
MOGP_NSGAII,d583c470-f1d3-11f0-a51a-6e001b3eef54,Toxicity,74,105,2039.634766|3.000000,5.3208582401275635,3.0,2284.839844|3.000000,1948.868408|9.000000,2108.277344|9.000000,9,8.361913,N/A,5
MOGP_NSGAII,d583c470-f1d3-11f0-a51a-6e001b3eef54,Toxicity,74,106,2039.634766|3.000000,5.2518908977508545,3.0,2284.839844|3.000000,1948.868408|9.000000,2108.277344|9.000000,9,8.361913,N/A,5
MOGP_NSGAII,d583c470-f1d3-11f0-a51a-6e001b3eef54,Toxicity,74,107,2039.634766|3.000000,5.185364007949829,3.0,2284.839844|3.000000,1948.868408|9.000000,2108.277344|9.000000,9,8.361913,N/A,5
MOGP_NSGAII,d583c470-f1d3-11f0-a51a-6e001b3eef54,Toxicity,74,108,2039.634766|3.000000,5.3900768756866455,3.0,2284.839844|3.000000,1948.868408|9.000000,2108.277344|9.000000,9,8.361913,N/A,5
MOGP_NSGAII,d583c470-f1d3-11f0-a51a-6e001b3eef54,Toxicity,74,109,2039.634766|3.000000,5.4831318855285645,3.0,2284.839844|3.000000,1948.868408|9.000000,2108.277344|9.000000,9,8.361913,N/A,5
MOGP_NSGAII,d583c470-f1d3-11f0-a51a-6e001b3eef54,Toxicity,74,110,2039.634766|3.000000,5.124661207199097,3.0,2284.839844|3.000000,1948.868408|9.000000,2108.277344|9.000000,9,8.361913,N/A,5
MOGP_NSGAII,d583c470-f1d3-11f0-a51a-6e001b3eef54,Toxicity,74,111,2039.634766|3.000000,5.357946872711182,3.0,2284.839844|3.000000,1948.868408|9.000000,2108.277344|9.000000,9,8.361913,N/A,5
MOGP_NSGAII,d583c470-f1d3-11f0-a51a-6e001b3eef54,Toxicity,74,112,2039.634766|3.000000,5.186995267868042,3.0,2284.839844|3.000000,1948.868408|9.000000,2108.277344|9.000000,9,8.361913,N/A,5
MOGP_NSGAII,d583c470-f1d3-11f0-a51a-6e001b3eef54,Toxicity,74,113,2039.634766|3.000000,5.372693061828613,3.0,2284.839844|3.000000,1948.868408|9.000000,2108.277344|9.000000,9,8.361913,N/A,5
MOGP_NSGAII,d583c470-f1d3-11f0-a51a-6e001b3eef54,Toxicity,74,114,2039.634766|3.000000,5.336432218551636,3.0,2284.839844|3.000000,1948.868408|9.000000,2108.277344|9.000000,9,8.361913,N/A,5
MOGP_NSGAII,d583c470-f1d3-11f0-a51a-6e001b3eef54,Toxicity,74,115,2039.634766|3.000000,5.2537572383880615,3.0,2284.839844|3.000000,1948.868408|9.000000,2108.277344|9.000000,9,8.361913,N/A,5
MOGP_NSGAII,d583c470-f1d3-11f0-a51a-6e001b3eef54,Toxicity,74,116,2039.634766|3.000000,5.1642937660217285,3.0,2284.839844|3.000000,1948.868408|9.000000,2108.277344|9.000000,9,8.361913,N/A,5
MOGP_NSGAII,d583c470-f1d3-11f0-a51a-6e001b3eef54,Toxicity,74,117,2039.634766|3.000000,5.273722171783447,3.0,2284.839844|3.000000,1948.868408|9.000000,2108.277344|9.000000,9,8.361913,N/A,5
MOGP_NSGAII,d583c470-f1d3-11f0-a51a-6e001b3eef54,Toxicity,74,118,2039.634766|3.000000,5.26100492477417,3.0,2284.839844|3.000000,1948.868408|9.000000,2108.277344|9.000000,9,8.361913,N/A,5
MOGP_NSGAII,d583c470-f1d3-11f0-a51a-6e001b3eef54,Toxicity,74,119,2039.634766|3.000000,5.179950952529907,3.0,2284.839844|3.000000,1948.868408|9.000000,2108.277344|9.000000,9,8.361913,N/A,5
MOGP_NSGAII,d583c470-f1d3-11f0-a51a-6e001b3eef54,Toxicity,74,120,2039.634766|3.000000,5.042223930358887,3.0,2284.839844|3.000000,1948.868408|9.000000,2108.277344|9.000000,9,8.361913,N/A,5
MOGP_NSGAII,d583c470-f1d3-11f0-a51a-6e001b3eef54,Toxicity,74,121,2039.634766|3.000000,5.104959011077881,3.0,2284.839844|3.000000,1948.868408|9.000000,2108.277344|9.000000,9,8.361913,N/A,5
MOGP_NSGAII,d583c470-f1d3-11f0-a51a-6e001b3eef54,Toxicity,74,122,2039.634766|3.000000,5.234363079071045,3.0,2284.839844|3.000000,1948.868408|9.000000,2108.277344|9.000000,9,8.361913,N/A,5
MOGP_NSGAII,d583c470-f1d3-11f0-a51a-6e001b3eef54,Toxicity,74,123,2039.634766|3.000000,5.256827116012573,3.0,2284.839844|3.000000,1948.868408|9.000000,2108.277344|9.000000,9,8.361913,N/A,5
MOGP_NSGAII,d583c470-f1d3-11f0-a51a-6e001b3eef54,Toxicity,74,124,2039.634766|3.000000,5.282620906829834,3.0,2284.839844|3.000000,1948.868408|9.000000,2108.277344|9.000000,9,8.361913,N/A,5
MOGP_NSGAII,d583c470-f1d3-11f0-a51a-6e001b3eef54,Toxicity,74,125,2039.634766|3.000000,5.281661033630371,3.0,2284.839844|3.000000,1948.868408|9.000000,2108.277344|9.000000,9,8.399495,N/A,5
MOGP_NSGAII,d583c470-f1d3-11f0-a51a-6e001b3eef54,Toxicity,74,126,2039.634766|3.000000,5.232609033584595,3.0,2284.839844|3.000000,1948.868408|9.000000,2108.277344|9.000000,9,8.647283,N/A,5
MOGP_NSGAII,d583c470-f1d3-11f0-a51a-6e001b3eef54,Toxicity,74,127,2039.634766|3.000000,5.194652795791626,3.0,2284.839844|3.000000,1948.868408|9.000000,2108.277344|9.000000,9,8.647283,N/A,5
MOGP_NSGAII,d583c470-f1d3-11f0-a51a-6e001b3eef54,Toxicity,74,128,2039.634766|3.000000,5.228508949279785,3.0,2284.839844|3.000000,1948.868408|9.000000,2108.277344|9.000000,9,8.647283,N/A,5
MOGP_NSGAII,d583c470-f1d3-11f0-a51a-6e001b3eef54,Toxicity,74,129,2039.634766|3.000000,5.17536187171936,3.0,2284.839844|3.000000,1948.868408|9.000000,2108.277344|9.000000,9,8.647283,N/A,5
MOGP_NSGAII,d583c470-f1d3-11f0-a51a-6e001b3eef54,Toxicity,74,130,2039.634766|3.000000,5.251250743865967,3.0,2284.839844|3.000000,1948.868408|9.000000,2108.277344|9.000000,9,8.647283,N/A,5
MOGP_NSGAII,d583c470-f1d3-11f0-a51a-6e001b3eef54,Toxicity,74,131,2039.634766|3.000000,5.2584240436553955,3.0,2284.839844|3.000000,1948.868408|9.000000,2108.277344|9.000000,9,8.647283,N/A,5
MOGP_NSGAII,d583c470-f1d3-11f0-a51a-6e001b3eef54,Toxicity,74,132,2039.634766|3.000000,5.118835210800171,3.0,2284.839844|3.000000,1948.868408|9.000000,2108.277344|9.000000,9,8.647283,N/A,5
MOGP_NSGAII,d583c470-f1d3-11f0-a51a-6e001b3eef54,Toxicity,74,133,2039.634766|3.000000,5.1885151863098145,3.0,2284.839844|3.000000,1948.868408|9.000000,2108.277344|9.000000,9,8.647283,N/A,5
MOGP_NSGAII,d583c470-f1d3-11f0-a51a-6e001b3eef54,Toxicity,74,134,2039.634766|3.000000,5.099308013916016,3.0,2284.839844|3.000000,1948.868408|9.000000,2108.277344|9.000000,9,8.647283,N/A,5
MOGP_NSGAII,d583c470-f1d3-11f0-a51a-6e001b3eef54,Toxicity,74,135,2039.634766|3.000000,5.204008102416992,3.0,2284.839844|3.000000,1948.868408|9.000000,2108.277344|9.000000,9,8.647283,N/A,5
MOGP_NSGAII,d583c470-f1d3-11f0-a51a-6e001b3eef54,Toxicity,74,136,2039.634766|3.000000,5.1989219188690186,3.0,2284.839844|3.000000,1948.868408|9.000000,2108.277344|9.000000,9,8.647283,N/A,5
MOGP_NSGAII,d583c470-f1d3-11f0-a51a-6e001b3eef54,Toxicity,74,137,2039.634766|3.000000,5.169137001037598,3.0,2284.839844|3.000000,1948.868408|9.000000,2108.277344|9.000000,9,8.647283,N/A,5
MOGP_NSGAII,d583c470-f1d3-11f0-a51a-6e001b3eef54,Toxicity,74,138,2039.634766|3.000000,5.231815814971924,3.0,2284.839844|3.000000,1948.868408|9.000000,2108.277344|9.000000,9,8.647283,N/A,5
MOGP_NSGAII,d583c470-f1d3-11f0-a51a-6e001b3eef54,Toxicity,74,139,2039.634766|3.000000,5.137781858444214,3.0,2284.839844|3.000000,1948.868408|9.000000,2108.277344|9.000000,9,8.647283,N/A,5
MOGP_NSGAII,d583c470-f1d3-11f0-a51a-6e001b3eef54,Toxicity,74,140,2039.634766|3.000000,5.096496820449829,3.0,2284.839844|3.000000,1948.868408|9.000000,2108.277344|9.000000,9,8.647283,N/A,5
MOGP_NSGAII,d583c470-f1d3-11f0-a51a-6e001b3eef54,Toxicity,74,141,2039.634766|3.000000,5.0880138874053955,3.0,2284.839844|3.000000,1948.868408|9.000000,2108.277344|9.000000,9,8.647283,N/A,5
MOGP_NSGAII,d583c470-f1d3-11f0-a51a-6e001b3eef54,Toxicity,74,142,2039.634766|3.000000,5.189960956573486,3.0,2284.839844|3.000000,1948.868408|9.000000,2108.277344|9.000000,9,8.860356,N/A,5
MOGP_NSGAII,d583c470-f1d3-11f0-a51a-6e001b3eef54,Toxicity,74,143,2039.634766|3.000000,5.253337144851685,3.0,2284.839844|3.000000,1948.868408|9.000000,2108.277344|9.000000,9,8.860356,N/A,5
MOGP_NSGAII,d583c470-f1d3-11f0-a51a-6e001b3eef54,Toxicity,74,144,2039.634766|3.000000,5.270846128463745,3.0,2284.839844|3.000000,1948.868408|9.000000,2108.277344|9.000000,9,8.860356,N/A,5
MOGP_NSGAII,d583c470-f1d3-11f0-a51a-6e001b3eef54,Toxicity,74,145,2039.634766|3.000000,5.209137201309204,3.0,2284.839844|3.000000,1948.868408|9.000000,2108.277344|9.000000,9,9.520703,N/A,5
MOGP_NSGAII,d583c470-f1d3-11f0-a51a-6e001b3eef54,Toxicity,74,146,2039.634766|3.000000,5.171741008758545,3.0,2284.839844|3.000000,1948.868408|9.000000,2108.277344|9.000000,9,9.520703,N/A,5
MOGP_NSGAII,d583c470-f1d3-11f0-a51a-6e001b3eef54,Toxicity,74,147,2039.634766|3.000000,5.291188955307007,3.0,2284.839844|3.000000,1948.868408|9.000000,2108.277344|9.000000,9,9.520703,N/A,5
MOGP_NSGAII,d583c470-f1d3-11f0-a51a-6e001b3eef54,Toxicity,74,148,2039.634766|3.000000,5.325588941574097,3.0,2284.839844|3.000000,1948.868408|9.000000,2108.277344|9.000000,9,9.520703,N/A,5
MOGP_NSGAII,d583c470-f1d3-11f0-a51a-6e001b3eef54,Toxicity,74,149,2039.634766|3.000000,5.195105075836182,3.0,2284.839844|3.000000,1948.868408|9.000000,2108.277344|9.000000,9,9.520703,N/A,5
MOGP_NSGAII,d583c470-f1d3-11f0-a51a-6e001b3eef54,Toxicity,74,150,2039.634766|3.000000,5.204620122909546,3.0,2284.839844|3.000000,1948.868408|9.000000,2108.277344|9.000000,9,9.520703,N/A,5
MOGP_NSGAII,d583c470-f1d3-11f0-a51a-6e001b3eef54,Toxicity,74,151,2039.634766|3.000000,5.121755838394165,3.0,2284.839844|3.000000,1948.868408|9.000000,2108.277344|9.000000,9,9.520703,N/A,5
MOGP_NSGAII,d583c470-f1d3-11f0-a51a-6e001b3eef54,Toxicity,74,152,2039.634766|3.000000,5.206205129623413,3.0,2284.839844|3.000000,1948.868408|9.000000,2108.277344|9.000000,9,9.520703,N/A,5
MOGP_NSGAII,d583c470-f1d3-11f0-a51a-6e001b3eef54,Toxicity,74,153,2039.634766|3.000000,5.187749147415161,3.0,2284.839844|3.000000,1948.868408|9.000000,2108.277344|9.000000,9,9.520703,N/A,5
MOGP_NSGAII,d583c470-f1d3-11f0-a51a-6e001b3eef54,Toxicity,74,154,2039.634766|3.000000,5.260140895843506,3.0,2284.839844|3.000000,1948.868408|9.000000,2108.277344|9.000000,9,9.520703,N/A,5
MOGP_NSGAII,d583c470-f1d3-11f0-a51a-6e001b3eef54,Toxicity,74,155,2039.634766|3.000000,5.2137391567230225,3.0,2284.839844|3.000000,1948.868408|9.000000,2108.277344|9.000000,9,9.520703,N/A,5
MOGP_NSGAII,d583c470-f1d3-11f0-a51a-6e001b3eef54,Toxicity,74,156,2039.634766|3.000000,5.146909236907959,3.0,2284.839844|3.000000,1948.868408|9.000000,2108.277344|9.000000,9,9.520703,N/A,5
MOGP_NSGAII,d583c470-f1d3-11f0-a51a-6e001b3eef54,Toxicity,74,157,2039.634766|3.000000,5.312726020812988,3.0,2284.839844|3.000000,1948.868408|9.000000,2108.277344|9.000000,9,9.520703,N/A,5
MOGP_NSGAII,d583c470-f1d3-11f0-a51a-6e001b3eef54,Toxicity,74,158,2039.634766|3.000000,5.246149063110352,3.0,2284.839844|3.000000,1948.868408|9.000000,2108.277344|9.000000,9,9.520703,N/A,5
MOGP_NSGAII,d583c470-f1d3-11f0-a51a-6e001b3eef54,Toxicity,74,159,2039.634766|3.000000,5.125213146209717,3.0,2284.839844|3.000000,1948.868408|9.000000,2108.277344|9.000000,9,9.520703,N/A,5
MOGP_NSGAII,d583c470-f1d3-11f0-a51a-6e001b3eef54,Toxicity,74,160,2039.634766|3.000000,5.380841970443726,3.0,2284.839844|3.000000,1948.868408|9.000000,2108.277344|9.000000,9,9.520703,N/A,5
MOGP_NSGAII,d583c470-f1d3-11f0-a51a-6e001b3eef54,Toxicity,74,161,2039.634766|3.000000,5.206058979034424,3.0,2284.839844|3.000000,1948.868408|9.000000,2108.277344|9.000000,9,9.520703,N/A,5
MOGP_NSGAII,d583c470-f1d3-11f0-a51a-6e001b3eef54,Toxicity,74,162,2039.634766|3.000000,5.275529861450195,3.0,2284.839844|3.000000,1948.868408|9.000000,2108.277344|9.000000,9,9.520703,N/A,5
MOGP_NSGAII,d583c470-f1d3-11f0-a51a-6e001b3eef54,Toxicity,74,163,2039.634766|3.000000,4.97920298576355,3.0,2284.839844|3.000000,1948.868408|9.000000,2108.277344|9.000000,9,9.520703,N/A,5
MOGP_NSGAII,d583c470-f1d3-11f0-a51a-6e001b3eef54,Toxicity,74,164,2039.634766|3.000000,5.178423166275024,3.0,2284.839844|3.000000,1935.213013|11.000000,2071.455322|11.000000,11,10.827110,N/A,5
MOGP_NSGAII,d583c470-f1d3-11f0-a51a-6e001b3eef54,Toxicity,74,165,2039.634766|3.000000,5.289811134338379,3.0,2284.839844|3.000000,1935.213013|11.000000,2071.455322|11.000000,11,10.827110,N/A,5
MOGP_NSGAII,d583c470-f1d3-11f0-a51a-6e001b3eef54,Toxicity,74,166,2039.634766|3.000000,5.200037240982056,3.0,2284.839844|3.000000,1935.213013|11.000000,2071.455322|11.000000,11,10.827110,N/A,5
MOGP_NSGAII,d583c470-f1d3-11f0-a51a-6e001b3eef54,Toxicity,74,167,2039.634766|3.000000,5.2107038497924805,3.0,2284.839844|3.000000,1935.213013|11.000000,2071.455322|11.000000,11,10.827110,N/A,5
MOGP_NSGAII,d583c470-f1d3-11f0-a51a-6e001b3eef54,Toxicity,74,168,2039.634766|3.000000,5.276198148727417,3.0,2284.839844|3.000000,1935.213013|11.000000,2071.455322|11.000000,11,10.827110,N/A,5
MOGP_NSGAII,d583c470-f1d3-11f0-a51a-6e001b3eef54,Toxicity,74,169,2039.634766|3.000000,5.085926055908203,3.0,2284.839844|3.000000,1935.213013|11.000000,2071.455322|11.000000,11,11.986347,N/A,5
MOGP_NSGAII,d583c470-f1d3-11f0-a51a-6e001b3eef54,Toxicity,74,170,2039.634766|3.000000,5.156924247741699,3.0,2284.839844|3.000000,1935.213013|11.000000,2071.455322|11.000000,11,11.986347,N/A,5
MOGP_NSGAII,d583c470-f1d3-11f0-a51a-6e001b3eef54,Toxicity,74,171,2039.634766|3.000000,5.216191053390503,3.0,2284.839844|3.000000,1935.213013|11.000000,2071.455322|11.000000,11,11.986347,N/A,5
MOGP_NSGAII,d583c470-f1d3-11f0-a51a-6e001b3eef54,Toxicity,74,172,2039.634766|3.000000,5.117527961730957,3.0,2284.839844|3.000000,1935.213013|11.000000,2071.455322|11.000000,11,11.986347,N/A,5
MOGP_NSGAII,d583c470-f1d3-11f0-a51a-6e001b3eef54,Toxicity,74,173,2039.634766|3.000000,5.1896538734436035,3.0,2284.839844|3.000000,1935.213013|11.000000,2071.455322|11.000000,11,11.986347,N/A,5
MOGP_NSGAII,d583c470-f1d3-11f0-a51a-6e001b3eef54,Toxicity,74,174,2039.634766|3.000000,5.171097278594971,3.0,2284.839844|3.000000,1935.213013|11.000000,2071.455322|11.000000,11,11.986347,N/A,5
MOGP_NSGAII,d583c470-f1d3-11f0-a51a-6e001b3eef54,Toxicity,74,175,2039.634766|3.000000,5.2079408168792725,3.0,2284.839844|3.000000,1935.213013|11.000000,2071.455322|11.000000,11,11.986347,N/A,5
MOGP_NSGAII,d583c470-f1d3-11f0-a51a-6e001b3eef54,Toxicity,74,176,2039.634766|3.000000,5.12008810043335,3.0,2284.839844|3.000000,1935.213013|11.000000,2071.455322|11.000000,11,11.986347,N/A,5
MOGP_NSGAII,d583c470-f1d3-11f0-a51a-6e001b3eef54,Toxicity,74,177,2039.634766|3.000000,5.129778146743774,3.0,2284.839844|3.000000,1935.213013|11.000000,2071.455322|11.000000,11,11.986347,N/A,5
MOGP_NSGAII,d583c470-f1d3-11f0-a51a-6e001b3eef54,Toxicity,74,178,2039.634766|3.000000,5.188410997390747,3.0,2284.839844|3.000000,1935.213013|11.000000,2071.455322|11.000000,11,11.986347,N/A,5
MOGP_NSGAII,d583c470-f1d3-11f0-a51a-6e001b3eef54,Toxicity,74,179,2039.634766|3.000000,5.089770078659058,3.0,2284.839844|3.000000,1935.213013|11.000000,2071.455322|11.000000,11,11.986347,N/A,5
MOGP_NSGAII,d583c470-f1d3-11f0-a51a-6e001b3eef54,Toxicity,74,180,2039.634766|3.000000,5.127730846405029,3.0,2284.839844|3.000000,1935.213013|11.000000,2071.455322|11.000000,11,11.986347,N/A,5
MOGP_NSGAII,d583c470-f1d3-11f0-a51a-6e001b3eef54,Toxicity,74,181,2039.634766|3.000000,5.109098196029663,3.0,2284.839844|3.000000,1935.213013|11.000000,2071.455322|11.000000,11,11.986347,N/A,5
MOGP_NSGAII,d583c470-f1d3-11f0-a51a-6e001b3eef54,Toxicity,74,182,2039.634766|3.000000,5.320505142211914,3.0,2284.839844|3.000000,1935.213013|11.000000,2071.455322|11.000000,11,11.986347,N/A,5
MOGP_NSGAII,d583c470-f1d3-11f0-a51a-6e001b3eef54,Toxicity,74,183,2039.634766|3.000000,5.076231241226196,3.0,2284.839844|3.000000,1935.213013|11.000000,2071.455322|11.000000,11,11.986347,N/A,5
MOGP_NSGAII,d583c470-f1d3-11f0-a51a-6e001b3eef54,Toxicity,74,184,2039.634766|3.000000,5.152483224868774,3.0,2284.839844|3.000000,1935.213013|11.000000,2071.455322|11.000000,11,11.986347,N/A,5
MOGP_NSGAII,d583c470-f1d3-11f0-a51a-6e001b3eef54,Toxicity,74,185,2039.634766|3.000000,5.251411199569702,3.0,2284.839844|3.000000,1935.213013|11.000000,2071.455322|11.000000,11,11.986347,N/A,5
MOGP_NSGAII,d583c470-f1d3-11f0-a51a-6e001b3eef54,Toxicity,74,186,2039.634766|3.000000,5.302574157714844,3.0,2284.839844|3.000000,1935.213013|11.000000,2071.455322|11.000000,11,11.986347,N/A,5
MOGP_NSGAII,d583c470-f1d3-11f0-a51a-6e001b3eef54,Toxicity,74,187,2039.634766|3.000000,5.211281061172485,3.0,2284.839844|3.000000,1935.213013|11.000000,2071.455322|11.000000,11,11.986347,N/A,5
MOGP_NSGAII,d583c470-f1d3-11f0-a51a-6e001b3eef54,Toxicity,74,188,2039.634766|3.000000,5.029527902603149,3.0,2284.839844|3.000000,1935.213013|11.000000,2071.455322|11.000000,11,11.986347,N/A,5
MOGP_NSGAII,d583c470-f1d3-11f0-a51a-6e001b3eef54,Toxicity,74,189,2039.634766|3.000000,4.932226896286011,3.0,2284.839844|3.000000,1935.213013|11.000000,2071.455322|11.000000,11,11.986347,N/A,5
MOGP_NSGAII,d583c470-f1d3-11f0-a51a-6e001b3eef54,Toxicity,74,190,2039.634766|3.000000,5.084329843521118,3.0,2284.839844|3.000000,1935.213013|11.000000,2071.455322|11.000000,11,11.986347,N/A,5
MOGP_NSGAII,d583c470-f1d3-11f0-a51a-6e001b3eef54,Toxicity,74,191,2039.634766|3.000000,5.338341951370239,3.0,2284.839844|3.000000,1935.213013|11.000000,2071.455322|11.000000,11,11.986347,N/A,5
MOGP_NSGAII,d583c470-f1d3-11f0-a51a-6e001b3eef54,Toxicity,74,192,2039.634766|3.000000,5.049380779266357,3.0,2284.839844|3.000000,1935.213013|11.000000,2071.455322|11.000000,11,11.986347,N/A,5
MOGP_NSGAII,d583c470-f1d3-11f0-a51a-6e001b3eef54,Toxicity,74,193,2039.634766|3.000000,5.014872789382935,3.0,2284.839844|3.000000,1935.213013|11.000000,2071.455322|11.000000,11,11.986347,N/A,5
MOGP_NSGAII,d583c470-f1d3-11f0-a51a-6e001b3eef54,Toxicity,74,194,2039.634766|3.000000,5.041295766830444,3.0,2284.839844|3.000000,1935.213013|11.000000,2071.455322|11.000000,11,11.986347,N/A,5
MOGP_NSGAII,d583c470-f1d3-11f0-a51a-6e001b3eef54,Toxicity,74,195,2039.634766|3.000000,4.962386131286621,3.0,2284.839844|3.000000,1935.213013|11.000000,2071.455322|11.000000,11,11.986347,N/A,5
MOGP_NSGAII,d583c470-f1d3-11f0-a51a-6e001b3eef54,Toxicity,74,196,2039.634766|3.000000,5.002715349197388,3.0,2284.839844|3.000000,1935.213013|11.000000,2071.455322|11.000000,11,11.986347,N/A,5
MOGP_NSGAII,d583c470-f1d3-11f0-a51a-6e001b3eef54,Toxicity,74,197,2039.634766|3.000000,5.155072927474976,3.0,2284.839844|3.000000,1935.213013|11.000000,2071.455322|11.000000,11,11.986347,N/A,5
MOGP_NSGAII,d583c470-f1d3-11f0-a51a-6e001b3eef54,Toxicity,74,198,2039.634766|3.000000,5.158847808837891,3.0,2284.839844|3.000000,1935.213013|11.000000,2071.455322|11.000000,11,11.986347,N/A,5
MOGP_NSGAII,d583c470-f1d3-11f0-a51a-6e001b3eef54,Toxicity,74,199,2039.634766|3.000000,5.145217180252075,3.0,2284.839844|3.000000,1935.213013|11.000000,2071.455322|11.000000,11,11.986347,N/A,5
MOGP_NSGAII,d583c470-f1d3-11f0-a51a-6e001b3eef54,Toxicity,74,200,2039.634766|3.000000,5.2567150592803955,3.0,2284.839844|3.000000,1935.213013|11.000000,2071.455322|11.000000,11,11.986347,N/A,5
MOGP_NSGAII,d583c470-f1d3-11f0-a51a-6e001b3eef54,Toxicity,74,201,2039.634766|3.000000,5.356863975524902,3.0,2284.839844|3.000000,1935.213013|11.000000,2071.455322|11.000000,11,11.986347,N/A,5
MOGP_NSGAII,d583c470-f1d3-11f0-a51a-6e001b3eef54,Toxicity,74,202,2039.634766|3.000000,5.252985000610352,3.0,2284.839844|3.000000,1935.213013|11.000000,2071.455322|11.000000,11,11.986347,N/A,5
MOGP_NSGAII,d583c470-f1d3-11f0-a51a-6e001b3eef54,Toxicity,74,203,2039.634766|3.000000,5.16735315322876,3.0,2284.839844|3.000000,1935.213013|11.000000,2071.455322|11.000000,11,11.986347,N/A,5
MOGP_NSGAII,d583c470-f1d3-11f0-a51a-6e001b3eef54,Toxicity,74,204,2039.634766|3.000000,5.098783016204834,3.0,2284.839844|3.000000,1935.213013|11.000000,2071.455322|11.000000,11,11.986347,N/A,5
MOGP_NSGAII,d583c470-f1d3-11f0-a51a-6e001b3eef54,Toxicity,74,205,2039.634766|3.000000,5.203541040420532,3.0,2284.839844|3.000000,1935.213013|11.000000,2071.455322|11.000000,11,11.986347,N/A,5
MOGP_NSGAII,d583c470-f1d3-11f0-a51a-6e001b3eef54,Toxicity,74,206,2039.634766|3.000000,5.150185823440552,3.0,2284.839844|3.000000,1935.213013|11.000000,2071.455322|11.000000,11,11.986347,N/A,5
MOGP_NSGAII,d583c470-f1d3-11f0-a51a-6e001b3eef54,Toxicity,74,207,2039.634766|3.000000,5.179956912994385,3.0,2284.839844|3.000000,1935.213013|11.000000,2071.455322|11.000000,11,11.986347,N/A,5
MOGP_NSGAII,d583c470-f1d3-11f0-a51a-6e001b3eef54,Toxicity,74,208,2039.634766|3.000000,5.242618083953857,3.0,2284.839844|3.000000,1935.213013|11.000000,2071.455322|11.000000,11,11.986347,N/A,5
MOGP_NSGAII,d583c470-f1d3-11f0-a51a-6e001b3eef54,Toxicity,74,209,2039.634766|3.000000,5.06469202041626,3.0,2284.839844|3.000000,1935.213013|11.000000,2071.455322|11.000000,11,11.986347,N/A,5
MOGP_NSGAII,d583c470-f1d3-11f0-a51a-6e001b3eef54,Toxicity,74,210,2039.634766|3.000000,5.114275932312012,3.0,2284.839844|3.000000,1935.213013|11.000000,2071.455322|11.000000,11,11.986347,N/A,5
MOGP_NSGAII,d583c470-f1d3-11f0-a51a-6e001b3eef54,Toxicity,74,211,2039.634766|3.000000,5.192159175872803,3.0,2284.839844|3.000000,1935.213013|11.000000,2071.455322|11.000000,11,11.986347,N/A,5
MOGP_NSGAII,d583c470-f1d3-11f0-a51a-6e001b3eef54,Toxicity,74,212,2039.634766|3.000000,5.145062208175659,3.0,2284.839844|3.000000,1935.213013|11.000000,2071.455322|11.000000,11,11.986347,N/A,5
MOGP_NSGAII,d583c470-f1d3-11f0-a51a-6e001b3eef54,Toxicity,74,213,2039.634766|3.000000,5.314913034439087,3.0,2284.839844|3.000000,1935.213013|11.000000,2071.455322|11.000000,11,11.986347,N/A,5
MOGP_NSGAII,d583c470-f1d3-11f0-a51a-6e001b3eef54,Toxicity,74,214,2039.634766|3.000000,5.121622085571289,3.0,2284.839844|3.000000,1935.213013|11.000000,2071.455322|11.000000,11,11.986347,N/A,5
MOGP_NSGAII,d583c470-f1d3-11f0-a51a-6e001b3eef54,Toxicity,74,215,2039.634766|3.000000,5.1940460205078125,3.0,2284.839844|3.000000,1935.213013|11.000000,2071.455322|11.000000,11,11.986347,N/A,5
MOGP_NSGAII,d583c470-f1d3-11f0-a51a-6e001b3eef54,Toxicity,74,216,2039.634766|3.000000,5.053443908691406,3.0,2284.839844|3.000000,1935.213013|11.000000,2071.455322|11.000000,11,11.986347,N/A,5
MOGP_NSGAII,d583c470-f1d3-11f0-a51a-6e001b3eef54,Toxicity,74,217,2039.634766|3.000000,5.039331912994385,3.0,2284.839844|3.000000,1935.213013|11.000000,2071.455322|11.000000,11,11.986347,N/A,5
MOGP_NSGAII,d583c470-f1d3-11f0-a51a-6e001b3eef54,Toxicity,74,218,2039.634766|3.000000,5.078707933425903,3.0,2284.839844|3.000000,1935.213013|11.000000,2071.455322|11.000000,11,11.986347,N/A,5
MOGP_NSGAII,d583c470-f1d3-11f0-a51a-6e001b3eef54,Toxicity,74,219,2039.634766|3.000000,5.122231960296631,3.0,2284.839844|3.000000,1935.213013|11.000000,2071.455322|11.000000,11,11.986347,N/A,5
MOGP_NSGAII,d583c470-f1d3-11f0-a51a-6e001b3eef54,Toxicity,74,220,2039.634766|3.000000,5.077042818069458,3.0,2284.839844|3.000000,1935.213013|11.000000,2071.455322|11.000000,11,11.986347,N/A,5
MOGP_NSGAII,d583c470-f1d3-11f0-a51a-6e001b3eef54,Toxicity,74,221,2039.634766|3.000000,5.267490863800049,3.0,2284.839844|3.000000,1935.213013|11.000000,2071.455322|11.000000,11,11.986347,N/A,5
MOGP_NSGAII,d583c470-f1d3-11f0-a51a-6e001b3eef54,Toxicity,74,222,2039.634766|3.000000,5.17696475982666,3.0,2284.839844|3.000000,1935.213013|11.000000,2071.455322|11.000000,11,11.986347,N/A,5
MOGP_NSGAII,d583c470-f1d3-11f0-a51a-6e001b3eef54,Toxicity,74,223,2039.634766|3.000000,5.1722187995910645,3.0,2284.839844|3.000000,1935.213013|11.000000,2071.455322|11.000000,11,11.986347,N/A,5
MOGP_NSGAII,d583c470-f1d3-11f0-a51a-6e001b3eef54,Toxicity,74,224,2039.634766|3.000000,5.0644989013671875,3.0,2284.839844|3.000000,1935.213013|11.000000,2071.455322|11.000000,11,11.986347,N/A,5
MOGP_NSGAII,d583c470-f1d3-11f0-a51a-6e001b3eef54,Toxicity,74,225,2039.634766|3.000000,5.0950469970703125,3.0,2284.839844|3.000000,1935.213013|11.000000,2071.455322|11.000000,11,11.986347,N/A,5
MOGP_NSGAII,d583c470-f1d3-11f0-a51a-6e001b3eef54,Toxicity,74,226,2039.634766|3.000000,5.148765325546265,3.0,2284.839844|3.000000,1935.213013|11.000000,2071.455322|11.000000,11,11.986347,N/A,5
MOGP_NSGAII,d583c470-f1d3-11f0-a51a-6e001b3eef54,Toxicity,74,227,2039.634766|3.000000,5.3830437660217285,3.0,2284.839844|3.000000,1935.213013|11.000000,2071.455322|11.000000,11,11.986347,N/A,5
MOGP_NSGAII,d583c470-f1d3-11f0-a51a-6e001b3eef54,Toxicity,74,228,2039.634766|3.000000,5.014596700668335,3.0,2284.839844|3.000000,1935.213013|11.000000,2071.455322|11.000000,11,11.986347,N/A,5
MOGP_NSGAII,d583c470-f1d3-11f0-a51a-6e001b3eef54,Toxicity,74,229,2039.634766|3.000000,5.193444013595581,3.0,2284.839844|3.000000,1935.213013|11.000000,2071.455322|11.000000,11,11.986347,N/A,5
MOGP_NSGAII,d583c470-f1d3-11f0-a51a-6e001b3eef54,Toxicity,74,230,2039.634766|3.000000,5.176253080368042,3.0,2284.839844|3.000000,1935.213013|11.000000,2071.455322|11.000000,11,11.986347,N/A,5
MOGP_NSGAII,d583c470-f1d3-11f0-a51a-6e001b3eef54,Toxicity,74,231,2039.634766|3.000000,5.212461948394775,3.0,2284.839844|3.000000,1935.213013|11.000000,2071.455322|11.000000,11,11.986347,N/A,5
MOGP_NSGAII,d583c470-f1d3-11f0-a51a-6e001b3eef54,Toxicity,74,232,2039.634766|3.000000,5.140887975692749,3.0,2284.839844|3.000000,1935.213013|11.000000,2071.455322|11.000000,11,11.986347,N/A,5
MOGP_NSGAII,d583c470-f1d3-11f0-a51a-6e001b3eef54,Toxicity,74,233,2039.634766|3.000000,5.250464916229248,3.0,2284.839844|3.000000,1935.213013|11.000000,2071.455322|11.000000,11,11.986347,N/A,5
MOGP_NSGAII,d583c470-f1d3-11f0-a51a-6e001b3eef54,Toxicity,74,234,2039.634766|3.000000,5.396883964538574,3.0,2284.839844|3.000000,1935.213013|11.000000,2071.455322|11.000000,11,11.986347,N/A,5
MOGP_NSGAII,d583c470-f1d3-11f0-a51a-6e001b3eef54,Toxicity,74,235,2039.634766|3.000000,5.085345983505249,3.0,2284.839844|3.000000,1935.213013|11.000000,2071.455322|11.000000,11,11.986347,N/A,5
MOGP_NSGAII,d583c470-f1d3-11f0-a51a-6e001b3eef54,Toxicity,74,236,2039.634766|3.000000,5.249862909317017,3.0,2284.839844|3.000000,1935.213013|11.000000,2071.455322|11.000000,11,11.986347,N/A,5
MOGP_NSGAII,d583c470-f1d3-11f0-a51a-6e001b3eef54,Toxicity,74,237,2039.634766|3.000000,5.249017953872681,3.0,2284.839844|3.000000,1935.213013|11.000000,2071.455322|11.000000,11,11.986347,N/A,5
MOGP_NSGAII,d583c470-f1d3-11f0-a51a-6e001b3eef54,Toxicity,74,238,2039.634766|3.000000,5.262197971343994,3.0,2284.839844|3.000000,1935.213013|11.000000,2071.455322|11.000000,11,11.986347,N/A,5
MOGP_NSGAII,d583c470-f1d3-11f0-a51a-6e001b3eef54,Toxicity,74,239,2039.634766|3.000000,4.959575176239014,3.0,2284.839844|3.000000,1935.213013|11.000000,2071.455322|11.000000,11,11.986347,N/A,5
MOGP_NSGAII,d583c470-f1d3-11f0-a51a-6e001b3eef54,Toxicity,74,240,2039.634766|3.000000,5.085125207901001,3.0,2284.839844|3.000000,1935.213013|11.000000,2071.455322|11.000000,11,11.986347,N/A,5
MOGP_NSGAII,d583c470-f1d3-11f0-a51a-6e001b3eef54,Toxicity,74,241,2039.634766|3.000000,5.238495111465454,3.0,2284.839844|3.000000,1935.213013|11.000000,2071.455322|11.000000,11,11.986347,N/A,5
MOGP_NSGAII,d583c470-f1d3-11f0-a51a-6e001b3eef54,Toxicity,74,242,2039.634766|3.000000,5.0959861278533936,3.0,2284.839844|3.000000,1935.213013|11.000000,2071.455322|11.000000,11,11.986347,N/A,5
MOGP_NSGAII,d583c470-f1d3-11f0-a51a-6e001b3eef54,Toxicity,74,243,2039.634766|3.000000,5.1181488037109375,3.0,2284.839844|3.000000,1935.213013|11.000000,2071.455322|11.000000,11,11.986347,N/A,5
MOGP_NSGAII,d583c470-f1d3-11f0-a51a-6e001b3eef54,Toxicity,74,244,2039.634766|3.000000,5.23275899887085,3.0,2284.839844|3.000000,1935.213013|11.000000,2071.455322|11.000000,11,11.986347,N/A,5
MOGP_NSGAII,d583c470-f1d3-11f0-a51a-6e001b3eef54,Toxicity,74,245,2039.634766|3.000000,5.238964080810547,3.0,2284.839844|3.000000,1935.213013|11.000000,2071.455322|11.000000,11,11.986347,N/A,5
MOGP_NSGAII,d583c470-f1d3-11f0-a51a-6e001b3eef54,Toxicity,74,246,2039.634766|3.000000,4.936197996139526,3.0,2284.839844|3.000000,1935.213013|11.000000,2071.455322|11.000000,11,11.986347,N/A,5
MOGP_NSGAII,d583c470-f1d3-11f0-a51a-6e001b3eef54,Toxicity,74,247,2039.634766|3.000000,5.102084159851074,3.0,2284.839844|3.000000,1935.213013|11.000000,2071.455322|11.000000,11,11.986347,N/A,5
MOGP_NSGAII,d583c470-f1d3-11f0-a51a-6e001b3eef54,Toxicity,74,248,2039.634766|3.000000,5.105214357376099,3.0,2284.839844|3.000000,1935.213013|11.000000,2071.455322|11.000000,11,11.986347,N/A,5
MOGP_NSGAII,d583c470-f1d3-11f0-a51a-6e001b3eef54,Toxicity,74,249,2039.634766|3.000000,5.154103994369507,3.0,2284.839844|3.000000,1935.213013|11.000000,2071.455322|11.000000,11,11.986347,N/A,5
MOGP_NSGAII,d583c470-f1d3-11f0-a51a-6e001b3eef54,Toxicity,74,250,2039.634766|3.000000,5.2204179763793945,3.0,2284.839844|3.000000,1935.213013|11.000000,2071.455322|11.000000,11,11.986347,N/A,5
