MOGP_NSGAII,ba87acfa-eb1f-11f0-828b-6e001b3eef54,Cooling,74,0,9.519447|3.000000,0.9312639236450195,3.0,9.538762|3.000000,N/A,N/A,0,244280934400.000000,N/A,5
MOGP_NSGAII,ba87acfa-eb1f-11f0-828b-6e001b3eef54,Cooling,74,1,8.179563|3.000000,4.100407123565674,3.0,8.704541|3.000000,8.179563|3.000000,8.704541|3.000000,3,3.316287,N/A,5
MOGP_NSGAII,ba87acfa-eb1f-11f0-828b-6e001b3eef54,Cooling,74,2,8.179563|3.000000,3.558683156967163,3.0,8.704541|3.000000,4.517954|19.000000,4.392671|19.000000,19,3.745798,N/A,5
MOGP_NSGAII,ba87acfa-eb1f-11f0-828b-6e001b3eef54,Cooling,74,3,8.179563|3.000000,3.5778329372406006,3.0,8.704541|3.000000,4.492990|7.000000,4.670046|7.000000,7,3.285636,N/A,5
MOGP_NSGAII,ba87acfa-eb1f-11f0-828b-6e001b3eef54,Cooling,74,4,4.492990|3.000000,3.5873680114746094,3.0,4.670046|3.000000,4.492990|3.000000,4.670046|3.000000,3,3.264368,N/A,5
MOGP_NSGAII,ba87acfa-eb1f-11f0-828b-6e001b3eef54,Cooling,74,5,4.492990|3.000000,4.334871053695679,3.0,4.670046|3.000000,4.492990|3.000000,4.670046|3.000000,3,2.581255,N/A,5
MOGP_NSGAII,ba87acfa-eb1f-11f0-828b-6e001b3eef54,Cooling,74,6,4.492990|3.000000,3.653244972229004,3.0,4.670046|3.000000,4.492990|3.000000,4.670046|3.000000,3,2.385017,N/A,5
MOGP_NSGAII,ba87acfa-eb1f-11f0-828b-6e001b3eef54,Cooling,74,7,4.492990|3.000000,3.711470127105713,3.0,4.670046|3.000000,4.492990|3.000000,4.670046|3.000000,3,2.295800,N/A,5
MOGP_NSGAII,ba87acfa-eb1f-11f0-828b-6e001b3eef54,Cooling,74,8,4.492990|3.000000,3.953500747680664,3.0,4.670046|3.000000,4.492990|3.000000,4.670046|3.000000,3,2.193300,N/A,5
MOGP_NSGAII,ba87acfa-eb1f-11f0-828b-6e001b3eef54,Cooling,74,9,4.492990|3.000000,3.884443998336792,3.0,4.670046|3.000000,4.492990|3.000000,4.670046|3.000000,3,2.148069,N/A,5
MOGP_NSGAII,ba87acfa-eb1f-11f0-828b-6e001b3eef54,Cooling,74,10,4.492990|3.000000,4.136928081512451,3.0,4.670046|3.000000,4.492990|3.000000,4.670046|3.000000,3,1.606871,N/A,5
MOGP_NSGAII,ba87acfa-eb1f-11f0-828b-6e001b3eef54,Cooling,74,11,4.492990|3.000000,4.729884147644043,3.0,4.670046|3.000000,4.492990|3.000000,4.670046|3.000000,3,0.394802,N/A,5
MOGP_NSGAII,ba87acfa-eb1f-11f0-828b-6e001b3eef54,Cooling,74,12,4.492990|3.000000,5.568395137786865,3.0,4.670046|3.000000,4.492990|3.000000,4.670046|3.000000,3,0.000000,N/A,5
MOGP_NSGAII,ba87acfa-eb1f-11f0-828b-6e001b3eef54,Cooling,74,13,4.492990|3.000000,5.787528038024902,3.0,4.670046|3.000000,4.492990|3.000000,4.670046|3.000000,3,0.000000,N/A,5
MOGP_NSGAII,ba87acfa-eb1f-11f0-828b-6e001b3eef54,Cooling,74,14,4.492990|3.000000,6.0891032218933105,3.0,4.670046|3.000000,4.415998|5.000000,4.521690|5.000000,5,0.003845,N/A,5
MOGP_NSGAII,ba87acfa-eb1f-11f0-828b-6e001b3eef54,Cooling,74,15,4.492990|3.000000,6.0775580406188965,3.0,4.670046|3.000000,4.409914|7.000000,4.506313|7.000000,7,0.005649,N/A,5
MOGP_NSGAII,ba87acfa-eb1f-11f0-828b-6e001b3eef54,Cooling,74,16,4.492990|3.000000,5.931805849075317,3.0,4.670046|3.000000,4.409914|7.000000,4.506313|7.000000,7,0.005649,N/A,5
MOGP_NSGAII,ba87acfa-eb1f-11f0-828b-6e001b3eef54,Cooling,74,17,4.492990|3.000000,6.030279159545898,3.0,4.670046|3.000000,4.409914|7.000000,4.506313|7.000000,7,0.006997,N/A,5
MOGP_NSGAII,ba87acfa-eb1f-11f0-828b-6e001b3eef54,Cooling,74,18,4.492990|3.000000,5.765348196029663,3.0,4.670046|3.000000,4.409914|7.000000,4.506313|7.000000,7,0.006997,N/A,5
MOGP_NSGAII,ba87acfa-eb1f-11f0-828b-6e001b3eef54,Cooling,74,19,4.492990|3.000000,5.872961044311523,3.0,4.670046|3.000000,4.409914|7.000000,4.506313|7.000000,7,0.006997,N/A,5
MOGP_NSGAII,ba87acfa-eb1f-11f0-828b-6e001b3eef54,Cooling,74,20,4.492990|3.000000,5.817465782165527,3.0,4.670046|3.000000,4.409914|7.000000,4.506313|7.000000,7,0.006997,N/A,5
MOGP_NSGAII,ba87acfa-eb1f-11f0-828b-6e001b3eef54,Cooling,74,21,4.492990|3.000000,6.337852239608765,3.0,4.670046|3.000000,4.409914|7.000000,4.506313|7.000000,7,0.006997,N/A,5
MOGP_NSGAII,ba87acfa-eb1f-11f0-828b-6e001b3eef54,Cooling,74,22,4.492990|3.000000,6.409338712692261,3.0,4.670046|3.000000,4.409914|7.000000,4.506313|7.000000,7,0.006997,N/A,5
MOGP_NSGAII,ba87acfa-eb1f-11f0-828b-6e001b3eef54,Cooling,74,23,4.492990|3.000000,5.8533408641815186,3.0,4.670046|3.000000,4.409914|7.000000,4.506313|7.000000,7,0.006997,N/A,5
MOGP_NSGAII,ba87acfa-eb1f-11f0-828b-6e001b3eef54,Cooling,74,24,4.492990|3.000000,5.748569965362549,3.0,4.670046|3.000000,4.409914|7.000000,4.506313|7.000000,7,0.006997,N/A,5
MOGP_NSGAII,ba87acfa-eb1f-11f0-828b-6e001b3eef54,Cooling,74,25,4.492990|3.000000,6.64344596862793,3.0,4.670046|3.000000,4.409914|7.000000,4.506313|7.000000,7,0.006997,N/A,5
MOGP_NSGAII,ba87acfa-eb1f-11f0-828b-6e001b3eef54,Cooling,74,26,4.492990|3.000000,5.978052854537964,3.0,4.670046|3.000000,4.409914|7.000000,4.506313|7.000000,7,0.006997,N/A,5
MOGP_NSGAII,ba87acfa-eb1f-11f0-828b-6e001b3eef54,Cooling,74,27,4.492990|3.000000,5.772377014160156,3.0,4.670046|3.000000,4.409914|7.000000,4.506313|7.000000,7,0.006997,N/A,5
MOGP_NSGAII,ba87acfa-eb1f-11f0-828b-6e001b3eef54,Cooling,74,28,4.492990|3.000000,6.192692041397095,3.0,4.670046|3.000000,4.409914|7.000000,4.506313|7.000000,7,0.006997,N/A,5
MOGP_NSGAII,ba87acfa-eb1f-11f0-828b-6e001b3eef54,Cooling,74,29,4.492990|3.000000,5.719548225402832,3.0,4.670046|3.000000,4.409914|7.000000,4.506313|7.000000,7,0.007969,N/A,5
MOGP_NSGAII,ba87acfa-eb1f-11f0-828b-6e001b3eef54,Cooling,74,30,4.492990|3.000000,6.537020921707153,3.0,4.670046|3.000000,4.409914|7.000000,4.506313|7.000000,7,0.007969,N/A,5
MOGP_NSGAII,ba87acfa-eb1f-11f0-828b-6e001b3eef54,Cooling,74,31,4.492990|3.000000,6.003111839294434,3.0,4.670046|3.000000,4.409914|7.000000,4.506313|7.000000,7,0.007969,N/A,5
MOGP_NSGAII,ba87acfa-eb1f-11f0-828b-6e001b3eef54,Cooling,74,32,4.492990|3.000000,6.044558048248291,3.0,4.670046|3.000000,4.409914|7.000000,4.506313|7.000000,7,0.007969,N/A,5
MOGP_NSGAII,ba87acfa-eb1f-11f0-828b-6e001b3eef54,Cooling,74,33,4.492990|3.000000,5.856751203536987,3.0,4.670046|3.000000,4.409914|7.000000,4.506313|7.000000,7,0.007969,N/A,5
MOGP_NSGAII,ba87acfa-eb1f-11f0-828b-6e001b3eef54,Cooling,74,34,4.492990|3.000000,5.811150074005127,3.0,4.670046|3.000000,4.212719|7.000000,4.289158|7.000000,7,0.014995,N/A,5
MOGP_NSGAII,ba87acfa-eb1f-11f0-828b-6e001b3eef54,Cooling,74,35,4.492990|3.000000,6.0003838539123535,3.0,4.670046|3.000000,4.212719|7.000000,4.289158|7.000000,7,0.020475,N/A,5
MOGP_NSGAII,ba87acfa-eb1f-11f0-828b-6e001b3eef54,Cooling,74,36,4.492990|3.000000,5.859105110168457,3.0,4.670046|3.000000,4.212719|7.000000,4.289158|7.000000,7,0.020475,N/A,5
MOGP_NSGAII,ba87acfa-eb1f-11f0-828b-6e001b3eef54,Cooling,74,37,4.492990|3.000000,5.833899974822998,3.0,4.670046|3.000000,4.212719|7.000000,4.289158|7.000000,7,0.020475,N/A,5
MOGP_NSGAII,ba87acfa-eb1f-11f0-828b-6e001b3eef54,Cooling,74,38,4.492990|3.000000,6.235188961029053,3.0,4.670046|3.000000,4.212719|7.000000,4.289158|7.000000,7,0.020475,N/A,5
MOGP_NSGAII,ba87acfa-eb1f-11f0-828b-6e001b3eef54,Cooling,74,39,4.492990|3.000000,5.9365692138671875,3.0,4.670046|3.000000,4.212719|7.000000,4.289158|7.000000,7,0.020475,N/A,5
MOGP_NSGAII,ba87acfa-eb1f-11f0-828b-6e001b3eef54,Cooling,74,40,4.492990|3.000000,6.139857053756714,3.0,4.670046|3.000000,4.212719|7.000000,4.289158|7.000000,7,0.020475,N/A,5
MOGP_NSGAII,ba87acfa-eb1f-11f0-828b-6e001b3eef54,Cooling,74,41,4.492990|3.000000,6.1194469928741455,3.0,4.670046|3.000000,4.212719|7.000000,4.289158|7.000000,7,0.020475,N/A,5
MOGP_NSGAII,ba87acfa-eb1f-11f0-828b-6e001b3eef54,Cooling,74,42,4.492990|3.000000,6.025821208953857,3.0,4.670046|3.000000,4.212719|7.000000,4.289158|7.000000,7,0.020475,N/A,5
MOGP_NSGAII,ba87acfa-eb1f-11f0-828b-6e001b3eef54,Cooling,74,43,4.492990|3.000000,6.335891962051392,3.0,4.670046|3.000000,4.212719|7.000000,4.289158|7.000000,7,0.020475,N/A,5
MOGP_NSGAII,ba87acfa-eb1f-11f0-828b-6e001b3eef54,Cooling,74,44,4.492990|3.000000,6.07433009147644,3.0,4.670046|3.000000,4.212719|7.000000,4.289158|7.000000,7,0.020475,N/A,5
MOGP_NSGAII,ba87acfa-eb1f-11f0-828b-6e001b3eef54,Cooling,74,45,4.492990|3.000000,6.159978866577148,3.0,4.670046|3.000000,4.212719|7.000000,4.289158|7.000000,7,0.020475,N/A,5
MOGP_NSGAII,ba87acfa-eb1f-11f0-828b-6e001b3eef54,Cooling,74,46,4.492990|3.000000,6.213660955429077,3.0,4.670046|3.000000,4.212719|7.000000,4.289158|7.000000,7,0.020475,N/A,5
MOGP_NSGAII,ba87acfa-eb1f-11f0-828b-6e001b3eef54,Cooling,74,47,4.492990|3.000000,6.180794954299927,3.0,4.670046|3.000000,4.212719|7.000000,4.289158|7.000000,7,0.020475,N/A,5
MOGP_NSGAII,ba87acfa-eb1f-11f0-828b-6e001b3eef54,Cooling,74,48,4.492990|3.000000,6.08043098449707,3.0,4.670046|3.000000,4.212719|7.000000,4.289158|7.000000,7,0.020475,N/A,5
MOGP_NSGAII,ba87acfa-eb1f-11f0-828b-6e001b3eef54,Cooling,74,49,4.492990|3.000000,5.989070892333984,3.0,4.670046|3.000000,4.212719|7.000000,4.289158|7.000000,7,0.020475,N/A,5
MOGP_NSGAII,ba87acfa-eb1f-11f0-828b-6e001b3eef54,Cooling,74,50,4.492990|3.000000,6.083863019943237,3.0,4.670046|3.000000,4.212719|7.000000,4.289158|7.000000,7,0.020475,N/A,5
MOGP_NSGAII,ba87acfa-eb1f-11f0-828b-6e001b3eef54,Cooling,74,51,4.492990|3.000000,6.041028022766113,3.0,4.670046|3.000000,4.212719|7.000000,4.289158|7.000000,7,0.020475,N/A,5
MOGP_NSGAII,ba87acfa-eb1f-11f0-828b-6e001b3eef54,Cooling,74,52,4.492990|3.000000,6.158003091812134,3.0,4.670046|3.000000,4.212719|7.000000,4.289158|7.000000,7,0.020475,N/A,5
MOGP_NSGAII,ba87acfa-eb1f-11f0-828b-6e001b3eef54,Cooling,74,53,4.492990|3.000000,6.170767784118652,3.0,4.670046|3.000000,4.212719|7.000000,4.289158|7.000000,7,0.020475,N/A,5
MOGP_NSGAII,ba87acfa-eb1f-11f0-828b-6e001b3eef54,Cooling,74,54,4.492990|3.000000,6.0650670528411865,3.0,4.670046|3.000000,4.212719|7.000000,4.289158|7.000000,7,0.020475,N/A,5
MOGP_NSGAII,ba87acfa-eb1f-11f0-828b-6e001b3eef54,Cooling,74,55,4.492990|3.000000,6.037970066070557,3.0,4.670046|3.000000,4.212719|7.000000,4.289158|7.000000,7,0.020475,N/A,5
MOGP_NSGAII,ba87acfa-eb1f-11f0-828b-6e001b3eef54,Cooling,74,56,4.492990|3.000000,5.943295001983643,3.0,4.670046|3.000000,4.212719|7.000000,4.289158|7.000000,7,0.020475,N/A,5
MOGP_NSGAII,ba87acfa-eb1f-11f0-828b-6e001b3eef54,Cooling,74,57,4.492990|3.000000,6.126271963119507,3.0,4.670046|3.000000,4.212719|7.000000,4.289158|7.000000,7,0.020475,N/A,5
MOGP_NSGAII,ba87acfa-eb1f-11f0-828b-6e001b3eef54,Cooling,74,58,4.492990|3.000000,6.026817083358765,3.0,4.670046|3.000000,4.212719|7.000000,4.289158|7.000000,7,0.020475,N/A,5
MOGP_NSGAII,ba87acfa-eb1f-11f0-828b-6e001b3eef54,Cooling,74,59,4.492990|3.000000,5.987875938415527,3.0,4.670046|3.000000,4.212719|7.000000,4.289158|7.000000,7,0.020475,N/A,5
MOGP_NSGAII,ba87acfa-eb1f-11f0-828b-6e001b3eef54,Cooling,74,60,4.492990|3.000000,6.211184978485107,3.0,4.670046|3.000000,4.212719|7.000000,4.289158|7.000000,7,0.020475,N/A,5
MOGP_NSGAII,ba87acfa-eb1f-11f0-828b-6e001b3eef54,Cooling,74,61,4.492990|3.000000,6.188884019851685,3.0,4.670046|3.000000,4.212719|7.000000,4.289158|7.000000,7,0.020475,N/A,5
MOGP_NSGAII,ba87acfa-eb1f-11f0-828b-6e001b3eef54,Cooling,74,62,4.492990|3.000000,6.084403038024902,3.0,4.670046|3.000000,4.212719|7.000000,4.289158|7.000000,7,0.020475,N/A,5
MOGP_NSGAII,ba87acfa-eb1f-11f0-828b-6e001b3eef54,Cooling,74,63,4.492990|3.000000,6.180079936981201,3.0,4.670046|3.000000,4.212719|7.000000,4.289158|7.000000,7,0.020475,N/A,5
MOGP_NSGAII,ba87acfa-eb1f-11f0-828b-6e001b3eef54,Cooling,74,64,4.492990|3.000000,6.185878038406372,3.0,4.670046|3.000000,4.212719|7.000000,4.289158|7.000000,7,0.020475,N/A,5
MOGP_NSGAII,ba87acfa-eb1f-11f0-828b-6e001b3eef54,Cooling,74,65,4.492990|3.000000,6.2692177295684814,3.0,4.670046|3.000000,4.212719|7.000000,4.289158|7.000000,7,0.020475,N/A,5
MOGP_NSGAII,ba87acfa-eb1f-11f0-828b-6e001b3eef54,Cooling,74,66,4.492990|3.000000,6.24097204208374,3.0,4.670046|3.000000,4.212719|7.000000,4.289158|7.000000,7,0.020475,N/A,5
MOGP_NSGAII,ba87acfa-eb1f-11f0-828b-6e001b3eef54,Cooling,74,67,4.492990|3.000000,6.173444747924805,3.0,4.670046|3.000000,4.212719|7.000000,4.289158|7.000000,7,0.020475,N/A,5
MOGP_NSGAII,ba87acfa-eb1f-11f0-828b-6e001b3eef54,Cooling,74,68,4.492990|3.000000,6.111555814743042,3.0,4.670046|3.000000,4.212719|7.000000,4.289158|7.000000,7,0.020475,N/A,5
MOGP_NSGAII,ba87acfa-eb1f-11f0-828b-6e001b3eef54,Cooling,74,69,4.492990|3.000000,5.995055913925171,3.0,4.670046|3.000000,4.212719|7.000000,4.289158|7.000000,7,0.020475,N/A,5
MOGP_NSGAII,ba87acfa-eb1f-11f0-828b-6e001b3eef54,Cooling,74,70,4.492990|3.000000,6.253395080566406,3.0,4.670046|3.000000,4.212719|7.000000,4.289158|7.000000,7,0.020475,N/A,5
MOGP_NSGAII,ba87acfa-eb1f-11f0-828b-6e001b3eef54,Cooling,74,71,4.492990|3.000000,5.948533773422241,3.0,4.670046|3.000000,4.212719|7.000000,4.289158|7.000000,7,0.020475,N/A,5
MOGP_NSGAII,ba87acfa-eb1f-11f0-828b-6e001b3eef54,Cooling,74,72,4.492990|3.000000,6.0212390422821045,3.0,4.670046|3.000000,4.212719|7.000000,4.289158|7.000000,7,0.020475,N/A,5
MOGP_NSGAII,ba87acfa-eb1f-11f0-828b-6e001b3eef54,Cooling,74,73,4.492990|3.000000,7.329466104507446,3.0,4.670046|3.000000,4.212719|7.000000,4.289158|7.000000,7,0.020475,N/A,5
MOGP_NSGAII,ba87acfa-eb1f-11f0-828b-6e001b3eef54,Cooling,74,74,4.492990|3.000000,6.32448410987854,3.0,4.670046|3.000000,4.212719|7.000000,4.289158|7.000000,7,0.020475,N/A,5
MOGP_NSGAII,ba87acfa-eb1f-11f0-828b-6e001b3eef54,Cooling,74,75,4.492990|3.000000,6.80692195892334,3.0,4.670046|3.000000,4.212719|7.000000,4.289158|7.000000,7,0.020475,N/A,5
MOGP_NSGAII,ba87acfa-eb1f-11f0-828b-6e001b3eef54,Cooling,74,76,4.492990|3.000000,6.337059736251831,3.0,4.670046|3.000000,4.212719|7.000000,4.289158|7.000000,7,0.020475,N/A,5
MOGP_NSGAII,ba87acfa-eb1f-11f0-828b-6e001b3eef54,Cooling,74,77,4.492990|3.000000,6.041682004928589,3.0,4.670046|3.000000,4.212719|7.000000,4.289158|7.000000,7,0.020475,N/A,5
MOGP_NSGAII,ba87acfa-eb1f-11f0-828b-6e001b3eef54,Cooling,74,78,4.492990|3.000000,6.295071840286255,3.0,4.670046|3.000000,4.212719|7.000000,4.289158|7.000000,7,0.020475,N/A,5
MOGP_NSGAII,ba87acfa-eb1f-11f0-828b-6e001b3eef54,Cooling,74,79,4.492990|3.000000,6.131263017654419,3.0,4.670046|3.000000,4.212719|7.000000,4.289158|7.000000,7,0.020475,N/A,5
MOGP_NSGAII,ba87acfa-eb1f-11f0-828b-6e001b3eef54,Cooling,74,80,4.492990|3.000000,6.060643196105957,3.0,4.670046|3.000000,4.212719|7.000000,4.289158|7.000000,7,0.020475,N/A,5
MOGP_NSGAII,ba87acfa-eb1f-11f0-828b-6e001b3eef54,Cooling,74,81,4.492990|3.000000,6.0080320835113525,3.0,4.670046|3.000000,4.212719|7.000000,4.289158|7.000000,7,0.020475,N/A,5
MOGP_NSGAII,ba87acfa-eb1f-11f0-828b-6e001b3eef54,Cooling,74,82,4.492990|3.000000,6.33777928352356,3.0,4.670046|3.000000,4.212719|7.000000,4.289158|7.000000,7,0.020475,N/A,5
MOGP_NSGAII,ba87acfa-eb1f-11f0-828b-6e001b3eef54,Cooling,74,83,4.492990|3.000000,5.8526811599731445,3.0,4.670046|3.000000,4.212719|7.000000,4.289158|7.000000,7,0.020475,N/A,5
MOGP_NSGAII,ba87acfa-eb1f-11f0-828b-6e001b3eef54,Cooling,74,84,4.492990|3.000000,6.009445905685425,3.0,4.670046|3.000000,4.212719|7.000000,4.289158|7.000000,7,0.020475,N/A,5
MOGP_NSGAII,ba87acfa-eb1f-11f0-828b-6e001b3eef54,Cooling,74,85,4.492990|3.000000,6.177133083343506,3.0,4.670046|3.000000,4.212719|7.000000,4.289158|7.000000,7,0.020475,N/A,5
MOGP_NSGAII,ba87acfa-eb1f-11f0-828b-6e001b3eef54,Cooling,74,86,4.492990|3.000000,6.088781118392944,3.0,4.670046|3.000000,4.212719|7.000000,4.289158|7.000000,7,0.020475,N/A,5
MOGP_NSGAII,ba87acfa-eb1f-11f0-828b-6e001b3eef54,Cooling,74,87,4.492990|3.000000,6.2209978103637695,3.0,4.670046|3.000000,4.212719|7.000000,4.289158|7.000000,7,0.020475,N/A,5
MOGP_NSGAII,ba87acfa-eb1f-11f0-828b-6e001b3eef54,Cooling,74,88,4.492990|3.000000,6.420115947723389,3.0,4.670046|3.000000,4.212719|7.000000,4.289158|7.000000,7,0.020475,N/A,5
MOGP_NSGAII,ba87acfa-eb1f-11f0-828b-6e001b3eef54,Cooling,74,89,4.492990|3.000000,6.455533027648926,3.0,4.670046|3.000000,4.212719|7.000000,4.289158|7.000000,7,0.020475,N/A,5
MOGP_NSGAII,ba87acfa-eb1f-11f0-828b-6e001b3eef54,Cooling,74,90,4.492990|3.000000,6.600181818008423,3.0,4.670046|3.000000,4.212719|7.000000,4.289158|7.000000,7,0.020475,N/A,5
MOGP_NSGAII,ba87acfa-eb1f-11f0-828b-6e001b3eef54,Cooling,74,91,4.492990|3.000000,5.951661109924316,3.0,4.670046|3.000000,4.212719|7.000000,4.289158|7.000000,7,0.020475,N/A,5
MOGP_NSGAII,ba87acfa-eb1f-11f0-828b-6e001b3eef54,Cooling,74,92,4.492990|3.000000,5.883049011230469,3.0,4.670046|3.000000,4.212719|7.000000,4.289158|7.000000,7,0.020475,N/A,5
MOGP_NSGAII,ba87acfa-eb1f-11f0-828b-6e001b3eef54,Cooling,74,93,4.492990|3.000000,5.851025104522705,3.0,4.670046|3.000000,4.212719|7.000000,4.289158|7.000000,7,0.020475,N/A,5
MOGP_NSGAII,ba87acfa-eb1f-11f0-828b-6e001b3eef54,Cooling,74,94,4.492990|3.000000,5.952621936798096,3.0,4.670046|3.000000,4.212719|7.000000,4.289158|7.000000,7,0.020475,N/A,5
MOGP_NSGAII,ba87acfa-eb1f-11f0-828b-6e001b3eef54,Cooling,74,95,4.492990|3.000000,5.82252311706543,3.0,4.670046|3.000000,4.212719|7.000000,4.289158|7.000000,7,0.020475,N/A,5
MOGP_NSGAII,ba87acfa-eb1f-11f0-828b-6e001b3eef54,Cooling,74,96,4.492990|3.000000,5.803701877593994,3.0,4.670046|3.000000,4.212719|7.000000,4.289158|7.000000,7,0.020475,N/A,5
MOGP_NSGAII,ba87acfa-eb1f-11f0-828b-6e001b3eef54,Cooling,74,97,4.492990|3.000000,5.66838812828064,3.0,4.670046|3.000000,4.212719|7.000000,4.289158|7.000000,7,0.020475,N/A,5
MOGP_NSGAII,ba87acfa-eb1f-11f0-828b-6e001b3eef54,Cooling,74,98,4.492990|3.000000,5.692017078399658,3.0,4.670046|3.000000,4.212719|7.000000,4.289158|7.000000,7,0.020475,N/A,5
MOGP_NSGAII,ba87acfa-eb1f-11f0-828b-6e001b3eef54,Cooling,74,99,4.492990|3.000000,5.791600942611694,3.0,4.670046|3.000000,4.212719|7.000000,4.289158|7.000000,7,0.020475,N/A,5
MOGP_NSGAII,ba87acfa-eb1f-11f0-828b-6e001b3eef54,Cooling,74,100,4.492990|3.000000,5.717015027999878,3.0,4.670046|3.000000,4.212719|7.000000,4.289158|7.000000,7,0.020475,N/A,5
MOGP_NSGAII,ba87acfa-eb1f-11f0-828b-6e001b3eef54,Cooling,74,101,4.492990|3.000000,5.8431618213653564,3.0,4.670046|3.000000,4.212719|7.000000,4.289158|7.000000,7,0.020475,N/A,5
MOGP_NSGAII,ba87acfa-eb1f-11f0-828b-6e001b3eef54,Cooling,74,102,4.492990|3.000000,5.881272792816162,3.0,4.670046|3.000000,4.212719|7.000000,4.289158|7.000000,7,0.020475,N/A,5
MOGP_NSGAII,ba87acfa-eb1f-11f0-828b-6e001b3eef54,Cooling,74,103,4.492990|3.000000,5.6477203369140625,3.0,4.670046|3.000000,4.212719|7.000000,4.289158|7.000000,7,0.020475,N/A,5
MOGP_NSGAII,ba87acfa-eb1f-11f0-828b-6e001b3eef54,Cooling,74,104,4.492990|3.000000,5.8184709548950195,3.0,4.670046|3.000000,4.212719|7.000000,4.289158|7.000000,7,0.020475,N/A,5
MOGP_NSGAII,ba87acfa-eb1f-11f0-828b-6e001b3eef54,Cooling,74,105,4.492990|3.000000,5.848012924194336,3.0,4.670046|3.000000,4.212719|7.000000,4.289158|7.000000,7,0.020475,N/A,5
MOGP_NSGAII,ba87acfa-eb1f-11f0-828b-6e001b3eef54,Cooling,74,106,4.492990|3.000000,5.945015907287598,3.0,4.670046|3.000000,4.212719|7.000000,4.289158|7.000000,7,0.020475,N/A,5
MOGP_NSGAII,ba87acfa-eb1f-11f0-828b-6e001b3eef54,Cooling,74,107,4.492990|3.000000,5.711207866668701,3.0,4.670046|3.000000,4.212719|7.000000,4.289158|7.000000,7,0.020475,N/A,5
MOGP_NSGAII,ba87acfa-eb1f-11f0-828b-6e001b3eef54,Cooling,74,108,4.492990|3.000000,5.811321020126343,3.0,4.670046|3.000000,4.212719|7.000000,4.289158|7.000000,7,0.020475,N/A,5
MOGP_NSGAII,ba87acfa-eb1f-11f0-828b-6e001b3eef54,Cooling,74,109,4.492990|3.000000,5.8607659339904785,3.0,4.670046|3.000000,4.212719|7.000000,4.289158|7.000000,7,0.020475,N/A,5
MOGP_NSGAII,ba87acfa-eb1f-11f0-828b-6e001b3eef54,Cooling,74,110,4.492990|3.000000,6.691253900527954,3.0,4.670046|3.000000,4.212719|7.000000,4.289158|7.000000,7,0.020475,N/A,5
MOGP_NSGAII,ba87acfa-eb1f-11f0-828b-6e001b3eef54,Cooling,74,111,4.492990|3.000000,6.615952014923096,3.0,4.670046|3.000000,4.212719|7.000000,4.289158|7.000000,7,0.020475,N/A,5
MOGP_NSGAII,ba87acfa-eb1f-11f0-828b-6e001b3eef54,Cooling,74,112,4.492990|3.000000,6.02252984046936,3.0,4.670046|3.000000,4.212719|7.000000,4.289158|7.000000,7,0.020475,N/A,5
MOGP_NSGAII,ba87acfa-eb1f-11f0-828b-6e001b3eef54,Cooling,74,113,4.492990|3.000000,6.279083967208862,3.0,4.670046|3.000000,4.212719|7.000000,4.289158|7.000000,7,0.020475,N/A,5
MOGP_NSGAII,ba87acfa-eb1f-11f0-828b-6e001b3eef54,Cooling,74,114,4.492990|3.000000,6.285252809524536,3.0,4.670046|3.000000,4.212719|7.000000,4.289158|7.000000,7,0.020475,N/A,5
MOGP_NSGAII,ba87acfa-eb1f-11f0-828b-6e001b3eef54,Cooling,74,115,4.492990|3.000000,6.255114793777466,3.0,4.670046|3.000000,4.212719|7.000000,4.289158|7.000000,7,0.020475,N/A,5
MOGP_NSGAII,ba87acfa-eb1f-11f0-828b-6e001b3eef54,Cooling,74,116,4.492990|3.000000,5.938852071762085,3.0,4.670046|3.000000,4.212719|7.000000,4.289158|7.000000,7,0.020475,N/A,5
MOGP_NSGAII,ba87acfa-eb1f-11f0-828b-6e001b3eef54,Cooling,74,117,4.492990|3.000000,5.892541885375977,3.0,4.670046|3.000000,4.212719|7.000000,4.289158|7.000000,7,0.020475,N/A,5
MOGP_NSGAII,ba87acfa-eb1f-11f0-828b-6e001b3eef54,Cooling,74,118,4.492990|3.000000,5.814792156219482,3.0,4.670046|3.000000,4.212719|7.000000,4.289158|7.000000,7,0.020475,N/A,5
MOGP_NSGAII,ba87acfa-eb1f-11f0-828b-6e001b3eef54,Cooling,74,119,4.492990|3.000000,5.794852018356323,3.0,4.670046|3.000000,4.212719|7.000000,4.289158|7.000000,7,0.020475,N/A,5
MOGP_NSGAII,ba87acfa-eb1f-11f0-828b-6e001b3eef54,Cooling,74,120,4.492990|3.000000,6.374619245529175,3.0,4.670046|3.000000,4.212719|7.000000,4.289158|7.000000,7,0.020475,N/A,5
MOGP_NSGAII,ba87acfa-eb1f-11f0-828b-6e001b3eef54,Cooling,74,121,4.492990|3.000000,6.071260213851929,3.0,4.670046|3.000000,4.212719|7.000000,4.289158|7.000000,7,0.020475,N/A,5
MOGP_NSGAII,ba87acfa-eb1f-11f0-828b-6e001b3eef54,Cooling,74,122,4.492990|3.000000,5.746186017990112,3.0,4.670046|3.000000,4.212719|7.000000,4.289158|7.000000,7,0.020475,N/A,5
MOGP_NSGAII,ba87acfa-eb1f-11f0-828b-6e001b3eef54,Cooling,74,123,4.492990|3.000000,6.149416923522949,3.0,4.670046|3.000000,4.212719|7.000000,4.289158|7.000000,7,0.020475,N/A,5
MOGP_NSGAII,ba87acfa-eb1f-11f0-828b-6e001b3eef54,Cooling,74,124,4.492990|3.000000,5.867821216583252,3.0,4.670046|3.000000,4.212719|7.000000,4.289158|7.000000,7,0.020475,N/A,5
MOGP_NSGAII,ba87acfa-eb1f-11f0-828b-6e001b3eef54,Cooling,74,125,4.492990|3.000000,6.183178901672363,3.0,4.670046|3.000000,4.212719|7.000000,4.289158|7.000000,7,0.020475,N/A,5
MOGP_NSGAII,ba87acfa-eb1f-11f0-828b-6e001b3eef54,Cooling,74,126,4.492990|3.000000,5.930717945098877,3.0,4.670046|3.000000,4.212719|7.000000,4.289158|7.000000,7,0.020475,N/A,5
MOGP_NSGAII,ba87acfa-eb1f-11f0-828b-6e001b3eef54,Cooling,74,127,4.492990|3.000000,6.297364950180054,3.0,4.670046|3.000000,4.212719|7.000000,4.289158|7.000000,7,0.020475,N/A,5
MOGP_NSGAII,ba87acfa-eb1f-11f0-828b-6e001b3eef54,Cooling,74,128,4.492990|3.000000,5.9756410121917725,3.0,4.670046|3.000000,4.212719|7.000000,4.289158|7.000000,7,0.020475,N/A,5
MOGP_NSGAII,ba87acfa-eb1f-11f0-828b-6e001b3eef54,Cooling,74,129,4.492990|3.000000,5.972271919250488,3.0,4.670046|3.000000,4.212719|7.000000,4.289158|7.000000,7,0.020475,N/A,5
MOGP_NSGAII,ba87acfa-eb1f-11f0-828b-6e001b3eef54,Cooling,74,130,4.492990|3.000000,5.996656179428101,3.0,4.670046|3.000000,4.212719|7.000000,4.289158|7.000000,7,0.020475,N/A,5
MOGP_NSGAII,ba87acfa-eb1f-11f0-828b-6e001b3eef54,Cooling,74,131,4.492990|3.000000,6.062704801559448,3.0,4.670046|3.000000,4.212719|7.000000,4.289158|7.000000,7,0.020475,N/A,5
MOGP_NSGAII,ba87acfa-eb1f-11f0-828b-6e001b3eef54,Cooling,74,132,4.492990|3.000000,6.381463050842285,3.0,4.670046|3.000000,4.212719|7.000000,4.289158|7.000000,7,0.020475,N/A,5
MOGP_NSGAII,ba87acfa-eb1f-11f0-828b-6e001b3eef54,Cooling,74,133,4.492990|3.000000,6.222970247268677,3.0,4.670046|3.000000,4.212719|7.000000,4.289158|7.000000,7,0.020475,N/A,5
MOGP_NSGAII,ba87acfa-eb1f-11f0-828b-6e001b3eef54,Cooling,74,134,4.492990|3.000000,6.050302982330322,3.0,4.670046|3.000000,4.212719|7.000000,4.289158|7.000000,7,0.020475,N/A,5
MOGP_NSGAII,ba87acfa-eb1f-11f0-828b-6e001b3eef54,Cooling,74,135,4.492990|3.000000,5.96815824508667,3.0,4.670046|3.000000,4.212719|7.000000,4.289158|7.000000,7,0.020475,N/A,5
MOGP_NSGAII,ba87acfa-eb1f-11f0-828b-6e001b3eef54,Cooling,74,136,4.492990|3.000000,5.888079881668091,3.0,4.670046|3.000000,4.212719|7.000000,4.289158|7.000000,7,0.020475,N/A,5
MOGP_NSGAII,ba87acfa-eb1f-11f0-828b-6e001b3eef54,Cooling,74,137,4.492990|3.000000,5.813896894454956,3.0,4.670046|3.000000,4.212719|7.000000,4.289158|7.000000,7,0.020475,N/A,5
MOGP_NSGAII,ba87acfa-eb1f-11f0-828b-6e001b3eef54,Cooling,74,138,4.492990|3.000000,6.631570816040039,3.0,4.670046|3.000000,4.212719|7.000000,4.289158|7.000000,7,0.020475,N/A,5
MOGP_NSGAII,ba87acfa-eb1f-11f0-828b-6e001b3eef54,Cooling,74,139,4.492990|3.000000,6.724383115768433,3.0,4.670046|3.000000,4.212719|7.000000,4.289158|7.000000,7,0.020475,N/A,5
MOGP_NSGAII,ba87acfa-eb1f-11f0-828b-6e001b3eef54,Cooling,74,140,4.492990|3.000000,5.728061199188232,3.0,4.670046|3.000000,4.212719|7.000000,4.289158|7.000000,7,0.020475,N/A,5
MOGP_NSGAII,ba87acfa-eb1f-11f0-828b-6e001b3eef54,Cooling,74,141,4.492990|3.000000,5.971057176589966,3.0,4.670046|3.000000,4.212719|7.000000,4.289158|7.000000,7,0.020475,N/A,5
MOGP_NSGAII,ba87acfa-eb1f-11f0-828b-6e001b3eef54,Cooling,74,142,4.492990|3.000000,5.975849866867065,3.0,4.670046|3.000000,4.212719|7.000000,4.289158|7.000000,7,0.020475,N/A,5
MOGP_NSGAII,ba87acfa-eb1f-11f0-828b-6e001b3eef54,Cooling,74,143,4.492990|3.000000,7.707230806350708,3.0,4.670046|3.000000,4.212719|7.000000,4.289158|7.000000,7,0.020475,N/A,5
MOGP_NSGAII,ba87acfa-eb1f-11f0-828b-6e001b3eef54,Cooling,74,144,4.492990|3.000000,8.418734073638916,3.0,4.670046|3.000000,4.212719|7.000000,4.289158|7.000000,7,0.020475,N/A,5
MOGP_NSGAII,ba87acfa-eb1f-11f0-828b-6e001b3eef54,Cooling,74,145,4.492990|3.000000,6.039596796035767,3.0,4.670046|3.000000,4.212719|7.000000,4.289158|7.000000,7,0.020475,N/A,5
MOGP_NSGAII,ba87acfa-eb1f-11f0-828b-6e001b3eef54,Cooling,74,146,4.492990|3.000000,5.954234838485718,3.0,4.670046|3.000000,4.212719|7.000000,4.289158|7.000000,7,0.020475,N/A,5
MOGP_NSGAII,ba87acfa-eb1f-11f0-828b-6e001b3eef54,Cooling,74,147,4.492990|3.000000,6.041255712509155,3.0,4.670046|3.000000,4.212719|7.000000,4.289158|7.000000,7,0.020475,N/A,5
MOGP_NSGAII,ba87acfa-eb1f-11f0-828b-6e001b3eef54,Cooling,74,148,4.492990|3.000000,6.009629964828491,3.0,4.670046|3.000000,4.212719|7.000000,4.289158|7.000000,7,0.020475,N/A,5
MOGP_NSGAII,ba87acfa-eb1f-11f0-828b-6e001b3eef54,Cooling,74,149,4.492990|3.000000,5.763096809387207,3.0,4.670046|3.000000,4.212719|7.000000,4.289158|7.000000,7,0.020475,N/A,5
MOGP_NSGAII,ba87acfa-eb1f-11f0-828b-6e001b3eef54,Cooling,74,150,4.492990|3.000000,5.741266965866089,3.0,4.670046|3.000000,4.212719|7.000000,4.289158|7.000000,7,0.020475,N/A,5
MOGP_NSGAII,ba87acfa-eb1f-11f0-828b-6e001b3eef54,Cooling,74,151,4.492990|3.000000,5.77915096282959,3.0,4.670046|3.000000,4.212719|7.000000,4.289158|7.000000,7,0.020475,N/A,5
MOGP_NSGAII,ba87acfa-eb1f-11f0-828b-6e001b3eef54,Cooling,74,152,4.492990|3.000000,5.871971130371094,3.0,4.670046|3.000000,4.212719|7.000000,4.289158|7.000000,7,0.020475,N/A,5
MOGP_NSGAII,ba87acfa-eb1f-11f0-828b-6e001b3eef54,Cooling,74,153,4.492990|3.000000,5.798707008361816,3.0,4.670046|3.000000,4.212719|7.000000,4.289158|7.000000,7,0.020475,N/A,5
MOGP_NSGAII,ba87acfa-eb1f-11f0-828b-6e001b3eef54,Cooling,74,154,4.492990|3.000000,5.832648992538452,3.0,4.670046|3.000000,4.212719|7.000000,4.289158|7.000000,7,0.020475,N/A,5
MOGP_NSGAII,ba87acfa-eb1f-11f0-828b-6e001b3eef54,Cooling,74,155,4.492990|3.000000,5.90384316444397,3.0,4.670046|3.000000,4.212719|7.000000,4.289158|7.000000,7,0.020475,N/A,5
MOGP_NSGAII,ba87acfa-eb1f-11f0-828b-6e001b3eef54,Cooling,74,156,4.492990|3.000000,5.997171878814697,3.0,4.670046|3.000000,4.212719|7.000000,4.289158|7.000000,7,0.020475,N/A,5
MOGP_NSGAII,ba87acfa-eb1f-11f0-828b-6e001b3eef54,Cooling,74,157,4.492990|3.000000,6.074517011642456,3.0,4.670046|3.000000,4.211312|9.000000,4.286484|9.000000,9,0.024790,N/A,5
MOGP_NSGAII,ba87acfa-eb1f-11f0-828b-6e001b3eef54,Cooling,74,158,4.492990|3.000000,5.750767707824707,3.0,4.670046|3.000000,4.211259|9.000000,4.286692|9.000000,9,0.024792,N/A,5
MOGP_NSGAII,ba87acfa-eb1f-11f0-828b-6e001b3eef54,Cooling,74,159,4.492990|3.000000,5.8159339427948,3.0,4.670046|3.000000,4.211259|9.000000,4.286692|9.000000,9,0.024792,N/A,5
MOGP_NSGAII,ba87acfa-eb1f-11f0-828b-6e001b3eef54,Cooling,74,160,4.492990|3.000000,5.835385799407959,3.0,4.670046|3.000000,4.211259|9.000000,4.286692|9.000000,9,0.028444,N/A,5
MOGP_NSGAII,ba87acfa-eb1f-11f0-828b-6e001b3eef54,Cooling,74,161,4.492990|3.000000,6.324281930923462,3.0,4.670046|3.000000,4.211259|9.000000,4.286692|9.000000,9,0.028444,N/A,5
MOGP_NSGAII,ba87acfa-eb1f-11f0-828b-6e001b3eef54,Cooling,74,162,4.492990|3.000000,5.751999378204346,3.0,4.670046|3.000000,4.211259|9.000000,4.286692|9.000000,9,0.028444,N/A,5
MOGP_NSGAII,ba87acfa-eb1f-11f0-828b-6e001b3eef54,Cooling,74,163,4.492990|3.000000,5.732696056365967,3.0,4.670046|3.000000,4.211259|9.000000,4.286692|9.000000,9,0.028444,N/A,5
MOGP_NSGAII,ba87acfa-eb1f-11f0-828b-6e001b3eef54,Cooling,74,164,4.492990|3.000000,5.712413787841797,3.0,4.670046|3.000000,4.211259|9.000000,4.286692|9.000000,9,0.028444,N/A,5
MOGP_NSGAII,ba87acfa-eb1f-11f0-828b-6e001b3eef54,Cooling,74,165,4.492990|3.000000,5.921320915222168,3.0,4.670046|3.000000,4.211259|9.000000,4.286692|9.000000,9,0.028444,N/A,5
MOGP_NSGAII,ba87acfa-eb1f-11f0-828b-6e001b3eef54,Cooling,74,166,4.492990|3.000000,5.7497148513793945,3.0,4.670046|3.000000,4.211259|9.000000,4.286692|9.000000,9,0.028444,N/A,5
MOGP_NSGAII,ba87acfa-eb1f-11f0-828b-6e001b3eef54,Cooling,74,167,4.492990|3.000000,5.806605815887451,3.0,4.670046|3.000000,4.211259|9.000000,4.286692|9.000000,9,0.028444,N/A,5
MOGP_NSGAII,ba87acfa-eb1f-11f0-828b-6e001b3eef54,Cooling,74,168,4.492990|3.000000,5.629880666732788,3.0,4.670046|3.000000,4.211259|9.000000,4.286692|9.000000,9,0.028444,N/A,5
MOGP_NSGAII,ba87acfa-eb1f-11f0-828b-6e001b3eef54,Cooling,74,169,4.492990|3.000000,5.919216871261597,3.0,4.670046|3.000000,4.211259|9.000000,4.286692|9.000000,9,0.028444,N/A,5
MOGP_NSGAII,ba87acfa-eb1f-11f0-828b-6e001b3eef54,Cooling,74,170,4.492990|3.000000,5.661608934402466,3.0,4.670046|3.000000,4.211259|9.000000,4.286692|9.000000,9,0.028444,N/A,5
MOGP_NSGAII,ba87acfa-eb1f-11f0-828b-6e001b3eef54,Cooling,74,171,4.492990|3.000000,5.556312799453735,3.0,4.670046|3.000000,4.211259|9.000000,4.286692|9.000000,9,0.028444,N/A,5
MOGP_NSGAII,ba87acfa-eb1f-11f0-828b-6e001b3eef54,Cooling,74,172,4.492990|3.000000,5.502950191497803,3.0,4.670046|3.000000,4.211259|9.000000,4.286692|9.000000,9,0.028444,N/A,5
MOGP_NSGAII,ba87acfa-eb1f-11f0-828b-6e001b3eef54,Cooling,74,173,4.492990|3.000000,5.677343845367432,3.0,4.670046|3.000000,4.211259|9.000000,4.286692|9.000000,9,0.028444,N/A,5
MOGP_NSGAII,ba87acfa-eb1f-11f0-828b-6e001b3eef54,Cooling,74,174,4.492990|3.000000,5.893934965133667,3.0,4.670046|3.000000,4.211259|9.000000,4.286692|9.000000,9,0.028444,N/A,5
MOGP_NSGAII,ba87acfa-eb1f-11f0-828b-6e001b3eef54,Cooling,74,175,4.492990|3.000000,5.807023763656616,3.0,4.670046|3.000000,4.211259|9.000000,4.286692|9.000000,9,0.028444,N/A,5
MOGP_NSGAII,ba87acfa-eb1f-11f0-828b-6e001b3eef54,Cooling,74,176,4.492990|3.000000,5.880935192108154,3.0,4.670046|3.000000,4.211259|9.000000,4.286692|9.000000,9,0.028444,N/A,5
MOGP_NSGAII,ba87acfa-eb1f-11f0-828b-6e001b3eef54,Cooling,74,177,4.492990|3.000000,5.798466205596924,3.0,4.670046|3.000000,4.211259|9.000000,4.286692|9.000000,9,0.028444,N/A,5
MOGP_NSGAII,ba87acfa-eb1f-11f0-828b-6e001b3eef54,Cooling,74,178,4.492990|3.000000,5.954473972320557,3.0,4.670046|3.000000,4.211259|9.000000,4.286692|9.000000,9,0.028444,N/A,5
MOGP_NSGAII,ba87acfa-eb1f-11f0-828b-6e001b3eef54,Cooling,74,179,4.492990|3.000000,5.778219938278198,3.0,4.670046|3.000000,4.211259|9.000000,4.286692|9.000000,9,0.028444,N/A,5
MOGP_NSGAII,ba87acfa-eb1f-11f0-828b-6e001b3eef54,Cooling,74,180,4.492990|3.000000,5.789844036102295,3.0,4.670046|3.000000,4.211259|9.000000,4.286692|9.000000,9,0.028444,N/A,5
MOGP_NSGAII,ba87acfa-eb1f-11f0-828b-6e001b3eef54,Cooling,74,181,4.492990|3.000000,5.894397974014282,3.0,4.670046|3.000000,4.211259|9.000000,4.286692|9.000000,9,0.028444,N/A,5
MOGP_NSGAII,ba87acfa-eb1f-11f0-828b-6e001b3eef54,Cooling,74,182,4.492990|3.000000,5.674358129501343,3.0,4.670046|3.000000,4.211259|9.000000,4.286692|9.000000,9,0.028444,N/A,5
MOGP_NSGAII,ba87acfa-eb1f-11f0-828b-6e001b3eef54,Cooling,74,183,4.492990|3.000000,5.6148247718811035,3.0,4.670046|3.000000,4.211259|9.000000,4.286692|9.000000,9,0.028444,N/A,5
MOGP_NSGAII,ba87acfa-eb1f-11f0-828b-6e001b3eef54,Cooling,74,184,4.492990|3.000000,5.76133918762207,3.0,4.670046|3.000000,4.211259|9.000000,4.286692|9.000000,9,0.028444,N/A,5
MOGP_NSGAII,ba87acfa-eb1f-11f0-828b-6e001b3eef54,Cooling,74,185,4.492990|3.000000,5.711091995239258,3.0,4.670046|3.000000,4.211259|9.000000,4.286692|9.000000,9,0.028444,N/A,5
MOGP_NSGAII,ba87acfa-eb1f-11f0-828b-6e001b3eef54,Cooling,74,186,4.492990|3.000000,5.700150966644287,3.0,4.670046|3.000000,4.210910|9.000000,4.285714|9.000000,9,0.024802,N/A,5
MOGP_NSGAII,ba87acfa-eb1f-11f0-828b-6e001b3eef54,Cooling,74,187,4.492990|3.000000,5.83873987197876,3.0,4.670046|3.000000,4.210910|9.000000,4.285714|9.000000,9,0.024802,N/A,5
MOGP_NSGAII,ba87acfa-eb1f-11f0-828b-6e001b3eef54,Cooling,74,188,4.492990|3.000000,5.664433002471924,3.0,4.670046|3.000000,4.210910|9.000000,4.285714|9.000000,9,0.024802,N/A,5
MOGP_NSGAII,ba87acfa-eb1f-11f0-828b-6e001b3eef54,Cooling,74,189,4.492990|3.000000,5.661481857299805,3.0,4.670046|3.000000,4.210910|9.000000,4.285714|9.000000,9,0.024802,N/A,5
MOGP_NSGAII,ba87acfa-eb1f-11f0-828b-6e001b3eef54,Cooling,74,190,4.492990|3.000000,5.822997093200684,3.0,4.670046|3.000000,4.210910|9.000000,4.285714|9.000000,9,0.024802,N/A,5
MOGP_NSGAII,ba87acfa-eb1f-11f0-828b-6e001b3eef54,Cooling,74,191,4.492990|3.000000,5.776551961898804,3.0,4.670046|3.000000,4.210910|9.000000,4.285714|9.000000,9,0.028461,N/A,5
MOGP_NSGAII,ba87acfa-eb1f-11f0-828b-6e001b3eef54,Cooling,74,192,4.492990|3.000000,5.667885065078735,3.0,4.670046|3.000000,4.210910|9.000000,4.285714|9.000000,9,0.028461,N/A,5
MOGP_NSGAII,ba87acfa-eb1f-11f0-828b-6e001b3eef54,Cooling,74,193,4.492990|3.000000,5.747298002243042,3.0,4.670046|3.000000,4.210910|9.000000,4.285714|9.000000,9,0.028461,N/A,5
MOGP_NSGAII,ba87acfa-eb1f-11f0-828b-6e001b3eef54,Cooling,74,194,4.492990|3.000000,5.762676954269409,3.0,4.670046|3.000000,4.210910|9.000000,4.285714|9.000000,9,0.028461,N/A,5
MOGP_NSGAII,ba87acfa-eb1f-11f0-828b-6e001b3eef54,Cooling,74,195,4.492990|3.000000,5.617964029312134,3.0,4.670046|3.000000,4.210910|9.000000,4.285714|9.000000,9,0.028461,N/A,5
MOGP_NSGAII,ba87acfa-eb1f-11f0-828b-6e001b3eef54,Cooling,74,196,4.492990|3.000000,5.737833261489868,3.0,4.670046|3.000000,4.210910|9.000000,4.285714|9.000000,9,0.028461,N/A,5
MOGP_NSGAII,ba87acfa-eb1f-11f0-828b-6e001b3eef54,Cooling,74,197,4.492990|3.000000,5.588935136795044,3.0,4.670046|3.000000,4.210910|9.000000,4.285714|9.000000,9,0.028461,N/A,5
MOGP_NSGAII,ba87acfa-eb1f-11f0-828b-6e001b3eef54,Cooling,74,198,4.492990|3.000000,5.679980993270874,3.0,4.670046|3.000000,4.210910|9.000000,4.285714|9.000000,9,0.028461,N/A,5
MOGP_NSGAII,ba87acfa-eb1f-11f0-828b-6e001b3eef54,Cooling,74,199,4.492990|3.000000,5.649547100067139,3.0,4.670046|3.000000,4.210910|9.000000,4.285714|9.000000,9,0.028461,N/A,5
MOGP_NSGAII,ba87acfa-eb1f-11f0-828b-6e001b3eef54,Cooling,74,200,4.492990|3.000000,5.6120829582214355,3.0,4.670046|3.000000,4.210910|9.000000,4.285714|9.000000,9,0.028461,N/A,5
MOGP_NSGAII,ba87acfa-eb1f-11f0-828b-6e001b3eef54,Cooling,74,201,4.492990|3.000000,5.695959806442261,3.0,4.670046|3.000000,4.210910|9.000000,4.285714|9.000000,9,0.028461,N/A,5
MOGP_NSGAII,ba87acfa-eb1f-11f0-828b-6e001b3eef54,Cooling,74,202,4.492990|3.000000,5.636776924133301,3.0,4.670046|3.000000,4.210910|9.000000,4.285714|9.000000,9,0.028461,N/A,5
MOGP_NSGAII,ba87acfa-eb1f-11f0-828b-6e001b3eef54,Cooling,74,203,4.492990|3.000000,5.802840948104858,3.0,4.670046|3.000000,4.210910|9.000000,4.285714|9.000000,9,0.028461,N/A,5
MOGP_NSGAII,ba87acfa-eb1f-11f0-828b-6e001b3eef54,Cooling,74,204,4.492990|3.000000,5.8757240772247314,3.0,4.670046|3.000000,4.210718|19.000000,4.285627|19.000000,19,0.031689,N/A,5
MOGP_NSGAII,ba87acfa-eb1f-11f0-828b-6e001b3eef54,Cooling,74,205,4.492990|3.000000,5.746185302734375,3.0,4.670046|3.000000,4.207772|19.000000,4.281357|19.000000,19,0.031754,N/A,5
MOGP_NSGAII,ba87acfa-eb1f-11f0-828b-6e001b3eef54,Cooling,74,206,4.492990|3.000000,5.597080945968628,3.0,4.670046|3.000000,4.207772|19.000000,4.281357|19.000000,19,0.031754,N/A,5
MOGP_NSGAII,ba87acfa-eb1f-11f0-828b-6e001b3eef54,Cooling,74,207,4.492990|3.000000,5.843792915344238,3.0,4.670046|3.000000,4.207772|19.000000,4.281357|19.000000,19,0.031754,N/A,5
MOGP_NSGAII,ba87acfa-eb1f-11f0-828b-6e001b3eef54,Cooling,74,208,4.492990|3.000000,5.645624160766602,3.0,4.670046|3.000000,4.207772|19.000000,4.281357|19.000000,19,0.031754,N/A,5
MOGP_NSGAII,ba87acfa-eb1f-11f0-828b-6e001b3eef54,Cooling,74,209,4.492990|3.000000,5.80089807510376,3.0,4.670046|3.000000,4.207772|19.000000,4.281357|19.000000,19,0.031754,N/A,5
MOGP_NSGAII,ba87acfa-eb1f-11f0-828b-6e001b3eef54,Cooling,74,210,4.492990|3.000000,6.03590989112854,3.0,4.670046|3.000000,4.206258|13.000000,4.278781|13.000000,13,0.031788,N/A,5
MOGP_NSGAII,ba87acfa-eb1f-11f0-828b-6e001b3eef54,Cooling,74,211,4.492990|3.000000,5.547561883926392,3.0,4.670046|3.000000,4.206258|13.000000,4.278781|13.000000,13,0.034783,N/A,5
MOGP_NSGAII,ba87acfa-eb1f-11f0-828b-6e001b3eef54,Cooling,74,212,4.492990|3.000000,5.57186484336853,3.0,4.670046|3.000000,4.206258|13.000000,4.278781|13.000000,13,0.039931,N/A,5
MOGP_NSGAII,ba87acfa-eb1f-11f0-828b-6e001b3eef54,Cooling,74,213,4.492990|3.000000,5.658233165740967,3.0,4.670046|3.000000,4.206258|13.000000,4.278781|13.000000,13,0.039931,N/A,5
MOGP_NSGAII,ba87acfa-eb1f-11f0-828b-6e001b3eef54,Cooling,74,214,4.492990|3.000000,5.46468186378479,3.0,4.670046|3.000000,4.206258|13.000000,4.278781|13.000000,13,0.039931,N/A,5
MOGP_NSGAII,ba87acfa-eb1f-11f0-828b-6e001b3eef54,Cooling,74,215,4.492990|3.000000,5.598488807678223,3.0,4.670046|3.000000,4.206258|13.000000,4.278781|13.000000,13,0.039931,N/A,5
MOGP_NSGAII,ba87acfa-eb1f-11f0-828b-6e001b3eef54,Cooling,74,216,4.492990|3.000000,5.644094944000244,3.0,4.670046|3.000000,4.206258|13.000000,4.278781|13.000000,13,0.039931,N/A,5
MOGP_NSGAII,ba87acfa-eb1f-11f0-828b-6e001b3eef54,Cooling,74,217,4.492990|3.000000,5.770390033721924,3.0,4.670046|3.000000,4.206258|13.000000,4.278781|13.000000,13,0.039931,N/A,5
MOGP_NSGAII,ba87acfa-eb1f-11f0-828b-6e001b3eef54,Cooling,74,218,4.492990|3.000000,5.580721139907837,3.0,4.670046|3.000000,4.206258|13.000000,4.278781|13.000000,13,0.039931,N/A,5
MOGP_NSGAII,ba87acfa-eb1f-11f0-828b-6e001b3eef54,Cooling,74,219,4.492990|3.000000,5.6810691356658936,3.0,4.670046|3.000000,4.206258|13.000000,4.278781|13.000000,13,0.039931,N/A,5
MOGP_NSGAII,ba87acfa-eb1f-11f0-828b-6e001b3eef54,Cooling,74,220,4.492990|3.000000,5.709550857543945,3.0,4.670046|3.000000,4.206258|13.000000,4.278781|13.000000,13,0.037461,N/A,5
MOGP_NSGAII,ba87acfa-eb1f-11f0-828b-6e001b3eef54,Cooling,74,221,4.492990|3.000000,5.653409957885742,3.0,4.670046|3.000000,4.206258|13.000000,4.278781|13.000000,13,0.039947,N/A,5
MOGP_NSGAII,ba87acfa-eb1f-11f0-828b-6e001b3eef54,Cooling,74,222,4.492990|3.000000,5.631536960601807,3.0,4.670046|3.000000,4.206258|13.000000,4.278781|13.000000,13,0.039947,N/A,5
MOGP_NSGAII,ba87acfa-eb1f-11f0-828b-6e001b3eef54,Cooling,74,223,4.492990|3.000000,5.6063690185546875,3.0,4.670046|3.000000,4.206258|13.000000,4.278781|13.000000,13,0.039947,N/A,5
MOGP_NSGAII,ba87acfa-eb1f-11f0-828b-6e001b3eef54,Cooling,74,224,4.492990|3.000000,5.60424017906189,3.0,4.670046|3.000000,4.206258|13.000000,4.278781|13.000000,13,0.039947,N/A,5
MOGP_NSGAII,ba87acfa-eb1f-11f0-828b-6e001b3eef54,Cooling,74,225,4.492990|3.000000,5.783324718475342,3.0,4.670046|3.000000,4.206258|13.000000,4.278781|13.000000,13,0.039947,N/A,5
MOGP_NSGAII,ba87acfa-eb1f-11f0-828b-6e001b3eef54,Cooling,74,226,4.492990|3.000000,5.55562424659729,3.0,4.670046|3.000000,4.206258|13.000000,4.278781|13.000000,13,0.039947,N/A,5
MOGP_NSGAII,ba87acfa-eb1f-11f0-828b-6e001b3eef54,Cooling,74,227,4.492990|3.000000,5.708154916763306,3.0,4.670046|3.000000,4.206258|13.000000,4.278781|13.000000,13,0.039947,N/A,5
MOGP_NSGAII,ba87acfa-eb1f-11f0-828b-6e001b3eef54,Cooling,74,228,4.492990|3.000000,5.7030439376831055,3.0,4.670046|3.000000,4.206258|13.000000,4.278781|13.000000,13,0.039947,N/A,5
MOGP_NSGAII,ba87acfa-eb1f-11f0-828b-6e001b3eef54,Cooling,74,229,4.492990|3.000000,5.8318939208984375,3.0,4.670046|3.000000,4.206258|13.000000,4.278781|13.000000,13,0.039947,N/A,5
MOGP_NSGAII,ba87acfa-eb1f-11f0-828b-6e001b3eef54,Cooling,74,230,4.492990|3.000000,5.841837167739868,3.0,4.670046|3.000000,4.206258|13.000000,4.278781|13.000000,13,0.039947,N/A,5
MOGP_NSGAII,ba87acfa-eb1f-11f0-828b-6e001b3eef54,Cooling,74,231,4.492990|3.000000,5.689693927764893,3.0,4.670046|3.000000,4.206258|13.000000,4.278781|13.000000,13,0.039947,N/A,5
MOGP_NSGAII,ba87acfa-eb1f-11f0-828b-6e001b3eef54,Cooling,74,232,4.492990|3.000000,5.673949956893921,3.0,4.670046|3.000000,4.206258|13.000000,4.278781|13.000000,13,0.039947,N/A,5
MOGP_NSGAII,ba87acfa-eb1f-11f0-828b-6e001b3eef54,Cooling,74,233,4.492990|3.000000,5.438746929168701,3.0,4.670046|3.000000,4.206258|13.000000,4.278781|13.000000,13,0.039947,N/A,5
MOGP_NSGAII,ba87acfa-eb1f-11f0-828b-6e001b3eef54,Cooling,74,234,4.492990|3.000000,5.571620941162109,3.0,4.670046|3.000000,4.206258|13.000000,4.278781|13.000000,13,0.039947,N/A,5
MOGP_NSGAII,ba87acfa-eb1f-11f0-828b-6e001b3eef54,Cooling,74,235,4.492990|3.000000,5.682170867919922,3.0,4.670046|3.000000,4.206258|13.000000,4.278781|13.000000,13,0.039947,N/A,5
MOGP_NSGAII,ba87acfa-eb1f-11f0-828b-6e001b3eef54,Cooling,74,236,4.492990|3.000000,5.843791723251343,3.0,4.670046|3.000000,4.206258|13.000000,4.278781|13.000000,13,0.039947,N/A,5
MOGP_NSGAII,ba87acfa-eb1f-11f0-828b-6e001b3eef54,Cooling,74,237,4.492990|3.000000,5.763079881668091,3.0,4.670046|3.000000,4.206258|13.000000,4.278781|13.000000,13,0.039947,N/A,5
MOGP_NSGAII,ba87acfa-eb1f-11f0-828b-6e001b3eef54,Cooling,74,238,4.492990|3.000000,5.644798040390015,3.0,4.670046|3.000000,4.206258|13.000000,4.278781|13.000000,13,0.037477,N/A,5
MOGP_NSGAII,ba87acfa-eb1f-11f0-828b-6e001b3eef54,Cooling,74,239,4.492990|3.000000,5.647183895111084,3.0,4.670046|3.000000,4.206258|13.000000,4.278781|13.000000,13,0.037477,N/A,5
MOGP_NSGAII,ba87acfa-eb1f-11f0-828b-6e001b3eef54,Cooling,74,240,4.492990|3.000000,5.77997899055481,3.0,4.670046|3.000000,4.206258|13.000000,4.278781|13.000000,13,0.039978,N/A,5
MOGP_NSGAII,ba87acfa-eb1f-11f0-828b-6e001b3eef54,Cooling,74,241,4.492990|3.000000,5.626338005065918,3.0,4.670046|3.000000,4.206258|13.000000,4.278781|13.000000,13,0.039978,N/A,5
MOGP_NSGAII,ba87acfa-eb1f-11f0-828b-6e001b3eef54,Cooling,74,242,4.492990|3.000000,5.528296232223511,3.0,4.670046|3.000000,4.206258|13.000000,4.278781|13.000000,13,0.039978,N/A,5
MOGP_NSGAII,ba87acfa-eb1f-11f0-828b-6e001b3eef54,Cooling,74,243,4.492990|3.000000,5.615492820739746,3.0,4.670046|3.000000,4.206258|13.000000,4.278781|13.000000,13,0.039978,N/A,5
MOGP_NSGAII,ba87acfa-eb1f-11f0-828b-6e001b3eef54,Cooling,74,244,4.492990|3.000000,5.619125843048096,3.0,4.670046|3.000000,4.206258|13.000000,4.278781|13.000000,13,0.039978,N/A,5
MOGP_NSGAII,ba87acfa-eb1f-11f0-828b-6e001b3eef54,Cooling,74,245,4.492990|3.000000,5.517314910888672,3.0,4.670046|3.000000,4.206258|13.000000,4.278781|13.000000,13,0.039978,N/A,5
MOGP_NSGAII,ba87acfa-eb1f-11f0-828b-6e001b3eef54,Cooling,74,246,4.492990|3.000000,5.616765975952148,3.0,4.670046|3.000000,4.206258|13.000000,4.278781|13.000000,13,0.039978,N/A,5
MOGP_NSGAII,ba87acfa-eb1f-11f0-828b-6e001b3eef54,Cooling,74,247,4.492990|3.000000,5.80181884765625,3.0,4.670046|3.000000,4.206258|13.000000,4.278781|13.000000,13,0.039978,N/A,5
MOGP_NSGAII,ba87acfa-eb1f-11f0-828b-6e001b3eef54,Cooling,74,248,4.492990|3.000000,5.73239803314209,3.0,4.670046|3.000000,4.206258|13.000000,4.278781|13.000000,13,0.039978,N/A,5
MOGP_NSGAII,ba87acfa-eb1f-11f0-828b-6e001b3eef54,Cooling,74,249,4.492990|3.000000,5.75741171836853,3.0,4.670046|3.000000,4.206258|13.000000,4.278781|13.000000,13,0.039978,N/A,5
MOGP_NSGAII,ba87acfa-eb1f-11f0-828b-6e001b3eef54,Cooling,74,250,4.492990|3.000000,5.6531007289886475,3.0,4.670046|3.000000,4.184517|11.000000,4.175143|11.000000,11,0.032286,N/A,5
