MOGP_GENERATIONAL,cea1af50-f160-11f0-b3ac-6e001b3eef54,Cooling,74,0,9.411510|3.000000|0.000000|0.000000|0.000000,1.2168540954589844,3.0,9.784588|3.000000|0.000000|0.000000|0.000000,N/A,N/A,0,243860422656.000000,9.411510|3.000000|0.000000|0.000000|0.000000,5
MOGP_GENERATIONAL,cea1af50-f160-11f0-b3ac-6e001b3eef54,Cooling,74,1,9.411510|3.000000|0.000000|0.000000|0.000000,0.05837202072143555,3.0,9.784588|3.000000|0.000000|0.000000|0.000000,4.337151|3.000000|1.000000|0.000000|0.000000,5.000828|3.000000|1.000000|0.000000|0.000000,3,78299095040.000000,9.411510|3.000000|0.000000|0.000000|0.000000,5
MOGP_GENERATIONAL,cea1af50-f160-11f0-b3ac-6e001b3eef54,Cooling,74,2,9.411510|3.000000|0.000000|0.000000|0.000000,0.060791969299316406,3.0,9.784588|3.000000|0.000000|0.000000|0.000000,4.337151|3.000000|1.000000|0.000000|0.000000,5.000828|3.000000|1.000000|0.000000|0.000000,3,54972612608.000000,9.411510|3.000000|0.000000|0.000000|0.000000,5
MOGP_GENERATIONAL,cea1af50-f160-11f0-b3ac-6e001b3eef54,Cooling,74,3,9.411510|3.000000|0.000000|0.000000|0.000000,0.05816912651062012,3.0,9.784588|3.000000|0.000000|0.000000|0.000000,4.337151|3.000000|1.000000|0.000000|0.000000,5.000828|3.000000|1.000000|0.000000|0.000000,3,98754920448.000000,9.411510|3.000000|0.000000|0.000000|0.000000,5
MOGP_GENERATIONAL,cea1af50-f160-11f0-b3ac-6e001b3eef54,Cooling,74,4,9.411510|3.000000|0.000000|0.000000|0.000000,0.0575559139251709,3.0,9.784588|3.000000|0.000000|0.000000|0.000000,8.052668|3.000000|1.000000|0.000000|0.000000,8.975376|3.000000|1.000000|0.000000|0.000000,3,70533685248.000000,9.411510|3.000000|0.000000|0.000000|0.000000,5
MOGP_GENERATIONAL,cea1af50-f160-11f0-b3ac-6e001b3eef54,Cooling,74,5,9.411510|3.000000|0.000000|0.000000|0.000000,0.05481076240539551,3.0,9.784588|3.000000|0.000000|0.000000|0.000000,9.411510|3.000000|0.000000|0.000000|0.000000,9.784588|3.000000|0.000000|0.000000|0.000000,3,78017609728.000000,9.411510|3.000000|0.000000|0.000000|0.000000,5
MOGP_GENERATIONAL,cea1af50-f160-11f0-b3ac-6e001b3eef54,Cooling,74,6,9.411510|3.000000|0.000000|0.000000|0.000000,0.05533480644226074,3.0,9.784588|3.000000|0.000000|0.000000|0.000000,9.411510|3.000000|0.000000|0.000000|0.000000,9.784588|3.000000|0.000000|0.000000|0.000000,3,81332518912.000000,9.411510|3.000000|0.000000|0.000000|0.000000,5
MOGP_GENERATIONAL,cea1af50-f160-11f0-b3ac-6e001b3eef54,Cooling,74,7,9.411510|3.000000|0.000000|0.000000|0.000000,0.05618000030517578,3.0,9.784588|3.000000|0.000000|0.000000|0.000000,8.948092|15.000000|3.000000|2.000000|0.000000,9.207849|15.000000|3.000000|2.000000|0.000000,15,105400344576.000000,9.411510|3.000000|0.000000|0.000000|0.000000,5
MOGP_GENERATIONAL,cea1af50-f160-11f0-b3ac-6e001b3eef54,Cooling,74,8,9.411510|3.000000|0.000000|0.000000|0.000000,0.05751824378967285,3.0,9.784588|3.000000|0.000000|0.000000|0.000000,9.411510|3.000000|0.000000|0.000000|0.000000,9.784588|3.000000|0.000000|0.000000|0.000000,3,80822837248.000000,9.411510|3.000000|0.000000|0.000000|0.000000,5
MOGP_GENERATIONAL,cea1af50-f160-11f0-b3ac-6e001b3eef54,Cooling,74,9,9.411510|3.000000|0.000000|0.000000|0.000000,0.05670309066772461,3.0,9.784588|3.000000|0.000000|0.000000|0.000000,8.711572|7.000000|1.000000|0.000000|0.000000,9.477472|7.000000|1.000000|0.000000|0.000000,7,90241744896.000000,9.411510|3.000000|0.000000|0.000000|0.000000,5
MOGP_GENERATIONAL,cea1af50-f160-11f0-b3ac-6e001b3eef54,Cooling,74,10,9.411510|3.000000|0.000000|0.000000|0.000000,0.05619025230407715,3.0,9.784588|3.000000|0.000000|0.000000|0.000000,9.411510|3.000000|0.000000|0.000000|0.000000,9.784588|3.000000|0.000000|0.000000|0.000000,3,92648071168.000000,9.411510|3.000000|0.000000|0.000000|0.000000,5
MOGP_GENERATIONAL,cea1af50-f160-11f0-b3ac-6e001b3eef54,Cooling,74,11,9.411510|3.000000|0.000000|0.000000|0.000000,0.055631160736083984,3.0,9.784588|3.000000|0.000000|0.000000|0.000000,9.411510|3.000000|0.000000|0.000000|0.000000,9.784588|3.000000|0.000000|0.000000|0.000000,3,64925974528.000000,9.411510|3.000000|0.000000|0.000000|0.000000,5
MOGP_GENERATIONAL,cea1af50-f160-11f0-b3ac-6e001b3eef54,Cooling,74,12,9.411510|3.000000|0.000000|0.000000|0.000000,0.05683708190917969,3.0,9.784588|3.000000|0.000000|0.000000|0.000000,6.778448|15.000000|2.000000|0.000000|0.000000,6.955204|15.000000|2.000000|0.000000|0.000000,15,62812049408.000000,9.411510|3.000000|0.000000|0.000000|0.000000,5
MOGP_GENERATIONAL,cea1af50-f160-11f0-b3ac-6e001b3eef54,Cooling,74,13,9.411510|3.000000|0.000000|0.000000|0.000000,0.05558013916015625,3.0,9.784588|3.000000|0.000000|0.000000|0.000000,9.411510|3.000000|0.000000|0.000000|0.000000,9.784588|3.000000|0.000000|0.000000|0.000000,3,88722341888.000000,9.411510|3.000000|0.000000|0.000000|0.000000,5
MOGP_GENERATIONAL,cea1af50-f160-11f0-b3ac-6e001b3eef54,Cooling,74,14,9.411510|3.000000|0.000000|0.000000|0.000000,0.05637216567993164,3.0,9.784588|3.000000|0.000000|0.000000|0.000000,9.411510|3.000000|0.000000|0.000000|0.000000,9.784588|3.000000|0.000000|0.000000|0.000000,3,1675672.250000,9.411510|3.000000|0.000000|0.000000|0.000000,5
MOGP_GENERATIONAL,cea1af50-f160-11f0-b3ac-6e001b3eef54,Cooling,74,15,9.411510|3.000000|0.000000|0.000000|0.000000,0.056253910064697266,3.0,9.784588|3.000000|0.000000|0.000000|0.000000,9.411510|3.000000|0.000000|0.000000|0.000000,9.784588|3.000000|0.000000|0.000000|0.000000,3,56869187584.000000,9.411510|3.000000|0.000000|0.000000|0.000000,5
MOGP_GENERATIONAL,cea1af50-f160-11f0-b3ac-6e001b3eef54,Cooling,74,16,9.411510|3.000000|0.000000|0.000000|0.000000,0.05680990219116211,3.0,9.784588|3.000000|0.000000|0.000000|0.000000,8.711572|7.000000|1.000000|0.000000|0.000000,9.477472|7.000000|1.000000|0.000000|0.000000,7,49937444864.000000,9.411510|3.000000|0.000000|0.000000|0.000000,5
MOGP_GENERATIONAL,cea1af50-f160-11f0-b3ac-6e001b3eef54,Cooling,74,17,9.411510|3.000000|0.000000|0.000000|0.000000,0.06022381782531738,3.0,9.784588|3.000000|0.000000|0.000000|0.000000,9.411510|3.000000|0.000000|0.000000|0.000000,9.784588|3.000000|0.000000|0.000000|0.000000,3,70533480448.000000,9.411510|3.000000|0.000000|0.000000|0.000000,5
MOGP_GENERATIONAL,cea1af50-f160-11f0-b3ac-6e001b3eef54,Cooling,74,18,9.411510|3.000000|0.000000|0.000000|0.000000,0.054830074310302734,3.0,9.784588|3.000000|0.000000|0.000000|0.000000,9.411510|3.000000|0.000000|0.000000|0.000000,9.784588|3.000000|0.000000|0.000000|0.000000,3,102100418560.000000,9.411510|3.000000|0.000000|0.000000|0.000000,5
MOGP_GENERATIONAL,cea1af50-f160-11f0-b3ac-6e001b3eef54,Cooling,74,19,9.411510|3.000000|0.000000|0.000000|0.000000,0.05483388900756836,3.0,9.784588|3.000000|0.000000|0.000000|0.000000,9.411510|3.000000|0.000000|0.000000|0.000000,9.784588|3.000000|0.000000|0.000000|0.000000,3,49937469440.000000,9.411510|3.000000|0.000000|0.000000|0.000000,5
MOGP_GENERATIONAL,cea1af50-f160-11f0-b3ac-6e001b3eef54,Cooling,74,20,9.411510|3.000000|0.000000|0.000000|0.000000,0.055677175521850586,3.0,9.784588|3.000000|0.000000|0.000000|0.000000,9.411510|3.000000|0.000000|0.000000|0.000000,9.784588|3.000000|0.000000|0.000000|0.000000,3,85415936000.000000,9.411510|3.000000|0.000000|0.000000|0.000000,5
MOGP_GENERATIONAL,cea1af50-f160-11f0-b3ac-6e001b3eef54,Cooling,74,21,9.411510|3.000000|0.000000|0.000000|0.000000,0.05460977554321289,3.0,9.784588|3.000000|0.000000|0.000000|0.000000,7.646000|7.000000|1.000000|0.000000|0.000000,7.616624|7.000000|1.000000|0.000000|0.000000,7,85416067072.000000,9.411510|3.000000|0.000000|0.000000|0.000000,5
MOGP_GENERATIONAL,cea1af50-f160-11f0-b3ac-6e001b3eef54,Cooling,74,22,9.411510|3.000000|0.000000|0.000000|0.000000,0.05538201332092285,3.0,9.784588|3.000000|0.000000|0.000000|0.000000,9.411510|3.000000|0.000000|0.000000|0.000000,9.784588|3.000000|0.000000|0.000000|0.000000,3,49937469440.000000,9.411510|3.000000|0.000000|0.000000|0.000000,5
MOGP_GENERATIONAL,cea1af50-f160-11f0-b3ac-6e001b3eef54,Cooling,74,23,9.411510|3.000000|0.000000|0.000000|0.000000,0.055449724197387695,3.0,9.784588|3.000000|0.000000|0.000000|0.000000,9.411510|3.000000|0.000000|0.000000|0.000000,9.784588|3.000000|0.000000|0.000000|0.000000,3,89367044096.000000,9.411510|3.000000|0.000000|0.000000|0.000000,5
MOGP_GENERATIONAL,cea1af50-f160-11f0-b3ac-6e001b3eef54,Cooling,74,24,9.411510|3.000000|0.000000|0.000000|0.000000,0.05688309669494629,3.0,9.784588|3.000000|0.000000|0.000000|0.000000,9.411510|3.000000|0.000000|0.000000|0.000000,9.784588|3.000000|0.000000|0.000000|0.000000,3,102445834240.000000,9.411510|3.000000|0.000000|0.000000|0.000000,5
MOGP_GENERATIONAL,cea1af50-f160-11f0-b3ac-6e001b3eef54,Cooling,74,25,9.411510|3.000000|0.000000|0.000000|0.000000,0.057684898376464844,3.0,9.784588|3.000000|0.000000|0.000000|0.000000,5.624148|7.000000|1.000000|0.000000|0.000000,6.023070|7.000000|1.000000|0.000000|0.000000,7,69483069440.000000,9.411510|3.000000|0.000000|0.000000|0.000000,5
MOGP_GENERATIONAL,cea1af50-f160-11f0-b3ac-6e001b3eef54,Cooling,74,26,9.411510|3.000000|0.000000|0.000000|0.000000,0.0550379753112793,3.0,9.784588|3.000000|0.000000|0.000000|0.000000,9.411510|3.000000|0.000000|0.000000|0.000000,9.784588|3.000000|0.000000|0.000000|0.000000,3,79236235264.000000,9.411510|3.000000|0.000000|0.000000|0.000000,5
MOGP_GENERATIONAL,cea1af50-f160-11f0-b3ac-6e001b3eef54,Cooling,74,27,9.411510|3.000000|0.000000|0.000000|0.000000,0.05705404281616211,3.0,9.784588|3.000000|0.000000|0.000000|0.000000,9.411510|3.000000|0.000000|0.000000|0.000000,9.784588|3.000000|0.000000|0.000000|0.000000,3,112784269312.000000,9.411510|3.000000|0.000000|0.000000|0.000000,5
MOGP_GENERATIONAL,cea1af50-f160-11f0-b3ac-6e001b3eef54,Cooling,74,28,9.411510|3.000000|0.000000|0.000000|0.000000,0.055719852447509766,3.0,9.784588|3.000000|0.000000|0.000000|0.000000,7.646000|7.000000|1.000000|0.000000|0.000000,7.616624|7.000000|1.000000|0.000000|0.000000,7,54298898432.000000,9.411510|3.000000|0.000000|0.000000|0.000000,5
MOGP_GENERATIONAL,cea1af50-f160-11f0-b3ac-6e001b3eef54,Cooling,74,29,9.411510|3.000000|0.000000|0.000000|0.000000,0.05631899833679199,3.0,9.784588|3.000000|0.000000|0.000000|0.000000,9.411510|3.000000|0.000000|0.000000|0.000000,9.784588|3.000000|0.000000|0.000000|0.000000,3,72187478016.000000,9.411510|3.000000|0.000000|0.000000|0.000000,5
MOGP_GENERATIONAL,cea1af50-f160-11f0-b3ac-6e001b3eef54,Cooling,74,30,9.411510|3.000000|0.000000|0.000000|0.000000,0.055359840393066406,3.0,9.784588|3.000000|0.000000|0.000000|0.000000,9.411510|3.000000|0.000000|0.000000|0.000000,9.784588|3.000000|0.000000|0.000000|0.000000,3,105502195712.000000,9.411510|3.000000|0.000000|0.000000|0.000000,5
MOGP_GENERATIONAL,cea1af50-f160-11f0-b3ac-6e001b3eef54,Cooling,74,31,9.411510|3.000000|0.000000|0.000000|0.000000,0.056883811950683594,3.0,9.784588|3.000000|0.000000|0.000000|0.000000,9.411510|3.000000|0.000000|0.000000|0.000000,9.784588|3.000000|0.000000|0.000000|0.000000,3,118420742144.000000,9.411510|3.000000|0.000000|0.000000|0.000000,5
MOGP_GENERATIONAL,cea1af50-f160-11f0-b3ac-6e001b3eef54,Cooling,74,32,9.411510|3.000000|0.000000|0.000000|0.000000,0.05683088302612305,3.0,9.784588|3.000000|0.000000|0.000000|0.000000,9.411510|3.000000|0.000000|0.000000|0.000000,9.784588|3.000000|0.000000|0.000000|0.000000,3,48587.855469,9.411510|3.000000|0.000000|0.000000|0.000000,5
MOGP_GENERATIONAL,cea1af50-f160-11f0-b3ac-6e001b3eef54,Cooling,74,33,9.411510|3.000000|0.000000|0.000000|0.000000,0.05667257308959961,3.0,9.784588|3.000000|0.000000|0.000000|0.000000,9.411510|3.000000|0.000000|0.000000|0.000000,9.784588|3.000000|0.000000|0.000000|0.000000,3,70533685248.000000,9.411510|3.000000|0.000000|0.000000|0.000000,5
MOGP_GENERATIONAL,cea1af50-f160-11f0-b3ac-6e001b3eef54,Cooling,74,34,9.411510|3.000000|0.000000|0.000000|0.000000,0.056324005126953125,3.0,9.784588|3.000000|0.000000|0.000000|0.000000,6.910113|15.000000|2.000000|0.000000|0.000000,7.310122|15.000000|2.000000|0.000000|0.000000,15,79515082752.000000,9.411510|3.000000|0.000000|0.000000|0.000000,5
MOGP_GENERATIONAL,cea1af50-f160-11f0-b3ac-6e001b3eef54,Cooling,74,35,9.411510|3.000000|0.000000|0.000000|0.000000,0.05544924736022949,3.0,9.784588|3.000000|0.000000|0.000000|0.000000,9.411510|3.000000|0.000000|0.000000|0.000000,9.784588|3.000000|0.000000|0.000000|0.000000,3,126635524096.000000,9.411510|3.000000|0.000000|0.000000|0.000000,5
MOGP_GENERATIONAL,cea1af50-f160-11f0-b3ac-6e001b3eef54,Cooling,74,36,9.411510|3.000000|0.000000|0.000000|0.000000,0.055197954177856445,3.0,9.784588|3.000000|0.000000|0.000000|0.000000,9.411510|3.000000|0.000000|0.000000|0.000000,9.784588|3.000000|0.000000|0.000000|0.000000,3,49937469440.000000,9.411510|3.000000|0.000000|0.000000|0.000000,5
MOGP_GENERATIONAL,cea1af50-f160-11f0-b3ac-6e001b3eef54,Cooling,74,37,9.411510|3.000000|0.000000|0.000000|0.000000,0.05590224266052246,3.0,9.784588|3.000000|0.000000|0.000000|0.000000,9.411510|3.000000|0.000000|0.000000|0.000000,9.784588|3.000000|0.000000|0.000000|0.000000,3,86277185536.000000,9.411510|3.000000|0.000000|0.000000|0.000000,5
MOGP_GENERATIONAL,cea1af50-f160-11f0-b3ac-6e001b3eef54,Cooling,74,38,9.411510|3.000000|0.000000|0.000000|0.000000,0.060013771057128906,3.0,9.784588|3.000000|0.000000|0.000000|0.000000,9.411510|3.000000|0.000000|0.000000|0.000000,9.784588|3.000000|0.000000|0.000000|0.000000,3,47296626688.000000,9.411510|3.000000|0.000000|0.000000|0.000000,5
MOGP_GENERATIONAL,cea1af50-f160-11f0-b3ac-6e001b3eef54,Cooling,74,39,9.411510|3.000000|0.000000|0.000000|0.000000,0.05791592597961426,3.0,9.784588|3.000000|0.000000|0.000000|0.000000,9.411510|3.000000|0.000000|0.000000|0.000000,9.784588|3.000000|0.000000|0.000000|0.000000,3,87904428032.000000,9.411510|3.000000|0.000000|0.000000|0.000000,5
MOGP_GENERATIONAL,cea1af50-f160-11f0-b3ac-6e001b3eef54,Cooling,74,40,9.411510|3.000000|0.000000|0.000000|0.000000,0.0569920539855957,3.0,9.784588|3.000000|0.000000|0.000000|0.000000,9.411510|3.000000|0.000000|0.000000|0.000000,9.784588|3.000000|0.000000|0.000000|0.000000,3,102909313024.000000,9.411510|3.000000|0.000000|0.000000|0.000000,5
MOGP_GENERATIONAL,cea1af50-f160-11f0-b3ac-6e001b3eef54,Cooling,74,41,9.411510|3.000000|0.000000|0.000000|0.000000,0.055314064025878906,3.0,9.784588|3.000000|0.000000|0.000000|0.000000,9.411510|3.000000|0.000000|0.000000|0.000000,9.784588|3.000000|0.000000|0.000000|0.000000,3,120176558080.000000,9.411510|3.000000|0.000000|0.000000|0.000000,5
MOGP_GENERATIONAL,cea1af50-f160-11f0-b3ac-6e001b3eef54,Cooling,74,42,9.411510|3.000000|0.000000|0.000000|0.000000,0.055605173110961914,3.0,9.784588|3.000000|0.000000|0.000000|0.000000,7.510356|15.000000|2.000000|2.000000|0.000000,8.213438|15.000000|2.000000|2.000000|0.000000,15,73652289536.000000,9.411510|3.000000|0.000000|0.000000|0.000000,5
MOGP_GENERATIONAL,cea1af50-f160-11f0-b3ac-6e001b3eef54,Cooling,74,43,9.411510|3.000000|0.000000|0.000000|0.000000,0.055124759674072266,3.0,9.784588|3.000000|0.000000|0.000000|0.000000,9.411510|3.000000|0.000000|0.000000|0.000000,9.784588|3.000000|0.000000|0.000000|0.000000,3,49941647360.000000,9.411510|3.000000|0.000000|0.000000|0.000000,5
MOGP_GENERATIONAL,cea1af50-f160-11f0-b3ac-6e001b3eef54,Cooling,74,44,9.411510|3.000000|0.000000|0.000000|0.000000,0.05878615379333496,3.0,9.784588|3.000000|0.000000|0.000000|0.000000,9.411510|3.000000|0.000000|0.000000|0.000000,9.784588|3.000000|0.000000|0.000000|0.000000,3,66057977856.000000,9.411510|3.000000|0.000000|0.000000|0.000000,5
MOGP_GENERATIONAL,cea1af50-f160-11f0-b3ac-6e001b3eef54,Cooling,74,45,9.411510|3.000000|0.000000|0.000000|0.000000,0.05727505683898926,3.0,9.784588|3.000000|0.000000|0.000000|0.000000,9.411510|3.000000|0.000000|0.000000|0.000000,9.784588|3.000000|0.000000|0.000000|0.000000,3,95626502144.000000,9.411510|3.000000|0.000000|0.000000|0.000000,5
MOGP_GENERATIONAL,cea1af50-f160-11f0-b3ac-6e001b3eef54,Cooling,74,46,9.411510|3.000000|0.000000|0.000000|0.000000,0.0642082691192627,3.0,9.784588|3.000000|0.000000|0.000000|0.000000,9.411510|3.000000|0.000000|0.000000|0.000000,9.784588|3.000000|0.000000|0.000000|0.000000,3,81678311424.000000,9.411510|3.000000|0.000000|0.000000|0.000000,5
MOGP_GENERATIONAL,cea1af50-f160-11f0-b3ac-6e001b3eef54,Cooling,74,47,9.411510|3.000000|0.000000|0.000000|0.000000,0.05516195297241211,3.0,9.784588|3.000000|0.000000|0.000000|0.000000,9.411510|3.000000|0.000000|0.000000|0.000000,9.784588|3.000000|0.000000|0.000000|0.000000,3,102579167232.000000,9.411510|3.000000|0.000000|0.000000|0.000000,5
MOGP_GENERATIONAL,cea1af50-f160-11f0-b3ac-6e001b3eef54,Cooling,74,48,9.411510|3.000000|0.000000|0.000000|0.000000,0.05746889114379883,3.0,9.784588|3.000000|0.000000|0.000000|0.000000,9.411510|3.000000|0.000000|0.000000|0.000000,9.784588|3.000000|0.000000|0.000000|0.000000,3,78252556288.000000,9.411510|3.000000|0.000000|0.000000|0.000000,5
MOGP_GENERATIONAL,cea1af50-f160-11f0-b3ac-6e001b3eef54,Cooling,74,49,9.411510|3.000000|0.000000|0.000000|0.000000,0.05588412284851074,3.0,9.784588|3.000000|0.000000|0.000000|0.000000,7.646000|7.000000|1.000000|0.000000|0.000000,7.616624|7.000000|1.000000|0.000000|0.000000,7,78893195264.000000,9.411510|3.000000|0.000000|0.000000|0.000000,5
MOGP_GENERATIONAL,cea1af50-f160-11f0-b3ac-6e001b3eef54,Cooling,74,50,9.411510|3.000000|0.000000|0.000000|0.000000,0.05561399459838867,3.0,9.784588|3.000000|0.000000|0.000000|0.000000,9.411510|3.000000|0.000000|0.000000|0.000000,9.784588|3.000000|0.000000|0.000000|0.000000,3,74777739264.000000,9.411510|3.000000|0.000000|0.000000|0.000000,5
MOGP_GENERATIONAL,cea1af50-f160-11f0-b3ac-6e001b3eef54,Cooling,74,51,9.411510|3.000000|0.000000|0.000000|0.000000,0.05712890625,3.0,9.784588|3.000000|0.000000|0.000000|0.000000,9.411510|3.000000|0.000000|0.000000|0.000000,9.784588|3.000000|0.000000|0.000000|0.000000,3,89581568000.000000,9.411510|3.000000|0.000000|0.000000|0.000000,5
MOGP_GENERATIONAL,cea1af50-f160-11f0-b3ac-6e001b3eef54,Cooling,74,52,9.411510|3.000000|0.000000|0.000000|0.000000,0.05649209022521973,3.0,9.784588|3.000000|0.000000|0.000000|0.000000,9.411510|3.000000|0.000000|0.000000|0.000000,9.784588|3.000000|0.000000|0.000000|0.000000,3,82668339200.000000,9.411510|3.000000|0.000000|0.000000|0.000000,5
MOGP_GENERATIONAL,cea1af50-f160-11f0-b3ac-6e001b3eef54,Cooling,74,53,9.411510|3.000000|0.000000|0.000000|0.000000,0.05860495567321777,3.0,9.784588|3.000000|0.000000|0.000000|0.000000,9.411510|3.000000|0.000000|0.000000|0.000000,9.784588|3.000000|0.000000|0.000000|0.000000,3,92651741184.000000,9.411510|3.000000|0.000000|0.000000|0.000000,5
MOGP_GENERATIONAL,cea1af50-f160-11f0-b3ac-6e001b3eef54,Cooling,74,54,9.411510|3.000000|0.000000|0.000000|0.000000,0.05695629119873047,3.0,9.784588|3.000000|0.000000|0.000000|0.000000,7.854966|11.000000|2.000000|0.000000|0.000000,7.755667|11.000000|2.000000|0.000000|0.000000,11,105034039296.000000,9.411510|3.000000|0.000000|0.000000|0.000000,5
MOGP_GENERATIONAL,cea1af50-f160-11f0-b3ac-6e001b3eef54,Cooling,74,55,9.411510|3.000000|0.000000|0.000000|0.000000,0.05891084671020508,3.0,9.784588|3.000000|0.000000|0.000000|0.000000,9.411510|3.000000|0.000000|0.000000|0.000000,9.784588|3.000000|0.000000|0.000000|0.000000,3,72187469824.000000,9.411510|3.000000|0.000000|0.000000|0.000000,5
MOGP_GENERATIONAL,cea1af50-f160-11f0-b3ac-6e001b3eef54,Cooling,74,56,9.411510|3.000000|0.000000|0.000000|0.000000,0.061051368713378906,3.0,9.784588|3.000000|0.000000|0.000000|0.000000,9.411510|3.000000|0.000000|0.000000|0.000000,9.784588|3.000000|0.000000|0.000000|0.000000,3,60427997184.000000,9.411510|3.000000|0.000000|0.000000|0.000000,5
MOGP_GENERATIONAL,cea1af50-f160-11f0-b3ac-6e001b3eef54,Cooling,74,57,9.411510|3.000000|0.000000|0.000000|0.000000,0.056722164154052734,3.0,9.784588|3.000000|0.000000|0.000000|0.000000,5.624148|15.000000|2.000000|0.000000|0.000000,6.023070|15.000000|2.000000|0.000000|0.000000,15,60863537152.000000,9.411510|3.000000|0.000000|0.000000|0.000000,5
MOGP_GENERATIONAL,cea1af50-f160-11f0-b3ac-6e001b3eef54,Cooling,74,58,9.411510|3.000000|0.000000|0.000000|0.000000,0.05573225021362305,3.0,9.784588|3.000000|0.000000|0.000000|0.000000,9.411510|3.000000|0.000000|0.000000|0.000000,9.784588|3.000000|0.000000|0.000000|0.000000,3,73314508800.000000,9.411510|3.000000|0.000000|0.000000|0.000000,5
MOGP_GENERATIONAL,cea1af50-f160-11f0-b3ac-6e001b3eef54,Cooling,74,59,9.411510|3.000000|0.000000|0.000000|0.000000,0.05983591079711914,3.0,9.784588|3.000000|0.000000|0.000000|0.000000,5.624148|7.000000|1.000000|0.000000|0.000000,6.023070|7.000000|1.000000|0.000000|0.000000,7,88260026368.000000,9.411510|3.000000|0.000000|0.000000|0.000000,5
MOGP_GENERATIONAL,cea1af50-f160-11f0-b3ac-6e001b3eef54,Cooling,74,60,9.411510|3.000000|0.000000|0.000000|0.000000,0.058885812759399414,3.0,9.784588|3.000000|0.000000|0.000000|0.000000,9.411510|3.000000|0.000000|0.000000|0.000000,9.784588|3.000000|0.000000|0.000000|0.000000,3,72978292736.000000,9.411510|3.000000|0.000000|0.000000|0.000000,5
MOGP_GENERATIONAL,cea1af50-f160-11f0-b3ac-6e001b3eef54,Cooling,74,61,9.411510|3.000000|0.000000|0.000000|0.000000,0.05538511276245117,3.0,9.784588|3.000000|0.000000|0.000000|0.000000,8.711572|7.000000|1.000000|0.000000|0.000000,9.477472|7.000000|1.000000|0.000000|0.000000,7,1174035.500000,9.411510|3.000000|0.000000|0.000000|0.000000,5
MOGP_GENERATIONAL,cea1af50-f160-11f0-b3ac-6e001b3eef54,Cooling,74,62,9.411510|3.000000|0.000000|0.000000|0.000000,0.0569758415222168,3.0,9.784588|3.000000|0.000000|0.000000|0.000000,9.411510|3.000000|0.000000|0.000000|0.000000,9.784588|3.000000|0.000000|0.000000|0.000000,3,82584715264.000000,9.411510|3.000000|0.000000|0.000000|0.000000,5
MOGP_GENERATIONAL,cea1af50-f160-11f0-b3ac-6e001b3eef54,Cooling,74,63,9.411510|3.000000|0.000000|0.000000|0.000000,0.056601762771606445,3.0,9.784588|3.000000|0.000000|0.000000|0.000000,9.411510|3.000000|0.000000|0.000000|0.000000,9.784588|3.000000|0.000000|0.000000|0.000000,3,50229485568.000000,9.411510|3.000000|0.000000|0.000000|0.000000,5
MOGP_GENERATIONAL,cea1af50-f160-11f0-b3ac-6e001b3eef54,Cooling,74,64,9.411510|3.000000|0.000000|0.000000|0.000000,0.0570676326751709,3.0,9.784588|3.000000|0.000000|0.000000|0.000000,9.411510|3.000000|0.000000|0.000000|0.000000,9.784588|3.000000|0.000000|0.000000|0.000000,3,105020203008.000000,9.411510|3.000000|0.000000|0.000000|0.000000,5
MOGP_GENERATIONAL,cea1af50-f160-11f0-b3ac-6e001b3eef54,Cooling,74,65,9.411510|3.000000|0.000000|0.000000|0.000000,0.05634808540344238,3.0,9.784588|3.000000|0.000000|0.000000|0.000000,9.411510|3.000000|0.000000|0.000000|0.000000,9.784588|3.000000|0.000000|0.000000|0.000000,3,54778077184.000000,9.411510|3.000000|0.000000|0.000000|0.000000,5
MOGP_GENERATIONAL,cea1af50-f160-11f0-b3ac-6e001b3eef54,Cooling,74,66,9.411510|3.000000|0.000000|0.000000|0.000000,0.05495190620422363,3.0,9.784588|3.000000|0.000000|0.000000|0.000000,9.411510|3.000000|0.000000|0.000000|0.000000,9.784588|3.000000|0.000000|0.000000|0.000000,3,103654744064.000000,9.411510|3.000000|0.000000|0.000000|0.000000,5
MOGP_GENERATIONAL,cea1af50-f160-11f0-b3ac-6e001b3eef54,Cooling,74,67,9.411510|3.000000|0.000000|0.000000|0.000000,0.05857706069946289,3.0,9.784588|3.000000|0.000000|0.000000|0.000000,9.411510|3.000000|0.000000|0.000000|0.000000,9.784588|3.000000|0.000000|0.000000|0.000000,3,140809404416.000000,9.411510|3.000000|0.000000|0.000000|0.000000,5
MOGP_GENERATIONAL,cea1af50-f160-11f0-b3ac-6e001b3eef54,Cooling,74,68,9.411510|3.000000|0.000000|0.000000|0.000000,0.05720663070678711,3.0,9.784588|3.000000|0.000000|0.000000|0.000000,9.411510|3.000000|0.000000|0.000000|0.000000,9.784588|3.000000|0.000000|0.000000|0.000000,3,78893195264.000000,9.411510|3.000000|0.000000|0.000000|0.000000,5
MOGP_GENERATIONAL,cea1af50-f160-11f0-b3ac-6e001b3eef54,Cooling,74,69,9.411510|3.000000|0.000000|0.000000|0.000000,0.05843973159790039,3.0,9.784588|3.000000|0.000000|0.000000|0.000000,6.702195|7.000000|1.000000|0.000000|0.000000,7.286883|7.000000|1.000000|0.000000|0.000000,7,93512187904.000000,9.411510|3.000000|0.000000|0.000000|0.000000,5
MOGP_GENERATIONAL,cea1af50-f160-11f0-b3ac-6e001b3eef54,Cooling,74,70,9.411510|3.000000|0.000000|0.000000|0.000000,0.06050992012023926,3.0,9.784588|3.000000|0.000000|0.000000|0.000000,8.711572|7.000000|1.000000|0.000000|0.000000,9.477472|7.000000|1.000000|0.000000|0.000000,7,89553174528.000000,9.411510|3.000000|0.000000|0.000000|0.000000,5
MOGP_GENERATIONAL,cea1af50-f160-11f0-b3ac-6e001b3eef54,Cooling,74,71,9.411510|3.000000|0.000000|0.000000|0.000000,0.05509805679321289,3.0,9.784588|3.000000|0.000000|0.000000|0.000000,9.411510|3.000000|0.000000|0.000000|0.000000,9.784588|3.000000|0.000000|0.000000|0.000000,3,76034351104.000000,9.411510|3.000000|0.000000|0.000000|0.000000,5
MOGP_GENERATIONAL,cea1af50-f160-11f0-b3ac-6e001b3eef54,Cooling,74,72,9.411510|3.000000|0.000000|0.000000|0.000000,0.05764508247375488,3.0,9.784588|3.000000|0.000000|0.000000|0.000000,9.411510|3.000000|0.000000|0.000000|0.000000,9.784588|3.000000|0.000000|0.000000|0.000000,3,43389448192.000000,9.411510|3.000000|0.000000|0.000000|0.000000,5
MOGP_GENERATIONAL,cea1af50-f160-11f0-b3ac-6e001b3eef54,Cooling,74,73,9.411510|3.000000|0.000000|0.000000|0.000000,0.11083602905273438,3.0,9.784588|3.000000|0.000000|0.000000|0.000000,9.411510|3.000000|0.000000|0.000000|0.000000,9.784588|3.000000|0.000000|0.000000|0.000000,3,56869195776.000000,9.411510|3.000000|0.000000|0.000000|0.000000,5
MOGP_GENERATIONAL,cea1af50-f160-11f0-b3ac-6e001b3eef54,Cooling,74,74,9.411510|3.000000|0.000000|0.000000|0.000000,0.05571937561035156,3.0,9.784588|3.000000|0.000000|0.000000|0.000000,9.411510|3.000000|0.000000|0.000000|0.000000,9.784588|3.000000|0.000000|0.000000|0.000000,3,78252433408.000000,9.411510|3.000000|0.000000|0.000000|0.000000,5
MOGP_GENERATIONAL,cea1af50-f160-11f0-b3ac-6e001b3eef54,Cooling,74,75,9.411510|3.000000|0.000000|0.000000|0.000000,0.0558619499206543,3.0,9.784588|3.000000|0.000000|0.000000|0.000000,9.411510|3.000000|0.000000|0.000000|0.000000,9.784588|3.000000|0.000000|0.000000|0.000000,3,130565758976.000000,9.411510|3.000000|0.000000|0.000000|0.000000,5
MOGP_GENERATIONAL,cea1af50-f160-11f0-b3ac-6e001b3eef54,Cooling,74,76,9.411510|3.000000|0.000000|0.000000|0.000000,0.05458402633666992,3.0,9.784588|3.000000|0.000000|0.000000|0.000000,9.411510|3.000000|0.000000|0.000000|0.000000,9.784588|3.000000|0.000000|0.000000|0.000000,3,82101796864.000000,9.411510|3.000000|0.000000|0.000000|0.000000,5
MOGP_GENERATIONAL,cea1af50-f160-11f0-b3ac-6e001b3eef54,Cooling,74,77,9.411510|3.000000|0.000000|0.000000|0.000000,0.05583620071411133,3.0,9.784588|3.000000|0.000000|0.000000|0.000000,9.411510|3.000000|0.000000|0.000000|0.000000,9.784588|3.000000|0.000000|0.000000|0.000000,3,73200091136.000000,9.411510|3.000000|0.000000|0.000000|0.000000,5
MOGP_GENERATIONAL,cea1af50-f160-11f0-b3ac-6e001b3eef54,Cooling,74,78,9.411510|3.000000|0.000000|0.000000|0.000000,0.05509495735168457,3.0,9.784588|3.000000|0.000000|0.000000|0.000000,9.411510|3.000000|0.000000|0.000000|0.000000,9.784588|3.000000|0.000000|0.000000|0.000000,3,102102384640.000000,9.411510|3.000000|0.000000|0.000000|0.000000,5
MOGP_GENERATIONAL,cea1af50-f160-11f0-b3ac-6e001b3eef54,Cooling,74,79,9.411510|3.000000|0.000000|0.000000|0.000000,0.05602216720581055,3.0,9.784588|3.000000|0.000000|0.000000|0.000000,9.411510|3.000000|0.000000|0.000000|0.000000,9.784588|3.000000|0.000000|0.000000|0.000000,3,49937326080.000000,9.411510|3.000000|0.000000|0.000000|0.000000,5
MOGP_GENERATIONAL,cea1af50-f160-11f0-b3ac-6e001b3eef54,Cooling,74,80,9.411510|3.000000|0.000000|0.000000|0.000000,0.056520938873291016,3.0,9.784588|3.000000|0.000000|0.000000|0.000000,9.411510|3.000000|0.000000|0.000000|0.000000,9.784588|3.000000|0.000000|0.000000|0.000000,3,77435445248.000000,9.411510|3.000000|0.000000|0.000000|0.000000,5
MOGP_GENERATIONAL,cea1af50-f160-11f0-b3ac-6e001b3eef54,Cooling,74,81,9.411510|3.000000|0.000000|0.000000|0.000000,0.05564999580383301,3.0,9.784588|3.000000|0.000000|0.000000|0.000000,9.411510|3.000000|0.000000|0.000000|0.000000,9.784588|3.000000|0.000000|0.000000|0.000000,3,79600648192.000000,9.411510|3.000000|0.000000|0.000000|0.000000,5
MOGP_GENERATIONAL,cea1af50-f160-11f0-b3ac-6e001b3eef54,Cooling,74,82,9.411510|3.000000|0.000000|0.000000|0.000000,0.05609011650085449,3.0,9.784588|3.000000|0.000000|0.000000|0.000000,9.411510|3.000000|0.000000|0.000000|0.000000,9.784588|3.000000|0.000000|0.000000|0.000000,3,67889696768.000000,9.411510|3.000000|0.000000|0.000000|0.000000,5
MOGP_GENERATIONAL,cea1af50-f160-11f0-b3ac-6e001b3eef54,Cooling,74,83,9.411510|3.000000|0.000000|0.000000|0.000000,0.05796480178833008,3.0,9.784588|3.000000|0.000000|0.000000|0.000000,9.411510|3.000000|0.000000|0.000000|0.000000,9.784588|3.000000|0.000000|0.000000|0.000000,3,82416615424.000000,9.411510|3.000000|0.000000|0.000000|0.000000,5
MOGP_GENERATIONAL,cea1af50-f160-11f0-b3ac-6e001b3eef54,Cooling,74,84,9.411510|3.000000|0.000000|0.000000|0.000000,0.05790209770202637,3.0,9.784588|3.000000|0.000000|0.000000|0.000000,9.411510|3.000000|0.000000|0.000000|0.000000,9.784588|3.000000|0.000000|0.000000|0.000000,3,86277185536.000000,9.411510|3.000000|0.000000|0.000000|0.000000,5
MOGP_GENERATIONAL,cea1af50-f160-11f0-b3ac-6e001b3eef54,Cooling,74,85,9.411510|3.000000|0.000000|0.000000|0.000000,0.05696821212768555,3.0,9.784588|3.000000|0.000000|0.000000|0.000000,9.411510|3.000000|0.000000|0.000000|0.000000,9.784588|3.000000|0.000000|0.000000|0.000000,3,66057977856.000000,9.411510|3.000000|0.000000|0.000000|0.000000,5
MOGP_GENERATIONAL,cea1af50-f160-11f0-b3ac-6e001b3eef54,Cooling,74,86,9.411510|3.000000|0.000000|0.000000|0.000000,0.055428266525268555,3.0,9.784588|3.000000|0.000000|0.000000|0.000000,9.411510|3.000000|0.000000|0.000000|0.000000,9.784588|3.000000|0.000000|0.000000|0.000000,3,74856955904.000000,9.411510|3.000000|0.000000|0.000000|0.000000,5
MOGP_GENERATIONAL,cea1af50-f160-11f0-b3ac-6e001b3eef54,Cooling,74,87,9.411510|3.000000|0.000000|0.000000|0.000000,0.05522584915161133,3.0,9.784588|3.000000|0.000000|0.000000|0.000000,7.551498|11.000000|3.000000|0.000000|0.000000,7.364074|11.000000|3.000000|0.000000|0.000000,11,49937469440.000000,9.411510|3.000000|0.000000|0.000000|0.000000,5
MOGP_GENERATIONAL,cea1af50-f160-11f0-b3ac-6e001b3eef54,Cooling,74,88,9.411510|3.000000|0.000000|0.000000|0.000000,0.05571603775024414,3.0,9.784588|3.000000|0.000000|0.000000|0.000000,8.327912|11.000000|2.000000|0.000000|0.000000,8.754299|11.000000|2.000000|0.000000|0.000000,11,66057981952.000000,9.411510|3.000000|0.000000|0.000000|0.000000,5
MOGP_GENERATIONAL,cea1af50-f160-11f0-b3ac-6e001b3eef54,Cooling,74,89,9.411510|3.000000|0.000000|0.000000|0.000000,0.05679607391357422,3.0,9.784588|3.000000|0.000000|0.000000|0.000000,9.411510|3.000000|0.000000|0.000000|0.000000,9.784588|3.000000|0.000000|0.000000|0.000000,3,69475008512.000000,9.411510|3.000000|0.000000|0.000000|0.000000,5
MOGP_GENERATIONAL,cea1af50-f160-11f0-b3ac-6e001b3eef54,Cooling,74,90,9.411510|3.000000|0.000000|0.000000|0.000000,0.05614805221557617,3.0,9.784588|3.000000|0.000000|0.000000|0.000000,9.411510|3.000000|0.000000|0.000000|0.000000,9.784588|3.000000|0.000000|0.000000|0.000000,3,99498762240.000000,9.411510|3.000000|0.000000|0.000000|0.000000,5
MOGP_GENERATIONAL,cea1af50-f160-11f0-b3ac-6e001b3eef54,Cooling,74,91,9.411510|3.000000|0.000000|0.000000|0.000000,0.05603313446044922,3.0,9.784588|3.000000|0.000000|0.000000|0.000000,6.436877|7.000000|1.000000|0.000000|0.000000,6.836429|7.000000|1.000000|0.000000|0.000000,7,81849606144.000000,9.411510|3.000000|0.000000|0.000000|0.000000,5
MOGP_GENERATIONAL,cea1af50-f160-11f0-b3ac-6e001b3eef54,Cooling,74,92,9.411510|3.000000|0.000000|0.000000|0.000000,0.06287217140197754,3.0,9.784588|3.000000|0.000000|0.000000|0.000000,9.411510|3.000000|0.000000|0.000000|0.000000,9.784588|3.000000|0.000000|0.000000|0.000000,3,112318767104.000000,9.411510|3.000000|0.000000|0.000000|0.000000,5
MOGP_GENERATIONAL,cea1af50-f160-11f0-b3ac-6e001b3eef54,Cooling,74,93,9.411510|3.000000|0.000000|0.000000|0.000000,0.056159019470214844,3.0,9.784588|3.000000|0.000000|0.000000|0.000000,4.226596|5.000000|1.000000|0.000000|0.000000,4.721287|5.000000|1.000000|0.000000|0.000000,5,111102427136.000000,9.411510|3.000000|0.000000|0.000000|0.000000,5
MOGP_GENERATIONAL,cea1af50-f160-11f0-b3ac-6e001b3eef54,Cooling,74,94,9.411510|3.000000|0.000000|0.000000|0.000000,0.06218576431274414,3.0,9.784588|3.000000|0.000000|0.000000|0.000000,5.624148|15.000000|1.000000|0.000000|0.000000,6.023070|15.000000|1.000000|0.000000|0.000000,15,80861954048.000000,9.411510|3.000000|0.000000|0.000000|0.000000,5
MOGP_GENERATIONAL,cea1af50-f160-11f0-b3ac-6e001b3eef54,Cooling,74,95,9.411510|3.000000|0.000000|0.000000|0.000000,0.05689501762390137,3.0,9.784588|3.000000|0.000000|0.000000|0.000000,6.676483|15.000000|3.000000|2.000000|0.000000,6.804827|15.000000|3.000000|2.000000|0.000000,15,105965428736.000000,9.411510|3.000000|0.000000|0.000000|0.000000,5
MOGP_GENERATIONAL,cea1af50-f160-11f0-b3ac-6e001b3eef54,Cooling,74,96,9.411510|3.000000|0.000000|0.000000|0.000000,0.0549929141998291,3.0,9.784588|3.000000|0.000000|0.000000|0.000000,7.853648|11.000000|2.000000|0.000000|0.000000,7.881886|11.000000|2.000000|0.000000|0.000000,11,126052909056.000000,9.411510|3.000000|0.000000|0.000000|0.000000,5
MOGP_GENERATIONAL,cea1af50-f160-11f0-b3ac-6e001b3eef54,Cooling,74,97,9.411510|3.000000|0.000000|0.000000|0.000000,0.05693793296813965,3.0,9.784588|3.000000|0.000000|0.000000|0.000000,9.411510|3.000000|0.000000|0.000000|0.000000,9.784588|3.000000|0.000000|0.000000|0.000000,3,94919172096.000000,9.411510|3.000000|0.000000|0.000000|0.000000,5
MOGP_GENERATIONAL,cea1af50-f160-11f0-b3ac-6e001b3eef54,Cooling,74,98,9.411510|3.000000|0.000000|0.000000|0.000000,0.05768990516662598,3.0,9.784588|3.000000|0.000000|0.000000|0.000000,9.411510|3.000000|0.000000|0.000000|0.000000,9.784588|3.000000|0.000000|0.000000|0.000000,3,78252908544.000000,9.411510|3.000000|0.000000|0.000000|0.000000,5
MOGP_GENERATIONAL,cea1af50-f160-11f0-b3ac-6e001b3eef54,Cooling,74,99,9.411510|3.000000|0.000000|0.000000|0.000000,0.059021949768066406,3.0,9.784588|3.000000|0.000000|0.000000|0.000000,9.411510|3.000000|0.000000|0.000000|0.000000,9.784588|3.000000|0.000000|0.000000|0.000000,3,70533685248.000000,9.411510|3.000000|0.000000|0.000000|0.000000,5
MOGP_GENERATIONAL,cea1af50-f160-11f0-b3ac-6e001b3eef54,Cooling,74,100,9.411510|3.000000|0.000000|0.000000|0.000000,0.056111812591552734,3.0,9.784588|3.000000|0.000000|0.000000|0.000000,9.411510|3.000000|0.000000|0.000000|0.000000,9.784588|3.000000|0.000000|0.000000|0.000000,3,108339019776.000000,9.411510|3.000000|0.000000|0.000000|0.000000,5
MOGP_GENERATIONAL,cea1af50-f160-11f0-b3ac-6e001b3eef54,Cooling,74,101,9.411510|3.000000|0.000000|0.000000|0.000000,0.05921292304992676,3.0,9.784588|3.000000|0.000000|0.000000|0.000000,9.411510|3.000000|0.000000|0.000000|0.000000,9.784588|3.000000|0.000000|0.000000|0.000000,3,69358428160.000000,9.411510|3.000000|0.000000|0.000000|0.000000,5
MOGP_GENERATIONAL,cea1af50-f160-11f0-b3ac-6e001b3eef54,Cooling,74,102,9.411510|3.000000|0.000000|0.000000|0.000000,0.056735992431640625,3.0,9.784588|3.000000|0.000000|0.000000|0.000000,9.411510|3.000000|0.000000|0.000000|0.000000,9.784588|3.000000|0.000000|0.000000|0.000000,3,66251186176.000000,9.411510|3.000000|0.000000|0.000000|0.000000,5
MOGP_GENERATIONAL,cea1af50-f160-11f0-b3ac-6e001b3eef54,Cooling,74,103,9.411510|3.000000|0.000000|0.000000|0.000000,0.05656599998474121,3.0,9.784588|3.000000|0.000000|0.000000|0.000000,5.624148|7.000000|1.000000|0.000000|0.000000,6.023070|7.000000|1.000000|0.000000|0.000000,7,66057986048.000000,9.411510|3.000000|0.000000|0.000000|0.000000,5
MOGP_GENERATIONAL,cea1af50-f160-11f0-b3ac-6e001b3eef54,Cooling,74,104,9.411510|3.000000|0.000000|0.000000|0.000000,0.056452274322509766,3.0,9.784588|3.000000|0.000000|0.000000|0.000000,9.411510|3.000000|0.000000|0.000000|0.000000,9.784588|3.000000|0.000000|0.000000|0.000000,3,49619615744.000000,9.411510|3.000000|0.000000|0.000000|0.000000,5
MOGP_GENERATIONAL,cea1af50-f160-11f0-b3ac-6e001b3eef54,Cooling,74,105,9.411510|3.000000|0.000000|0.000000|0.000000,0.056448936462402344,3.0,9.784588|3.000000|0.000000|0.000000|0.000000,9.411510|3.000000|0.000000|0.000000|0.000000,9.784588|3.000000|0.000000|0.000000|0.000000,3,86277185536.000000,9.411510|3.000000|0.000000|0.000000|0.000000,5
MOGP_GENERATIONAL,cea1af50-f160-11f0-b3ac-6e001b3eef54,Cooling,74,106,9.411510|3.000000|0.000000|0.000000|0.000000,0.05612301826477051,3.0,9.784588|3.000000|0.000000|0.000000|0.000000,9.411510|3.000000|0.000000|0.000000|0.000000,9.784588|3.000000|0.000000|0.000000|0.000000,3,97272340480.000000,9.411510|3.000000|0.000000|0.000000|0.000000,5
MOGP_GENERATIONAL,cea1af50-f160-11f0-b3ac-6e001b3eef54,Cooling,74,107,9.411510|3.000000|0.000000|0.000000|0.000000,0.058013916015625,3.0,9.784588|3.000000|0.000000|0.000000|0.000000,9.411510|3.000000|0.000000|0.000000|0.000000,9.784588|3.000000|0.000000|0.000000|0.000000,3,86337208320.000000,9.411510|3.000000|0.000000|0.000000|0.000000,5
MOGP_GENERATIONAL,cea1af50-f160-11f0-b3ac-6e001b3eef54,Cooling,74,108,9.411510|3.000000|0.000000|0.000000|0.000000,0.05546212196350098,3.0,9.784588|3.000000|0.000000|0.000000|0.000000,9.411510|3.000000|0.000000|0.000000|0.000000,9.784588|3.000000|0.000000|0.000000|0.000000,3,55437275136.000000,9.411510|3.000000|0.000000|0.000000|0.000000,5
MOGP_GENERATIONAL,cea1af50-f160-11f0-b3ac-6e001b3eef54,Cooling,74,109,9.411510|3.000000|0.000000|0.000000|0.000000,0.055767059326171875,3.0,9.784588|3.000000|0.000000|0.000000|0.000000,9.411510|3.000000|0.000000|0.000000|0.000000,9.784588|3.000000|0.000000|0.000000|0.000000,3,30342762496.000000,9.411510|3.000000|0.000000|0.000000|0.000000,5
MOGP_GENERATIONAL,cea1af50-f160-11f0-b3ac-6e001b3eef54,Cooling,74,110,9.411510|3.000000|0.000000|0.000000|0.000000,0.05501198768615723,3.0,9.784588|3.000000|0.000000|0.000000|0.000000,6.702195|11.000000|1.000000|0.000000|0.000000,7.286883|11.000000|1.000000|0.000000|0.000000,11,95626510336.000000,9.411510|3.000000|0.000000|0.000000|0.000000,5
MOGP_GENERATIONAL,cea1af50-f160-11f0-b3ac-6e001b3eef54,Cooling,74,111,9.411510|3.000000|0.000000|0.000000|0.000000,0.054872751235961914,3.0,9.784588|3.000000|0.000000|0.000000|0.000000,9.411510|3.000000|0.000000|0.000000|0.000000,9.784588|3.000000|0.000000|0.000000|0.000000,3,28118542336.000000,9.411510|3.000000|0.000000|0.000000|0.000000,5
MOGP_GENERATIONAL,cea1af50-f160-11f0-b3ac-6e001b3eef54,Cooling,74,112,9.411510|3.000000|0.000000|0.000000|0.000000,0.05695199966430664,3.0,9.784588|3.000000|0.000000|0.000000|0.000000,8.052668|15.000000|1.000000|0.000000|0.000000,8.975376|15.000000|1.000000|0.000000|0.000000,15,121552486400.000000,9.411510|3.000000|0.000000|0.000000|0.000000,5
MOGP_GENERATIONAL,cea1af50-f160-11f0-b3ac-6e001b3eef54,Cooling,74,113,9.411510|3.000000|0.000000|0.000000|0.000000,0.05860710144042969,3.0,9.784588|3.000000|0.000000|0.000000|0.000000,9.411510|3.000000|0.000000|0.000000|0.000000,9.784588|3.000000|0.000000|0.000000|0.000000,3,43129413632.000000,9.411510|3.000000|0.000000|0.000000|0.000000,5
MOGP_GENERATIONAL,cea1af50-f160-11f0-b3ac-6e001b3eef54,Cooling,74,114,9.411510|3.000000|0.000000|0.000000|0.000000,0.05619311332702637,3.0,9.784588|3.000000|0.000000|0.000000|0.000000,5.624148|7.000000|1.000000|0.000000|0.000000,6.023070|7.000000|1.000000|0.000000|0.000000,7,54943924224.000000,9.411510|3.000000|0.000000|0.000000|0.000000,5
MOGP_GENERATIONAL,cea1af50-f160-11f0-b3ac-6e001b3eef54,Cooling,74,115,9.411510|3.000000|0.000000|0.000000|0.000000,0.05509495735168457,3.0,9.784588|3.000000|0.000000|0.000000|0.000000,9.411510|3.000000|0.000000|0.000000|0.000000,9.784588|3.000000|0.000000|0.000000|0.000000,3,76646637568.000000,9.411510|3.000000|0.000000|0.000000|0.000000,5
MOGP_GENERATIONAL,cea1af50-f160-11f0-b3ac-6e001b3eef54,Cooling,74,116,9.411510|3.000000|0.000000|0.000000|0.000000,0.05893898010253906,3.0,9.784588|3.000000|0.000000|0.000000|0.000000,5.624148|7.000000|1.000000|0.000000|0.000000,6.023070|7.000000|1.000000|0.000000|0.000000,7,86277185536.000000,9.411510|3.000000|0.000000|0.000000|0.000000,5
MOGP_GENERATIONAL,cea1af50-f160-11f0-b3ac-6e001b3eef54,Cooling,74,117,9.411510|3.000000|0.000000|0.000000|0.000000,0.05549287796020508,3.0,9.784588|3.000000|0.000000|0.000000|0.000000,9.411510|3.000000|0.000000|0.000000|0.000000,9.784588|3.000000|0.000000|0.000000|0.000000,3,70533685248.000000,9.411510|3.000000|0.000000|0.000000|0.000000,5
MOGP_GENERATIONAL,cea1af50-f160-11f0-b3ac-6e001b3eef54,Cooling,74,118,9.411510|3.000000|0.000000|0.000000|0.000000,0.05555415153503418,3.0,9.784588|3.000000|0.000000|0.000000|0.000000,5.624148|7.000000|1.000000|0.000000|0.000000,6.023070|7.000000|1.000000|0.000000|0.000000,7,73237512192.000000,9.411510|3.000000|0.000000|0.000000|0.000000,5
MOGP_GENERATIONAL,cea1af50-f160-11f0-b3ac-6e001b3eef54,Cooling,74,119,9.411510|3.000000|0.000000|0.000000|0.000000,0.056529998779296875,3.0,9.784588|3.000000|0.000000|0.000000|0.000000,9.411510|3.000000|0.000000|0.000000|0.000000,9.784588|3.000000|0.000000|0.000000|0.000000,3,113261887488.000000,9.411510|3.000000|0.000000|0.000000|0.000000,5
MOGP_GENERATIONAL,cea1af50-f160-11f0-b3ac-6e001b3eef54,Cooling,74,120,9.411510|3.000000|0.000000|0.000000|0.000000,0.05561685562133789,3.0,9.784588|3.000000|0.000000|0.000000|0.000000,9.411510|3.000000|0.000000|0.000000|0.000000,9.784588|3.000000|0.000000|0.000000|0.000000,3,114056060928.000000,9.411510|3.000000|0.000000|0.000000|0.000000,5
MOGP_GENERATIONAL,cea1af50-f160-11f0-b3ac-6e001b3eef54,Cooling,74,121,9.411510|3.000000|0.000000|0.000000|0.000000,0.055487871170043945,3.0,9.784588|3.000000|0.000000|0.000000|0.000000,9.411510|3.000000|0.000000|0.000000|0.000000,9.784588|3.000000|0.000000|0.000000|0.000000,3,49937465344.000000,9.411510|3.000000|0.000000|0.000000|0.000000,5
MOGP_GENERATIONAL,cea1af50-f160-11f0-b3ac-6e001b3eef54,Cooling,74,122,9.411510|3.000000|0.000000|0.000000|0.000000,0.05842304229736328,3.0,9.784588|3.000000|0.000000|0.000000|0.000000,7.510356|7.000000|1.000000|0.000000|0.000000,8.213438|7.000000|1.000000|0.000000|0.000000,7,101826543616.000000,9.411510|3.000000|0.000000|0.000000|0.000000,5
MOGP_GENERATIONAL,cea1af50-f160-11f0-b3ac-6e001b3eef54,Cooling,74,123,9.411510|3.000000|0.000000|0.000000|0.000000,0.05548429489135742,3.0,9.784588|3.000000|0.000000|0.000000|0.000000,9.411510|3.000000|0.000000|0.000000|0.000000,9.784588|3.000000|0.000000|0.000000|0.000000,3,68666335232.000000,9.411510|3.000000|0.000000|0.000000|0.000000,5
MOGP_GENERATIONAL,cea1af50-f160-11f0-b3ac-6e001b3eef54,Cooling,74,124,9.411510|3.000000|0.000000|0.000000|0.000000,0.05684709548950195,3.0,9.784588|3.000000|0.000000|0.000000|0.000000,9.411510|3.000000|0.000000|0.000000|0.000000,9.784588|3.000000|0.000000|0.000000|0.000000,3,71651139584.000000,9.411510|3.000000|0.000000|0.000000|0.000000,5
MOGP_GENERATIONAL,cea1af50-f160-11f0-b3ac-6e001b3eef54,Cooling,74,125,9.411510|3.000000|0.000000|0.000000|0.000000,0.05987191200256348,3.0,9.784588|3.000000|0.000000|0.000000|0.000000,9.411510|3.000000|0.000000|0.000000|0.000000,9.784588|3.000000|0.000000|0.000000|0.000000,3,81138286592.000000,9.411510|3.000000|0.000000|0.000000|0.000000,5
MOGP_GENERATIONAL,cea1af50-f160-11f0-b3ac-6e001b3eef54,Cooling,74,126,9.411510|3.000000|0.000000|0.000000|0.000000,0.056912899017333984,3.0,9.784588|3.000000|0.000000|0.000000|0.000000,9.411510|3.000000|0.000000|0.000000|0.000000,9.784588|3.000000|0.000000|0.000000|0.000000,3,127525363712.000000,9.411510|3.000000|0.000000|0.000000|0.000000,5
MOGP_GENERATIONAL,cea1af50-f160-11f0-b3ac-6e001b3eef54,Cooling,74,127,9.411510|3.000000|0.000000|0.000000|0.000000,0.0554201602935791,3.0,9.784588|3.000000|0.000000|0.000000|0.000000,9.411510|3.000000|0.000000|0.000000|0.000000,9.784588|3.000000|0.000000|0.000000|0.000000,3,1091645.000000,9.411510|3.000000|0.000000|0.000000|0.000000,5
MOGP_GENERATIONAL,cea1af50-f160-11f0-b3ac-6e001b3eef54,Cooling,74,128,9.411510|3.000000|0.000000|0.000000|0.000000,0.056550025939941406,3.0,9.784588|3.000000|0.000000|0.000000|0.000000,9.411510|3.000000|0.000000|0.000000|0.000000,9.784588|3.000000|0.000000|0.000000|0.000000,3,86277185536.000000,9.411510|3.000000|0.000000|0.000000|0.000000,5
MOGP_GENERATIONAL,cea1af50-f160-11f0-b3ac-6e001b3eef54,Cooling,74,129,9.411510|3.000000|0.000000|0.000000|0.000000,0.05696582794189453,3.0,9.784588|3.000000|0.000000|0.000000|0.000000,9.411510|3.000000|0.000000|0.000000|0.000000,9.784588|3.000000|0.000000|0.000000|0.000000,3,60421959680.000000,9.411510|3.000000|0.000000|0.000000|0.000000,5
MOGP_GENERATIONAL,cea1af50-f160-11f0-b3ac-6e001b3eef54,Cooling,74,130,9.411510|3.000000|0.000000|0.000000|0.000000,0.05680394172668457,3.0,9.784588|3.000000|0.000000|0.000000|0.000000,9.411510|3.000000|0.000000|0.000000|0.000000,9.784588|3.000000|0.000000|0.000000|0.000000,3,111039946752.000000,9.411510|3.000000|0.000000|0.000000|0.000000,5
MOGP_GENERATIONAL,cea1af50-f160-11f0-b3ac-6e001b3eef54,Cooling,74,131,9.411510|3.000000|0.000000|0.000000|0.000000,0.05617785453796387,3.0,9.784588|3.000000|0.000000|0.000000|0.000000,9.411510|3.000000|0.000000|0.000000|0.000000,9.784588|3.000000|0.000000|0.000000|0.000000,3,72978300928.000000,9.411510|3.000000|0.000000|0.000000|0.000000,5
MOGP_GENERATIONAL,cea1af50-f160-11f0-b3ac-6e001b3eef54,Cooling,74,132,9.411510|3.000000|0.000000|0.000000|0.000000,0.05602574348449707,3.0,9.784588|3.000000|0.000000|0.000000|0.000000,9.411510|3.000000|0.000000|0.000000|0.000000,9.784588|3.000000|0.000000|0.000000|0.000000,3,84739325952.000000,9.411510|3.000000|0.000000|0.000000|0.000000,5
MOGP_GENERATIONAL,cea1af50-f160-11f0-b3ac-6e001b3eef54,Cooling,74,133,9.411510|3.000000|0.000000|0.000000|0.000000,0.05607914924621582,3.0,9.784588|3.000000|0.000000|0.000000|0.000000,9.411510|3.000000|0.000000|0.000000|0.000000,9.784588|3.000000|0.000000|0.000000|0.000000,3,88174166016.000000,9.411510|3.000000|0.000000|0.000000|0.000000,5
MOGP_GENERATIONAL,cea1af50-f160-11f0-b3ac-6e001b3eef54,Cooling,74,134,9.411510|3.000000|0.000000|0.000000|0.000000,0.05507016181945801,3.0,9.784588|3.000000|0.000000|0.000000|0.000000,9.411510|3.000000|0.000000|0.000000|0.000000,9.784588|3.000000|0.000000|0.000000|0.000000,3,43367747584.000000,9.411510|3.000000|0.000000|0.000000|0.000000,5
MOGP_GENERATIONAL,cea1af50-f160-11f0-b3ac-6e001b3eef54,Cooling,74,135,9.411510|3.000000|0.000000|0.000000|0.000000,0.05575203895568848,3.0,9.784588|3.000000|0.000000|0.000000|0.000000,9.411510|3.000000|0.000000|0.000000|0.000000,9.784588|3.000000|0.000000|0.000000|0.000000,3,82668331008.000000,9.411510|3.000000|0.000000|0.000000|0.000000,5
MOGP_GENERATIONAL,cea1af50-f160-11f0-b3ac-6e001b3eef54,Cooling,74,136,9.411510|3.000000|0.000000|0.000000|0.000000,0.05660200119018555,3.0,9.784588|3.000000|0.000000|0.000000|0.000000,9.411510|3.000000|0.000000|0.000000|0.000000,9.784588|3.000000|0.000000|0.000000|0.000000,3,86277144576.000000,9.411510|3.000000|0.000000|0.000000|0.000000,5
MOGP_GENERATIONAL,cea1af50-f160-11f0-b3ac-6e001b3eef54,Cooling,74,137,9.411510|3.000000|0.000000|0.000000|0.000000,0.055284976959228516,3.0,9.784588|3.000000|0.000000|0.000000|0.000000,9.411510|3.000000|0.000000|0.000000|0.000000,9.784588|3.000000|0.000000|0.000000|0.000000,3,92652281856.000000,9.411510|3.000000|0.000000|0.000000|0.000000,5
MOGP_GENERATIONAL,cea1af50-f160-11f0-b3ac-6e001b3eef54,Cooling,74,138,9.411510|3.000000|0.000000|0.000000|0.000000,0.05539989471435547,3.0,9.784588|3.000000|0.000000|0.000000|0.000000,9.411510|3.000000|0.000000|0.000000|0.000000,9.784588|3.000000|0.000000|0.000000|0.000000,3,70533685248.000000,9.411510|3.000000|0.000000|0.000000|0.000000,5
MOGP_GENERATIONAL,cea1af50-f160-11f0-b3ac-6e001b3eef54,Cooling,74,139,9.411510|3.000000|0.000000|0.000000|0.000000,0.0605161190032959,3.0,9.784588|3.000000|0.000000|0.000000|0.000000,9.411510|3.000000|0.000000|0.000000|0.000000,9.784588|3.000000|0.000000|0.000000|0.000000,3,91962163200.000000,9.411510|3.000000|0.000000|0.000000|0.000000,5
MOGP_GENERATIONAL,cea1af50-f160-11f0-b3ac-6e001b3eef54,Cooling,74,140,9.411510|3.000000|0.000000|0.000000|0.000000,0.05966329574584961,3.0,9.784588|3.000000|0.000000|0.000000|0.000000,9.411510|3.000000|0.000000|0.000000|0.000000,9.784588|3.000000|0.000000|0.000000|0.000000,3,105029861376.000000,9.411510|3.000000|0.000000|0.000000|0.000000,5
MOGP_GENERATIONAL,cea1af50-f160-11f0-b3ac-6e001b3eef54,Cooling,74,141,9.411510|3.000000|0.000000|0.000000|0.000000,0.05704975128173828,3.0,9.784588|3.000000|0.000000|0.000000|0.000000,9.411510|3.000000|0.000000|0.000000|0.000000,9.784588|3.000000|0.000000|0.000000|0.000000,3,98748907520.000000,9.411510|3.000000|0.000000|0.000000|0.000000,5
MOGP_GENERATIONAL,cea1af50-f160-11f0-b3ac-6e001b3eef54,Cooling,74,142,9.411510|3.000000|0.000000|0.000000|0.000000,0.05701184272766113,3.0,9.784588|3.000000|0.000000|0.000000|0.000000,9.411510|3.000000|0.000000|0.000000|0.000000,9.784588|3.000000|0.000000|0.000000|0.000000,3,87876771840.000000,9.411510|3.000000|0.000000|0.000000|0.000000,5
MOGP_GENERATIONAL,cea1af50-f160-11f0-b3ac-6e001b3eef54,Cooling,74,143,9.411510|3.000000|0.000000|0.000000|0.000000,0.05584883689880371,3.0,9.784588|3.000000|0.000000|0.000000|0.000000,5.624148|7.000000|1.000000|0.000000|0.000000,6.023070|7.000000|1.000000|0.000000|0.000000,7,70533685248.000000,9.411510|3.000000|0.000000|0.000000|0.000000,5
MOGP_GENERATIONAL,cea1af50-f160-11f0-b3ac-6e001b3eef54,Cooling,74,144,9.411510|3.000000|0.000000|0.000000|0.000000,0.05634784698486328,3.0,9.784588|3.000000|0.000000|0.000000|0.000000,9.411510|3.000000|0.000000|0.000000|0.000000,9.784588|3.000000|0.000000|0.000000|0.000000,3,66057986048.000000,9.411510|3.000000|0.000000|0.000000|0.000000,5
MOGP_GENERATIONAL,cea1af50-f160-11f0-b3ac-6e001b3eef54,Cooling,74,145,9.411510|3.000000|0.000000|0.000000|0.000000,0.05803394317626953,3.0,9.784588|3.000000|0.000000|0.000000|0.000000,9.411510|3.000000|0.000000|0.000000|0.000000,9.784588|3.000000|0.000000|0.000000|0.000000,3,49937461248.000000,9.411510|3.000000|0.000000|0.000000|0.000000,5
MOGP_GENERATIONAL,cea1af50-f160-11f0-b3ac-6e001b3eef54,Cooling,74,146,9.411510|3.000000|0.000000|0.000000|0.000000,0.05786013603210449,3.0,9.784588|3.000000|0.000000|0.000000|0.000000,9.411510|3.000000|0.000000|0.000000|0.000000,9.784588|3.000000|0.000000|0.000000|0.000000,3,89765642240.000000,9.411510|3.000000|0.000000|0.000000|0.000000,5
MOGP_GENERATIONAL,cea1af50-f160-11f0-b3ac-6e001b3eef54,Cooling,74,147,9.411510|3.000000|0.000000|0.000000|0.000000,0.05497407913208008,3.0,9.784588|3.000000|0.000000|0.000000|0.000000,9.411510|3.000000|0.000000|0.000000|0.000000,9.784588|3.000000|0.000000|0.000000|0.000000,3,107658534912.000000,9.411510|3.000000|0.000000|0.000000|0.000000,5
MOGP_GENERATIONAL,cea1af50-f160-11f0-b3ac-6e001b3eef54,Cooling,74,148,9.411510|3.000000|0.000000|0.000000|0.000000,0.056513071060180664,3.0,9.784588|3.000000|0.000000|0.000000|0.000000,9.411510|3.000000|0.000000|0.000000|0.000000,9.784588|3.000000|0.000000|0.000000|0.000000,3,74996850688.000000,9.411510|3.000000|0.000000|0.000000|0.000000,5
MOGP_GENERATIONAL,cea1af50-f160-11f0-b3ac-6e001b3eef54,Cooling,74,149,9.411510|3.000000|0.000000|0.000000|0.000000,0.05615377426147461,3.0,9.784588|3.000000|0.000000|0.000000|0.000000,9.411510|3.000000|0.000000|0.000000|0.000000,9.784588|3.000000|0.000000|0.000000|0.000000,3,82668339200.000000,9.411510|3.000000|0.000000|0.000000|0.000000,5
MOGP_GENERATIONAL,cea1af50-f160-11f0-b3ac-6e001b3eef54,Cooling,74,150,9.411510|3.000000|0.000000|0.000000|0.000000,0.055940866470336914,3.0,9.784588|3.000000|0.000000|0.000000|0.000000,9.411510|3.000000|0.000000|0.000000|0.000000,9.784588|3.000000|0.000000|0.000000|0.000000,3,51965669376.000000,9.411510|3.000000|0.000000|0.000000|0.000000,5
MOGP_GENERATIONAL,cea1af50-f160-11f0-b3ac-6e001b3eef54,Cooling,74,151,9.411510|3.000000|0.000000|0.000000|0.000000,0.05602097511291504,3.0,9.784588|3.000000|0.000000|0.000000|0.000000,9.411510|3.000000|0.000000|0.000000|0.000000,9.784588|3.000000|0.000000|0.000000|0.000000,3,86277185536.000000,9.411510|3.000000|0.000000|0.000000|0.000000,5
MOGP_GENERATIONAL,cea1af50-f160-11f0-b3ac-6e001b3eef54,Cooling,74,152,9.411510|3.000000|0.000000|0.000000|0.000000,0.05590987205505371,3.0,9.784588|3.000000|0.000000|0.000000|0.000000,9.411510|3.000000|0.000000|0.000000|0.000000,9.784588|3.000000|0.000000|0.000000|0.000000,3,86277185536.000000,9.411510|3.000000|0.000000|0.000000|0.000000,5
MOGP_GENERATIONAL,cea1af50-f160-11f0-b3ac-6e001b3eef54,Cooling,74,153,9.411510|3.000000|0.000000|0.000000|0.000000,0.05583000183105469,3.0,9.784588|3.000000|0.000000|0.000000|0.000000,7.646000|7.000000|1.000000|0.000000|0.000000,7.616624|7.000000|1.000000|0.000000|0.000000,7,49619623936.000000,9.411510|3.000000|0.000000|0.000000|0.000000,5
MOGP_GENERATIONAL,cea1af50-f160-11f0-b3ac-6e001b3eef54,Cooling,74,154,9.411510|3.000000|0.000000|0.000000|0.000000,0.05662703514099121,3.0,9.784588|3.000000|0.000000|0.000000|0.000000,9.411510|3.000000|0.000000|0.000000|0.000000,9.784588|3.000000|0.000000|0.000000|0.000000,3,71536721920.000000,9.411510|3.000000|0.000000|0.000000|0.000000,5
MOGP_GENERATIONAL,cea1af50-f160-11f0-b3ac-6e001b3eef54,Cooling,74,155,9.411510|3.000000|0.000000|0.000000|0.000000,0.05807900428771973,3.0,9.784588|3.000000|0.000000|0.000000|0.000000,9.411510|3.000000|0.000000|0.000000|0.000000,9.784588|3.000000|0.000000|0.000000|0.000000,3,104988655616.000000,9.411510|3.000000|0.000000|0.000000|0.000000,5
MOGP_GENERATIONAL,cea1af50-f160-11f0-b3ac-6e001b3eef54,Cooling,74,156,9.411510|3.000000|0.000000|0.000000|0.000000,0.05488300323486328,3.0,9.784588|3.000000|0.000000|0.000000|0.000000,6.702195|15.000000|1.000000|2.000000|0.000000,7.286883|15.000000|1.000000|2.000000|0.000000,15,70533685248.000000,9.411510|3.000000|0.000000|0.000000|0.000000,5
MOGP_GENERATIONAL,cea1af50-f160-11f0-b3ac-6e001b3eef54,Cooling,74,157,9.411510|3.000000|0.000000|0.000000|0.000000,0.0566258430480957,3.0,9.784588|3.000000|0.000000|0.000000|0.000000,9.411510|3.000000|0.000000|0.000000|0.000000,9.784588|3.000000|0.000000|0.000000|0.000000,3,104012734464.000000,9.411510|3.000000|0.000000|0.000000|0.000000,5
MOGP_GENERATIONAL,cea1af50-f160-11f0-b3ac-6e001b3eef54,Cooling,74,158,9.411510|3.000000|0.000000|0.000000|0.000000,0.05756688117980957,3.0,9.784588|3.000000|0.000000|0.000000|0.000000,9.411510|3.000000|0.000000|0.000000|0.000000,9.784588|3.000000|0.000000|0.000000|0.000000,3,87612039168.000000,9.411510|3.000000|0.000000|0.000000|0.000000,5
MOGP_GENERATIONAL,cea1af50-f160-11f0-b3ac-6e001b3eef54,Cooling,74,159,9.411510|3.000000|0.000000|0.000000|0.000000,0.05616593360900879,3.0,9.784588|3.000000|0.000000|0.000000|0.000000,6.436877|7.000000|1.000000|0.000000|0.000000,6.836429|7.000000|1.000000|0.000000|0.000000,7,106720837632.000000,9.411510|3.000000|0.000000|0.000000|0.000000,5
MOGP_GENERATIONAL,cea1af50-f160-11f0-b3ac-6e001b3eef54,Cooling,74,160,9.411510|3.000000|0.000000|0.000000|0.000000,0.05577397346496582,3.0,9.784588|3.000000|0.000000|0.000000|0.000000,9.411510|3.000000|0.000000|0.000000|0.000000,9.784588|3.000000|0.000000|0.000000|0.000000,3,67504099328.000000,9.411510|3.000000|0.000000|0.000000|0.000000,5
MOGP_GENERATIONAL,cea1af50-f160-11f0-b3ac-6e001b3eef54,Cooling,74,161,9.411510|3.000000|0.000000|0.000000|0.000000,0.05513334274291992,3.0,9.784588|3.000000|0.000000|0.000000|0.000000,9.411510|3.000000|0.000000|0.000000|0.000000,9.784588|3.000000|0.000000|0.000000|0.000000,3,82807832576.000000,9.411510|3.000000|0.000000|0.000000|0.000000,5
MOGP_GENERATIONAL,cea1af50-f160-11f0-b3ac-6e001b3eef54,Cooling,74,162,9.411510|3.000000|0.000000|0.000000|0.000000,0.05885505676269531,3.0,9.784588|3.000000|0.000000|0.000000|0.000000,9.411510|3.000000|0.000000|0.000000|0.000000,9.784588|3.000000|0.000000|0.000000|0.000000,3,4430.731934,9.411510|3.000000|0.000000|0.000000|0.000000,5
MOGP_GENERATIONAL,cea1af50-f160-11f0-b3ac-6e001b3eef54,Cooling,74,163,9.411510|3.000000|0.000000|0.000000|0.000000,0.05699896812438965,3.0,9.784588|3.000000|0.000000|0.000000|0.000000,9.411510|3.000000|0.000000|0.000000|0.000000,9.784588|3.000000|0.000000|0.000000|0.000000,3,134905954304.000000,9.411510|3.000000|0.000000|0.000000|0.000000,5
MOGP_GENERATIONAL,cea1af50-f160-11f0-b3ac-6e001b3eef54,Cooling,74,164,9.411510|3.000000|0.000000|0.000000|0.000000,0.056169986724853516,3.0,9.784588|3.000000|0.000000|0.000000|0.000000,9.411510|3.000000|0.000000|0.000000|0.000000,9.784588|3.000000|0.000000|0.000000|0.000000,3,44890451968.000000,9.411510|3.000000|0.000000|0.000000|0.000000,5
MOGP_GENERATIONAL,cea1af50-f160-11f0-b3ac-6e001b3eef54,Cooling,74,165,9.411510|3.000000|0.000000|0.000000|0.000000,0.05695080757141113,3.0,9.784588|3.000000|0.000000|0.000000|0.000000,9.411510|3.000000|0.000000|0.000000|0.000000,9.784588|3.000000|0.000000|0.000000|0.000000,3,89847087104.000000,9.411510|3.000000|0.000000|0.000000|0.000000,5
MOGP_GENERATIONAL,cea1af50-f160-11f0-b3ac-6e001b3eef54,Cooling,74,166,9.411510|3.000000|0.000000|0.000000|0.000000,0.1243290901184082,3.0,9.784588|3.000000|0.000000|0.000000|0.000000,9.411510|3.000000|0.000000|0.000000|0.000000,9.784588|3.000000|0.000000|0.000000|0.000000,3,113427980288.000000,9.411510|3.000000|0.000000|0.000000|0.000000,5
MOGP_GENERATIONAL,cea1af50-f160-11f0-b3ac-6e001b3eef54,Cooling,74,167,9.411510|3.000000|0.000000|0.000000|0.000000,0.055995941162109375,3.0,9.784588|3.000000|0.000000|0.000000|0.000000,9.411510|3.000000|0.000000|0.000000|0.000000,9.784588|3.000000|0.000000|0.000000|0.000000,3,126554980352.000000,9.411510|3.000000|0.000000|0.000000|0.000000,5
MOGP_GENERATIONAL,cea1af50-f160-11f0-b3ac-6e001b3eef54,Cooling,74,168,9.411510|3.000000|0.000000|0.000000|0.000000,0.05556082725524902,3.0,9.784588|3.000000|0.000000|0.000000|0.000000,9.411510|3.000000|0.000000|0.000000|0.000000,9.784588|3.000000|0.000000|0.000000|0.000000,3,128716554240.000000,9.411510|3.000000|0.000000|0.000000|0.000000,5
MOGP_GENERATIONAL,cea1af50-f160-11f0-b3ac-6e001b3eef54,Cooling,74,169,9.411510|3.000000|0.000000|0.000000|0.000000,0.061379194259643555,3.0,9.784588|3.000000|0.000000|0.000000|0.000000,9.411510|3.000000|0.000000|0.000000|0.000000,9.784588|3.000000|0.000000|0.000000|0.000000,3,49937465344.000000,9.411510|3.000000|0.000000|0.000000|0.000000,5
MOGP_GENERATIONAL,cea1af50-f160-11f0-b3ac-6e001b3eef54,Cooling,74,170,9.411510|3.000000|0.000000|0.000000|0.000000,0.05521988868713379,3.0,9.784588|3.000000|0.000000|0.000000|0.000000,9.411510|3.000000|0.000000|0.000000|0.000000,9.784588|3.000000|0.000000|0.000000|0.000000,3,49937367040.000000,9.411510|3.000000|0.000000|0.000000|0.000000,5
MOGP_GENERATIONAL,cea1af50-f160-11f0-b3ac-6e001b3eef54,Cooling,74,171,9.411510|3.000000|0.000000|0.000000|0.000000,0.058417320251464844,3.0,9.784588|3.000000|0.000000|0.000000|0.000000,9.411510|3.000000|0.000000|0.000000|0.000000,9.784588|3.000000|0.000000|0.000000|0.000000,3,76591022080.000000,9.411510|3.000000|0.000000|0.000000|0.000000,5
MOGP_GENERATIONAL,cea1af50-f160-11f0-b3ac-6e001b3eef54,Cooling,74,172,9.411510|3.000000|0.000000|0.000000|0.000000,0.05628228187561035,3.0,9.784588|3.000000|0.000000|0.000000|0.000000,9.411510|3.000000|0.000000|0.000000|0.000000,9.784588|3.000000|0.000000|0.000000|0.000000,3,64551280640.000000,9.411510|3.000000|0.000000|0.000000|0.000000,5
MOGP_GENERATIONAL,cea1af50-f160-11f0-b3ac-6e001b3eef54,Cooling,74,173,9.411510|3.000000|0.000000|0.000000|0.000000,0.05563616752624512,3.0,9.784588|3.000000|0.000000|0.000000|0.000000,9.411510|3.000000|0.000000|0.000000|0.000000,9.784588|3.000000|0.000000|0.000000|0.000000,3,91814666240.000000,9.411510|3.000000|0.000000|0.000000|0.000000,5
MOGP_GENERATIONAL,cea1af50-f160-11f0-b3ac-6e001b3eef54,Cooling,74,174,9.411510|3.000000|0.000000|0.000000|0.000000,0.055361032485961914,3.0,9.784588|3.000000|0.000000|0.000000|0.000000,9.411510|3.000000|0.000000|0.000000|0.000000,9.784588|3.000000|0.000000|0.000000|0.000000,3,114235785216.000000,9.411510|3.000000|0.000000|0.000000|0.000000,5
MOGP_GENERATIONAL,cea1af50-f160-11f0-b3ac-6e001b3eef54,Cooling,74,175,9.411510|3.000000|0.000000|0.000000|0.000000,0.05656290054321289,3.0,9.784588|3.000000|0.000000|0.000000|0.000000,9.411510|3.000000|0.000000|0.000000|0.000000,9.784588|3.000000|0.000000|0.000000|0.000000,3,92648390656.000000,9.411510|3.000000|0.000000|0.000000|0.000000,5
MOGP_GENERATIONAL,cea1af50-f160-11f0-b3ac-6e001b3eef54,Cooling,74,176,9.411510|3.000000|0.000000|0.000000|0.000000,0.057901859283447266,3.0,9.784588|3.000000|0.000000|0.000000|0.000000,9.411510|3.000000|0.000000|0.000000|0.000000,9.784588|3.000000|0.000000|0.000000|0.000000,3,100368752640.000000,9.411510|3.000000|0.000000|0.000000|0.000000,5
MOGP_GENERATIONAL,cea1af50-f160-11f0-b3ac-6e001b3eef54,Cooling,74,177,9.411510|3.000000|0.000000|0.000000|0.000000,0.05827903747558594,3.0,9.784588|3.000000|0.000000|0.000000|0.000000,5.624148|7.000000|1.000000|0.000000|0.000000,6.023070|7.000000|1.000000|0.000000|0.000000,7,93774127104.000000,9.411510|3.000000|0.000000|0.000000|0.000000,5
MOGP_GENERATIONAL,cea1af50-f160-11f0-b3ac-6e001b3eef54,Cooling,74,178,9.411510|3.000000|0.000000|0.000000|0.000000,0.05805492401123047,3.0,9.784588|3.000000|0.000000|0.000000|0.000000,9.411510|3.000000|0.000000|0.000000|0.000000,9.784588|3.000000|0.000000|0.000000|0.000000,3,126368489472.000000,9.411510|3.000000|0.000000|0.000000|0.000000,5
MOGP_GENERATIONAL,cea1af50-f160-11f0-b3ac-6e001b3eef54,Cooling,74,179,9.411510|3.000000|0.000000|0.000000|0.000000,0.05592226982116699,3.0,9.784588|3.000000|0.000000|0.000000|0.000000,9.411510|3.000000|0.000000|0.000000|0.000000,9.784588|3.000000|0.000000|0.000000|0.000000,3,15477407744.000000,9.411510|3.000000|0.000000|0.000000|0.000000,5
MOGP_GENERATIONAL,cea1af50-f160-11f0-b3ac-6e001b3eef54,Cooling,74,180,9.411510|3.000000|0.000000|0.000000|0.000000,0.05605292320251465,3.0,9.784588|3.000000|0.000000|0.000000|0.000000,5.624148|7.000000|1.000000|0.000000|0.000000,6.023070|7.000000|1.000000|0.000000|0.000000,7,57428037632.000000,9.411510|3.000000|0.000000|0.000000|0.000000,5
MOGP_GENERATIONAL,cea1af50-f160-11f0-b3ac-6e001b3eef54,Cooling,74,181,9.411510|3.000000|0.000000|0.000000|0.000000,0.056305885314941406,3.0,9.784588|3.000000|0.000000|0.000000|0.000000,9.411510|3.000000|0.000000|0.000000|0.000000,9.784588|3.000000|0.000000|0.000000|0.000000,3,113890926592.000000,9.411510|3.000000|0.000000|0.000000|0.000000,5
MOGP_GENERATIONAL,cea1af50-f160-11f0-b3ac-6e001b3eef54,Cooling,74,182,9.411510|3.000000|0.000000|0.000000|0.000000,0.05700826644897461,3.0,9.784588|3.000000|0.000000|0.000000|0.000000,9.411510|3.000000|0.000000|0.000000|0.000000,9.784588|3.000000|0.000000|0.000000|0.000000,3,69475008512.000000,9.411510|3.000000|0.000000|0.000000|0.000000,5
MOGP_GENERATIONAL,cea1af50-f160-11f0-b3ac-6e001b3eef54,Cooling,74,183,9.411510|3.000000|0.000000|0.000000|0.000000,0.05567789077758789,3.0,9.784588|3.000000|0.000000|0.000000|0.000000,9.411510|3.000000|0.000000|0.000000|0.000000,9.784588|3.000000|0.000000|0.000000|0.000000,3,66006200320.000000,9.411510|3.000000|0.000000|0.000000|0.000000,5
MOGP_GENERATIONAL,cea1af50-f160-11f0-b3ac-6e001b3eef54,Cooling,74,184,9.411510|3.000000|0.000000|0.000000|0.000000,0.05712723731994629,3.0,9.784588|3.000000|0.000000|0.000000|0.000000,9.411510|3.000000|0.000000|0.000000|0.000000,9.784588|3.000000|0.000000|0.000000|0.000000,3,117030035456.000000,9.411510|3.000000|0.000000|0.000000|0.000000,5
MOGP_GENERATIONAL,cea1af50-f160-11f0-b3ac-6e001b3eef54,Cooling,74,185,9.411510|3.000000|0.000000|0.000000|0.000000,0.05677485466003418,3.0,9.784588|3.000000|0.000000|0.000000|0.000000,9.411510|3.000000|0.000000|0.000000|0.000000,9.784588|3.000000|0.000000|0.000000|0.000000,3,72674115584.000000,9.411510|3.000000|0.000000|0.000000|0.000000,5
MOGP_GENERATIONAL,cea1af50-f160-11f0-b3ac-6e001b3eef54,Cooling,74,186,9.411510|3.000000|0.000000|0.000000|0.000000,0.05630898475646973,3.0,9.784588|3.000000|0.000000|0.000000|0.000000,9.411510|3.000000|0.000000|0.000000|0.000000,9.784588|3.000000|0.000000|0.000000|0.000000,3,95470747648.000000,9.411510|3.000000|0.000000|0.000000|0.000000,5
MOGP_GENERATIONAL,cea1af50-f160-11f0-b3ac-6e001b3eef54,Cooling,74,187,9.411510|3.000000|0.000000|0.000000|0.000000,0.055323123931884766,3.0,9.784588|3.000000|0.000000|0.000000|0.000000,8.764760|5.000000|2.000000|0.000000|0.000000,9.364033|5.000000|2.000000|0.000000|0.000000,5,70533685248.000000,9.411510|3.000000|0.000000|0.000000|0.000000,5
MOGP_GENERATIONAL,cea1af50-f160-11f0-b3ac-6e001b3eef54,Cooling,74,188,9.411510|3.000000|0.000000|0.000000|0.000000,0.05593109130859375,3.0,9.784588|3.000000|0.000000|0.000000|0.000000,6.707652|11.000000|2.000000|0.000000|0.000000,7.065641|11.000000|2.000000|0.000000|0.000000,11,125473505280.000000,9.411510|3.000000|0.000000|0.000000|0.000000,5
MOGP_GENERATIONAL,cea1af50-f160-11f0-b3ac-6e001b3eef54,Cooling,74,189,9.411510|3.000000|0.000000|0.000000|0.000000,0.05612301826477051,3.0,9.784588|3.000000|0.000000|0.000000|0.000000,6.778448|7.000000|1.000000|0.000000|0.000000,6.955204|7.000000|1.000000|0.000000|0.000000,7,63411765248.000000,9.411510|3.000000|0.000000|0.000000|0.000000,5
MOGP_GENERATIONAL,cea1af50-f160-11f0-b3ac-6e001b3eef54,Cooling,74,190,9.411510|3.000000|0.000000|0.000000|0.000000,0.055841922760009766,3.0,9.784588|3.000000|0.000000|0.000000|0.000000,9.411510|3.000000|0.000000|0.000000|0.000000,9.784588|3.000000|0.000000|0.000000|0.000000,3,84739350528.000000,9.411510|3.000000|0.000000|0.000000|0.000000,5
MOGP_GENERATIONAL,cea1af50-f160-11f0-b3ac-6e001b3eef54,Cooling,74,191,9.411510|3.000000|0.000000|0.000000|0.000000,0.055214881896972656,3.0,9.784588|3.000000|0.000000|0.000000|0.000000,9.411510|3.000000|0.000000|0.000000|0.000000,9.784588|3.000000|0.000000|0.000000|0.000000,3,97344897024.000000,9.411510|3.000000|0.000000|0.000000|0.000000,5
MOGP_GENERATIONAL,cea1af50-f160-11f0-b3ac-6e001b3eef54,Cooling,74,192,9.411510|3.000000|0.000000|0.000000|0.000000,0.05544400215148926,3.0,9.784588|3.000000|0.000000|0.000000|0.000000,9.411510|3.000000|0.000000|0.000000|0.000000,9.784588|3.000000|0.000000|0.000000|0.000000,3,86933544960.000000,9.411510|3.000000|0.000000|0.000000|0.000000,5
MOGP_GENERATIONAL,cea1af50-f160-11f0-b3ac-6e001b3eef54,Cooling,74,193,9.411510|3.000000|0.000000|0.000000|0.000000,0.055670976638793945,3.0,9.784588|3.000000|0.000000|0.000000|0.000000,9.411510|3.000000|0.000000|0.000000|0.000000,9.784588|3.000000|0.000000|0.000000|0.000000,3,65551986688.000000,9.411510|3.000000|0.000000|0.000000|0.000000,5
MOGP_GENERATIONAL,cea1af50-f160-11f0-b3ac-6e001b3eef54,Cooling,74,194,9.411510|3.000000|0.000000|0.000000|0.000000,0.056517839431762695,3.0,9.784588|3.000000|0.000000|0.000000|0.000000,9.411510|3.000000|0.000000|0.000000|0.000000,9.784588|3.000000|0.000000|0.000000|0.000000,3,105034031104.000000,9.411510|3.000000|0.000000|0.000000|0.000000,5
MOGP_GENERATIONAL,cea1af50-f160-11f0-b3ac-6e001b3eef54,Cooling,74,195,9.411510|3.000000|0.000000|0.000000|0.000000,0.06998896598815918,3.0,9.784588|3.000000|0.000000|0.000000|0.000000,9.411510|3.000000|0.000000|0.000000|0.000000,9.784588|3.000000|0.000000|0.000000|0.000000,3,90901364736.000000,9.411510|3.000000|0.000000|0.000000|0.000000,5
MOGP_GENERATIONAL,cea1af50-f160-11f0-b3ac-6e001b3eef54,Cooling,74,196,9.411510|3.000000|0.000000|0.000000|0.000000,0.05614304542541504,3.0,9.784588|3.000000|0.000000|0.000000|0.000000,9.411510|3.000000|0.000000|0.000000|0.000000,9.784588|3.000000|0.000000|0.000000|0.000000,3,84338868224.000000,9.411510|3.000000|0.000000|0.000000|0.000000,5
MOGP_GENERATIONAL,cea1af50-f160-11f0-b3ac-6e001b3eef54,Cooling,74,197,9.411510|3.000000|0.000000|0.000000|0.000000,0.05669403076171875,3.0,9.784588|3.000000|0.000000|0.000000|0.000000,9.411510|3.000000|0.000000|0.000000|0.000000,9.784588|3.000000|0.000000|0.000000|0.000000,3,103351140352.000000,9.411510|3.000000|0.000000|0.000000|0.000000,5
MOGP_GENERATIONAL,cea1af50-f160-11f0-b3ac-6e001b3eef54,Cooling,74,198,9.411510|3.000000|0.000000|0.000000|0.000000,0.05567669868469238,3.0,9.784588|3.000000|0.000000|0.000000|0.000000,9.411510|3.000000|0.000000|0.000000|0.000000,9.784588|3.000000|0.000000|0.000000|0.000000,3,55610163200.000000,9.411510|3.000000|0.000000|0.000000|0.000000,5
MOGP_GENERATIONAL,cea1af50-f160-11f0-b3ac-6e001b3eef54,Cooling,74,199,9.411510|3.000000|0.000000|0.000000|0.000000,0.057891845703125,3.0,9.784588|3.000000|0.000000|0.000000|0.000000,9.411510|3.000000|0.000000|0.000000|0.000000,9.784588|3.000000|0.000000|0.000000|0.000000,3,93186236416.000000,9.411510|3.000000|0.000000|0.000000|0.000000,5
MOGP_GENERATIONAL,cea1af50-f160-11f0-b3ac-6e001b3eef54,Cooling,74,200,9.411510|3.000000|0.000000|0.000000|0.000000,0.057305097579956055,3.0,9.784588|3.000000|0.000000|0.000000|0.000000,9.411510|3.000000|0.000000|0.000000|0.000000,9.784588|3.000000|0.000000|0.000000|0.000000,3,102547005440.000000,9.411510|3.000000|0.000000|0.000000|0.000000,5
MOGP_GENERATIONAL,cea1af50-f160-11f0-b3ac-6e001b3eef54,Cooling,74,201,9.411510|3.000000|0.000000|0.000000|0.000000,0.056565046310424805,3.0,9.784588|3.000000|0.000000|0.000000|0.000000,9.411510|3.000000|0.000000|0.000000|0.000000,9.784588|3.000000|0.000000|0.000000|0.000000,3,18982508544.000000,9.411510|3.000000|0.000000|0.000000|0.000000,5
MOGP_GENERATIONAL,cea1af50-f160-11f0-b3ac-6e001b3eef54,Cooling,74,202,9.411510|3.000000|0.000000|0.000000|0.000000,0.05694699287414551,3.0,9.784588|3.000000|0.000000|0.000000|0.000000,6.415696|5.000000|2.000000|0.000000|0.000000,6.535515|5.000000|2.000000|0.000000|0.000000,5,70533685248.000000,9.411510|3.000000|0.000000|0.000000|0.000000,5
MOGP_GENERATIONAL,cea1af50-f160-11f0-b3ac-6e001b3eef54,Cooling,74,203,9.411510|3.000000|0.000000|0.000000|0.000000,0.055333852767944336,3.0,9.784588|3.000000|0.000000|0.000000|0.000000,8.233378|5.000000|2.000000|0.000000|0.000000,8.744466|5.000000|2.000000|0.000000|0.000000,5,85415256064.000000,9.411510|3.000000|0.000000|0.000000|0.000000,5
MOGP_GENERATIONAL,cea1af50-f160-11f0-b3ac-6e001b3eef54,Cooling,74,204,9.411510|3.000000|0.000000|0.000000|0.000000,0.05585360527038574,3.0,9.784588|3.000000|0.000000|0.000000|0.000000,4.202708|11.000000|2.000000|0.000000|0.000000,4.740227|11.000000|2.000000|0.000000|0.000000,11,78252916736.000000,9.411510|3.000000|0.000000|0.000000|0.000000,5
MOGP_GENERATIONAL,cea1af50-f160-11f0-b3ac-6e001b3eef54,Cooling,74,205,9.411510|3.000000|0.000000|0.000000|0.000000,0.05741691589355469,3.0,9.784588|3.000000|0.000000|0.000000|0.000000,9.411510|3.000000|0.000000|0.000000|0.000000,9.784588|3.000000|0.000000|0.000000|0.000000,3,139984470016.000000,9.411510|3.000000|0.000000|0.000000|0.000000,5
MOGP_GENERATIONAL,cea1af50-f160-11f0-b3ac-6e001b3eef54,Cooling,74,206,9.411510|3.000000|0.000000|0.000000|0.000000,0.05537104606628418,3.0,9.784588|3.000000|0.000000|0.000000|0.000000,9.411510|3.000000|0.000000|0.000000|0.000000,9.784588|3.000000|0.000000|0.000000|0.000000,3,72409088000.000000,9.411510|3.000000|0.000000|0.000000|0.000000,5
MOGP_GENERATIONAL,cea1af50-f160-11f0-b3ac-6e001b3eef54,Cooling,74,207,9.411510|3.000000|0.000000|0.000000|0.000000,0.05572795867919922,3.0,9.784588|3.000000|0.000000|0.000000|0.000000,9.411510|3.000000|0.000000|0.000000|0.000000,9.784588|3.000000|0.000000|0.000000|0.000000,3,91850162176.000000,9.411510|3.000000|0.000000|0.000000|0.000000,5
MOGP_GENERATIONAL,cea1af50-f160-11f0-b3ac-6e001b3eef54,Cooling,74,208,9.411510|3.000000|0.000000|0.000000|0.000000,0.0574648380279541,3.0,9.784588|3.000000|0.000000|0.000000|0.000000,9.411510|3.000000|0.000000|0.000000|0.000000,9.784588|3.000000|0.000000|0.000000|0.000000,3,87341031424.000000,9.411510|3.000000|0.000000|0.000000|0.000000,5
MOGP_GENERATIONAL,cea1af50-f160-11f0-b3ac-6e001b3eef54,Cooling,74,209,9.411510|3.000000|0.000000|0.000000|0.000000,0.055735111236572266,3.0,9.784588|3.000000|0.000000|0.000000|0.000000,9.411510|3.000000|0.000000|0.000000|0.000000,9.784588|3.000000|0.000000|0.000000|0.000000,3,102309011456.000000,9.411510|3.000000|0.000000|0.000000|0.000000,5
MOGP_GENERATIONAL,cea1af50-f160-11f0-b3ac-6e001b3eef54,Cooling,74,210,9.411510|3.000000|0.000000|0.000000|0.000000,0.05949711799621582,3.0,9.784588|3.000000|0.000000|0.000000|0.000000,9.411510|3.000000|0.000000|0.000000|0.000000,9.784588|3.000000|0.000000|0.000000|0.000000,3,86277185536.000000,9.411510|3.000000|0.000000|0.000000|0.000000,5
MOGP_GENERATIONAL,cea1af50-f160-11f0-b3ac-6e001b3eef54,Cooling,74,211,9.411510|3.000000|0.000000|0.000000|0.000000,0.05873703956604004,3.0,9.784588|3.000000|0.000000|0.000000|0.000000,9.411510|3.000000|0.000000|0.000000|0.000000,9.784588|3.000000|0.000000|0.000000|0.000000,3,73946587136.000000,9.411510|3.000000|0.000000|0.000000|0.000000,5
MOGP_GENERATIONAL,cea1af50-f160-11f0-b3ac-6e001b3eef54,Cooling,74,212,9.411510|3.000000|0.000000|0.000000|0.000000,0.05506300926208496,3.0,9.784588|3.000000|0.000000|0.000000|0.000000,9.411510|3.000000|0.000000|0.000000|0.000000,9.784588|3.000000|0.000000|0.000000|0.000000,3,58318884864.000000,9.411510|3.000000|0.000000|0.000000|0.000000,5
MOGP_GENERATIONAL,cea1af50-f160-11f0-b3ac-6e001b3eef54,Cooling,74,213,9.411510|3.000000|0.000000|0.000000|0.000000,0.06031179428100586,3.0,9.784588|3.000000|0.000000|0.000000|0.000000,9.411510|3.000000|0.000000|0.000000|0.000000,9.784588|3.000000|0.000000|0.000000|0.000000,3,99498762240.000000,9.411510|3.000000|0.000000|0.000000|0.000000,5
MOGP_GENERATIONAL,cea1af50-f160-11f0-b3ac-6e001b3eef54,Cooling,74,214,9.411510|3.000000|0.000000|0.000000|0.000000,0.05578494071960449,3.0,9.784588|3.000000|0.000000|0.000000|0.000000,9.411510|3.000000|0.000000|0.000000|0.000000,9.784588|3.000000|0.000000|0.000000|0.000000,3,110438498304.000000,9.411510|3.000000|0.000000|0.000000|0.000000,5
MOGP_GENERATIONAL,cea1af50-f160-11f0-b3ac-6e001b3eef54,Cooling,74,215,9.411510|3.000000|0.000000|0.000000|0.000000,0.0582430362701416,3.0,9.784588|3.000000|0.000000|0.000000|0.000000,9.411510|3.000000|0.000000|0.000000|0.000000,9.784588|3.000000|0.000000|0.000000|0.000000,3,77434912768.000000,9.411510|3.000000|0.000000|0.000000|0.000000,5
MOGP_GENERATIONAL,cea1af50-f160-11f0-b3ac-6e001b3eef54,Cooling,74,216,9.411510|3.000000|0.000000|0.000000|0.000000,0.059845924377441406,3.0,9.784588|3.000000|0.000000|0.000000|0.000000,6.436877|11.000000|2.000000|2.000000|0.000000,6.836429|11.000000|2.000000|2.000000|0.000000,11,103052566528.000000,9.411510|3.000000|0.000000|0.000000|0.000000,5
MOGP_GENERATIONAL,cea1af50-f160-11f0-b3ac-6e001b3eef54,Cooling,74,217,9.411510|3.000000|0.000000|0.000000|0.000000,0.05831122398376465,3.0,9.784588|3.000000|0.000000|0.000000|0.000000,9.411510|3.000000|0.000000|0.000000|0.000000,9.784588|3.000000|0.000000|0.000000|0.000000,3,110113947648.000000,9.411510|3.000000|0.000000|0.000000|0.000000,5
MOGP_GENERATIONAL,cea1af50-f160-11f0-b3ac-6e001b3eef54,Cooling,74,218,9.411510|3.000000|0.000000|0.000000|0.000000,0.0544891357421875,3.0,9.784588|3.000000|0.000000|0.000000|0.000000,9.411510|3.000000|0.000000|0.000000|0.000000,9.784588|3.000000|0.000000|0.000000|0.000000,3,95960211456.000000,9.411510|3.000000|0.000000|0.000000|0.000000,5
MOGP_GENERATIONAL,cea1af50-f160-11f0-b3ac-6e001b3eef54,Cooling,74,219,9.411510|3.000000|0.000000|0.000000|0.000000,0.05508565902709961,3.0,9.784588|3.000000|0.000000|0.000000|0.000000,9.411510|3.000000|0.000000|0.000000|0.000000,9.784588|3.000000|0.000000|0.000000|0.000000,3,45556854784.000000,9.411510|3.000000|0.000000|0.000000|0.000000,5
MOGP_GENERATIONAL,cea1af50-f160-11f0-b3ac-6e001b3eef54,Cooling,74,220,9.411510|3.000000|0.000000|0.000000|0.000000,0.054283857345581055,3.0,9.784588|3.000000|0.000000|0.000000|0.000000,9.411510|3.000000|0.000000|0.000000|0.000000,9.784588|3.000000|0.000000|0.000000|0.000000,3,81595465728.000000,9.411510|3.000000|0.000000|0.000000|0.000000,5
MOGP_GENERATIONAL,cea1af50-f160-11f0-b3ac-6e001b3eef54,Cooling,74,221,9.411510|3.000000|0.000000|0.000000|0.000000,0.05465292930603027,3.0,9.784588|3.000000|0.000000|0.000000|0.000000,9.411510|3.000000|0.000000|0.000000|0.000000,9.784588|3.000000|0.000000|0.000000|0.000000,3,104330903552.000000,9.411510|3.000000|0.000000|0.000000|0.000000,5
MOGP_GENERATIONAL,cea1af50-f160-11f0-b3ac-6e001b3eef54,Cooling,74,222,9.411510|3.000000|0.000000|0.000000|0.000000,0.05484795570373535,3.0,9.784588|3.000000|0.000000|0.000000|0.000000,9.411510|3.000000|0.000000|0.000000|0.000000,9.784588|3.000000|0.000000|0.000000|0.000000,3,90494492672.000000,9.411510|3.000000|0.000000|0.000000|0.000000,5
MOGP_GENERATIONAL,cea1af50-f160-11f0-b3ac-6e001b3eef54,Cooling,74,223,9.411510|3.000000|0.000000|0.000000|0.000000,0.05533194541931152,3.0,9.784588|3.000000|0.000000|0.000000|0.000000,6.476654|11.000000|2.000000|2.000000|0.000000,7.025299|11.000000|2.000000|2.000000|0.000000,11,102547185664.000000,9.411510|3.000000|0.000000|0.000000|0.000000,5
MOGP_GENERATIONAL,cea1af50-f160-11f0-b3ac-6e001b3eef54,Cooling,74,224,9.411510|3.000000|0.000000|0.000000|0.000000,0.0609128475189209,3.0,9.784588|3.000000|0.000000|0.000000|0.000000,6.415696|5.000000|2.000000|0.000000|0.000000,6.535515|5.000000|2.000000|0.000000|0.000000,5,25323452416.000000,9.411510|3.000000|0.000000|0.000000|0.000000,5
MOGP_GENERATIONAL,cea1af50-f160-11f0-b3ac-6e001b3eef54,Cooling,74,225,9.411510|3.000000|0.000000|0.000000|0.000000,0.056681156158447266,3.0,9.784588|3.000000|0.000000|0.000000|0.000000,9.288076|15.000000|3.000000|2.000000|0.000000,9.974421|15.000000|3.000000|2.000000|0.000000,15,66057986048.000000,9.411510|3.000000|0.000000|0.000000|0.000000,5
MOGP_GENERATIONAL,cea1af50-f160-11f0-b3ac-6e001b3eef54,Cooling,74,226,9.411510|3.000000|0.000000|0.000000|0.000000,0.05655407905578613,3.0,9.784588|3.000000|0.000000|0.000000|0.000000,9.411510|3.000000|0.000000|0.000000|0.000000,9.784588|3.000000|0.000000|0.000000|0.000000,3,54354739200.000000,9.411510|3.000000|0.000000|0.000000|0.000000,5
MOGP_GENERATIONAL,cea1af50-f160-11f0-b3ac-6e001b3eef54,Cooling,74,227,9.411510|3.000000|0.000000|0.000000|0.000000,0.056242942810058594,3.0,9.784588|3.000000|0.000000|0.000000|0.000000,9.411510|3.000000|0.000000|0.000000|0.000000,9.784588|3.000000|0.000000|0.000000|0.000000,3,101563121664.000000,9.411510|3.000000|0.000000|0.000000|0.000000,5
MOGP_GENERATIONAL,cea1af50-f160-11f0-b3ac-6e001b3eef54,Cooling,74,228,9.411510|3.000000|0.000000|0.000000|0.000000,0.054826974868774414,3.0,9.784588|3.000000|0.000000|0.000000|0.000000,9.411510|3.000000|0.000000|0.000000|0.000000,9.784588|3.000000|0.000000|0.000000|0.000000,3,99498762240.000000,9.411510|3.000000|0.000000|0.000000|0.000000,5
MOGP_GENERATIONAL,cea1af50-f160-11f0-b3ac-6e001b3eef54,Cooling,74,229,9.411510|3.000000|0.000000|0.000000|0.000000,0.05492830276489258,3.0,9.784588|3.000000|0.000000|0.000000|0.000000,9.411510|3.000000|0.000000|0.000000|0.000000,9.784588|3.000000|0.000000|0.000000|0.000000,3,113899364352.000000,9.411510|3.000000|0.000000|0.000000|0.000000,5
MOGP_GENERATIONAL,cea1af50-f160-11f0-b3ac-6e001b3eef54,Cooling,74,230,9.411510|3.000000|0.000000|0.000000|0.000000,0.058798789978027344,3.0,9.784588|3.000000|0.000000|0.000000|0.000000,9.411510|3.000000|0.000000|0.000000|0.000000,9.784588|3.000000|0.000000|0.000000|0.000000,3,99122380800.000000,9.411510|3.000000|0.000000|0.000000|0.000000,5
MOGP_GENERATIONAL,cea1af50-f160-11f0-b3ac-6e001b3eef54,Cooling,74,231,9.411510|3.000000|0.000000|0.000000|0.000000,0.05657505989074707,3.0,9.784588|3.000000|0.000000|0.000000|0.000000,5.624148|7.000000|1.000000|0.000000|0.000000,6.023070|7.000000|1.000000|0.000000|0.000000,7,96394747904.000000,9.411510|3.000000|0.000000|0.000000|0.000000,5
MOGP_GENERATIONAL,cea1af50-f160-11f0-b3ac-6e001b3eef54,Cooling,74,232,9.411510|3.000000|0.000000|0.000000|0.000000,0.057221174240112305,3.0,9.784588|3.000000|0.000000|0.000000|0.000000,9.411510|3.000000|0.000000|0.000000|0.000000,9.784588|3.000000|0.000000|0.000000|0.000000,3,126103986176.000000,9.411510|3.000000|0.000000|0.000000|0.000000,5
MOGP_GENERATIONAL,cea1af50-f160-11f0-b3ac-6e001b3eef54,Cooling,74,233,9.411510|3.000000|0.000000|0.000000|0.000000,0.055879831314086914,3.0,9.784588|3.000000|0.000000|0.000000|0.000000,9.411510|3.000000|0.000000|0.000000|0.000000,9.784588|3.000000|0.000000|0.000000|0.000000,3,106715267072.000000,9.411510|3.000000|0.000000|0.000000|0.000000,5
MOGP_GENERATIONAL,cea1af50-f160-11f0-b3ac-6e001b3eef54,Cooling,74,234,9.411510|3.000000|0.000000|0.000000|0.000000,0.055735111236572266,3.0,9.784588|3.000000|0.000000|0.000000|0.000000,9.411510|3.000000|0.000000|0.000000|0.000000,9.784588|3.000000|0.000000|0.000000|0.000000,3,46057324544.000000,9.411510|3.000000|0.000000|0.000000|0.000000,5
MOGP_GENERATIONAL,cea1af50-f160-11f0-b3ac-6e001b3eef54,Cooling,74,235,9.411510|3.000000|0.000000|0.000000|0.000000,0.05386185646057129,3.0,9.784588|3.000000|0.000000|0.000000|0.000000,9.411510|3.000000|0.000000|0.000000|0.000000,9.784588|3.000000|0.000000|0.000000|0.000000,3,99529326592.000000,9.411510|3.000000|0.000000|0.000000|0.000000,5
MOGP_GENERATIONAL,cea1af50-f160-11f0-b3ac-6e001b3eef54,Cooling,74,236,9.411510|3.000000|0.000000|0.000000|0.000000,0.10737395286560059,3.0,9.784588|3.000000|0.000000|0.000000|0.000000,5.624148|7.000000|1.000000|0.000000|0.000000,6.023070|7.000000|1.000000|0.000000|0.000000,7,117192482816.000000,9.411510|3.000000|0.000000|0.000000|0.000000,5
MOGP_GENERATIONAL,cea1af50-f160-11f0-b3ac-6e001b3eef54,Cooling,74,237,9.411510|3.000000|0.000000|0.000000|0.000000,0.05501294136047363,3.0,9.784588|3.000000|0.000000|0.000000|0.000000,9.411510|3.000000|0.000000|0.000000|0.000000,9.784588|3.000000|0.000000|0.000000|0.000000,3,74911318016.000000,9.411510|3.000000|0.000000|0.000000|0.000000,5
MOGP_GENERATIONAL,cea1af50-f160-11f0-b3ac-6e001b3eef54,Cooling,74,238,9.411510|3.000000|0.000000|0.000000|0.000000,0.05536174774169922,3.0,9.784588|3.000000|0.000000|0.000000|0.000000,9.411510|3.000000|0.000000|0.000000|0.000000,9.784588|3.000000|0.000000|0.000000|0.000000,3,37117485056.000000,9.411510|3.000000|0.000000|0.000000|0.000000,5
MOGP_GENERATIONAL,cea1af50-f160-11f0-b3ac-6e001b3eef54,Cooling,74,239,9.411510|3.000000|0.000000|0.000000|0.000000,0.056925058364868164,3.0,9.784588|3.000000|0.000000|0.000000|0.000000,5.624148|7.000000|1.000000|0.000000|0.000000,6.023070|7.000000|1.000000|0.000000|0.000000,7,55446347776.000000,9.411510|3.000000|0.000000|0.000000|0.000000,5
MOGP_GENERATIONAL,cea1af50-f160-11f0-b3ac-6e001b3eef54,Cooling,74,240,9.411510|3.000000|0.000000|0.000000|0.000000,0.055116891860961914,3.0,9.784588|3.000000|0.000000|0.000000|0.000000,9.411510|3.000000|0.000000|0.000000|0.000000,9.784588|3.000000|0.000000|0.000000|0.000000,3,110713577472.000000,9.411510|3.000000|0.000000|0.000000|0.000000,5
MOGP_GENERATIONAL,cea1af50-f160-11f0-b3ac-6e001b3eef54,Cooling,74,241,9.411510|3.000000|0.000000|0.000000|0.000000,0.055674076080322266,3.0,9.784588|3.000000|0.000000|0.000000|0.000000,9.411510|3.000000|0.000000|0.000000|0.000000,9.784588|3.000000|0.000000|0.000000|0.000000,3,81768914944.000000,9.411510|3.000000|0.000000|0.000000|0.000000,5
MOGP_GENERATIONAL,cea1af50-f160-11f0-b3ac-6e001b3eef54,Cooling,74,242,9.411510|3.000000|0.000000|0.000000|0.000000,0.05697321891784668,3.0,9.784588|3.000000|0.000000|0.000000|0.000000,9.411510|3.000000|0.000000|0.000000|0.000000,9.784588|3.000000|0.000000|0.000000|0.000000,3,81084604416.000000,9.411510|3.000000|0.000000|0.000000|0.000000,5
MOGP_GENERATIONAL,cea1af50-f160-11f0-b3ac-6e001b3eef54,Cooling,74,243,9.411510|3.000000|0.000000|0.000000|0.000000,0.05558514595031738,3.0,9.784588|3.000000|0.000000|0.000000|0.000000,9.411510|3.000000|0.000000|0.000000|0.000000,9.784588|3.000000|0.000000|0.000000|0.000000,3,92673163264.000000,9.411510|3.000000|0.000000|0.000000|0.000000,5
MOGP_GENERATIONAL,cea1af50-f160-11f0-b3ac-6e001b3eef54,Cooling,74,244,9.411510|3.000000|0.000000|0.000000|0.000000,0.05522727966308594,3.0,9.784588|3.000000|0.000000|0.000000|0.000000,9.411510|3.000000|0.000000|0.000000|0.000000,9.784588|3.000000|0.000000|0.000000|0.000000,3,109807099904.000000,9.411510|3.000000|0.000000|0.000000|0.000000,5
MOGP_GENERATIONAL,cea1af50-f160-11f0-b3ac-6e001b3eef54,Cooling,74,245,9.411510|3.000000|0.000000|0.000000|0.000000,0.05626988410949707,3.0,9.784588|3.000000|0.000000|0.000000|0.000000,8.052668|7.000000|1.000000|0.000000|0.000000,8.975376|7.000000|1.000000|0.000000|0.000000,7,108461162496.000000,9.411510|3.000000|0.000000|0.000000|0.000000,5
MOGP_GENERATIONAL,cea1af50-f160-11f0-b3ac-6e001b3eef54,Cooling,74,246,9.411510|3.000000|0.000000|0.000000|0.000000,0.055143117904663086,3.0,9.784588|3.000000|0.000000|0.000000|0.000000,9.411510|3.000000|0.000000|0.000000|0.000000,9.784588|3.000000|0.000000|0.000000|0.000000,3,49937469440.000000,9.411510|3.000000|0.000000|0.000000|0.000000,5
MOGP_GENERATIONAL,cea1af50-f160-11f0-b3ac-6e001b3eef54,Cooling,74,247,9.411510|3.000000|0.000000|0.000000|0.000000,0.05552792549133301,3.0,9.784588|3.000000|0.000000|0.000000|0.000000,9.411510|3.000000|0.000000|0.000000|0.000000,9.784588|3.000000|0.000000|0.000000|0.000000,3,78810628096.000000,9.411510|3.000000|0.000000|0.000000|0.000000,5
MOGP_GENERATIONAL,cea1af50-f160-11f0-b3ac-6e001b3eef54,Cooling,74,248,9.411510|3.000000|0.000000|0.000000|0.000000,0.0585169792175293,3.0,9.784588|3.000000|0.000000|0.000000|0.000000,9.411510|3.000000|0.000000|0.000000|0.000000,9.784588|3.000000|0.000000|0.000000|0.000000,3,102768148480.000000,9.411510|3.000000|0.000000|0.000000|0.000000,5
MOGP_GENERATIONAL,cea1af50-f160-11f0-b3ac-6e001b3eef54,Cooling,74,249,9.411510|3.000000|0.000000|0.000000|0.000000,0.06358194351196289,3.0,9.784588|3.000000|0.000000|0.000000|0.000000,9.411510|3.000000|0.000000|0.000000|0.000000,9.784588|3.000000|0.000000|0.000000|0.000000,3,59897794560.000000,9.411510|3.000000|0.000000|0.000000|0.000000,5
MOGP_GENERATIONAL,cea1af50-f160-11f0-b3ac-6e001b3eef54,Cooling,74,250,9.411510|3.000000|0.000000|0.000000|0.000000,0.05732607841491699,3.0,9.784588|3.000000|0.000000|0.000000|0.000000,9.411510|3.000000|0.000000|0.000000|0.000000,9.784588|3.000000|0.000000|0.000000|0.000000,3,72810643456.000000,9.411510|3.000000|0.000000|0.000000|0.000000,5
