MOGP_GENERATIONAL,db3d9d00-134a-11f1-a924-b751108eed3b,Cooling,74,0,9.382293|3.000000|0.000000|0.000000|0.000000,0.0739736557006836,3.0,9.849599|3.000000|0.000000|0.000000|0.000000,9.382293|3.000000|0.000000|0.000000|0.000000,9.849599|3.000000|0.000000|0.000000|0.000000,3,244412596224.000000,N/A,3,5
MOGP_GENERATIONAL,db3d9d00-134a-11f1-a924-b751108eed3b,Cooling,74,1,4.625110|3.000000|1.000000|0.000000|0.000000,0.1690967082977295,3.0,4.359913|3.000000|1.000000|0.000000|0.000000,4.625110|3.000000|1.000000|0.000000|0.000000,4.359913|3.000000|1.000000|0.000000|0.000000,3,78737268736.000000,N/A,2,5
MOGP_GENERATIONAL,db3d9d00-134a-11f1-a924-b751108eed3b,Cooling,74,2,4.625110|3.000000|1.000000|0.000000|0.000000,0.16260838508605957,3.0,4.359913|3.000000|1.000000|0.000000|0.000000,4.625110|3.000000|1.000000|0.000000|0.000000,4.359913|3.000000|1.000000|0.000000|0.000000,3,49937469440.000000,N/A,2,5
MOGP_GENERATIONAL,db3d9d00-134a-11f1-a924-b751108eed3b,Cooling,74,3,4.625110|3.000000|1.000000|0.000000|0.000000,0.15770626068115234,3.0,4.359913|3.000000|1.000000|0.000000|0.000000,4.625110|3.000000|1.000000|0.000000|0.000000,4.359913|3.000000|1.000000|0.000000|0.000000,3,51324944384.000000,N/A,2,5
MOGP_GENERATIONAL,db3d9d00-134a-11f1-a924-b751108eed3b,Cooling,74,4,4.625110|3.000000|1.000000|0.000000|0.000000,0.15374207496643066,3.0,4.359913|3.000000|1.000000|0.000000|0.000000,4.625110|3.000000|1.000000|0.000000|0.000000,4.359913|3.000000|1.000000|0.000000|0.000000,3,92623601664.000000,N/A,2,5
MOGP_GENERATIONAL,db3d9d00-134a-11f1-a924-b751108eed3b,Cooling,74,5,4.625110|3.000000|1.000000|0.000000|0.000000,0.15043330192565918,3.0,4.359913|3.000000|1.000000|0.000000|0.000000,4.625110|3.000000|1.000000|0.000000|0.000000,4.359913|3.000000|1.000000|0.000000|0.000000,3,35731283968.000000,N/A,2,5
MOGP_GENERATIONAL,db3d9d00-134a-11f1-a924-b751108eed3b,Cooling,74,6,4.625110|3.000000|1.000000|0.000000|0.000000,0.15028667449951172,3.0,4.359913|3.000000|1.000000|0.000000|0.000000,4.625110|3.000000|1.000000|0.000000|0.000000,4.359913|3.000000|1.000000|0.000000|0.000000,3,81608736768.000000,N/A,2,5
MOGP_GENERATIONAL,db3d9d00-134a-11f1-a924-b751108eed3b,Cooling,74,7,4.625110|3.000000|1.000000|0.000000|0.000000,0.2338106632232666,3.0,4.359913|3.000000|1.000000|0.000000|0.000000,4.625110|3.000000|1.000000|0.000000|0.000000,4.359913|3.000000|1.000000|0.000000|0.000000,3,80052043776.000000,N/A,2,5
MOGP_GENERATIONAL,db3d9d00-134a-11f1-a924-b751108eed3b,Cooling,74,8,4.625110|3.000000|1.000000|0.000000|0.000000,0.15426230430603027,3.0,4.359913|3.000000|1.000000|0.000000|0.000000,4.625110|3.000000|1.000000|0.000000|0.000000,4.359913|3.000000|1.000000|0.000000|0.000000,3,60383653888.000000,N/A,2,5
MOGP_GENERATIONAL,db3d9d00-134a-11f1-a924-b751108eed3b,Cooling,74,9,4.625110|3.000000|1.000000|0.000000|0.000000,0.16684579849243164,3.0,4.359913|3.000000|1.000000|0.000000|0.000000,4.625110|3.000000|1.000000|0.000000|0.000000,4.359913|3.000000|1.000000|0.000000|0.000000,3,97919827968.000000,N/A,2,5
MOGP_GENERATIONAL,db3d9d00-134a-11f1-a924-b751108eed3b,Cooling,74,10,4.625110|3.000000|1.000000|0.000000|0.000000,0.19190692901611328,3.0,4.359913|3.000000|1.000000|0.000000|0.000000,4.625110|3.000000|1.000000|0.000000|0.000000,4.359913|3.000000|1.000000|0.000000|0.000000,3,94612709376.000000,N/A,2,5
MOGP_GENERATIONAL,db3d9d00-134a-11f1-a924-b751108eed3b,Cooling,74,11,4.625110|3.000000|1.000000|0.000000|0.000000,0.15993809700012207,3.0,4.359913|3.000000|1.000000|0.000000|0.000000,4.625110|3.000000|1.000000|0.000000|0.000000,4.359913|3.000000|1.000000|0.000000|0.000000,3,94083186688.000000,N/A,2,5
MOGP_GENERATIONAL,db3d9d00-134a-11f1-a924-b751108eed3b,Cooling,74,12,4.625110|3.000000|1.000000|0.000000|0.000000,0.14993071556091309,3.0,4.359913|3.000000|1.000000|0.000000|0.000000,4.625110|3.000000|1.000000|0.000000|0.000000,4.359913|3.000000|1.000000|0.000000|0.000000,3,127661989888.000000,N/A,2,5
MOGP_GENERATIONAL,db3d9d00-134a-11f1-a924-b751108eed3b,Cooling,74,13,4.625110|3.000000|1.000000|0.000000|0.000000,0.15078186988830566,3.0,4.359913|3.000000|1.000000|0.000000|0.000000,4.625110|3.000000|1.000000|0.000000|0.000000,4.359913|3.000000|1.000000|0.000000|0.000000,3,112462897152.000000,N/A,2,5
MOGP_GENERATIONAL,db3d9d00-134a-11f1-a924-b751108eed3b,Cooling,74,14,4.625110|3.000000|1.000000|0.000000|0.000000,0.15110540390014648,3.0,4.359913|3.000000|1.000000|0.000000|0.000000,4.625110|3.000000|1.000000|0.000000|0.000000,4.359913|3.000000|1.000000|0.000000|0.000000,3,57867874304.000000,N/A,2,5
MOGP_GENERATIONAL,db3d9d00-134a-11f1-a924-b751108eed3b,Cooling,74,15,4.625110|3.000000|1.000000|0.000000|0.000000,0.15545010566711426,3.0,4.359913|3.000000|1.000000|0.000000|0.000000,4.625110|3.000000|1.000000|0.000000|0.000000,4.359913|3.000000|1.000000|0.000000|0.000000,3,86063964160.000000,N/A,2,5
MOGP_GENERATIONAL,db3d9d00-134a-11f1-a924-b751108eed3b,Cooling,74,16,4.625110|3.000000|1.000000|0.000000|0.000000,0.1497819423675537,3.0,4.359913|3.000000|1.000000|0.000000|0.000000,4.625110|3.000000|1.000000|0.000000|0.000000,4.359913|3.000000|1.000000|0.000000|0.000000,3,66748915712.000000,N/A,2,5
MOGP_GENERATIONAL,db3d9d00-134a-11f1-a924-b751108eed3b,Cooling,74,17,4.625110|3.000000|1.000000|0.000000|0.000000,0.14995527267456055,3.0,4.359913|3.000000|1.000000|0.000000|0.000000,4.625110|3.000000|1.000000|0.000000|0.000000,4.359913|3.000000|1.000000|0.000000|0.000000,3,111102443520.000000,N/A,2,5
MOGP_GENERATIONAL,db3d9d00-134a-11f1-a924-b751108eed3b,Cooling,74,18,4.625110|3.000000|1.000000|0.000000|0.000000,0.1494581699371338,3.0,4.359913|3.000000|1.000000|0.000000|0.000000,4.625110|3.000000|1.000000|0.000000|0.000000,4.359913|3.000000|1.000000|0.000000|0.000000,3,86132563968.000000,N/A,2,5
MOGP_GENERATIONAL,db3d9d00-134a-11f1-a924-b751108eed3b,Cooling,74,19,4.625110|3.000000|1.000000|0.000000|0.000000,0.16637444496154785,3.0,4.359913|3.000000|1.000000|0.000000|0.000000,4.625110|3.000000|1.000000|0.000000|0.000000,4.359913|3.000000|1.000000|0.000000|0.000000,3,93357252608.000000,N/A,2,5
MOGP_GENERATIONAL,db3d9d00-134a-11f1-a924-b751108eed3b,Cooling,74,20,4.625110|3.000000|1.000000|0.000000|0.000000,0.1494133472442627,3.0,4.359913|3.000000|1.000000|0.000000|0.000000,4.625110|3.000000|1.000000|0.000000|0.000000,4.359913|3.000000|1.000000|0.000000|0.000000,3,69137571840.000000,N/A,2,5
MOGP_GENERATIONAL,db3d9d00-134a-11f1-a924-b751108eed3b,Cooling,74,21,4.625110|3.000000|1.000000|0.000000|0.000000,0.14994239807128906,3.0,4.359913|3.000000|1.000000|0.000000|0.000000,4.625110|3.000000|1.000000|0.000000|0.000000,4.359913|3.000000|1.000000|0.000000|0.000000,3,96323092480.000000,N/A,2,5
MOGP_GENERATIONAL,db3d9d00-134a-11f1-a924-b751108eed3b,Cooling,74,22,4.625110|3.000000|1.000000|0.000000|0.000000,0.15009164810180664,3.0,4.359913|3.000000|1.000000|0.000000|0.000000,4.625110|3.000000|1.000000|0.000000|0.000000,4.359913|3.000000|1.000000|0.000000|0.000000,3,92430909440.000000,N/A,2,5
MOGP_GENERATIONAL,db3d9d00-134a-11f1-a924-b751108eed3b,Cooling,74,23,4.625110|3.000000|1.000000|0.000000|0.000000,0.15000033378601074,3.0,4.359913|3.000000|1.000000|0.000000|0.000000,4.625110|3.000000|1.000000|0.000000|0.000000,4.359913|3.000000|1.000000|0.000000|0.000000,3,108273721344.000000,N/A,2,5
MOGP_GENERATIONAL,db3d9d00-134a-11f1-a924-b751108eed3b,Cooling,74,24,4.625110|3.000000|1.000000|0.000000|0.000000,0.149399995803833,3.0,4.359913|3.000000|1.000000|0.000000|0.000000,4.625110|3.000000|1.000000|0.000000|0.000000,4.359913|3.000000|1.000000|0.000000|0.000000,3,89594470400.000000,N/A,2,5
MOGP_GENERATIONAL,db3d9d00-134a-11f1-a924-b751108eed3b,Cooling,74,25,4.625110|3.000000|1.000000|0.000000|0.000000,0.15706324577331543,3.0,4.359913|3.000000|1.000000|0.000000|0.000000,4.625110|3.000000|1.000000|0.000000|0.000000,4.359913|3.000000|1.000000|0.000000|0.000000,3,108283944960.000000,N/A,2,5
MOGP_GENERATIONAL,db3d9d00-134a-11f1-a924-b751108eed3b,Cooling,74,26,4.625110|3.000000|1.000000|0.000000|0.000000,0.14667534828186035,3.0,4.359913|3.000000|1.000000|0.000000|0.000000,4.625110|3.000000|1.000000|0.000000|0.000000,4.359913|3.000000|1.000000|0.000000|0.000000,3,69441372160.000000,N/A,2,5
MOGP_GENERATIONAL,db3d9d00-134a-11f1-a924-b751108eed3b,Cooling,74,27,4.625110|3.000000|1.000000|0.000000|0.000000,0.16634106636047363,3.0,4.359913|3.000000|1.000000|0.000000|0.000000,4.625110|3.000000|1.000000|0.000000|0.000000,4.359913|3.000000|1.000000|0.000000|0.000000,3,37757976576.000000,N/A,2,5
MOGP_GENERATIONAL,db3d9d00-134a-11f1-a924-b751108eed3b,Cooling,74,28,4.625110|3.000000|1.000000|0.000000|0.000000,0.1499776840209961,3.0,4.359913|3.000000|1.000000|0.000000|0.000000,4.625110|3.000000|1.000000|0.000000|0.000000,4.359913|3.000000|1.000000|0.000000|0.000000,3,113852088320.000000,N/A,2,5
MOGP_GENERATIONAL,db3d9d00-134a-11f1-a924-b751108eed3b,Cooling,74,29,4.625110|3.000000|1.000000|0.000000|0.000000,0.15046381950378418,3.0,4.359913|3.000000|1.000000|0.000000|0.000000,4.625110|3.000000|1.000000|0.000000|0.000000,4.359913|3.000000|1.000000|0.000000|0.000000,3,130647760896.000000,N/A,2,5
MOGP_GENERATIONAL,db3d9d00-134a-11f1-a924-b751108eed3b,Cooling,74,30,4.625110|3.000000|1.000000|0.000000|0.000000,0.15001916885375977,3.0,4.359913|3.000000|1.000000|0.000000|0.000000,4.625110|3.000000|1.000000|0.000000|0.000000,4.359913|3.000000|1.000000|0.000000|0.000000,3,35146342400.000000,N/A,2,5
MOGP_GENERATIONAL,db3d9d00-134a-11f1-a924-b751108eed3b,Cooling,74,31,4.625110|3.000000|1.000000|0.000000|0.000000,0.16664838790893555,3.0,4.359913|3.000000|1.000000|0.000000|0.000000,4.625110|3.000000|1.000000|0.000000|0.000000,4.359913|3.000000|1.000000|0.000000|0.000000,3,86325985280.000000,N/A,2,5
MOGP_GENERATIONAL,db3d9d00-134a-11f1-a924-b751108eed3b,Cooling,74,32,4.625110|3.000000|1.000000|0.000000|0.000000,0.14995455741882324,3.0,4.359913|3.000000|1.000000|0.000000|0.000000,4.625110|3.000000|1.000000|0.000000|0.000000,4.359913|3.000000|1.000000|0.000000|0.000000,3,93586767872.000000,N/A,2,5
MOGP_GENERATIONAL,db3d9d00-134a-11f1-a924-b751108eed3b,Cooling,74,33,4.625110|3.000000|1.000000|0.000000|0.000000,0.1512012481689453,3.0,4.359913|3.000000|1.000000|0.000000|0.000000,4.625110|3.000000|1.000000|0.000000|0.000000,4.359913|3.000000|1.000000|0.000000|0.000000,3,130102886400.000000,N/A,2,5
MOGP_GENERATIONAL,db3d9d00-134a-11f1-a924-b751108eed3b,Cooling,74,34,4.625110|3.000000|1.000000|0.000000|0.000000,0.16625380516052246,3.0,4.359913|3.000000|1.000000|0.000000|0.000000,4.625110|3.000000|1.000000|0.000000|0.000000,4.359913|3.000000|1.000000|0.000000|0.000000,3,79888302080.000000,N/A,2,5
MOGP_GENERATIONAL,db3d9d00-134a-11f1-a924-b751108eed3b,Cooling,74,35,4.625110|3.000000|1.000000|0.000000|0.000000,0.1487712860107422,3.0,4.359913|3.000000|1.000000|0.000000|0.000000,4.625110|3.000000|1.000000|0.000000|0.000000,4.359913|3.000000|1.000000|0.000000|0.000000,3,100381507584.000000,N/A,2,5
MOGP_GENERATIONAL,db3d9d00-134a-11f1-a924-b751108eed3b,Cooling,74,36,4.625110|3.000000|1.000000|0.000000|0.000000,0.16798043251037598,3.0,4.359913|3.000000|1.000000|0.000000|0.000000,4.625110|3.000000|1.000000|0.000000|0.000000,4.359913|3.000000|1.000000|0.000000|0.000000,3,101586919424.000000,N/A,2,5
MOGP_GENERATIONAL,db3d9d00-134a-11f1-a924-b751108eed3b,Cooling,74,37,4.625110|3.000000|1.000000|0.000000|0.000000,0.15114998817443848,3.0,4.359913|3.000000|1.000000|0.000000|0.000000,4.625110|3.000000|1.000000|0.000000|0.000000,4.359913|3.000000|1.000000|0.000000|0.000000,3,103266689024.000000,N/A,2,5
MOGP_GENERATIONAL,db3d9d00-134a-11f1-a924-b751108eed3b,Cooling,74,38,4.625110|3.000000|1.000000|0.000000|0.000000,0.14989328384399414,3.0,4.359913|3.000000|1.000000|0.000000|0.000000,4.625110|3.000000|1.000000|0.000000|0.000000,4.359913|3.000000|1.000000|0.000000|0.000000,3,90191470592.000000,N/A,2,5
MOGP_GENERATIONAL,db3d9d00-134a-11f1-a924-b751108eed3b,Cooling,74,39,4.625110|3.000000|1.000000|0.000000|0.000000,0.1500248908996582,3.0,4.359913|3.000000|1.000000|0.000000|0.000000,4.625110|3.000000|1.000000|0.000000|0.000000,4.359913|3.000000|1.000000|0.000000|0.000000,3,111713894400.000000,N/A,2,5
MOGP_GENERATIONAL,db3d9d00-134a-11f1-a924-b751108eed3b,Cooling,74,40,4.625110|3.000000|1.000000|0.000000|0.000000,0.1504671573638916,3.0,4.359913|3.000000|1.000000|0.000000|0.000000,4.625110|3.000000|1.000000|0.000000|0.000000,4.359913|3.000000|1.000000|0.000000|0.000000,3,82613772288.000000,N/A,2,5
MOGP_GENERATIONAL,db3d9d00-134a-11f1-a924-b751108eed3b,Cooling,74,41,4.625110|3.000000|1.000000|0.000000|0.000000,0.14982032775878906,3.0,4.359913|3.000000|1.000000|0.000000|0.000000,4.625110|3.000000|1.000000|0.000000|0.000000,4.359913|3.000000|1.000000|0.000000|0.000000,3,68682510336.000000,N/A,2,5
MOGP_GENERATIONAL,db3d9d00-134a-11f1-a924-b751108eed3b,Cooling,74,42,4.625110|3.000000|1.000000|0.000000|0.000000,0.15009760856628418,3.0,4.359913|3.000000|1.000000|0.000000|0.000000,4.625110|3.000000|1.000000|0.000000|0.000000,4.359913|3.000000|1.000000|0.000000|0.000000,3,82783805440.000000,N/A,2,5
MOGP_GENERATIONAL,db3d9d00-134a-11f1-a924-b751108eed3b,Cooling,74,43,4.625110|3.000000|1.000000|0.000000|0.000000,0.14992022514343262,3.0,4.359913|3.000000|1.000000|0.000000|0.000000,4.625110|3.000000|1.000000|0.000000|0.000000,4.359913|3.000000|1.000000|0.000000|0.000000,3,103025999872.000000,N/A,2,5
MOGP_GENERATIONAL,db3d9d00-134a-11f1-a924-b751108eed3b,Cooling,74,44,4.625110|3.000000|1.000000|0.000000|0.000000,0.1499330997467041,3.0,4.359913|3.000000|1.000000|0.000000|0.000000,4.625110|3.000000|1.000000|0.000000|0.000000,4.359913|3.000000|1.000000|0.000000|0.000000,3,136189214720.000000,N/A,2,5
MOGP_GENERATIONAL,db3d9d00-134a-11f1-a924-b751108eed3b,Cooling,74,45,4.625110|3.000000|1.000000|0.000000|0.000000,0.15695881843566895,3.0,4.359913|3.000000|1.000000|0.000000|0.000000,4.625110|3.000000|1.000000|0.000000|0.000000,4.359913|3.000000|1.000000|0.000000|0.000000,3,129145659392.000000,N/A,2,5
MOGP_GENERATIONAL,db3d9d00-134a-11f1-a924-b751108eed3b,Cooling,74,46,4.625110|3.000000|1.000000|0.000000|0.000000,0.1500566005706787,3.0,4.359913|3.000000|1.000000|0.000000|0.000000,4.625110|3.000000|1.000000|0.000000|0.000000,4.359913|3.000000|1.000000|0.000000|0.000000,3,69441658880.000000,N/A,2,5
MOGP_GENERATIONAL,db3d9d00-134a-11f1-a924-b751108eed3b,Cooling,74,47,4.625110|3.000000|1.000000|0.000000|0.000000,0.1434001922607422,3.0,4.359913|3.000000|1.000000|0.000000|0.000000,4.625110|3.000000|1.000000|0.000000|0.000000,4.359913|3.000000|1.000000|0.000000|0.000000,3,82584502272.000000,N/A,2,5
MOGP_GENERATIONAL,db3d9d00-134a-11f1-a924-b751108eed3b,Cooling,74,48,4.625110|3.000000|1.000000|0.000000|0.000000,0.15003442764282227,3.0,4.359913|3.000000|1.000000|0.000000|0.000000,4.625110|3.000000|1.000000|0.000000|0.000000,4.359913|3.000000|1.000000|0.000000|0.000000,3,65952436224.000000,N/A,2,5
MOGP_GENERATIONAL,db3d9d00-134a-11f1-a924-b751108eed3b,Cooling,74,49,4.625110|3.000000|1.000000|0.000000|0.000000,0.1505727767944336,3.0,4.359913|3.000000|1.000000|0.000000|0.000000,4.625110|3.000000|1.000000|0.000000|0.000000,4.359913|3.000000|1.000000|0.000000|0.000000,3,91449229312.000000,N/A,2,5
MOGP_GENERATIONAL,db3d9d00-134a-11f1-a924-b751108eed3b,Cooling,74,50,4.625110|3.000000|1.000000|0.000000|0.000000,0.15090250968933105,3.0,4.359913|3.000000|1.000000|0.000000|0.000000,4.625110|3.000000|1.000000|0.000000|0.000000,4.359913|3.000000|1.000000|0.000000|0.000000,3,135082901504.000000,N/A,2,5
MOGP_GENERATIONAL,db3d9d00-134a-11f1-a924-b751108eed3b,Cooling,74,51,4.625110|3.000000|1.000000|0.000000|0.000000,0.14992880821228027,3.0,4.359913|3.000000|1.000000|0.000000|0.000000,4.625110|3.000000|1.000000|0.000000|0.000000,4.359913|3.000000|1.000000|0.000000|0.000000,3,44711047168.000000,N/A,2,5
MOGP_GENERATIONAL,db3d9d00-134a-11f1-a924-b751108eed3b,Cooling,74,52,4.625110|3.000000|1.000000|0.000000|0.000000,0.14997076988220215,3.0,4.359913|3.000000|1.000000|0.000000|0.000000,4.625110|3.000000|1.000000|0.000000|0.000000,4.359913|3.000000|1.000000|0.000000|0.000000,3,111102410752.000000,N/A,2,5
MOGP_GENERATIONAL,db3d9d00-134a-11f1-a924-b751108eed3b,Cooling,74,53,4.625110|3.000000|1.000000|0.000000|0.000000,0.14981865882873535,3.0,4.359913|3.000000|1.000000|0.000000|0.000000,4.625110|3.000000|1.000000|0.000000|0.000000,4.359913|3.000000|1.000000|0.000000|0.000000,3,90589061120.000000,N/A,2,5
MOGP_GENERATIONAL,db3d9d00-134a-11f1-a924-b751108eed3b,Cooling,74,54,4.625110|3.000000|1.000000|0.000000|0.000000,0.16687774658203125,3.0,4.359913|3.000000|1.000000|0.000000|0.000000,4.625110|3.000000|1.000000|0.000000|0.000000,4.359913|3.000000|1.000000|0.000000|0.000000,3,95686983680.000000,N/A,2,5
MOGP_GENERATIONAL,db3d9d00-134a-11f1-a924-b751108eed3b,Cooling,74,55,4.625110|3.000000|1.000000|0.000000|0.000000,0.15119338035583496,3.0,4.359913|3.000000|1.000000|0.000000|0.000000,4.625110|3.000000|1.000000|0.000000|0.000000,4.359913|3.000000|1.000000|0.000000|0.000000,3,141591068672.000000,N/A,2,5
MOGP_GENERATIONAL,db3d9d00-134a-11f1-a924-b751108eed3b,Cooling,74,56,4.625110|3.000000|1.000000|0.000000|0.000000,0.1511218547821045,3.0,4.359913|3.000000|1.000000|0.000000|0.000000,4.625110|3.000000|1.000000|0.000000|0.000000,4.359913|3.000000|1.000000|0.000000|0.000000,3,70533406720.000000,N/A,2,5
MOGP_GENERATIONAL,db3d9d00-134a-11f1-a924-b751108eed3b,Cooling,74,57,4.625110|3.000000|1.000000|0.000000|0.000000,0.15000271797180176,3.0,4.359913|3.000000|1.000000|0.000000|0.000000,4.625110|3.000000|1.000000|0.000000|0.000000,4.359913|3.000000|1.000000|0.000000|0.000000,3,72622063616.000000,N/A,2,5
MOGP_GENERATIONAL,db3d9d00-134a-11f1-a924-b751108eed3b,Cooling,74,58,4.625110|3.000000|1.000000|0.000000|0.000000,0.15379977226257324,3.0,4.359913|3.000000|1.000000|0.000000|0.000000,4.625110|3.000000|1.000000|0.000000|0.000000,4.359913|3.000000|1.000000|0.000000|0.000000,3,85388951552.000000,N/A,2,5
MOGP_GENERATIONAL,db3d9d00-134a-11f1-a924-b751108eed3b,Cooling,74,59,4.625110|3.000000|1.000000|0.000000|0.000000,0.14940500259399414,3.0,4.359913|3.000000|1.000000|0.000000|0.000000,4.625110|3.000000|1.000000|0.000000|0.000000,4.359913|3.000000|1.000000|0.000000|0.000000,3,49937469440.000000,N/A,2,5
MOGP_GENERATIONAL,db3d9d00-134a-11f1-a924-b751108eed3b,Cooling,74,60,4.625110|3.000000|1.000000|0.000000|0.000000,0.15003228187561035,3.0,4.359913|3.000000|1.000000|0.000000|0.000000,4.625110|3.000000|1.000000|0.000000|0.000000,4.359913|3.000000|1.000000|0.000000|0.000000,3,83467845632.000000,N/A,2,5
MOGP_GENERATIONAL,db3d9d00-134a-11f1-a924-b751108eed3b,Cooling,74,61,4.625110|3.000000|1.000000|0.000000|0.000000,0.14954662322998047,3.0,4.359913|3.000000|1.000000|0.000000|0.000000,4.625110|3.000000|1.000000|0.000000|0.000000,4.359913|3.000000|1.000000|0.000000|0.000000,3,70533677056.000000,N/A,2,5
MOGP_GENERATIONAL,db3d9d00-134a-11f1-a924-b751108eed3b,Cooling,74,62,4.625110|3.000000|1.000000|0.000000|0.000000,0.1497664451599121,3.0,4.359913|3.000000|1.000000|0.000000|0.000000,4.625110|3.000000|1.000000|0.000000|0.000000,4.359913|3.000000|1.000000|0.000000|0.000000,3,71571759104.000000,N/A,2,5
MOGP_GENERATIONAL,db3d9d00-134a-11f1-a924-b751108eed3b,Cooling,74,63,4.625110|3.000000|1.000000|0.000000|0.000000,0.1499333381652832,3.0,4.359913|3.000000|1.000000|0.000000|0.000000,4.625110|3.000000|1.000000|0.000000|0.000000,4.359913|3.000000|1.000000|0.000000|0.000000,3,49937461248.000000,N/A,2,5
MOGP_GENERATIONAL,db3d9d00-134a-11f1-a924-b751108eed3b,Cooling,74,64,4.625110|3.000000|1.000000|0.000000|0.000000,0.1511068344116211,3.0,4.359913|3.000000|1.000000|0.000000|0.000000,4.625110|3.000000|1.000000|0.000000|0.000000,4.359913|3.000000|1.000000|0.000000|0.000000,3,111114313728.000000,N/A,2,5
MOGP_GENERATIONAL,db3d9d00-134a-11f1-a924-b751108eed3b,Cooling,74,65,4.625110|3.000000|1.000000|0.000000|0.000000,0.1638936996459961,3.0,4.359913|3.000000|1.000000|0.000000|0.000000,4.625110|3.000000|1.000000|0.000000|0.000000,4.359913|3.000000|1.000000|0.000000|0.000000,3,78717214720.000000,N/A,2,5
MOGP_GENERATIONAL,db3d9d00-134a-11f1-a924-b751108eed3b,Cooling,74,66,4.625110|3.000000|1.000000|0.000000|0.000000,0.14993953704833984,3.0,4.359913|3.000000|1.000000|0.000000|0.000000,4.625110|3.000000|1.000000|0.000000|0.000000,4.359913|3.000000|1.000000|0.000000|0.000000,3,94026498048.000000,N/A,2,5
MOGP_GENERATIONAL,db3d9d00-134a-11f1-a924-b751108eed3b,Cooling,74,67,4.625110|3.000000|1.000000|0.000000|0.000000,0.2841835021972656,3.0,4.359913|3.000000|1.000000|0.000000|0.000000,4.625110|3.000000|1.000000|0.000000|0.000000,4.359913|3.000000|1.000000|0.000000|0.000000,3,85953347584.000000,N/A,2,5
MOGP_GENERATIONAL,db3d9d00-134a-11f1-a924-b751108eed3b,Cooling,74,68,4.625110|3.000000|1.000000|0.000000|0.000000,0.16420245170593262,3.0,4.359913|3.000000|1.000000|0.000000|0.000000,4.625110|3.000000|1.000000|0.000000|0.000000,4.359913|3.000000|1.000000|0.000000|0.000000,3,102499082240.000000,N/A,2,5
MOGP_GENERATIONAL,db3d9d00-134a-11f1-a924-b751108eed3b,Cooling,74,69,4.625110|3.000000|1.000000|0.000000|0.000000,0.15130329132080078,3.0,4.359913|3.000000|1.000000|0.000000|0.000000,4.625110|3.000000|1.000000|0.000000|0.000000,4.359913|3.000000|1.000000|0.000000|0.000000,3,115156983808.000000,N/A,2,5
MOGP_GENERATIONAL,db3d9d00-134a-11f1-a924-b751108eed3b,Cooling,74,70,4.625110|3.000000|1.000000|0.000000|0.000000,0.16689276695251465,3.0,4.359913|3.000000|1.000000|0.000000|0.000000,4.625110|3.000000|1.000000|0.000000|0.000000,4.359913|3.000000|1.000000|0.000000|0.000000,3,114466127872.000000,N/A,2,5
MOGP_GENERATIONAL,db3d9d00-134a-11f1-a924-b751108eed3b,Cooling,74,71,4.625110|3.000000|1.000000|0.000000|0.000000,0.16634440422058105,3.0,4.359913|3.000000|1.000000|0.000000|0.000000,4.625110|3.000000|1.000000|0.000000|0.000000,4.359913|3.000000|1.000000|0.000000|0.000000,3,48378740736.000000,N/A,2,5
MOGP_GENERATIONAL,db3d9d00-134a-11f1-a924-b751108eed3b,Cooling,74,72,4.625110|3.000000|1.000000|0.000000|0.000000,0.14985227584838867,3.0,4.359913|3.000000|1.000000|0.000000|0.000000,4.625110|3.000000|1.000000|0.000000|0.000000,4.359913|3.000000|1.000000|0.000000|0.000000,3,126564966400.000000,N/A,2,5
MOGP_GENERATIONAL,db3d9d00-134a-11f1-a924-b751108eed3b,Cooling,74,73,4.625110|3.000000|1.000000|0.000000|0.000000,0.16649699211120605,3.0,4.359913|3.000000|1.000000|0.000000|0.000000,4.625110|3.000000|1.000000|0.000000|0.000000,4.359913|3.000000|1.000000|0.000000|0.000000,3,86277185536.000000,N/A,2,5
MOGP_GENERATIONAL,db3d9d00-134a-11f1-a924-b751108eed3b,Cooling,74,74,4.625110|3.000000|1.000000|0.000000|0.000000,0.16375112533569336,3.0,4.359913|3.000000|1.000000|0.000000|0.000000,4.625110|3.000000|1.000000|0.000000|0.000000,4.359913|3.000000|1.000000|0.000000|0.000000,3,121510789120.000000,N/A,2,5
MOGP_GENERATIONAL,db3d9d00-134a-11f1-a924-b751108eed3b,Cooling,74,75,4.625110|3.000000|1.000000|0.000000|0.000000,0.14781618118286133,3.0,4.359913|3.000000|1.000000|0.000000|0.000000,4.625110|3.000000|1.000000|0.000000|0.000000,4.359913|3.000000|1.000000|0.000000|0.000000,3,85878185984.000000,N/A,2,5
MOGP_GENERATIONAL,db3d9d00-134a-11f1-a924-b751108eed3b,Cooling,74,76,4.625110|3.000000|1.000000|0.000000|0.000000,0.1486659049987793,3.0,4.359913|3.000000|1.000000|0.000000|0.000000,4.625110|3.000000|1.000000|0.000000|0.000000,4.359913|3.000000|1.000000|0.000000|0.000000,3,99498762240.000000,N/A,2,5
MOGP_GENERATIONAL,db3d9d00-134a-11f1-a924-b751108eed3b,Cooling,74,77,4.625110|3.000000|1.000000|0.000000|0.000000,0.14680957794189453,3.0,4.359913|3.000000|1.000000|0.000000|0.000000,4.625110|3.000000|1.000000|0.000000|0.000000,4.359913|3.000000|1.000000|0.000000|0.000000,3,111102394368.000000,N/A,2,5
MOGP_GENERATIONAL,db3d9d00-134a-11f1-a924-b751108eed3b,Cooling,74,78,4.625110|3.000000|1.000000|0.000000|0.000000,0.1498117446899414,3.0,4.359913|3.000000|1.000000|0.000000|0.000000,4.625110|3.000000|1.000000|0.000000|0.000000,4.359913|3.000000|1.000000|0.000000|0.000000,3,49939951616.000000,N/A,2,5
MOGP_GENERATIONAL,db3d9d00-134a-11f1-a924-b751108eed3b,Cooling,74,79,4.625110|3.000000|1.000000|0.000000|0.000000,0.14845967292785645,3.0,4.359913|3.000000|1.000000|0.000000|0.000000,4.625110|3.000000|1.000000|0.000000|0.000000,4.359913|3.000000|1.000000|0.000000|0.000000,3,104298766336.000000,N/A,2,5
MOGP_GENERATIONAL,db3d9d00-134a-11f1-a924-b751108eed3b,Cooling,74,80,4.625110|3.000000|1.000000|0.000000|0.000000,0.1496598720550537,3.0,4.359913|3.000000|1.000000|0.000000|0.000000,4.625110|3.000000|1.000000|0.000000|0.000000,4.359913|3.000000|1.000000|0.000000|0.000000,3,99498614784.000000,N/A,2,5
MOGP_GENERATIONAL,db3d9d00-134a-11f1-a924-b751108eed3b,Cooling,74,81,4.625110|3.000000|1.000000|0.000000|0.000000,0.14862704277038574,3.0,4.359913|3.000000|1.000000|0.000000|0.000000,4.625110|3.000000|1.000000|0.000000|0.000000,4.359913|3.000000|1.000000|0.000000|0.000000,3,84266516480.000000,N/A,2,5
MOGP_GENERATIONAL,db3d9d00-134a-11f1-a924-b751108eed3b,Cooling,74,82,4.625110|3.000000|1.000000|0.000000|0.000000,0.15120434761047363,3.0,4.359913|3.000000|1.000000|0.000000|0.000000,4.625110|3.000000|1.000000|0.000000|0.000000,4.359913|3.000000|1.000000|0.000000|0.000000,3,86278602752.000000,N/A,2,5
MOGP_GENERATIONAL,db3d9d00-134a-11f1-a924-b751108eed3b,Cooling,74,83,4.625110|3.000000|1.000000|0.000000|0.000000,0.15928053855895996,3.0,4.359913|3.000000|1.000000|0.000000|0.000000,4.625110|3.000000|1.000000|0.000000|0.000000,4.359913|3.000000|1.000000|0.000000|0.000000,3,99441442816.000000,N/A,2,5
MOGP_GENERATIONAL,db3d9d00-134a-11f1-a924-b751108eed3b,Cooling,74,84,4.625110|3.000000|1.000000|0.000000|0.000000,0.1600356101989746,3.0,4.359913|3.000000|1.000000|0.000000|0.000000,4.625110|3.000000|1.000000|0.000000|0.000000,4.359913|3.000000|1.000000|0.000000|0.000000,3,101207826432.000000,N/A,2,5
MOGP_GENERATIONAL,db3d9d00-134a-11f1-a924-b751108eed3b,Cooling,74,85,4.625110|3.000000|1.000000|0.000000|0.000000,0.1502537727355957,3.0,4.359913|3.000000|1.000000|0.000000|0.000000,4.625110|3.000000|1.000000|0.000000|0.000000,4.359913|3.000000|1.000000|0.000000|0.000000,3,99498303488.000000,N/A,2,5
MOGP_GENERATIONAL,db3d9d00-134a-11f1-a924-b751108eed3b,Cooling,74,86,4.625110|3.000000|1.000000|0.000000|0.000000,0.16582703590393066,3.0,4.359913|3.000000|1.000000|0.000000|0.000000,4.625110|3.000000|1.000000|0.000000|0.000000,4.359913|3.000000|1.000000|0.000000|0.000000,3,125394927616.000000,N/A,2,5
MOGP_GENERATIONAL,db3d9d00-134a-11f1-a924-b751108eed3b,Cooling,74,87,4.625110|3.000000|1.000000|0.000000|0.000000,0.16643285751342773,3.0,4.359913|3.000000|1.000000|0.000000|0.000000,4.625110|3.000000|1.000000|0.000000|0.000000,4.359913|3.000000|1.000000|0.000000|0.000000,3,86277177344.000000,N/A,2,5
MOGP_GENERATIONAL,db3d9d00-134a-11f1-a924-b751108eed3b,Cooling,74,88,4.625110|3.000000|1.000000|0.000000|0.000000,0.15481352806091309,3.0,4.359913|3.000000|1.000000|0.000000|0.000000,4.625110|3.000000|1.000000|0.000000|0.000000,4.359913|3.000000|1.000000|0.000000|0.000000,3,118216048640.000000,N/A,2,5
MOGP_GENERATIONAL,db3d9d00-134a-11f1-a924-b751108eed3b,Cooling,74,89,4.625110|3.000000|1.000000|0.000000|0.000000,0.15235209465026855,3.0,4.359913|3.000000|1.000000|0.000000|0.000000,4.625110|3.000000|1.000000|0.000000|0.000000,4.359913|3.000000|1.000000|0.000000|0.000000,3,94026211328.000000,N/A,2,5
MOGP_GENERATIONAL,db3d9d00-134a-11f1-a924-b751108eed3b,Cooling,74,90,4.625110|3.000000|1.000000|0.000000|0.000000,0.15007567405700684,3.0,4.359913|3.000000|1.000000|0.000000|0.000000,4.625110|3.000000|1.000000|0.000000|0.000000,4.359913|3.000000|1.000000|0.000000|0.000000,3,81422270464.000000,N/A,2,5
MOGP_GENERATIONAL,db3d9d00-134a-11f1-a924-b751108eed3b,Cooling,74,91,4.625110|3.000000|1.000000|0.000000|0.000000,0.15363621711730957,3.0,4.359913|3.000000|1.000000|0.000000|0.000000,4.625110|3.000000|1.000000|0.000000|0.000000,4.359913|3.000000|1.000000|0.000000|0.000000,3,71624228864.000000,N/A,2,5
MOGP_GENERATIONAL,db3d9d00-134a-11f1-a924-b751108eed3b,Cooling,74,92,4.625110|3.000000|1.000000|0.000000|0.000000,0.17009472846984863,3.0,4.359913|3.000000|1.000000|0.000000|0.000000,4.625110|3.000000|1.000000|0.000000|0.000000,4.359913|3.000000|1.000000|0.000000|0.000000,3,71409393664.000000,N/A,2,5
MOGP_GENERATIONAL,db3d9d00-134a-11f1-a924-b751108eed3b,Cooling,74,93,4.625110|3.000000|1.000000|0.000000|0.000000,0.16539859771728516,3.0,4.359913|3.000000|1.000000|0.000000|0.000000,4.625110|3.000000|1.000000|0.000000|0.000000,4.359913|3.000000|1.000000|0.000000|0.000000,3,118070648832.000000,N/A,2,5
MOGP_GENERATIONAL,db3d9d00-134a-11f1-a924-b751108eed3b,Cooling,74,94,4.625110|3.000000|1.000000|0.000000|0.000000,0.16488432884216309,3.0,4.359913|3.000000|1.000000|0.000000|0.000000,4.625110|3.000000|1.000000|0.000000|0.000000,4.359913|3.000000|1.000000|0.000000|0.000000,3,122815520768.000000,N/A,2,5
MOGP_GENERATIONAL,db3d9d00-134a-11f1-a924-b751108eed3b,Cooling,74,95,4.625110|3.000000|1.000000|0.000000|0.000000,0.14873600006103516,3.0,4.359913|3.000000|1.000000|0.000000|0.000000,4.625110|3.000000|1.000000|0.000000|0.000000,4.359913|3.000000|1.000000|0.000000|0.000000,3,95877029888.000000,N/A,2,5
MOGP_GENERATIONAL,db3d9d00-134a-11f1-a924-b751108eed3b,Cooling,74,96,4.625110|3.000000|1.000000|0.000000|0.000000,0.19607853889465332,3.0,4.359913|3.000000|1.000000|0.000000|0.000000,4.625110|3.000000|1.000000|0.000000|0.000000,4.359913|3.000000|1.000000|0.000000|0.000000,3,73758801920.000000,N/A,2,5
MOGP_GENERATIONAL,db3d9d00-134a-11f1-a924-b751108eed3b,Cooling,74,97,4.625110|3.000000|1.000000|0.000000|0.000000,0.16671228408813477,3.0,4.359913|3.000000|1.000000|0.000000|0.000000,4.625110|3.000000|1.000000|0.000000|0.000000,4.359913|3.000000|1.000000|0.000000|0.000000,3,128536707072.000000,N/A,2,5
MOGP_GENERATIONAL,db3d9d00-134a-11f1-a924-b751108eed3b,Cooling,74,98,4.625110|3.000000|1.000000|0.000000|0.000000,0.16319942474365234,3.0,4.359913|3.000000|1.000000|0.000000|0.000000,4.625110|3.000000|1.000000|0.000000|0.000000,4.359913|3.000000|1.000000|0.000000|0.000000,3,146141265920.000000,N/A,2,5
MOGP_GENERATIONAL,db3d9d00-134a-11f1-a924-b751108eed3b,Cooling,74,99,4.625110|3.000000|1.000000|0.000000|0.000000,0.15006780624389648,3.0,4.359913|3.000000|1.000000|0.000000|0.000000,4.625110|3.000000|1.000000|0.000000|0.000000,4.359913|3.000000|1.000000|0.000000|0.000000,3,55902171136.000000,N/A,2,5
MOGP_GENERATIONAL,db3d9d00-134a-11f1-a924-b751108eed3b,Cooling,74,100,4.625110|3.000000|1.000000|0.000000|0.000000,0.1474449634552002,3.0,4.359913|3.000000|1.000000|0.000000|0.000000,4.625110|3.000000|1.000000|0.000000|0.000000,4.359913|3.000000|1.000000|0.000000|0.000000,3,108275449856.000000,N/A,2,5
MOGP_GENERATIONAL,db3d9d00-134a-11f1-a924-b751108eed3b,Cooling,74,101,4.625110|3.000000|1.000000|0.000000|0.000000,0.15309476852416992,3.0,4.359913|3.000000|1.000000|0.000000|0.000000,4.625110|3.000000|1.000000|0.000000|0.000000,4.359913|3.000000|1.000000|0.000000|0.000000,3,70537052160.000000,N/A,2,5
MOGP_GENERATIONAL,db3d9d00-134a-11f1-a924-b751108eed3b,Cooling,74,102,4.625110|3.000000|1.000000|0.000000|0.000000,0.15410232543945312,3.0,4.359913|3.000000|1.000000|0.000000|0.000000,4.625110|3.000000|1.000000|0.000000|0.000000,4.359913|3.000000|1.000000|0.000000|0.000000,3,100114784256.000000,N/A,2,5
MOGP_GENERATIONAL,db3d9d00-134a-11f1-a924-b751108eed3b,Cooling,74,103,4.625110|3.000000|1.000000|0.000000|0.000000,0.1485586166381836,3.0,4.359913|3.000000|1.000000|0.000000|0.000000,4.625110|3.000000|1.000000|0.000000|0.000000,4.359913|3.000000|1.000000|0.000000|0.000000,3,38968991744.000000,N/A,2,5
MOGP_GENERATIONAL,db3d9d00-134a-11f1-a924-b751108eed3b,Cooling,74,104,4.625110|3.000000|1.000000|0.000000|0.000000,0.16639471054077148,3.0,4.359913|3.000000|1.000000|0.000000|0.000000,4.625110|3.000000|1.000000|0.000000|0.000000,4.359913|3.000000|1.000000|0.000000|0.000000,3,71770357760.000000,N/A,2,5
MOGP_GENERATIONAL,db3d9d00-134a-11f1-a924-b751108eed3b,Cooling,74,105,4.625110|3.000000|1.000000|0.000000|0.000000,0.14817309379577637,3.0,4.359913|3.000000|1.000000|0.000000|0.000000,4.625110|3.000000|1.000000|0.000000|0.000000,4.359913|3.000000|1.000000|0.000000|0.000000,3,51500736512.000000,N/A,2,5
MOGP_GENERATIONAL,db3d9d00-134a-11f1-a924-b751108eed3b,Cooling,74,106,4.625110|3.000000|1.000000|0.000000|0.000000,0.1630854606628418,3.0,4.359913|3.000000|1.000000|0.000000|0.000000,4.625110|3.000000|1.000000|0.000000|0.000000,4.359913|3.000000|1.000000|0.000000|0.000000,3,78756716544.000000,N/A,2,5
MOGP_GENERATIONAL,db3d9d00-134a-11f1-a924-b751108eed3b,Cooling,74,107,4.625110|3.000000|1.000000|0.000000|0.000000,0.1573483943939209,3.0,4.359913|3.000000|1.000000|0.000000|0.000000,4.625110|3.000000|1.000000|0.000000|0.000000,4.359913|3.000000|1.000000|0.000000|0.000000,3,70533390336.000000,N/A,2,5
MOGP_GENERATIONAL,db3d9d00-134a-11f1-a924-b751108eed3b,Cooling,74,108,4.625110|3.000000|1.000000|0.000000|0.000000,0.14996051788330078,3.0,4.359913|3.000000|1.000000|0.000000|0.000000,4.625110|3.000000|1.000000|0.000000|0.000000,4.359913|3.000000|1.000000|0.000000|0.000000,3,84667367424.000000,N/A,2,5
MOGP_GENERATIONAL,db3d9d00-134a-11f1-a924-b751108eed3b,Cooling,74,109,4.625110|3.000000|1.000000|0.000000|0.000000,0.15123200416564941,3.0,4.359913|3.000000|1.000000|0.000000|0.000000,4.625110|3.000000|1.000000|0.000000|0.000000,4.359913|3.000000|1.000000|0.000000|0.000000,3,89944489984.000000,N/A,2,5
MOGP_GENERATIONAL,db3d9d00-134a-11f1-a924-b751108eed3b,Cooling,74,110,4.625110|3.000000|1.000000|0.000000|0.000000,0.15009474754333496,3.0,4.359913|3.000000|1.000000|0.000000|0.000000,4.625110|3.000000|1.000000|0.000000|0.000000,4.359913|3.000000|1.000000|0.000000|0.000000,3,102195585024.000000,N/A,2,5
MOGP_GENERATIONAL,db3d9d00-134a-11f1-a924-b751108eed3b,Cooling,74,111,4.625110|3.000000|1.000000|0.000000|0.000000,0.1645214557647705,3.0,4.359913|3.000000|1.000000|0.000000|0.000000,4.625110|3.000000|1.000000|0.000000|0.000000,4.359913|3.000000|1.000000|0.000000|0.000000,3,57720483840.000000,N/A,2,5
MOGP_GENERATIONAL,db3d9d00-134a-11f1-a924-b751108eed3b,Cooling,74,112,4.625110|3.000000|1.000000|0.000000|0.000000,0.14992380142211914,3.0,4.359913|3.000000|1.000000|0.000000|0.000000,4.625110|3.000000|1.000000|0.000000|0.000000,4.359913|3.000000|1.000000|0.000000|0.000000,3,106700374016.000000,N/A,2,5
MOGP_GENERATIONAL,db3d9d00-134a-11f1-a924-b751108eed3b,Cooling,74,113,4.625110|3.000000|1.000000|0.000000|0.000000,0.13549184799194336,3.0,4.359913|3.000000|1.000000|0.000000|0.000000,4.625110|3.000000|1.000000|0.000000|0.000000,4.359913|3.000000|1.000000|0.000000|0.000000,3,101728608256.000000,N/A,2,5
MOGP_GENERATIONAL,db3d9d00-134a-11f1-a924-b751108eed3b,Cooling,74,114,4.625110|3.000000|1.000000|0.000000|0.000000,0.1570899486541748,3.0,4.359913|3.000000|1.000000|0.000000|0.000000,4.625110|3.000000|1.000000|0.000000|0.000000,4.359913|3.000000|1.000000|0.000000|0.000000,3,71586234368.000000,N/A,2,5
MOGP_GENERATIONAL,db3d9d00-134a-11f1-a924-b751108eed3b,Cooling,74,115,4.625110|3.000000|1.000000|0.000000|0.000000,0.14994382858276367,3.0,4.359913|3.000000|1.000000|0.000000|0.000000,4.625110|3.000000|1.000000|0.000000|0.000000,4.359913|3.000000|1.000000|0.000000|0.000000,3,49937084416.000000,N/A,2,5
MOGP_GENERATIONAL,db3d9d00-134a-11f1-a924-b751108eed3b,Cooling,74,116,4.625110|3.000000|1.000000|0.000000|0.000000,0.14995288848876953,3.0,4.359913|3.000000|1.000000|0.000000|0.000000,4.625110|3.000000|1.000000|0.000000|0.000000,4.359913|3.000000|1.000000|0.000000|0.000000,3,100700291072.000000,N/A,2,5
MOGP_GENERATIONAL,db3d9d00-134a-11f1-a924-b751108eed3b,Cooling,74,117,4.625110|3.000000|1.000000|0.000000|0.000000,0.15038013458251953,3.0,4.359913|3.000000|1.000000|0.000000|0.000000,4.625110|3.000000|1.000000|0.000000|0.000000,4.359913|3.000000|1.000000|0.000000|0.000000,3,132664819712.000000,N/A,2,5
MOGP_GENERATIONAL,db3d9d00-134a-11f1-a924-b751108eed3b,Cooling,74,118,4.625110|3.000000|1.000000|0.000000|0.000000,0.15002870559692383,3.0,4.359913|3.000000|1.000000|0.000000|0.000000,4.625110|3.000000|1.000000|0.000000|0.000000,4.359913|3.000000|1.000000|0.000000|0.000000,3,70533349376.000000,N/A,2,5
MOGP_GENERATIONAL,db3d9d00-134a-11f1-a924-b751108eed3b,Cooling,74,119,4.625110|3.000000|1.000000|0.000000|0.000000,0.16441679000854492,3.0,4.359913|3.000000|1.000000|0.000000|0.000000,4.625110|3.000000|1.000000|0.000000|0.000000,4.359913|3.000000|1.000000|0.000000|0.000000,3,85388386304.000000,N/A,2,5
MOGP_GENERATIONAL,db3d9d00-134a-11f1-a924-b751108eed3b,Cooling,74,120,4.625110|3.000000|1.000000|0.000000|0.000000,0.16327667236328125,3.0,4.359913|3.000000|1.000000|0.000000|0.000000,4.625110|3.000000|1.000000|0.000000|0.000000,4.359913|3.000000|1.000000|0.000000|0.000000,3,96966713344.000000,N/A,2,5
MOGP_GENERATIONAL,db3d9d00-134a-11f1-a924-b751108eed3b,Cooling,74,121,4.625110|3.000000|1.000000|0.000000|0.000000,0.14811491966247559,3.0,4.359913|3.000000|1.000000|0.000000|0.000000,4.625110|3.000000|1.000000|0.000000|0.000000,4.359913|3.000000|1.000000|0.000000|0.000000,3,65952342016.000000,N/A,2,5
MOGP_GENERATIONAL,db3d9d00-134a-11f1-a924-b751108eed3b,Cooling,74,122,4.625110|3.000000|1.000000|0.000000|0.000000,0.1500532627105713,3.0,4.359913|3.000000|1.000000|0.000000|0.000000,4.625110|3.000000|1.000000|0.000000|0.000000,4.359913|3.000000|1.000000|0.000000|0.000000,3,99950190592.000000,N/A,2,5
MOGP_GENERATIONAL,db3d9d00-134a-11f1-a924-b751108eed3b,Cooling,74,123,4.625110|3.000000|1.000000|0.000000|0.000000,0.14846396446228027,3.0,4.359913|3.000000|1.000000|0.000000|0.000000,4.625110|3.000000|1.000000|0.000000|0.000000,4.359913|3.000000|1.000000|0.000000|0.000000,3,96876437504.000000,N/A,2,5
MOGP_GENERATIONAL,db3d9d00-134a-11f1-a924-b751108eed3b,Cooling,74,124,4.625110|3.000000|1.000000|0.000000|0.000000,0.16546082496643066,3.0,4.359913|3.000000|1.000000|0.000000|0.000000,4.625110|3.000000|1.000000|0.000000|0.000000,4.359913|3.000000|1.000000|0.000000|0.000000,3,120150327296.000000,N/A,2,5
MOGP_GENERATIONAL,db3d9d00-134a-11f1-a924-b751108eed3b,Cooling,74,125,4.625110|3.000000|1.000000|0.000000|0.000000,0.14990735054016113,3.0,4.359913|3.000000|1.000000|0.000000|0.000000,4.625110|3.000000|1.000000|0.000000|0.000000,4.359913|3.000000|1.000000|0.000000|0.000000,3,56874496000.000000,N/A,2,5
MOGP_GENERATIONAL,db3d9d00-134a-11f1-a924-b751108eed3b,Cooling,74,126,4.625110|3.000000|1.000000|0.000000|0.000000,0.14790081977844238,3.0,4.359913|3.000000|1.000000|0.000000|0.000000,4.625110|3.000000|1.000000|0.000000|0.000000,4.359913|3.000000|1.000000|0.000000|0.000000,3,143059173376.000000,N/A,2,5
MOGP_GENERATIONAL,db3d9d00-134a-11f1-a924-b751108eed3b,Cooling,74,127,4.625110|3.000000|1.000000|0.000000|0.000000,0.22889232635498047,3.0,4.359913|3.000000|1.000000|0.000000|0.000000,4.625110|3.000000|1.000000|0.000000|0.000000,4.359913|3.000000|1.000000|0.000000|0.000000,3,78956986368.000000,N/A,2,5
MOGP_GENERATIONAL,db3d9d00-134a-11f1-a924-b751108eed3b,Cooling,74,128,4.625110|3.000000|1.000000|0.000000|0.000000,0.14980506896972656,3.0,4.359913|3.000000|1.000000|0.000000|0.000000,4.625110|3.000000|1.000000|0.000000|0.000000,4.359913|3.000000|1.000000|0.000000|0.000000,3,113504083968.000000,N/A,2,5
MOGP_GENERATIONAL,db3d9d00-134a-11f1-a924-b751108eed3b,Cooling,74,129,4.625110|3.000000|1.000000|0.000000|0.000000,0.14995288848876953,3.0,4.359913|3.000000|1.000000|0.000000|0.000000,4.625110|3.000000|1.000000|0.000000|0.000000,4.359913|3.000000|1.000000|0.000000|0.000000,3,38935531520.000000,N/A,2,5
MOGP_GENERATIONAL,db3d9d00-134a-11f1-a924-b751108eed3b,Cooling,74,130,4.625110|3.000000|1.000000|0.000000|0.000000,0.19967889785766602,3.0,4.359913|3.000000|1.000000|0.000000|0.000000,4.625110|3.000000|1.000000|0.000000|0.000000,4.359913|3.000000|1.000000|0.000000|0.000000,3,137517006848.000000,N/A,2,5
MOGP_GENERATIONAL,db3d9d00-134a-11f1-a924-b751108eed3b,Cooling,74,131,4.625110|3.000000|1.000000|0.000000|0.000000,0.1499335765838623,3.0,4.359913|3.000000|1.000000|0.000000|0.000000,4.625110|3.000000|1.000000|0.000000|0.000000,4.359913|3.000000|1.000000|0.000000|0.000000,3,115545440256.000000,N/A,2,5
MOGP_GENERATIONAL,db3d9d00-134a-11f1-a924-b751108eed3b,Cooling,74,132,4.625110|3.000000|1.000000|0.000000|0.000000,0.14989423751831055,3.0,4.359913|3.000000|1.000000|0.000000|0.000000,4.625110|3.000000|1.000000|0.000000|0.000000,4.359913|3.000000|1.000000|0.000000|0.000000,3,96862576640.000000,N/A,2,5
MOGP_GENERATIONAL,db3d9d00-134a-11f1-a924-b751108eed3b,Cooling,74,133,4.625110|3.000000|1.000000|0.000000|0.000000,0.15935873985290527,3.0,4.359913|3.000000|1.000000|0.000000|0.000000,4.625110|3.000000|1.000000|0.000000|0.000000,4.359913|3.000000|1.000000|0.000000|0.000000,3,114965463040.000000,N/A,2,5
MOGP_GENERATIONAL,db3d9d00-134a-11f1-a924-b751108eed3b,Cooling,74,134,4.625110|3.000000|1.000000|0.000000|0.000000,0.14870786666870117,3.0,4.359913|3.000000|1.000000|0.000000|0.000000,4.625110|3.000000|1.000000|0.000000|0.000000,4.359913|3.000000|1.000000|0.000000|0.000000,3,49937186816.000000,N/A,2,5
MOGP_GENERATIONAL,db3d9d00-134a-11f1-a924-b751108eed3b,Cooling,74,135,4.625110|3.000000|1.000000|0.000000|0.000000,0.1500227451324463,3.0,4.359913|3.000000|1.000000|0.000000|0.000000,4.625110|3.000000|1.000000|0.000000|0.000000,4.359913|3.000000|1.000000|0.000000|0.000000,3,49937321984.000000,N/A,2,5
MOGP_GENERATIONAL,db3d9d00-134a-11f1-a924-b751108eed3b,Cooling,74,136,4.625110|3.000000|1.000000|0.000000|0.000000,0.1520392894744873,3.0,4.359913|3.000000|1.000000|0.000000|0.000000,4.625110|3.000000|1.000000|0.000000|0.000000,4.359913|3.000000|1.000000|0.000000|0.000000,3,96075259904.000000,N/A,2,5
MOGP_GENERATIONAL,db3d9d00-134a-11f1-a924-b751108eed3b,Cooling,74,137,4.625110|3.000000|1.000000|0.000000|0.000000,0.15143203735351562,3.0,4.359913|3.000000|1.000000|0.000000|0.000000,4.625110|3.000000|1.000000|0.000000|0.000000,4.359913|3.000000|1.000000|0.000000|0.000000,3,108250660864.000000,N/A,2,5
MOGP_GENERATIONAL,db3d9d00-134a-11f1-a924-b751108eed3b,Cooling,74,138,4.625110|3.000000|1.000000|0.000000|0.000000,0.16080665588378906,3.0,4.359913|3.000000|1.000000|0.000000|0.000000,4.625110|3.000000|1.000000|0.000000|0.000000,4.359913|3.000000|1.000000|0.000000|0.000000,3,116491558912.000000,N/A,2,5
MOGP_GENERATIONAL,db3d9d00-134a-11f1-a924-b751108eed3b,Cooling,74,139,4.625110|3.000000|1.000000|0.000000|0.000000,0.16668224334716797,3.0,4.359913|3.000000|1.000000|0.000000|0.000000,4.625110|3.000000|1.000000|0.000000|0.000000,4.359913|3.000000|1.000000|0.000000|0.000000,3,124408569856.000000,N/A,2,5
MOGP_GENERATIONAL,db3d9d00-134a-11f1-a924-b751108eed3b,Cooling,74,140,4.625110|3.000000|1.000000|0.000000|0.000000,0.15000319480895996,3.0,4.359913|3.000000|1.000000|0.000000|0.000000,4.625110|3.000000|1.000000|0.000000|0.000000,4.359913|3.000000|1.000000|0.000000|0.000000,3,115930374144.000000,N/A,2,5
MOGP_GENERATIONAL,db3d9d00-134a-11f1-a924-b751108eed3b,Cooling,74,141,4.625110|3.000000|1.000000|0.000000|0.000000,0.16491007804870605,3.0,4.359913|3.000000|1.000000|0.000000|0.000000,4.625110|3.000000|1.000000|0.000000|0.000000,4.359913|3.000000|1.000000|0.000000|0.000000,3,102884048896.000000,N/A,2,5
MOGP_GENERATIONAL,db3d9d00-134a-11f1-a924-b751108eed3b,Cooling,74,142,4.625110|3.000000|1.000000|0.000000|0.000000,0.15077996253967285,3.0,4.359913|3.000000|1.000000|0.000000|0.000000,4.625110|3.000000|1.000000|0.000000|0.000000,4.359913|3.000000|1.000000|0.000000|0.000000,3,49997303808.000000,N/A,2,5
MOGP_GENERATIONAL,db3d9d00-134a-11f1-a924-b751108eed3b,Cooling,74,143,4.625110|3.000000|1.000000|0.000000|0.000000,0.15120267868041992,3.0,4.359913|3.000000|1.000000|0.000000|0.000000,4.625110|3.000000|1.000000|0.000000|0.000000,4.359913|3.000000|1.000000|0.000000|0.000000,3,78482325504.000000,N/A,2,5
MOGP_GENERATIONAL,db3d9d00-134a-11f1-a924-b751108eed3b,Cooling,74,144,4.625110|3.000000|1.000000|0.000000|0.000000,0.15125060081481934,3.0,4.359913|3.000000|1.000000|0.000000|0.000000,4.625110|3.000000|1.000000|0.000000|0.000000,4.359913|3.000000|1.000000|0.000000|0.000000,3,86304137216.000000,N/A,2,5
MOGP_GENERATIONAL,db3d9d00-134a-11f1-a924-b751108eed3b,Cooling,74,145,4.625110|3.000000|1.000000|0.000000|0.000000,0.14873480796813965,3.0,4.359913|3.000000|1.000000|0.000000|0.000000,4.625110|3.000000|1.000000|0.000000|0.000000,4.359913|3.000000|1.000000|0.000000|0.000000,3,84539236352.000000,N/A,2,5
MOGP_GENERATIONAL,db3d9d00-134a-11f1-a924-b751108eed3b,Cooling,74,146,4.625110|3.000000|1.000000|0.000000|0.000000,0.15741395950317383,3.0,4.359913|3.000000|1.000000|0.000000|0.000000,4.625110|3.000000|1.000000|0.000000|0.000000,4.359913|3.000000|1.000000|0.000000|0.000000,3,53934800896.000000,N/A,2,5
MOGP_GENERATIONAL,db3d9d00-134a-11f1-a924-b751108eed3b,Cooling,74,147,4.625110|3.000000|1.000000|0.000000|0.000000,0.1498870849609375,3.0,4.359913|3.000000|1.000000|0.000000|0.000000,4.625110|3.000000|1.000000|0.000000|0.000000,4.359913|3.000000|1.000000|0.000000|0.000000,3,85388673024.000000,N/A,2,5
MOGP_GENERATIONAL,db3d9d00-134a-11f1-a924-b751108eed3b,Cooling,74,148,4.625110|3.000000|1.000000|0.000000|0.000000,0.1581869125366211,3.0,4.359913|3.000000|1.000000|0.000000|0.000000,4.625110|3.000000|1.000000|0.000000|0.000000,4.359913|3.000000|1.000000|0.000000|0.000000,3,102216310784.000000,N/A,2,5
MOGP_GENERATIONAL,db3d9d00-134a-11f1-a924-b751108eed3b,Cooling,74,149,4.625110|3.000000|1.000000|0.000000|0.000000,0.15540838241577148,3.0,4.359913|3.000000|1.000000|0.000000|0.000000,4.625110|3.000000|1.000000|0.000000|0.000000,4.359913|3.000000|1.000000|0.000000|0.000000,3,94096293888.000000,N/A,2,5
MOGP_GENERATIONAL,db3d9d00-134a-11f1-a924-b751108eed3b,Cooling,74,150,4.625110|3.000000|1.000000|0.000000|0.000000,0.16109204292297363,3.0,4.359913|3.000000|1.000000|0.000000|0.000000,4.625110|3.000000|1.000000|0.000000|0.000000,4.359913|3.000000|1.000000|0.000000|0.000000,3,82362007552.000000,N/A,2,5
MOGP_GENERATIONAL,db3d9d00-134a-11f1-a924-b751108eed3b,Cooling,74,151,4.625110|3.000000|1.000000|0.000000|0.000000,0.1499783992767334,3.0,4.359913|3.000000|1.000000|0.000000|0.000000,4.625110|3.000000|1.000000|0.000000|0.000000,4.359913|3.000000|1.000000|0.000000|0.000000,3,75401977856.000000,N/A,2,5
MOGP_GENERATIONAL,db3d9d00-134a-11f1-a924-b751108eed3b,Cooling,74,152,4.625110|3.000000|1.000000|0.000000|0.000000,0.1499621868133545,3.0,4.359913|3.000000|1.000000|0.000000|0.000000,4.625110|3.000000|1.000000|0.000000|0.000000,4.359913|3.000000|1.000000|0.000000|0.000000,3,102791872512.000000,N/A,2,5
MOGP_GENERATIONAL,db3d9d00-134a-11f1-a924-b751108eed3b,Cooling,74,153,4.625110|3.000000|1.000000|0.000000|0.000000,0.14989519119262695,3.0,4.359913|3.000000|1.000000|0.000000|0.000000,4.625110|3.000000|1.000000|0.000000|0.000000,4.359913|3.000000|1.000000|0.000000|0.000000,3,88553029632.000000,N/A,2,5
MOGP_GENERATIONAL,db3d9d00-134a-11f1-a924-b751108eed3b,Cooling,74,154,4.625110|3.000000|1.000000|0.000000|0.000000,0.14992499351501465,3.0,4.359913|3.000000|1.000000|0.000000|0.000000,4.625110|3.000000|1.000000|0.000000|0.000000,4.359913|3.000000|1.000000|0.000000|0.000000,3,86277169152.000000,N/A,2,5
MOGP_GENERATIONAL,db3d9d00-134a-11f1-a924-b751108eed3b,Cooling,74,155,4.625110|3.000000|1.000000|0.000000|0.000000,0.16002488136291504,3.0,4.359913|3.000000|1.000000|0.000000|0.000000,4.625110|3.000000|1.000000|0.000000|0.000000,4.359913|3.000000|1.000000|0.000000|0.000000,3,99498196992.000000,N/A,2,5
MOGP_GENERATIONAL,db3d9d00-134a-11f1-a924-b751108eed3b,Cooling,74,156,4.625110|3.000000|1.000000|0.000000|0.000000,0.14995098114013672,3.0,4.359913|3.000000|1.000000|0.000000|0.000000,4.625110|3.000000|1.000000|0.000000|0.000000,4.359913|3.000000|1.000000|0.000000|0.000000,3,111102189568.000000,N/A,2,5
MOGP_GENERATIONAL,db3d9d00-134a-11f1-a924-b751108eed3b,Cooling,74,157,4.625110|3.000000|1.000000|0.000000|0.000000,0.1500856876373291,3.0,4.359913|3.000000|1.000000|0.000000|0.000000,4.625110|3.000000|1.000000|0.000000|0.000000,4.359913|3.000000|1.000000|0.000000|0.000000,3,96391700480.000000,N/A,2,5
MOGP_GENERATIONAL,db3d9d00-134a-11f1-a924-b751108eed3b,Cooling,74,158,4.625110|3.000000|1.000000|0.000000|0.000000,0.1458883285522461,3.0,4.359913|3.000000|1.000000|0.000000|0.000000,4.625110|3.000000|1.000000|0.000000|0.000000,4.359913|3.000000|1.000000|0.000000|0.000000,3,66026971136.000000,N/A,2,5
MOGP_GENERATIONAL,db3d9d00-134a-11f1-a924-b751108eed3b,Cooling,74,159,4.625110|3.000000|1.000000|0.000000|0.000000,0.16668224334716797,3.0,4.359913|3.000000|1.000000|0.000000|0.000000,4.625110|3.000000|1.000000|0.000000|0.000000,4.359913|3.000000|1.000000|0.000000|0.000000,3,99497811968.000000,N/A,2,5
MOGP_GENERATIONAL,db3d9d00-134a-11f1-a924-b751108eed3b,Cooling,74,160,4.625110|3.000000|1.000000|0.000000|0.000000,0.14702057838439941,3.0,4.359913|3.000000|1.000000|0.000000|0.000000,4.625110|3.000000|1.000000|0.000000|0.000000,4.359913|3.000000|1.000000|0.000000|0.000000,3,108988579840.000000,N/A,2,5
MOGP_GENERATIONAL,db3d9d00-134a-11f1-a924-b751108eed3b,Cooling,74,161,4.625110|3.000000|1.000000|0.000000|0.000000,0.16535234451293945,3.0,4.359913|3.000000|1.000000|0.000000|0.000000,4.625110|3.000000|1.000000|0.000000|0.000000,4.359913|3.000000|1.000000|0.000000|0.000000,3,86412238848.000000,N/A,2,5
MOGP_GENERATIONAL,db3d9d00-134a-11f1-a924-b751108eed3b,Cooling,74,162,4.625110|3.000000|1.000000|0.000000|0.000000,0.15099239349365234,3.0,4.359913|3.000000|1.000000|0.000000|0.000000,4.625110|3.000000|1.000000|0.000000|0.000000,4.359913|3.000000|1.000000|0.000000|0.000000,3,114998853632.000000,N/A,2,5
MOGP_GENERATIONAL,db3d9d00-134a-11f1-a924-b751108eed3b,Cooling,74,163,4.625110|3.000000|1.000000|0.000000|0.000000,0.14996814727783203,3.0,4.359913|3.000000|1.000000|0.000000|0.000000,4.625110|3.000000|1.000000|0.000000|0.000000,4.359913|3.000000|1.000000|0.000000|0.000000,3,95889678336.000000,N/A,2,5
MOGP_GENERATIONAL,db3d9d00-134a-11f1-a924-b751108eed3b,Cooling,74,164,4.625110|3.000000|1.000000|0.000000|0.000000,0.14997339248657227,3.0,4.359913|3.000000|1.000000|0.000000|0.000000,4.625110|3.000000|1.000000|0.000000|0.000000,4.359913|3.000000|1.000000|0.000000|0.000000,3,78223360000.000000,N/A,2,5
MOGP_GENERATIONAL,db3d9d00-134a-11f1-a924-b751108eed3b,Cooling,74,165,4.625110|3.000000|1.000000|0.000000|0.000000,0.16176176071166992,3.0,4.359913|3.000000|1.000000|0.000000|0.000000,4.625110|3.000000|1.000000|0.000000|0.000000,4.359913|3.000000|1.000000|0.000000|0.000000,3,100204044288.000000,N/A,2,5
MOGP_GENERATIONAL,db3d9d00-134a-11f1-a924-b751108eed3b,Cooling,74,166,4.625110|3.000000|1.000000|0.000000|0.000000,0.1485757827758789,3.0,4.359913|3.000000|1.000000|0.000000|0.000000,4.625110|3.000000|1.000000|0.000000|0.000000,4.359913|3.000000|1.000000|0.000000|0.000000,3,111669485568.000000,N/A,2,5
MOGP_GENERATIONAL,db3d9d00-134a-11f1-a924-b751108eed3b,Cooling,74,167,4.625110|3.000000|1.000000|0.000000|0.000000,0.16546320915222168,3.0,4.359913|3.000000|1.000000|0.000000|0.000000,4.625110|3.000000|1.000000|0.000000|0.000000,4.359913|3.000000|1.000000|0.000000|0.000000,3,93880123392.000000,N/A,2,5
MOGP_GENERATIONAL,db3d9d00-134a-11f1-a924-b751108eed3b,Cooling,74,168,4.625110|3.000000|1.000000|0.000000|0.000000,0.1498889923095703,3.0,4.359913|3.000000|1.000000|0.000000|0.000000,4.625110|3.000000|1.000000|0.000000|0.000000,4.359913|3.000000|1.000000|0.000000|0.000000,3,90681540608.000000,N/A,2,5
MOGP_GENERATIONAL,db3d9d00-134a-11f1-a924-b751108eed3b,Cooling,74,169,4.625110|3.000000|1.000000|0.000000|0.000000,0.14994597434997559,3.0,4.359913|3.000000|1.000000|0.000000|0.000000,4.625110|3.000000|1.000000|0.000000|0.000000,4.359913|3.000000|1.000000|0.000000|0.000000,3,62534103040.000000,N/A,2,5
MOGP_GENERATIONAL,db3d9d00-134a-11f1-a924-b751108eed3b,Cooling,74,170,4.625110|3.000000|1.000000|0.000000|0.000000,0.14895248413085938,3.0,4.359913|3.000000|1.000000|0.000000|0.000000,4.625110|3.000000|1.000000|0.000000|0.000000,4.359913|3.000000|1.000000|0.000000|0.000000,3,62215262208.000000,N/A,2,5
MOGP_GENERATIONAL,db3d9d00-134a-11f1-a924-b751108eed3b,Cooling,74,171,4.625110|3.000000|1.000000|0.000000|0.000000,0.1512460708618164,3.0,4.359913|3.000000|1.000000|0.000000|0.000000,4.625110|3.000000|1.000000|0.000000|0.000000,4.359913|3.000000|1.000000|0.000000|0.000000,3,122744725504.000000,N/A,2,5
MOGP_GENERATIONAL,db3d9d00-134a-11f1-a924-b751108eed3b,Cooling,74,172,4.625110|3.000000|1.000000|0.000000|0.000000,0.1494460105895996,3.0,4.359913|3.000000|1.000000|0.000000|0.000000,4.625110|3.000000|1.000000|0.000000|0.000000,4.359913|3.000000|1.000000|0.000000|0.000000,3,147798917120.000000,N/A,2,5
MOGP_GENERATIONAL,db3d9d00-134a-11f1-a924-b751108eed3b,Cooling,74,173,4.625110|3.000000|1.000000|0.000000|0.000000,0.1488361358642578,3.0,4.359913|3.000000|1.000000|0.000000|0.000000,4.625110|3.000000|1.000000|0.000000|0.000000,4.359913|3.000000|1.000000|0.000000|0.000000,3,114424078336.000000,N/A,2,5
MOGP_GENERATIONAL,db3d9d00-134a-11f1-a924-b751108eed3b,Cooling,74,174,4.625110|3.000000|1.000000|0.000000|0.000000,0.18299293518066406,3.0,4.359913|3.000000|1.000000|0.000000|0.000000,4.625110|3.000000|1.000000|0.000000|0.000000,4.359913|3.000000|1.000000|0.000000|0.000000,3,112243056640.000000,N/A,2,5
MOGP_GENERATIONAL,db3d9d00-134a-11f1-a924-b751108eed3b,Cooling,74,175,4.625110|3.000000|1.000000|0.000000|0.000000,0.16674256324768066,3.0,4.359913|3.000000|1.000000|0.000000|0.000000,4.625110|3.000000|1.000000|0.000000|0.000000,4.359913|3.000000|1.000000|0.000000|0.000000,3,52245372928.000000,N/A,2,5
MOGP_GENERATIONAL,db3d9d00-134a-11f1-a924-b751108eed3b,Cooling,74,176,4.625110|3.000000|1.000000|0.000000|0.000000,0.15046977996826172,3.0,4.359913|3.000000|1.000000|0.000000|0.000000,4.625110|3.000000|1.000000|0.000000|0.000000,4.359913|3.000000|1.000000|0.000000|0.000000,3,115390201856.000000,N/A,2,5
MOGP_GENERATIONAL,db3d9d00-134a-11f1-a924-b751108eed3b,Cooling,74,177,4.625110|3.000000|1.000000|0.000000|0.000000,0.16666412353515625,3.0,4.359913|3.000000|1.000000|0.000000|0.000000,4.625110|3.000000|1.000000|0.000000|0.000000,4.359913|3.000000|1.000000|0.000000|0.000000,3,70495363072.000000,N/A,2,5
MOGP_GENERATIONAL,db3d9d00-134a-11f1-a924-b751108eed3b,Cooling,74,178,4.625110|3.000000|1.000000|0.000000|0.000000,0.16392970085144043,3.0,4.359913|3.000000|1.000000|0.000000|0.000000,4.625110|3.000000|1.000000|0.000000|0.000000,4.359913|3.000000|1.000000|0.000000|0.000000,3,48378576896.000000,N/A,2,5
MOGP_GENERATIONAL,db3d9d00-134a-11f1-a924-b751108eed3b,Cooling,74,179,4.625110|3.000000|1.000000|0.000000|0.000000,0.1499624252319336,3.0,4.359913|3.000000|1.000000|0.000000|0.000000,4.625110|3.000000|1.000000|0.000000|0.000000,4.359913|3.000000|1.000000|0.000000|0.000000,3,121466396672.000000,N/A,2,5
MOGP_GENERATIONAL,db3d9d00-134a-11f1-a924-b751108eed3b,Cooling,74,180,4.625110|3.000000|1.000000|0.000000|0.000000,0.14987707138061523,3.0,4.359913|3.000000|1.000000|0.000000|0.000000,4.625110|3.000000|1.000000|0.000000|0.000000,4.359913|3.000000|1.000000|0.000000|0.000000,3,136354938880.000000,N/A,2,5
MOGP_GENERATIONAL,db3d9d00-134a-11f1-a924-b751108eed3b,Cooling,74,181,4.625110|3.000000|1.000000|0.000000|0.000000,0.14992022514343262,3.0,4.359913|3.000000|1.000000|0.000000|0.000000,4.625110|3.000000|1.000000|0.000000|0.000000,4.359913|3.000000|1.000000|0.000000|0.000000,3,113391837184.000000,N/A,2,5
MOGP_GENERATIONAL,db3d9d00-134a-11f1-a924-b751108eed3b,Cooling,74,182,4.625110|3.000000|1.000000|0.000000|0.000000,0.16719579696655273,3.0,4.359913|3.000000|1.000000|0.000000|0.000000,4.625110|3.000000|1.000000|0.000000|0.000000,4.359913|3.000000|1.000000|0.000000|0.000000,3,64316071936.000000,N/A,2,5
MOGP_GENERATIONAL,db3d9d00-134a-11f1-a924-b751108eed3b,Cooling,74,183,4.625110|3.000000|1.000000|0.000000|0.000000,0.15418338775634766,3.0,4.359913|3.000000|1.000000|0.000000|0.000000,4.625110|3.000000|1.000000|0.000000|0.000000,4.359913|3.000000|1.000000|0.000000|0.000000,3,37758881792.000000,N/A,2,5
MOGP_GENERATIONAL,db3d9d00-134a-11f1-a924-b751108eed3b,Cooling,74,184,4.625110|3.000000|1.000000|0.000000|0.000000,0.1408531665802002,3.0,4.359913|3.000000|1.000000|0.000000|0.000000,4.625110|3.000000|1.000000|0.000000|0.000000,4.359913|3.000000|1.000000|0.000000|0.000000,3,118826565632.000000,N/A,2,5
MOGP_GENERATIONAL,db3d9d00-134a-11f1-a924-b751108eed3b,Cooling,74,185,4.625110|3.000000|1.000000|0.000000|0.000000,0.14993977546691895,3.0,4.359913|3.000000|1.000000|0.000000|0.000000,4.625110|3.000000|1.000000|0.000000|0.000000,4.359913|3.000000|1.000000|0.000000|0.000000,3,108911632384.000000,N/A,2,5
MOGP_GENERATIONAL,db3d9d00-134a-11f1-a924-b751108eed3b,Cooling,74,186,4.625110|3.000000|1.000000|0.000000|0.000000,0.14991545677185059,3.0,4.359913|3.000000|1.000000|0.000000|0.000000,4.625110|3.000000|1.000000|0.000000|0.000000,4.359913|3.000000|1.000000|0.000000|0.000000,3,60711161856.000000,N/A,2,5
MOGP_GENERATIONAL,db3d9d00-134a-11f1-a924-b751108eed3b,Cooling,74,187,4.625110|3.000000|1.000000|0.000000|0.000000,0.21669340133666992,3.0,4.359913|3.000000|1.000000|0.000000|0.000000,4.625110|3.000000|1.000000|0.000000|0.000000,4.359913|3.000000|1.000000|0.000000|0.000000,3,121948979200.000000,N/A,2,5
MOGP_GENERATIONAL,db3d9d00-134a-11f1-a924-b751108eed3b,Cooling,74,188,4.625110|3.000000|1.000000|0.000000|0.000000,0.1645979881286621,3.0,4.359913|3.000000|1.000000|0.000000|0.000000,4.625110|3.000000|1.000000|0.000000|0.000000,4.359913|3.000000|1.000000|0.000000|0.000000,3,99323494400.000000,N/A,2,5
MOGP_GENERATIONAL,db3d9d00-134a-11f1-a924-b751108eed3b,Cooling,74,189,4.625110|3.000000|1.000000|0.000000|0.000000,0.15119242668151855,3.0,4.359913|3.000000|1.000000|0.000000|0.000000,4.625110|3.000000|1.000000|0.000000|0.000000,4.359913|3.000000|1.000000|0.000000|0.000000,3,102475726848.000000,N/A,2,5
MOGP_GENERATIONAL,db3d9d00-134a-11f1-a924-b751108eed3b,Cooling,74,190,4.625110|3.000000|1.000000|0.000000|0.000000,0.16558170318603516,3.0,4.359913|3.000000|1.000000|0.000000|0.000000,4.625110|3.000000|1.000000|0.000000|0.000000,4.359913|3.000000|1.000000|0.000000|0.000000,3,94028972032.000000,N/A,2,5
MOGP_GENERATIONAL,db3d9d00-134a-11f1-a924-b751108eed3b,Cooling,74,191,4.625110|3.000000|1.000000|0.000000|0.000000,0.1688404083251953,3.0,4.359913|3.000000|1.000000|0.000000|0.000000,4.625110|3.000000|1.000000|0.000000|0.000000,4.359913|3.000000|1.000000|0.000000|0.000000,3,73290964992.000000,N/A,2,5
MOGP_GENERATIONAL,db3d9d00-134a-11f1-a924-b751108eed3b,Cooling,74,192,4.625110|3.000000|1.000000|0.000000|0.000000,0.15849041938781738,3.0,4.359913|3.000000|1.000000|0.000000|0.000000,4.625110|3.000000|1.000000|0.000000|0.000000,4.359913|3.000000|1.000000|0.000000|0.000000,3,90771734528.000000,N/A,2,5
MOGP_GENERATIONAL,db3d9d00-134a-11f1-a924-b751108eed3b,Cooling,74,193,4.625110|3.000000|1.000000|0.000000|0.000000,0.15111923217773438,3.0,4.359913|3.000000|1.000000|0.000000|0.000000,4.625110|3.000000|1.000000|0.000000|0.000000,4.359913|3.000000|1.000000|0.000000|0.000000,3,94241423360.000000,N/A,2,5
MOGP_GENERATIONAL,db3d9d00-134a-11f1-a924-b751108eed3b,Cooling,74,194,4.625110|3.000000|1.000000|0.000000|0.000000,0.16538476943969727,3.0,4.359913|3.000000|1.000000|0.000000|0.000000,4.625110|3.000000|1.000000|0.000000|0.000000,4.359913|3.000000|1.000000|0.000000|0.000000,3,97878982656.000000,N/A,2,5
MOGP_GENERATIONAL,db3d9d00-134a-11f1-a924-b751108eed3b,Cooling,74,195,4.625110|3.000000|1.000000|0.000000|0.000000,0.14994430541992188,3.0,4.359913|3.000000|1.000000|0.000000|0.000000,4.625110|3.000000|1.000000|0.000000|0.000000,4.359913|3.000000|1.000000|0.000000|0.000000,3,82833367040.000000,N/A,2,5
MOGP_GENERATIONAL,db3d9d00-134a-11f1-a924-b751108eed3b,Cooling,74,196,4.625110|3.000000|1.000000|0.000000|0.000000,0.14992141723632812,3.0,4.359913|3.000000|1.000000|0.000000|0.000000,4.625110|3.000000|1.000000|0.000000|0.000000,4.359913|3.000000|1.000000|0.000000|0.000000,3,74400718848.000000,N/A,2,5
MOGP_GENERATIONAL,db3d9d00-134a-11f1-a924-b751108eed3b,Cooling,74,197,4.625110|3.000000|1.000000|0.000000|0.000000,0.1511378288269043,3.0,4.359913|3.000000|1.000000|0.000000|0.000000,4.625110|3.000000|1.000000|0.000000|0.000000,4.359913|3.000000|1.000000|0.000000|0.000000,3,108224602112.000000,N/A,2,5
MOGP_GENERATIONAL,db3d9d00-134a-11f1-a924-b751108eed3b,Cooling,74,198,4.625110|3.000000|1.000000|0.000000|0.000000,0.14997553825378418,3.0,4.359913|3.000000|1.000000|0.000000|0.000000,4.625110|3.000000|1.000000|0.000000|0.000000,4.359913|3.000000|1.000000|0.000000|0.000000,3,70533685248.000000,N/A,2,5
MOGP_GENERATIONAL,db3d9d00-134a-11f1-a924-b751108eed3b,Cooling,74,199,4.625110|3.000000|1.000000|0.000000|0.000000,0.16671395301818848,3.0,4.359913|3.000000|1.000000|0.000000|0.000000,4.625110|3.000000|1.000000|0.000000|0.000000,4.359913|3.000000|1.000000|0.000000|0.000000,3,108936036352.000000,N/A,2,5
MOGP_GENERATIONAL,db3d9d00-134a-11f1-a924-b751108eed3b,Cooling,74,200,4.625110|3.000000|1.000000|0.000000|0.000000,0.14993929862976074,3.0,4.359913|3.000000|1.000000|0.000000|0.000000,4.625110|3.000000|1.000000|0.000000|0.000000,4.359913|3.000000|1.000000|0.000000|0.000000,3,91603107840.000000,N/A,2,5
MOGP_GENERATIONAL,db3d9d00-134a-11f1-a924-b751108eed3b,Cooling,74,201,4.625110|3.000000|1.000000|0.000000|0.000000,0.15118122100830078,3.0,4.359913|3.000000|1.000000|0.000000|0.000000,4.625110|3.000000|1.000000|0.000000|0.000000,4.359913|3.000000|1.000000|0.000000|0.000000,3,23970811904.000000,N/A,2,5
MOGP_GENERATIONAL,db3d9d00-134a-11f1-a924-b751108eed3b,Cooling,74,202,4.625110|3.000000|1.000000|0.000000|0.000000,0.18371915817260742,3.0,4.359913|3.000000|1.000000|0.000000|0.000000,4.625110|3.000000|1.000000|0.000000|0.000000,4.359913|3.000000|1.000000|0.000000|0.000000,3,92839649280.000000,N/A,2,5
MOGP_GENERATIONAL,db3d9d00-134a-11f1-a924-b751108eed3b,Cooling,74,203,4.625110|3.000000|1.000000|0.000000|0.000000,0.16405749320983887,3.0,4.359913|3.000000|1.000000|0.000000|0.000000,4.625110|3.000000|1.000000|0.000000|0.000000,4.359913|3.000000|1.000000|0.000000|0.000000,3,79913926656.000000,N/A,2,5
MOGP_GENERATIONAL,db3d9d00-134a-11f1-a924-b751108eed3b,Cooling,74,204,4.625110|3.000000|1.000000|0.000000|0.000000,0.15456199645996094,3.0,4.359913|3.000000|1.000000|0.000000|0.000000,4.625110|3.000000|1.000000|0.000000|0.000000,4.359913|3.000000|1.000000|0.000000|0.000000,3,92629180416.000000,N/A,2,5
MOGP_GENERATIONAL,db3d9d00-134a-11f1-a924-b751108eed3b,Cooling,74,205,4.625110|3.000000|1.000000|0.000000|0.000000,0.15216708183288574,3.0,4.359913|3.000000|1.000000|0.000000|0.000000,4.625110|3.000000|1.000000|0.000000|0.000000,4.359913|3.000000|1.000000|0.000000|0.000000,3,92854140928.000000,N/A,2,5
MOGP_GENERATIONAL,db3d9d00-134a-11f1-a924-b751108eed3b,Cooling,74,206,4.625110|3.000000|1.000000|0.000000|0.000000,0.15049123764038086,3.0,4.359913|3.000000|1.000000|0.000000|0.000000,4.625110|3.000000|1.000000|0.000000|0.000000,4.359913|3.000000|1.000000|0.000000|0.000000,3,103231995904.000000,N/A,2,5
MOGP_GENERATIONAL,db3d9d00-134a-11f1-a924-b751108eed3b,Cooling,74,207,4.625110|3.000000|1.000000|0.000000|0.000000,0.15193724632263184,3.0,4.359913|3.000000|1.000000|0.000000|0.000000,4.625110|3.000000|1.000000|0.000000|0.000000,4.359913|3.000000|1.000000|0.000000|0.000000,3,132230807552.000000,N/A,2,5
MOGP_GENERATIONAL,db3d9d00-134a-11f1-a924-b751108eed3b,Cooling,74,208,4.625110|3.000000|1.000000|0.000000|0.000000,0.14994287490844727,3.0,4.359913|3.000000|1.000000|0.000000|0.000000,4.625110|3.000000|1.000000|0.000000|0.000000,4.359913|3.000000|1.000000|0.000000|0.000000,3,122665525248.000000,N/A,2,5
MOGP_GENERATIONAL,db3d9d00-134a-11f1-a924-b751108eed3b,Cooling,74,209,4.625110|3.000000|1.000000|0.000000|0.000000,0.16679167747497559,3.0,4.359913|3.000000|1.000000|0.000000|0.000000,4.625110|3.000000|1.000000|0.000000|0.000000,4.359913|3.000000|1.000000|0.000000|0.000000,3,130324275200.000000,N/A,2,5
MOGP_GENERATIONAL,db3d9d00-134a-11f1-a924-b751108eed3b,Cooling,74,210,4.625110|3.000000|1.000000|0.000000|0.000000,0.1589984893798828,3.0,4.359913|3.000000|1.000000|0.000000|0.000000,4.625110|3.000000|1.000000|0.000000|0.000000,4.359913|3.000000|1.000000|0.000000|0.000000,3,82811723776.000000,N/A,2,5
MOGP_GENERATIONAL,db3d9d00-134a-11f1-a924-b751108eed3b,Cooling,74,211,4.625110|3.000000|1.000000|0.000000|0.000000,0.15112996101379395,3.0,4.359913|3.000000|1.000000|0.000000|0.000000,4.625110|3.000000|1.000000|0.000000|0.000000,4.359913|3.000000|1.000000|0.000000|0.000000,3,110125481984.000000,N/A,2,5
MOGP_GENERATIONAL,db3d9d00-134a-11f1-a924-b751108eed3b,Cooling,74,212,4.625110|3.000000|1.000000|0.000000|0.000000,0.14944076538085938,3.0,4.359913|3.000000|1.000000|0.000000|0.000000,4.625110|3.000000|1.000000|0.000000|0.000000,4.359913|3.000000|1.000000|0.000000|0.000000,3,87382589440.000000,N/A,2,5
MOGP_GENERATIONAL,db3d9d00-134a-11f1-a924-b751108eed3b,Cooling,74,213,4.625110|3.000000|1.000000|0.000000|0.000000,0.14998626708984375,3.0,4.359913|3.000000|1.000000|0.000000|0.000000,4.625110|3.000000|1.000000|0.000000|0.000000,4.359913|3.000000|1.000000|0.000000|0.000000,3,55280713728.000000,N/A,2,5
MOGP_GENERATIONAL,db3d9d00-134a-11f1-a924-b751108eed3b,Cooling,74,214,4.625110|3.000000|1.000000|0.000000|0.000000,0.1489551067352295,3.0,4.359913|3.000000|1.000000|0.000000|0.000000,4.625110|3.000000|1.000000|0.000000|0.000000,4.359913|3.000000|1.000000|0.000000|0.000000,3,653334976.000000,N/A,2,5
MOGP_GENERATIONAL,db3d9d00-134a-11f1-a924-b751108eed3b,Cooling,74,215,4.625110|3.000000|1.000000|0.000000|0.000000,0.14993739128112793,3.0,4.359913|3.000000|1.000000|0.000000|0.000000,4.625110|3.000000|1.000000|0.000000|0.000000,4.359913|3.000000|1.000000|0.000000|0.000000,3,113444167680.000000,N/A,2,5
MOGP_GENERATIONAL,db3d9d00-134a-11f1-a924-b751108eed3b,Cooling,74,216,4.625110|3.000000|1.000000|0.000000|0.000000,0.1489086151123047,3.0,4.359913|3.000000|1.000000|0.000000|0.000000,4.625110|3.000000|1.000000|0.000000|0.000000,4.359913|3.000000|1.000000|0.000000|0.000000,3,81264885760.000000,N/A,2,5
MOGP_GENERATIONAL,db3d9d00-134a-11f1-a924-b751108eed3b,Cooling,74,217,4.625110|3.000000|1.000000|0.000000|0.000000,0.14981603622436523,3.0,4.359913|3.000000|1.000000|0.000000|0.000000,4.625110|3.000000|1.000000|0.000000|0.000000,4.359913|3.000000|1.000000|0.000000|0.000000,3,148228325376.000000,N/A,2,5
MOGP_GENERATIONAL,db3d9d00-134a-11f1-a924-b751108eed3b,Cooling,74,218,4.625110|3.000000|1.000000|0.000000|0.000000,0.1416172981262207,3.0,4.359913|3.000000|1.000000|0.000000|0.000000,4.625110|3.000000|1.000000|0.000000|0.000000,4.359913|3.000000|1.000000|0.000000|0.000000,3,115553058816.000000,N/A,2,5
MOGP_GENERATIONAL,db3d9d00-134a-11f1-a924-b751108eed3b,Cooling,74,219,4.625110|3.000000|1.000000|0.000000|0.000000,0.14995670318603516,3.0,4.359913|3.000000|1.000000|0.000000|0.000000,4.625110|3.000000|1.000000|0.000000|0.000000,4.359913|3.000000|1.000000|0.000000|0.000000,3,133116248064.000000,N/A,2,5
MOGP_GENERATIONAL,db3d9d00-134a-11f1-a924-b751108eed3b,Cooling,74,220,4.625110|3.000000|1.000000|0.000000|0.000000,0.1498727798461914,3.0,4.359913|3.000000|1.000000|0.000000|0.000000,4.625110|3.000000|1.000000|0.000000|0.000000,4.359913|3.000000|1.000000|0.000000|0.000000,3,97082195968.000000,N/A,2,5
MOGP_GENERATIONAL,db3d9d00-134a-11f1-a924-b751108eed3b,Cooling,74,221,4.625110|3.000000|1.000000|0.000000|0.000000,0.16460657119750977,3.0,4.359913|3.000000|1.000000|0.000000|0.000000,4.625110|3.000000|1.000000|0.000000|0.000000,4.359913|3.000000|1.000000|0.000000|0.000000,3,104408481792.000000,N/A,2,5
MOGP_GENERATIONAL,db3d9d00-134a-11f1-a924-b751108eed3b,Cooling,74,222,4.625110|3.000000|1.000000|0.000000|0.000000,0.14996719360351562,3.0,4.359913|3.000000|1.000000|0.000000|0.000000,4.625110|3.000000|1.000000|0.000000|0.000000,4.359913|3.000000|1.000000|0.000000|0.000000,3,111100600320.000000,N/A,2,5
MOGP_GENERATIONAL,db3d9d00-134a-11f1-a924-b751108eed3b,Cooling,74,223,4.625110|3.000000|1.000000|0.000000|0.000000,0.1666271686553955,3.0,4.359913|3.000000|1.000000|0.000000|0.000000,4.625110|3.000000|1.000000|0.000000|0.000000,4.359913|3.000000|1.000000|0.000000|0.000000,3,100663705600.000000,N/A,2,5
MOGP_GENERATIONAL,db3d9d00-134a-11f1-a924-b751108eed3b,Cooling,74,224,4.625110|3.000000|1.000000|0.000000|0.000000,0.147261381149292,3.0,4.359913|3.000000|1.000000|0.000000|0.000000,4.625110|3.000000|1.000000|0.000000|0.000000,4.359913|3.000000|1.000000|0.000000|0.000000,3,65857945600.000000,N/A,2,5
MOGP_GENERATIONAL,db3d9d00-134a-11f1-a924-b751108eed3b,Cooling,74,225,4.625110|3.000000|1.000000|0.000000|0.000000,0.14985036849975586,3.0,4.359913|3.000000|1.000000|0.000000|0.000000,4.625110|3.000000|1.000000|0.000000|0.000000,4.359913|3.000000|1.000000|0.000000|0.000000,3,61299531776.000000,N/A,2,5
MOGP_GENERATIONAL,db3d9d00-134a-11f1-a924-b751108eed3b,Cooling,74,226,4.625110|3.000000|1.000000|0.000000|0.000000,0.1504523754119873,3.0,4.359913|3.000000|1.000000|0.000000|0.000000,4.625110|3.000000|1.000000|0.000000|0.000000,4.359913|3.000000|1.000000|0.000000|0.000000,3,62742241280.000000,N/A,2,5
MOGP_GENERATIONAL,db3d9d00-134a-11f1-a924-b751108eed3b,Cooling,74,227,4.625110|3.000000|1.000000|0.000000|0.000000,0.14998483657836914,3.0,4.359913|3.000000|1.000000|0.000000|0.000000,4.625110|3.000000|1.000000|0.000000|0.000000,4.359913|3.000000|1.000000|0.000000|0.000000,3,97584865280.000000,N/A,2,5
MOGP_GENERATIONAL,db3d9d00-134a-11f1-a924-b751108eed3b,Cooling,74,228,4.625110|3.000000|1.000000|0.000000|0.000000,0.14208245277404785,3.0,4.359913|3.000000|1.000000|0.000000|0.000000,4.625110|3.000000|1.000000|0.000000|0.000000,4.359913|3.000000|1.000000|0.000000|0.000000,3,137785622528.000000,N/A,2,5
MOGP_GENERATIONAL,db3d9d00-134a-11f1-a924-b751108eed3b,Cooling,74,229,4.625110|3.000000|1.000000|0.000000|0.000000,0.1470801830291748,3.0,4.359913|3.000000|1.000000|0.000000|0.000000,4.625110|3.000000|1.000000|0.000000|0.000000,4.359913|3.000000|1.000000|0.000000|0.000000,3,50281299968.000000,N/A,2,5
MOGP_GENERATIONAL,db3d9d00-134a-11f1-a924-b751108eed3b,Cooling,74,230,4.625110|3.000000|1.000000|0.000000|0.000000,0.16548991203308105,3.0,4.359913|3.000000|1.000000|0.000000|0.000000,4.625110|3.000000|1.000000|0.000000|0.000000,4.359913|3.000000|1.000000|0.000000|0.000000,3,86277169152.000000,N/A,2,5
MOGP_GENERATIONAL,db3d9d00-134a-11f1-a924-b751108eed3b,Cooling,74,231,4.625110|3.000000|1.000000|0.000000|0.000000,0.15001487731933594,3.0,4.359913|3.000000|1.000000|0.000000|0.000000,4.625110|3.000000|1.000000|0.000000|0.000000,4.359913|3.000000|1.000000|0.000000|0.000000,3,60992946176.000000,N/A,2,5
MOGP_GENERATIONAL,db3d9d00-134a-11f1-a924-b751108eed3b,Cooling,74,232,4.625110|3.000000|1.000000|0.000000|0.000000,0.14996910095214844,3.0,4.359913|3.000000|1.000000|0.000000|0.000000,4.625110|3.000000|1.000000|0.000000|0.000000,4.359913|3.000000|1.000000|0.000000|0.000000,3,67526983680.000000,N/A,2,5
MOGP_GENERATIONAL,db3d9d00-134a-11f1-a924-b751108eed3b,Cooling,74,233,4.625110|3.000000|1.000000|0.000000|0.000000,0.16663193702697754,3.0,4.359913|3.000000|1.000000|0.000000|0.000000,4.625110|3.000000|1.000000|0.000000|0.000000,4.359913|3.000000|1.000000|0.000000|0.000000,3,90022969344.000000,N/A,2,5
MOGP_GENERATIONAL,db3d9d00-134a-11f1-a924-b751108eed3b,Cooling,74,234,4.625110|3.000000|1.000000|0.000000|0.000000,0.14989280700683594,3.0,4.359913|3.000000|1.000000|0.000000|0.000000,4.625110|3.000000|1.000000|0.000000|0.000000,4.359913|3.000000|1.000000|0.000000|0.000000,3,96322961408.000000,N/A,2,5
MOGP_GENERATIONAL,db3d9d00-134a-11f1-a924-b751108eed3b,Cooling,74,235,4.625110|3.000000|1.000000|0.000000|0.000000,0.14992213249206543,3.0,4.359913|3.000000|1.000000|0.000000|0.000000,4.625110|3.000000|1.000000|0.000000|0.000000,4.359913|3.000000|1.000000|0.000000|0.000000,3,83257884672.000000,N/A,2,5
MOGP_GENERATIONAL,db3d9d00-134a-11f1-a924-b751108eed3b,Cooling,74,236,4.625110|3.000000|1.000000|0.000000|0.000000,0.14998984336853027,3.0,4.359913|3.000000|1.000000|0.000000|0.000000,4.625110|3.000000|1.000000|0.000000|0.000000,4.359913|3.000000|1.000000|0.000000|0.000000,3,111099813888.000000,N/A,2,5
MOGP_GENERATIONAL,db3d9d00-134a-11f1-a924-b751108eed3b,Cooling,74,237,4.625110|3.000000|1.000000|0.000000|0.000000,0.1500990390777588,3.0,4.359913|3.000000|1.000000|0.000000|0.000000,4.625110|3.000000|1.000000|0.000000|0.000000,4.359913|3.000000|1.000000|0.000000|0.000000,3,104664473600.000000,N/A,2,5
MOGP_GENERATIONAL,db3d9d00-134a-11f1-a924-b751108eed3b,Cooling,74,238,4.625110|3.000000|1.000000|0.000000|0.000000,0.14997148513793945,3.0,4.359913|3.000000|1.000000|0.000000|0.000000,4.625110|3.000000|1.000000|0.000000|0.000000,4.359913|3.000000|1.000000|0.000000|0.000000,3,70572007424.000000,N/A,2,5
MOGP_GENERATIONAL,db3d9d00-134a-11f1-a924-b751108eed3b,Cooling,74,239,4.625110|3.000000|1.000000|0.000000|0.000000,0.14893436431884766,3.0,4.359913|3.000000|1.000000|0.000000|0.000000,4.625110|3.000000|1.000000|0.000000|0.000000,4.359913|3.000000|1.000000|0.000000|0.000000,3,82605580288.000000,N/A,2,5
MOGP_GENERATIONAL,db3d9d00-134a-11f1-a924-b751108eed3b,Cooling,74,240,4.625110|3.000000|1.000000|0.000000|0.000000,0.14990544319152832,3.0,4.359913|3.000000|1.000000|0.000000|0.000000,4.625110|3.000000|1.000000|0.000000|0.000000,4.359913|3.000000|1.000000|0.000000|0.000000,3,96233095168.000000,N/A,2,5
MOGP_GENERATIONAL,db3d9d00-134a-11f1-a924-b751108eed3b,Cooling,74,241,4.625110|3.000000|1.000000|0.000000|0.000000,0.14945030212402344,3.0,4.359913|3.000000|1.000000|0.000000|0.000000,4.625110|3.000000|1.000000|0.000000|0.000000,4.359913|3.000000|1.000000|0.000000|0.000000,3,128751476736.000000,N/A,2,5
MOGP_GENERATIONAL,db3d9d00-134a-11f1-a924-b751108eed3b,Cooling,74,242,4.625110|3.000000|1.000000|0.000000|0.000000,0.20207691192626953,3.0,4.359913|3.000000|1.000000|0.000000|0.000000,4.625110|3.000000|1.000000|0.000000|0.000000,4.359913|3.000000|1.000000|0.000000|0.000000,3,98731565056.000000,N/A,2,5
MOGP_GENERATIONAL,db3d9d00-134a-11f1-a924-b751108eed3b,Cooling,74,243,4.625110|3.000000|1.000000|0.000000|0.000000,0.24999308586120605,3.0,4.359913|3.000000|1.000000|0.000000|0.000000,4.625110|3.000000|1.000000|0.000000|0.000000,4.359913|3.000000|1.000000|0.000000|0.000000,3,101714640896.000000,N/A,2,5
MOGP_GENERATIONAL,db3d9d00-134a-11f1-a924-b751108eed3b,Cooling,74,244,4.625110|3.000000|1.000000|0.000000|0.000000,0.15120244026184082,3.0,4.359913|3.000000|1.000000|0.000000|0.000000,4.625110|3.000000|1.000000|0.000000|0.000000,4.359913|3.000000|1.000000|0.000000|0.000000,3,138920001536.000000,N/A,2,5
MOGP_GENERATIONAL,db3d9d00-134a-11f1-a924-b751108eed3b,Cooling,74,245,4.625110|3.000000|1.000000|0.000000|0.000000,0.1511213779449463,3.0,4.359913|3.000000|1.000000|0.000000|0.000000,4.625110|3.000000|1.000000|0.000000|0.000000,4.359913|3.000000|1.000000|0.000000|0.000000,3,55620591616.000000,N/A,2,5
MOGP_GENERATIONAL,db3d9d00-134a-11f1-a924-b751108eed3b,Cooling,74,246,4.625110|3.000000|1.000000|0.000000|0.000000,0.15006089210510254,3.0,4.359913|3.000000|1.000000|0.000000|0.000000,4.625110|3.000000|1.000000|0.000000|0.000000,4.359913|3.000000|1.000000|0.000000|0.000000,3,99498762240.000000,N/A,2,5
MOGP_GENERATIONAL,db3d9d00-134a-11f1-a924-b751108eed3b,Cooling,74,247,4.625110|3.000000|1.000000|0.000000|0.000000,0.23288893699645996,3.0,4.359913|3.000000|1.000000|0.000000|0.000000,4.625110|3.000000|1.000000|0.000000|0.000000,4.359913|3.000000|1.000000|0.000000|0.000000,3,114490720256.000000,N/A,2,5
MOGP_GENERATIONAL,db3d9d00-134a-11f1-a924-b751108eed3b,Cooling,74,248,4.625110|3.000000|1.000000|0.000000|0.000000,0.14998579025268555,3.0,4.359913|3.000000|1.000000|0.000000|0.000000,4.625110|3.000000|1.000000|0.000000|0.000000,4.359913|3.000000|1.000000|0.000000|0.000000,3,84165050368.000000,N/A,2,5
MOGP_GENERATIONAL,db3d9d00-134a-11f1-a924-b751108eed3b,Cooling,74,249,4.625110|3.000000|1.000000|0.000000|0.000000,0.1515953540802002,3.0,4.359913|3.000000|1.000000|0.000000|0.000000,4.625110|3.000000|1.000000|0.000000|0.000000,4.359913|3.000000|1.000000|0.000000|0.000000,3,99497779200.000000,N/A,2,5
MOGP_GENERATIONAL,db3d9d00-134a-11f1-a924-b751108eed3b,Cooling,74,250,4.625110|3.000000|1.000000|0.000000|0.000000,0.14995598793029785,3.0,4.359913|3.000000|1.000000|0.000000|0.000000,4.625110|3.000000|1.000000|0.000000|0.000000,4.359913|3.000000|1.000000|0.000000|0.000000,3,61377548288.000000,N/A,2,5
