MOGP_GENERATIONAL,860abe12-f33b-11f0-b094-6e001b3eef54,Boston,74,0,19.739145|3.000000|0.000000,1.1552948951721191,3.0,19.922543|3.000000|0.000000,N/A,N/A,0,243042222080.000000,N/A,5
MOGP_GENERATIONAL,860abe12-f33b-11f0-b094-6e001b3eef54,Boston,74,1,9.358879|3.000000|0.000000,0.030703067779541016,3.0,9.864200|3.000000|0.000000,9.358879|3.000000|0.000000,9.864200|3.000000|0.000000,3,119348928512.000000,N/A,5
MOGP_GENERATIONAL,860abe12-f33b-11f0-b094-6e001b3eef54,Boston,74,2,9.358879|3.000000|0.000000,0.023508310317993164,3.0,9.864200|3.000000|0.000000,9.358879|3.000000|0.000000,9.864200|3.000000|0.000000,3,42178183168.000000,N/A,5
MOGP_GENERATIONAL,860abe12-f33b-11f0-b094-6e001b3eef54,Boston,74,3,9.358879|3.000000|0.000000,0.0319066047668457,3.0,9.864200|3.000000|0.000000,8.620855|3.000000|1.000000,8.842288|3.000000|1.000000,3,69986394112.000000,N/A,5
MOGP_GENERATIONAL,860abe12-f33b-11f0-b094-6e001b3eef54,Boston,74,4,9.358879|3.000000|0.000000,0.030653953552246094,3.0,9.864200|3.000000|0.000000,9.358879|3.000000|0.000000,9.864200|3.000000|0.000000,3,104670937088.000000,N/A,5
MOGP_GENERATIONAL,860abe12-f33b-11f0-b094-6e001b3eef54,Boston,74,5,9.358879|3.000000|0.000000,0.021654844284057617,3.0,9.864200|3.000000|0.000000,9.358879|3.000000|0.000000,9.864200|3.000000|0.000000,3,58937868288.000000,N/A,5
MOGP_GENERATIONAL,860abe12-f33b-11f0-b094-6e001b3eef54,Boston,74,6,9.358879|3.000000|0.000000,0.02172684669494629,3.0,9.864200|3.000000|0.000000,9.358879|3.000000|0.000000,9.864200|3.000000|0.000000,3,68765892608.000000,N/A,5
MOGP_GENERATIONAL,860abe12-f33b-11f0-b094-6e001b3eef54,Boston,74,7,9.358879|3.000000|0.000000,0.023933887481689453,3.0,9.864200|3.000000|0.000000,9.358879|3.000000|0.000000,9.864200|3.000000|0.000000,3,106848632832.000000,N/A,5
MOGP_GENERATIONAL,860abe12-f33b-11f0-b094-6e001b3eef54,Boston,74,8,9.358879|3.000000|0.000000,0.02864694595336914,3.0,9.864200|3.000000|0.000000,8.312042|5.000000|2.000000,8.744933|5.000000|2.000000,5,95563759616.000000,N/A,5
MOGP_GENERATIONAL,860abe12-f33b-11f0-b094-6e001b3eef54,Boston,74,9,10.114566|3.000000|0.000000,0.09070682525634766,3.0,10.543447|3.000000|0.000000,9.386155|7.000000|0.000000,9.859197|7.000000|0.000000,7,80922664960.000000,N/A,5
MOGP_GENERATIONAL,860abe12-f33b-11f0-b094-6e001b3eef54,Boston,74,10,10.114566|3.000000|0.000000,0.021034955978393555,3.0,10.543447|3.000000|0.000000,7.872596|7.000000|1.000000,8.130174|7.000000|1.000000,7,69979037696.000000,N/A,5
MOGP_GENERATIONAL,860abe12-f33b-11f0-b094-6e001b3eef54,Boston,74,11,10.114566|3.000000|0.000000,0.0224912166595459,3.0,10.543447|3.000000|0.000000,10.114566|3.000000|0.000000,10.543447|3.000000|0.000000,3,25732900864.000000,N/A,5
MOGP_GENERATIONAL,860abe12-f33b-11f0-b094-6e001b3eef54,Boston,74,12,10.114566|3.000000|0.000000,0.02170538902282715,3.0,10.543447|3.000000|0.000000,10.114566|3.000000|0.000000,10.543447|3.000000|0.000000,3,93973970944.000000,N/A,5
MOGP_GENERATIONAL,860abe12-f33b-11f0-b094-6e001b3eef54,Boston,74,13,10.114566|3.000000|0.000000,0.027768850326538086,3.0,10.543447|3.000000|0.000000,10.114566|3.000000|0.000000,10.543447|3.000000|0.000000,3,24880764928.000000,N/A,5
MOGP_GENERATIONAL,860abe12-f33b-11f0-b094-6e001b3eef54,Boston,74,14,10.114566|3.000000|0.000000,0.026762962341308594,3.0,10.543447|3.000000|0.000000,10.010470|7.000000|1.000000,10.360911|7.000000|1.000000,7,94957527040.000000,N/A,5
MOGP_GENERATIONAL,860abe12-f33b-11f0-b094-6e001b3eef54,Boston,74,15,10.114566|3.000000|0.000000,0.037908077239990234,3.0,10.543447|3.000000|0.000000,10.114566|3.000000|0.000000,10.543447|3.000000|0.000000,3,61325840384.000000,N/A,5
MOGP_GENERATIONAL,860abe12-f33b-11f0-b094-6e001b3eef54,Boston,74,16,10.114566|3.000000|0.000000,0.021576404571533203,3.0,10.543447|3.000000|0.000000,10.114566|3.000000|0.000000,10.543447|3.000000|0.000000,3,78578016256.000000,N/A,5
MOGP_GENERATIONAL,860abe12-f33b-11f0-b094-6e001b3eef54,Boston,74,17,10.114566|3.000000|0.000000,0.02779698371887207,3.0,10.543447|3.000000|0.000000,10.114566|3.000000|0.000000,10.543447|3.000000|0.000000,3,89749061632.000000,N/A,5
MOGP_GENERATIONAL,860abe12-f33b-11f0-b094-6e001b3eef54,Boston,74,18,10.114566|3.000000|0.000000,0.040042877197265625,3.0,10.543447|3.000000|0.000000,10.114566|3.000000|0.000000,10.543447|3.000000|0.000000,3,26411849728.000000,N/A,5
MOGP_GENERATIONAL,860abe12-f33b-11f0-b094-6e001b3eef54,Boston,74,19,10.114566|3.000000|0.000000,0.02142500877380371,3.0,10.543447|3.000000|0.000000,10.114566|3.000000|0.000000,10.543447|3.000000|0.000000,3,42903638016.000000,N/A,5
MOGP_GENERATIONAL,860abe12-f33b-11f0-b094-6e001b3eef54,Boston,74,20,10.114566|3.000000|0.000000,0.02974390983581543,3.0,10.543447|3.000000|0.000000,10.010470|7.000000|1.000000,10.360911|7.000000|1.000000,7,26452715520.000000,N/A,5
MOGP_GENERATIONAL,860abe12-f33b-11f0-b094-6e001b3eef54,Boston,74,21,10.114566|3.000000|0.000000,0.02320098876953125,3.0,10.543447|3.000000|0.000000,9.764437|7.000000|1.000000,10.208908|7.000000|1.000000,7,49358241792.000000,N/A,5
MOGP_GENERATIONAL,860abe12-f33b-11f0-b094-6e001b3eef54,Boston,74,22,10.114566|3.000000|0.000000,0.02529621124267578,3.0,10.543447|3.000000|0.000000,9.078752|7.000000|1.000000,9.348292|7.000000|1.000000,7,85439873024.000000,N/A,5
MOGP_GENERATIONAL,860abe12-f33b-11f0-b094-6e001b3eef54,Boston,74,23,10.114566|3.000000|0.000000,0.02303600311279297,3.0,10.543447|3.000000|0.000000,10.114566|3.000000|0.000000,10.543447|3.000000|0.000000,3,82353119232.000000,N/A,5
MOGP_GENERATIONAL,860abe12-f33b-11f0-b094-6e001b3eef54,Boston,74,24,10.114566|3.000000|0.000000,0.02182793617248535,3.0,10.543447|3.000000|0.000000,10.114566|3.000000|0.000000,10.543447|3.000000|0.000000,3,63086002176.000000,N/A,5
MOGP_GENERATIONAL,860abe12-f33b-11f0-b094-6e001b3eef54,Boston,74,25,10.114566|3.000000|0.000000,0.022650957107543945,3.0,10.543447|3.000000|0.000000,10.114566|3.000000|0.000000,10.543447|3.000000|0.000000,3,83191144448.000000,N/A,5
MOGP_GENERATIONAL,860abe12-f33b-11f0-b094-6e001b3eef54,Boston,74,26,10.114566|3.000000|0.000000,0.02966022491455078,3.0,10.543447|3.000000|0.000000,10.114566|3.000000|0.000000,10.543447|3.000000|0.000000,3,54762680320.000000,N/A,5
MOGP_GENERATIONAL,860abe12-f33b-11f0-b094-6e001b3eef54,Boston,74,27,10.114566|3.000000|0.000000,0.021794795989990234,3.0,10.543447|3.000000|0.000000,8.404468|7.000000|1.000000,8.784859|7.000000|1.000000,7,75001479168.000000,N/A,5
MOGP_GENERATIONAL,860abe12-f33b-11f0-b094-6e001b3eef54,Boston,74,28,10.114566|3.000000|0.000000,0.029385089874267578,3.0,10.543447|3.000000|0.000000,8.161251|7.000000|1.000000,8.529704|7.000000|1.000000,7,52129517568.000000,N/A,5
MOGP_GENERATIONAL,860abe12-f33b-11f0-b094-6e001b3eef54,Boston,74,29,10.114566|3.000000|0.000000,0.022377967834472656,3.0,10.543447|3.000000|0.000000,10.114566|3.000000|0.000000,10.543447|3.000000|0.000000,3,67368996864.000000,N/A,5
MOGP_GENERATIONAL,860abe12-f33b-11f0-b094-6e001b3eef54,Boston,74,30,10.114566|3.000000|0.000000,0.02964615821838379,3.0,10.543447|3.000000|0.000000,10.114566|3.000000|0.000000,10.543447|3.000000|0.000000,3,102511919104.000000,N/A,5
MOGP_GENERATIONAL,860abe12-f33b-11f0-b094-6e001b3eef54,Boston,74,31,10.114566|3.000000|0.000000,0.03396487236022949,3.0,10.543447|3.000000|0.000000,8.564423|7.000000|2.000000,8.858453|7.000000|2.000000,7,17177905152.000000,N/A,5
MOGP_GENERATIONAL,860abe12-f33b-11f0-b094-6e001b3eef54,Boston,74,32,10.114566|3.000000|0.000000,0.02384805679321289,3.0,10.543447|3.000000|0.000000,10.114566|3.000000|0.000000,10.543447|3.000000|0.000000,3,89558679552.000000,N/A,5
MOGP_GENERATIONAL,860abe12-f33b-11f0-b094-6e001b3eef54,Boston,74,33,10.114566|3.000000|0.000000,0.022522926330566406,3.0,10.543447|3.000000|0.000000,10.114566|3.000000|0.000000,10.543447|3.000000|0.000000,3,76119162880.000000,N/A,5
MOGP_GENERATIONAL,860abe12-f33b-11f0-b094-6e001b3eef54,Boston,74,34,10.114566|3.000000|0.000000,0.023360013961791992,3.0,10.543447|3.000000|0.000000,10.114566|3.000000|0.000000,10.543447|3.000000|0.000000,3,88135245824.000000,N/A,5
MOGP_GENERATIONAL,860abe12-f33b-11f0-b094-6e001b3eef54,Boston,74,35,10.114566|3.000000|0.000000,0.021893978118896484,3.0,10.543447|3.000000|0.000000,10.114566|3.000000|0.000000,10.543447|3.000000|0.000000,3,90806353920.000000,N/A,5
MOGP_GENERATIONAL,860abe12-f33b-11f0-b094-6e001b3eef54,Boston,74,36,10.114566|3.000000|0.000000,0.030917882919311523,3.0,10.543447|3.000000|0.000000,7.872596|7.000000|1.000000,8.130174|7.000000|1.000000,7,61404909568.000000,N/A,5
MOGP_GENERATIONAL,860abe12-f33b-11f0-b094-6e001b3eef54,Boston,74,37,10.114566|3.000000|0.000000,0.022436857223510742,3.0,10.543447|3.000000|0.000000,10.114566|3.000000|0.000000,10.543447|3.000000|0.000000,3,82538512384.000000,N/A,5
MOGP_GENERATIONAL,860abe12-f33b-11f0-b094-6e001b3eef54,Boston,74,38,10.114566|3.000000|0.000000,0.021703004837036133,3.0,10.543447|3.000000|0.000000,10.114566|3.000000|0.000000,10.543447|3.000000|0.000000,3,49085849600.000000,N/A,5
MOGP_GENERATIONAL,860abe12-f33b-11f0-b094-6e001b3eef54,Boston,74,39,10.114566|3.000000|0.000000,0.029973983764648438,3.0,10.543447|3.000000|0.000000,10.114566|3.000000|0.000000,10.543447|3.000000|0.000000,3,88556216320.000000,N/A,5
MOGP_GENERATIONAL,860abe12-f33b-11f0-b094-6e001b3eef54,Boston,74,40,10.114566|3.000000|0.000000,0.021744966506958008,3.0,10.543447|3.000000|0.000000,7.872596|7.000000|1.000000,8.130174|7.000000|1.000000,7,95419162624.000000,N/A,5
MOGP_GENERATIONAL,860abe12-f33b-11f0-b094-6e001b3eef54,Boston,74,41,10.114566|3.000000|0.000000,0.032396793365478516,3.0,10.543447|3.000000|0.000000,10.114566|3.000000|0.000000,10.543447|3.000000|0.000000,3,74958938112.000000,N/A,5
MOGP_GENERATIONAL,860abe12-f33b-11f0-b094-6e001b3eef54,Boston,74,42,10.114566|3.000000|0.000000,0.03725695610046387,3.0,10.543447|3.000000|0.000000,9.935942|11.000000|1.000000,10.414039|11.000000|1.000000,11,88246067200.000000,N/A,5
MOGP_GENERATIONAL,860abe12-f33b-11f0-b094-6e001b3eef54,Boston,74,43,10.114566|3.000000|0.000000,0.02906322479248047,3.0,10.543447|3.000000|0.000000,9.560607|15.000000|1.000000,9.688526|15.000000|1.000000,15,77030686720.000000,N/A,5
MOGP_GENERATIONAL,860abe12-f33b-11f0-b094-6e001b3eef54,Boston,74,44,10.114566|3.000000|0.000000,0.02228403091430664,3.0,10.543447|3.000000|0.000000,10.114566|3.000000|0.000000,10.543447|3.000000|0.000000,3,55305887744.000000,N/A,5
MOGP_GENERATIONAL,860abe12-f33b-11f0-b094-6e001b3eef54,Boston,74,45,10.114566|3.000000|0.000000,0.032240867614746094,3.0,10.543447|3.000000|0.000000,8.564423|7.000000|2.000000,8.858453|7.000000|2.000000,7,83524624384.000000,N/A,5
MOGP_GENERATIONAL,860abe12-f33b-11f0-b094-6e001b3eef54,Boston,74,46,10.114566|3.000000|0.000000,0.02353525161743164,3.0,10.543447|3.000000|0.000000,10.114566|3.000000|0.000000,10.543447|3.000000|0.000000,3,116447698944.000000,N/A,5
MOGP_GENERATIONAL,860abe12-f33b-11f0-b094-6e001b3eef54,Boston,74,47,10.114566|3.000000|0.000000,0.0212860107421875,3.0,10.543447|3.000000|0.000000,10.114566|3.000000|0.000000,10.543447|3.000000|0.000000,3,73331875840.000000,N/A,5
MOGP_GENERATIONAL,860abe12-f33b-11f0-b094-6e001b3eef54,Boston,74,48,10.114566|3.000000|0.000000,0.023906946182250977,3.0,10.543447|3.000000|0.000000,10.114566|3.000000|0.000000,10.543447|3.000000|0.000000,3,77056196608.000000,N/A,5
MOGP_GENERATIONAL,860abe12-f33b-11f0-b094-6e001b3eef54,Boston,74,49,10.114566|3.000000|0.000000,0.028661012649536133,3.0,10.543447|3.000000|0.000000,10.114566|3.000000|0.000000,10.543447|3.000000|0.000000,3,63903870976.000000,N/A,5
MOGP_GENERATIONAL,860abe12-f33b-11f0-b094-6e001b3eef54,Boston,74,50,10.114566|3.000000|0.000000,0.02082681655883789,3.0,10.543447|3.000000|0.000000,10.114566|3.000000|0.000000,10.543447|3.000000|0.000000,3,70803488768.000000,N/A,5
MOGP_GENERATIONAL,860abe12-f33b-11f0-b094-6e001b3eef54,Boston,74,51,10.114566|3.000000|0.000000,0.02182602882385254,3.0,10.543447|3.000000|0.000000,10.114566|3.000000|0.000000,10.543447|3.000000|0.000000,3,100484661248.000000,N/A,5
MOGP_GENERATIONAL,860abe12-f33b-11f0-b094-6e001b3eef54,Boston,74,52,10.114566|3.000000|0.000000,0.025530099868774414,3.0,10.543447|3.000000|0.000000,10.114566|3.000000|0.000000,10.543447|3.000000|0.000000,3,84524662784.000000,N/A,5
MOGP_GENERATIONAL,860abe12-f33b-11f0-b094-6e001b3eef54,Boston,74,53,10.114566|3.000000|0.000000,0.022245168685913086,3.0,10.543447|3.000000|0.000000,7.872596|7.000000|1.000000,8.130174|7.000000|1.000000,7,132984365056.000000,N/A,5
MOGP_GENERATIONAL,860abe12-f33b-11f0-b094-6e001b3eef54,Boston,74,54,10.114566|3.000000|0.000000,0.03231930732727051,3.0,10.543447|3.000000|0.000000,10.114566|3.000000|0.000000,10.543447|3.000000|0.000000,3,51641651200.000000,N/A,5
MOGP_GENERATIONAL,860abe12-f33b-11f0-b094-6e001b3eef54,Boston,74,55,10.114566|3.000000|0.000000,0.02157735824584961,3.0,10.543447|3.000000|0.000000,9.049608|7.000000|0.000000,9.552132|7.000000|0.000000,7,53243318272.000000,N/A,5
MOGP_GENERATIONAL,860abe12-f33b-11f0-b094-6e001b3eef54,Boston,74,56,10.114566|3.000000|0.000000,0.02934575080871582,3.0,10.543447|3.000000|0.000000,10.114566|3.000000|0.000000,10.543447|3.000000|0.000000,3,46245724160.000000,N/A,5
MOGP_GENERATIONAL,860abe12-f33b-11f0-b094-6e001b3eef54,Boston,74,57,10.114566|3.000000|0.000000,0.02159261703491211,3.0,10.543447|3.000000|0.000000,10.114566|3.000000|0.000000,10.543447|3.000000|0.000000,3,74942840832.000000,N/A,5
MOGP_GENERATIONAL,860abe12-f33b-11f0-b094-6e001b3eef54,Boston,74,58,10.114566|3.000000|0.000000,0.025534868240356445,3.0,10.543447|3.000000|0.000000,10.114566|3.000000|0.000000,10.543447|3.000000|0.000000,3,89799770112.000000,N/A,5
MOGP_GENERATIONAL,860abe12-f33b-11f0-b094-6e001b3eef54,Boston,74,59,10.114566|3.000000|0.000000,0.03101491928100586,3.0,10.543447|3.000000|0.000000,10.114566|3.000000|0.000000,10.543447|3.000000|0.000000,3,69855109120.000000,N/A,5
MOGP_GENERATIONAL,860abe12-f33b-11f0-b094-6e001b3eef54,Boston,74,60,10.114566|3.000000|0.000000,0.021294116973876953,3.0,10.543447|3.000000|0.000000,7.872596|7.000000|1.000000,8.130174|7.000000|1.000000,7,99507552256.000000,N/A,5
MOGP_GENERATIONAL,860abe12-f33b-11f0-b094-6e001b3eef54,Boston,74,61,10.114566|3.000000|0.000000,0.035878896713256836,3.0,10.543447|3.000000|0.000000,10.114566|3.000000|0.000000,10.543447|3.000000|0.000000,3,75405115392.000000,N/A,5
MOGP_GENERATIONAL,860abe12-f33b-11f0-b094-6e001b3eef54,Boston,74,62,10.114566|3.000000|0.000000,0.025281667709350586,3.0,10.543447|3.000000|0.000000,10.114566|3.000000|0.000000,10.543447|3.000000|0.000000,3,7046121472.000000,N/A,5
MOGP_GENERATIONAL,860abe12-f33b-11f0-b094-6e001b3eef54,Boston,74,63,10.114566|3.000000|0.000000,0.024187803268432617,3.0,10.543447|3.000000|0.000000,10.114566|3.000000|0.000000,10.543447|3.000000|0.000000,3,86051897344.000000,N/A,5
MOGP_GENERATIONAL,860abe12-f33b-11f0-b094-6e001b3eef54,Boston,74,64,10.114566|3.000000|0.000000,0.02169489860534668,3.0,10.543447|3.000000|0.000000,10.114566|3.000000|0.000000,10.543447|3.000000|0.000000,3,57622843392.000000,N/A,5
MOGP_GENERATIONAL,860abe12-f33b-11f0-b094-6e001b3eef54,Boston,74,65,10.114566|3.000000|0.000000,0.025616168975830078,3.0,10.543447|3.000000|0.000000,10.114566|3.000000|0.000000,10.543447|3.000000|0.000000,3,108873089024.000000,N/A,5
MOGP_GENERATIONAL,860abe12-f33b-11f0-b094-6e001b3eef54,Boston,74,66,10.114566|3.000000|0.000000,0.02169513702392578,3.0,10.543447|3.000000|0.000000,9.091980|7.000000|1.000000,9.465285|7.000000|1.000000,7,55725920256.000000,N/A,5
MOGP_GENERATIONAL,860abe12-f33b-11f0-b094-6e001b3eef54,Boston,74,67,10.114566|3.000000|0.000000,0.021122217178344727,3.0,10.543447|3.000000|0.000000,9.091980|11.000000|1.000000,9.465285|11.000000|1.000000,11,76252176384.000000,N/A,5
MOGP_GENERATIONAL,860abe12-f33b-11f0-b094-6e001b3eef54,Boston,74,68,10.114566|3.000000|0.000000,0.022197961807250977,3.0,10.543447|3.000000|0.000000,10.114566|3.000000|0.000000,10.543447|3.000000|0.000000,3,49324253184.000000,N/A,5
MOGP_GENERATIONAL,860abe12-f33b-11f0-b094-6e001b3eef54,Boston,74,69,10.114566|3.000000|0.000000,0.021504640579223633,3.0,10.543447|3.000000|0.000000,10.114566|3.000000|0.000000,10.543447|3.000000|0.000000,3,67877109760.000000,N/A,5
MOGP_GENERATIONAL,860abe12-f33b-11f0-b094-6e001b3eef54,Boston,74,70,10.114566|3.000000|0.000000,0.02986311912536621,3.0,10.543447|3.000000|0.000000,8.941822|11.000000|1.000000,9.453410|11.000000|1.000000,11,77434003456.000000,N/A,5
MOGP_GENERATIONAL,860abe12-f33b-11f0-b094-6e001b3eef54,Boston,74,71,10.114566|3.000000|0.000000,0.024187088012695312,3.0,10.543447|3.000000|0.000000,10.114566|3.000000|0.000000,10.543447|3.000000|0.000000,3,114222235648.000000,N/A,5
MOGP_GENERATIONAL,860abe12-f33b-11f0-b094-6e001b3eef54,Boston,74,72,10.114566|3.000000|0.000000,0.020940065383911133,3.0,10.543447|3.000000|0.000000,10.114566|3.000000|0.000000,10.543447|3.000000|0.000000,3,99127910400.000000,N/A,5
MOGP_GENERATIONAL,860abe12-f33b-11f0-b094-6e001b3eef54,Boston,74,73,10.114566|3.000000|0.000000,0.028420209884643555,3.0,10.543447|3.000000|0.000000,9.049608|7.000000|0.000000,9.552132|7.000000|0.000000,7,50957692928.000000,N/A,5
MOGP_GENERATIONAL,860abe12-f33b-11f0-b094-6e001b3eef54,Boston,74,74,10.114566|3.000000|0.000000,0.029672861099243164,3.0,10.543447|3.000000|0.000000,10.114566|3.000000|0.000000,10.543447|3.000000|0.000000,3,101455962112.000000,N/A,5
MOGP_GENERATIONAL,860abe12-f33b-11f0-b094-6e001b3eef54,Boston,74,75,10.114566|3.000000|0.000000,0.03436899185180664,3.0,10.543447|3.000000|0.000000,10.114566|3.000000|0.000000,10.543447|3.000000|0.000000,3,85513469952.000000,N/A,5
MOGP_GENERATIONAL,860abe12-f33b-11f0-b094-6e001b3eef54,Boston,74,76,10.114566|3.000000|0.000000,0.028554916381835938,3.0,10.543447|3.000000|0.000000,10.114566|3.000000|0.000000,10.543447|3.000000|0.000000,3,89347506176.000000,N/A,5
MOGP_GENERATIONAL,860abe12-f33b-11f0-b094-6e001b3eef54,Boston,74,77,10.114566|3.000000|0.000000,0.032469987869262695,3.0,10.543447|3.000000|0.000000,10.114566|3.000000|0.000000,10.543447|3.000000|0.000000,3,54326222848.000000,N/A,5
MOGP_GENERATIONAL,860abe12-f33b-11f0-b094-6e001b3eef54,Boston,74,78,10.114566|3.000000|0.000000,0.022391796112060547,3.0,10.543447|3.000000|0.000000,10.114566|3.000000|0.000000,10.543447|3.000000|0.000000,3,69180375040.000000,N/A,5
MOGP_GENERATIONAL,860abe12-f33b-11f0-b094-6e001b3eef54,Boston,74,79,10.114566|3.000000|0.000000,0.026515960693359375,3.0,10.543447|3.000000|0.000000,10.114566|3.000000|0.000000,10.543447|3.000000|0.000000,3,54716235776.000000,N/A,5
MOGP_GENERATIONAL,860abe12-f33b-11f0-b094-6e001b3eef54,Boston,74,80,10.114566|3.000000|0.000000,0.02294301986694336,3.0,10.543447|3.000000|0.000000,10.114566|3.000000|0.000000,10.543447|3.000000|0.000000,3,88877817856.000000,N/A,5
MOGP_GENERATIONAL,860abe12-f33b-11f0-b094-6e001b3eef54,Boston,74,81,10.114566|3.000000|0.000000,0.03110194206237793,3.0,10.543447|3.000000|0.000000,8.564423|7.000000|2.000000,8.858453|7.000000|2.000000,7,72585560064.000000,N/A,5
MOGP_GENERATIONAL,860abe12-f33b-11f0-b094-6e001b3eef54,Boston,74,82,10.114566|3.000000|0.000000,0.021816015243530273,3.0,10.543447|3.000000|0.000000,10.114566|3.000000|0.000000,10.543447|3.000000|0.000000,3,78768840704.000000,N/A,5
MOGP_GENERATIONAL,860abe12-f33b-11f0-b094-6e001b3eef54,Boston,74,83,10.114566|3.000000|0.000000,0.030102014541625977,3.0,10.543447|3.000000|0.000000,8.404468|7.000000|1.000000,8.784859|7.000000|1.000000,7,35810836480.000000,N/A,5
MOGP_GENERATIONAL,860abe12-f33b-11f0-b094-6e001b3eef54,Boston,74,84,10.114566|3.000000|0.000000,0.0247189998626709,3.0,10.543447|3.000000|0.000000,10.114566|3.000000|0.000000,10.543447|3.000000|0.000000,3,82396135424.000000,N/A,5
MOGP_GENERATIONAL,860abe12-f33b-11f0-b094-6e001b3eef54,Boston,74,85,10.114566|3.000000|0.000000,0.02872323989868164,3.0,10.543447|3.000000|0.000000,7.872596|7.000000|1.000000,8.130174|7.000000|1.000000,7,91699814400.000000,N/A,5
MOGP_GENERATIONAL,860abe12-f33b-11f0-b094-6e001b3eef54,Boston,74,86,10.114566|3.000000|0.000000,0.027825355529785156,3.0,10.543447|3.000000|0.000000,8.401011|7.000000|1.000000,8.737159|7.000000|1.000000,7,27569702912.000000,N/A,5
MOGP_GENERATIONAL,860abe12-f33b-11f0-b094-6e001b3eef54,Boston,74,87,10.114566|3.000000|0.000000,0.03262805938720703,3.0,10.543447|3.000000|0.000000,9.024538|7.000000|1.000000,9.429401|7.000000|1.000000,7,79127306240.000000,N/A,5
MOGP_GENERATIONAL,860abe12-f33b-11f0-b094-6e001b3eef54,Boston,74,88,10.114566|3.000000|0.000000,0.03114485740661621,3.0,10.543447|3.000000|0.000000,9.764437|7.000000|1.000000,10.208908|7.000000|1.000000,7,83002138624.000000,N/A,5
MOGP_GENERATIONAL,860abe12-f33b-11f0-b094-6e001b3eef54,Boston,74,89,10.114566|3.000000|0.000000,0.022350788116455078,3.0,10.543447|3.000000|0.000000,9.148272|7.000000|0.000000,9.658297|7.000000|0.000000,7,94570668032.000000,N/A,5
MOGP_GENERATIONAL,860abe12-f33b-11f0-b094-6e001b3eef54,Boston,74,90,10.114566|3.000000|0.000000,0.021579980850219727,3.0,10.543447|3.000000|0.000000,10.114566|3.000000|0.000000,10.543447|3.000000|0.000000,3,75646443520.000000,N/A,5
MOGP_GENERATIONAL,860abe12-f33b-11f0-b094-6e001b3eef54,Boston,74,91,10.114566|3.000000|0.000000,0.023550987243652344,3.0,10.543447|3.000000|0.000000,10.114566|3.000000|0.000000,10.543447|3.000000|0.000000,3,93792927744.000000,N/A,5
MOGP_GENERATIONAL,860abe12-f33b-11f0-b094-6e001b3eef54,Boston,74,92,10.114566|3.000000|0.000000,0.030331850051879883,3.0,10.543447|3.000000|0.000000,10.114566|3.000000|0.000000,10.543447|3.000000|0.000000,3,13894910976.000000,N/A,5
MOGP_GENERATIONAL,860abe12-f33b-11f0-b094-6e001b3eef54,Boston,74,93,10.114566|3.000000|0.000000,0.031366825103759766,3.0,10.543447|3.000000|0.000000,9.078752|7.000000|1.000000,9.348292|7.000000|1.000000,7,77867761664.000000,N/A,5
MOGP_GENERATIONAL,860abe12-f33b-11f0-b094-6e001b3eef54,Boston,74,94,10.114566|3.000000|0.000000,0.024837970733642578,3.0,10.543447|3.000000|0.000000,10.114566|3.000000|0.000000,10.543447|3.000000|0.000000,3,101114109952.000000,N/A,5
MOGP_GENERATIONAL,860abe12-f33b-11f0-b094-6e001b3eef54,Boston,74,95,10.114566|3.000000|0.000000,0.04842019081115723,3.0,10.543447|3.000000|0.000000,8.564423|7.000000|2.000000,8.858453|7.000000|2.000000,7,105270960128.000000,N/A,5
MOGP_GENERATIONAL,860abe12-f33b-11f0-b094-6e001b3eef54,Boston,74,96,10.114566|3.000000|0.000000,0.02156209945678711,3.0,10.543447|3.000000|0.000000,9.365581|15.000000|2.000000,9.490536|15.000000|2.000000,15,121665101824.000000,N/A,5
MOGP_GENERATIONAL,860abe12-f33b-11f0-b094-6e001b3eef54,Boston,74,97,10.114566|3.000000|0.000000,0.02931499481201172,3.0,10.543447|3.000000|0.000000,10.114566|3.000000|0.000000,10.543447|3.000000|0.000000,3,88720121856.000000,N/A,5
MOGP_GENERATIONAL,860abe12-f33b-11f0-b094-6e001b3eef54,Boston,74,98,10.114566|3.000000|0.000000,0.02398371696472168,3.0,10.543447|3.000000|0.000000,10.114566|3.000000|0.000000,10.543447|3.000000|0.000000,3,72167669760.000000,N/A,5
MOGP_GENERATIONAL,860abe12-f33b-11f0-b094-6e001b3eef54,Boston,74,99,10.114566|3.000000|0.000000,0.02210402488708496,3.0,10.543447|3.000000|0.000000,10.114566|3.000000|0.000000,10.543447|3.000000|0.000000,3,62856040448.000000,N/A,5
MOGP_GENERATIONAL,860abe12-f33b-11f0-b094-6e001b3eef54,Boston,74,100,10.114566|3.000000|0.000000,0.0242459774017334,3.0,10.543447|3.000000|0.000000,10.114566|3.000000|0.000000,10.543447|3.000000|0.000000,3,83477176320.000000,N/A,5
MOGP_GENERATIONAL,860abe12-f33b-11f0-b094-6e001b3eef54,Boston,74,101,10.114566|3.000000|0.000000,0.022719860076904297,3.0,10.543447|3.000000|0.000000,7.076391|7.000000|2.000000,7.150192|7.000000|2.000000,7,102781919232.000000,N/A,5
MOGP_GENERATIONAL,860abe12-f33b-11f0-b094-6e001b3eef54,Boston,74,102,10.114566|3.000000|0.000000,0.03068089485168457,3.0,10.543447|3.000000|0.000000,10.114566|3.000000|0.000000,10.543447|3.000000|0.000000,3,98114347008.000000,N/A,5
MOGP_GENERATIONAL,860abe12-f33b-11f0-b094-6e001b3eef54,Boston,74,103,10.114566|3.000000|0.000000,0.03023505210876465,3.0,10.543447|3.000000|0.000000,8.161251|7.000000|1.000000,8.529704|7.000000|1.000000,7,70423650304.000000,N/A,5
MOGP_GENERATIONAL,860abe12-f33b-11f0-b094-6e001b3eef54,Boston,74,104,10.114566|3.000000|0.000000,0.024708986282348633,3.0,10.543447|3.000000|0.000000,10.114566|3.000000|0.000000,10.543447|3.000000|0.000000,3,96821288960.000000,N/A,5
MOGP_GENERATIONAL,860abe12-f33b-11f0-b094-6e001b3eef54,Boston,74,105,10.114566|3.000000|0.000000,0.022342920303344727,3.0,10.543447|3.000000|0.000000,9.024538|7.000000|1.000000,9.429401|7.000000|1.000000,7,85121392640.000000,N/A,5
MOGP_GENERATIONAL,860abe12-f33b-11f0-b094-6e001b3eef54,Boston,74,106,10.114566|3.000000|0.000000,0.023192167282104492,3.0,10.543447|3.000000|0.000000,10.114566|3.000000|0.000000,10.543447|3.000000|0.000000,3,93790494720.000000,N/A,5
MOGP_GENERATIONAL,860abe12-f33b-11f0-b094-6e001b3eef54,Boston,74,107,10.114566|3.000000|0.000000,0.021600961685180664,3.0,10.543447|3.000000|0.000000,10.114566|3.000000|0.000000,10.543447|3.000000|0.000000,3,104210735104.000000,N/A,5
MOGP_GENERATIONAL,860abe12-f33b-11f0-b094-6e001b3eef54,Boston,74,108,10.114566|3.000000|0.000000,0.030416011810302734,3.0,10.543447|3.000000|0.000000,9.386155|7.000000|0.000000,9.859197|7.000000|0.000000,7,74657472512.000000,N/A,5
MOGP_GENERATIONAL,860abe12-f33b-11f0-b094-6e001b3eef54,Boston,74,109,10.114566|3.000000|0.000000,0.030900001525878906,3.0,10.543447|3.000000|0.000000,9.049608|7.000000|0.000000,9.552132|7.000000|0.000000,7,69450760192.000000,N/A,5
MOGP_GENERATIONAL,860abe12-f33b-11f0-b094-6e001b3eef54,Boston,74,110,10.114566|3.000000|0.000000,0.0379180908203125,3.0,10.543447|3.000000|0.000000,8.564423|7.000000|2.000000,8.858453|7.000000|2.000000,7,59023728640.000000,N/A,5
MOGP_GENERATIONAL,860abe12-f33b-11f0-b094-6e001b3eef54,Boston,74,111,10.114566|3.000000|0.000000,0.022300243377685547,3.0,10.543447|3.000000|0.000000,10.114566|3.000000|0.000000,10.543447|3.000000|0.000000,3,64765464576.000000,N/A,5
MOGP_GENERATIONAL,860abe12-f33b-11f0-b094-6e001b3eef54,Boston,74,112,10.114566|3.000000|0.000000,0.0439300537109375,3.0,10.543447|3.000000|0.000000,8.161251|7.000000|1.000000,8.529704|7.000000|1.000000,7,106187079680.000000,N/A,5
MOGP_GENERATIONAL,860abe12-f33b-11f0-b094-6e001b3eef54,Boston,74,113,10.114566|3.000000|0.000000,0.028965234756469727,3.0,10.543447|3.000000|0.000000,10.114566|3.000000|0.000000,10.543447|3.000000|0.000000,3,57195732992.000000,N/A,5
MOGP_GENERATIONAL,860abe12-f33b-11f0-b094-6e001b3eef54,Boston,74,114,10.114566|3.000000|0.000000,0.03871917724609375,3.0,10.543447|3.000000|0.000000,10.114566|3.000000|0.000000,10.543447|3.000000|0.000000,3,78482505728.000000,N/A,5
MOGP_GENERATIONAL,860abe12-f33b-11f0-b094-6e001b3eef54,Boston,74,115,10.114566|3.000000|0.000000,0.023797988891601562,3.0,10.543447|3.000000|0.000000,10.114566|3.000000|0.000000,10.543447|3.000000|0.000000,3,40891002880.000000,N/A,5
MOGP_GENERATIONAL,860abe12-f33b-11f0-b094-6e001b3eef54,Boston,74,116,10.114566|3.000000|0.000000,0.023019075393676758,3.0,10.543447|3.000000|0.000000,10.114566|3.000000|0.000000,10.543447|3.000000|0.000000,3,49639780352.000000,N/A,5
MOGP_GENERATIONAL,860abe12-f33b-11f0-b094-6e001b3eef54,Boston,74,117,10.114566|3.000000|0.000000,0.027066946029663086,3.0,10.543447|3.000000|0.000000,10.114566|3.000000|0.000000,10.543447|3.000000|0.000000,3,64022622208.000000,N/A,5
MOGP_GENERATIONAL,860abe12-f33b-11f0-b094-6e001b3eef54,Boston,74,118,10.114566|3.000000|0.000000,0.026474952697753906,3.0,10.543447|3.000000|0.000000,7.872596|7.000000|1.000000,8.130174|7.000000|1.000000,7,134471114752.000000,N/A,5
MOGP_GENERATIONAL,860abe12-f33b-11f0-b094-6e001b3eef54,Boston,74,119,10.114566|3.000000|0.000000,0.020344018936157227,3.0,10.543447|3.000000|0.000000,10.114566|3.000000|0.000000,10.543447|3.000000|0.000000,3,49513029632.000000,N/A,5
MOGP_GENERATIONAL,860abe12-f33b-11f0-b094-6e001b3eef54,Boston,74,120,10.114566|3.000000|0.000000,0.0272979736328125,3.0,10.543447|3.000000|0.000000,10.114566|3.000000|0.000000,10.543447|3.000000|0.000000,3,102446522368.000000,N/A,5
MOGP_GENERATIONAL,860abe12-f33b-11f0-b094-6e001b3eef54,Boston,74,121,10.114566|3.000000|0.000000,0.02825617790222168,3.0,10.543447|3.000000|0.000000,10.114566|3.000000|0.000000,10.543447|3.000000|0.000000,3,61826482176.000000,N/A,5
MOGP_GENERATIONAL,860abe12-f33b-11f0-b094-6e001b3eef54,Boston,74,122,10.114566|3.000000|0.000000,0.03161001205444336,3.0,10.543447|3.000000|0.000000,10.114566|3.000000|0.000000,10.543447|3.000000|0.000000,3,58384162816.000000,N/A,5
MOGP_GENERATIONAL,860abe12-f33b-11f0-b094-6e001b3eef54,Boston,74,123,10.114566|3.000000|0.000000,0.028990983963012695,3.0,10.543447|3.000000|0.000000,9.247766|11.000000|2.000000,9.687502|11.000000|2.000000,11,61313511424.000000,N/A,5
MOGP_GENERATIONAL,860abe12-f33b-11f0-b094-6e001b3eef54,Boston,74,124,10.114566|3.000000|0.000000,0.022648096084594727,3.0,10.543447|3.000000|0.000000,10.114566|3.000000|0.000000,10.543447|3.000000|0.000000,3,40782946304.000000,N/A,5
MOGP_GENERATIONAL,860abe12-f33b-11f0-b094-6e001b3eef54,Boston,74,125,10.114566|3.000000|0.000000,0.02787613868713379,3.0,10.543447|3.000000|0.000000,10.114566|3.000000|0.000000,10.543447|3.000000|0.000000,3,71215177728.000000,N/A,5
MOGP_GENERATIONAL,860abe12-f33b-11f0-b094-6e001b3eef54,Boston,74,126,10.114566|3.000000|0.000000,0.022613048553466797,3.0,10.543447|3.000000|0.000000,9.078752|7.000000|1.000000,9.348292|7.000000|1.000000,7,66360307712.000000,N/A,5
MOGP_GENERATIONAL,860abe12-f33b-11f0-b094-6e001b3eef54,Boston,74,127,10.114566|3.000000|0.000000,0.02787494659423828,3.0,10.543447|3.000000|0.000000,7.872596|15.000000|2.000000,8.130175|15.000000|2.000000,15,104792047616.000000,N/A,5
MOGP_GENERATIONAL,860abe12-f33b-11f0-b094-6e001b3eef54,Boston,74,128,10.114566|3.000000|0.000000,0.02170085906982422,3.0,10.543447|3.000000|0.000000,9.078752|7.000000|1.000000,9.348292|7.000000|1.000000,7,33472811008.000000,N/A,5
MOGP_GENERATIONAL,860abe12-f33b-11f0-b094-6e001b3eef54,Boston,74,129,10.114566|3.000000|0.000000,0.028415918350219727,3.0,10.543447|3.000000|0.000000,10.114566|3.000000|0.000000,10.543447|3.000000|0.000000,3,85359263744.000000,N/A,5
MOGP_GENERATIONAL,860abe12-f33b-11f0-b094-6e001b3eef54,Boston,74,130,10.114566|3.000000|0.000000,0.027704954147338867,3.0,10.543447|3.000000|0.000000,10.114566|3.000000|0.000000,10.543447|3.000000|0.000000,3,35659911168.000000,N/A,5
MOGP_GENERATIONAL,860abe12-f33b-11f0-b094-6e001b3eef54,Boston,74,131,10.114566|3.000000|0.000000,0.028884172439575195,3.0,10.543447|3.000000|0.000000,10.114566|3.000000|0.000000,10.543447|3.000000|0.000000,3,85245992960.000000,N/A,5
MOGP_GENERATIONAL,860abe12-f33b-11f0-b094-6e001b3eef54,Boston,74,132,10.114566|3.000000|0.000000,0.0218660831451416,3.0,10.543447|3.000000|0.000000,10.114566|3.000000|0.000000,10.543447|3.000000|0.000000,3,75269709824.000000,N/A,5
MOGP_GENERATIONAL,860abe12-f33b-11f0-b094-6e001b3eef54,Boston,74,133,10.114566|3.000000|0.000000,0.022566795349121094,3.0,10.543447|3.000000|0.000000,10.114566|3.000000|0.000000,10.543447|3.000000|0.000000,3,25733394432.000000,N/A,5
MOGP_GENERATIONAL,860abe12-f33b-11f0-b094-6e001b3eef54,Boston,74,134,10.114566|3.000000|0.000000,0.026113033294677734,3.0,10.543447|3.000000|0.000000,8.161251|7.000000|1.000000,8.529704|7.000000|1.000000,7,108822511616.000000,N/A,5
MOGP_GENERATIONAL,860abe12-f33b-11f0-b094-6e001b3eef54,Boston,74,135,10.114566|3.000000|0.000000,0.02257990837097168,3.0,10.543447|3.000000|0.000000,10.114566|3.000000|0.000000,10.543447|3.000000|0.000000,3,71913496576.000000,N/A,5
MOGP_GENERATIONAL,860abe12-f33b-11f0-b094-6e001b3eef54,Boston,74,136,10.114566|3.000000|0.000000,0.020402908325195312,3.0,10.543447|3.000000|0.000000,8.564423|7.000000|2.000000,8.858453|7.000000|2.000000,7,99406290944.000000,N/A,5
MOGP_GENERATIONAL,860abe12-f33b-11f0-b094-6e001b3eef54,Boston,74,137,10.114566|3.000000|0.000000,0.028481006622314453,3.0,10.543447|3.000000|0.000000,9.085590|7.000000|1.000000,9.376570|7.000000|1.000000,7,95496536064.000000,N/A,5
MOGP_GENERATIONAL,860abe12-f33b-11f0-b094-6e001b3eef54,Boston,74,138,10.114566|3.000000|0.000000,0.026082754135131836,3.0,10.543447|3.000000|0.000000,10.114566|3.000000|0.000000,10.543447|3.000000|0.000000,3,102483468288.000000,N/A,5
MOGP_GENERATIONAL,860abe12-f33b-11f0-b094-6e001b3eef54,Boston,74,139,10.114566|3.000000|0.000000,0.026945114135742188,3.0,10.543447|3.000000|0.000000,10.114566|3.000000|0.000000,10.543447|3.000000|0.000000,3,102632833024.000000,N/A,5
MOGP_GENERATIONAL,860abe12-f33b-11f0-b094-6e001b3eef54,Boston,74,140,10.114566|3.000000|0.000000,0.02188897132873535,3.0,10.543447|3.000000|0.000000,9.405362|7.000000|1.000000,9.921524|7.000000|1.000000,7,74900250624.000000,N/A,5
MOGP_GENERATIONAL,860abe12-f33b-11f0-b094-6e001b3eef54,Boston,74,141,10.114566|3.000000|0.000000,0.020292997360229492,3.0,10.543447|3.000000|0.000000,10.114566|3.000000|0.000000,10.543447|3.000000|0.000000,3,78015275008.000000,N/A,5
MOGP_GENERATIONAL,860abe12-f33b-11f0-b094-6e001b3eef54,Boston,74,142,10.114566|3.000000|0.000000,0.02174997329711914,3.0,10.543447|3.000000|0.000000,9.560607|11.000000|1.000000,9.688526|11.000000|1.000000,11,67114672128.000000,N/A,5
MOGP_GENERATIONAL,860abe12-f33b-11f0-b094-6e001b3eef54,Boston,74,143,10.114566|3.000000|0.000000,0.023656845092773438,3.0,10.543447|3.000000|0.000000,10.114566|3.000000|0.000000,10.543447|3.000000|0.000000,3,53242818560.000000,N/A,5
MOGP_GENERATIONAL,860abe12-f33b-11f0-b094-6e001b3eef54,Boston,74,144,10.114566|3.000000|0.000000,0.0262300968170166,3.0,10.543447|3.000000|0.000000,10.114566|3.000000|0.000000,10.543447|3.000000|0.000000,3,126114381824.000000,N/A,5
MOGP_GENERATIONAL,860abe12-f33b-11f0-b094-6e001b3eef54,Boston,74,145,10.114566|3.000000|0.000000,0.021213054656982422,3.0,10.543447|3.000000|0.000000,10.114566|3.000000|0.000000,10.543447|3.000000|0.000000,3,78847139840.000000,N/A,5
MOGP_GENERATIONAL,860abe12-f33b-11f0-b094-6e001b3eef54,Boston,74,146,10.114566|3.000000|0.000000,0.021831035614013672,3.0,10.543447|3.000000|0.000000,10.114566|3.000000|0.000000,10.543447|3.000000|0.000000,3,113960853504.000000,N/A,5
MOGP_GENERATIONAL,860abe12-f33b-11f0-b094-6e001b3eef54,Boston,74,147,10.114566|3.000000|0.000000,0.025353193283081055,3.0,10.543447|3.000000|0.000000,10.114566|3.000000|0.000000,10.543447|3.000000|0.000000,3,55869534208.000000,N/A,5
MOGP_GENERATIONAL,860abe12-f33b-11f0-b094-6e001b3eef54,Boston,74,148,10.114566|3.000000|0.000000,0.023527145385742188,3.0,10.543447|3.000000|0.000000,10.114566|3.000000|0.000000,10.543447|3.000000|0.000000,3,91449294848.000000,N/A,5
MOGP_GENERATIONAL,860abe12-f33b-11f0-b094-6e001b3eef54,Boston,74,149,10.114566|3.000000|0.000000,0.04138302803039551,3.0,10.543447|3.000000|0.000000,10.114566|3.000000|0.000000,10.543447|3.000000|0.000000,3,74805460992.000000,N/A,5
MOGP_GENERATIONAL,860abe12-f33b-11f0-b094-6e001b3eef54,Boston,74,150,10.114566|3.000000|0.000000,0.021124839782714844,3.0,10.543447|3.000000|0.000000,7.872596|7.000000|1.000000,8.130174|7.000000|1.000000,7,114749997056.000000,N/A,5
MOGP_GENERATIONAL,860abe12-f33b-11f0-b094-6e001b3eef54,Boston,74,151,10.114566|3.000000|0.000000,0.02188396453857422,3.0,10.543447|3.000000|0.000000,10.114566|3.000000|0.000000,10.543447|3.000000|0.000000,3,88695709696.000000,N/A,5
MOGP_GENERATIONAL,860abe12-f33b-11f0-b094-6e001b3eef54,Boston,74,152,10.114566|3.000000|0.000000,0.02178478240966797,3.0,10.543447|3.000000|0.000000,9.668834|7.000000|0.000000,10.164752|7.000000|0.000000,7,102025125888.000000,N/A,5
MOGP_GENERATIONAL,860abe12-f33b-11f0-b094-6e001b3eef54,Boston,74,153,10.114566|3.000000|0.000000,0.022632837295532227,3.0,10.543447|3.000000|0.000000,7.076391|7.000000|2.000000,7.150192|7.000000|2.000000,7,81791016960.000000,N/A,5
MOGP_GENERATIONAL,860abe12-f33b-11f0-b094-6e001b3eef54,Boston,74,154,10.114566|3.000000|0.000000,0.023159027099609375,3.0,10.543447|3.000000|0.000000,10.114566|3.000000|0.000000,10.543447|3.000000|0.000000,3,99538149376.000000,N/A,5
MOGP_GENERATIONAL,860abe12-f33b-11f0-b094-6e001b3eef54,Boston,74,155,10.114566|3.000000|0.000000,0.020668983459472656,3.0,10.543447|3.000000|0.000000,10.114566|3.000000|0.000000,10.543447|3.000000|0.000000,3,69223694336.000000,N/A,5
MOGP_GENERATIONAL,860abe12-f33b-11f0-b094-6e001b3eef54,Boston,74,156,10.114566|3.000000|0.000000,0.020721912384033203,3.0,10.543447|3.000000|0.000000,9.386155|7.000000|0.000000,9.859197|7.000000|0.000000,7,26140307456.000000,N/A,5
MOGP_GENERATIONAL,860abe12-f33b-11f0-b094-6e001b3eef54,Boston,74,157,10.114566|3.000000|0.000000,0.02914881706237793,3.0,10.543447|3.000000|0.000000,10.114566|3.000000|0.000000,10.543447|3.000000|0.000000,3,82280022016.000000,N/A,5
MOGP_GENERATIONAL,860abe12-f33b-11f0-b094-6e001b3eef54,Boston,74,158,10.114566|3.000000|0.000000,0.021193981170654297,3.0,10.543447|3.000000|0.000000,10.114566|3.000000|0.000000,10.543447|3.000000|0.000000,3,74068942848.000000,N/A,5
MOGP_GENERATIONAL,860abe12-f33b-11f0-b094-6e001b3eef54,Boston,74,159,10.114566|3.000000|0.000000,0.02106618881225586,3.0,10.543447|3.000000|0.000000,10.114566|3.000000|0.000000,10.543447|3.000000|0.000000,3,98982387712.000000,N/A,5
MOGP_GENERATIONAL,860abe12-f33b-11f0-b094-6e001b3eef54,Boston,74,160,10.114566|3.000000|0.000000,0.021177053451538086,3.0,10.543447|3.000000|0.000000,10.114566|3.000000|0.000000,10.543447|3.000000|0.000000,3,129135321088.000000,N/A,5
MOGP_GENERATIONAL,860abe12-f33b-11f0-b094-6e001b3eef54,Boston,74,161,10.114566|3.000000|0.000000,0.0208280086517334,3.0,10.543447|3.000000|0.000000,10.114566|3.000000|0.000000,10.543447|3.000000|0.000000,3,86127321088.000000,N/A,5
MOGP_GENERATIONAL,860abe12-f33b-11f0-b094-6e001b3eef54,Boston,74,162,10.114566|3.000000|0.000000,0.026113033294677734,3.0,10.543447|3.000000|0.000000,10.114566|3.000000|0.000000,10.543447|3.000000|0.000000,3,66657873920.000000,N/A,5
MOGP_GENERATIONAL,860abe12-f33b-11f0-b094-6e001b3eef54,Boston,74,163,10.114566|3.000000|0.000000,0.021071195602416992,3.0,10.543447|3.000000|0.000000,9.002563|15.000000|2.000000,9.552907|15.000000|2.000000,15,76937404416.000000,N/A,5
MOGP_GENERATIONAL,860abe12-f33b-11f0-b094-6e001b3eef54,Boston,74,164,10.114566|3.000000|0.000000,0.020972013473510742,3.0,10.543447|3.000000|0.000000,10.114566|3.000000|0.000000,10.543447|3.000000|0.000000,3,58215052.000000,N/A,5
MOGP_GENERATIONAL,860abe12-f33b-11f0-b094-6e001b3eef54,Boston,74,165,10.114566|3.000000|0.000000,0.021620988845825195,3.0,10.543447|3.000000|0.000000,10.114566|3.000000|0.000000,10.543447|3.000000|0.000000,3,75241586688.000000,N/A,5
MOGP_GENERATIONAL,860abe12-f33b-11f0-b094-6e001b3eef54,Boston,74,166,10.114566|3.000000|0.000000,0.02127695083618164,3.0,10.543447|3.000000|0.000000,7.872596|7.000000|1.000000,8.130174|7.000000|1.000000,7,72576393216.000000,N/A,5
MOGP_GENERATIONAL,860abe12-f33b-11f0-b094-6e001b3eef54,Boston,74,167,10.114566|3.000000|0.000000,0.022253036499023438,3.0,10.543447|3.000000|0.000000,8.564423|7.000000|2.000000,8.858453|7.000000|2.000000,7,102423805952.000000,N/A,5
MOGP_GENERATIONAL,860abe12-f33b-11f0-b094-6e001b3eef54,Boston,74,168,10.114566|3.000000|0.000000,0.021165132522583008,3.0,10.543447|3.000000|0.000000,10.114566|3.000000|0.000000,10.543447|3.000000|0.000000,3,75286118400.000000,N/A,5
MOGP_GENERATIONAL,860abe12-f33b-11f0-b094-6e001b3eef54,Boston,74,169,10.114566|3.000000|0.000000,0.027663230895996094,3.0,10.543447|3.000000|0.000000,10.114566|3.000000|0.000000,10.543447|3.000000|0.000000,3,70420135936.000000,N/A,5
MOGP_GENERATIONAL,860abe12-f33b-11f0-b094-6e001b3eef54,Boston,74,170,10.114566|3.000000|0.000000,0.02746415138244629,3.0,10.543447|3.000000|0.000000,10.114566|3.000000|0.000000,10.543447|3.000000|0.000000,3,60018827264.000000,N/A,5
MOGP_GENERATIONAL,860abe12-f33b-11f0-b094-6e001b3eef54,Boston,74,171,10.114566|3.000000|0.000000,0.020689964294433594,3.0,10.543447|3.000000|0.000000,10.114566|3.000000|0.000000,10.543447|3.000000|0.000000,3,60171722752.000000,N/A,5
MOGP_GENERATIONAL,860abe12-f33b-11f0-b094-6e001b3eef54,Boston,74,172,10.114566|3.000000|0.000000,0.02530217170715332,3.0,10.543447|3.000000|0.000000,10.114566|3.000000|0.000000,10.543447|3.000000|0.000000,3,147538247680.000000,N/A,5
MOGP_GENERATIONAL,860abe12-f33b-11f0-b094-6e001b3eef54,Boston,74,173,10.114566|3.000000|0.000000,0.02135324478149414,3.0,10.543447|3.000000|0.000000,8.401011|7.000000|1.000000,8.737159|7.000000|1.000000,7,101510209536.000000,N/A,5
MOGP_GENERATIONAL,860abe12-f33b-11f0-b094-6e001b3eef54,Boston,74,174,10.114566|3.000000|0.000000,0.020716190338134766,3.0,10.543447|3.000000|0.000000,8.401011|11.000000|2.000000,8.737159|11.000000|2.000000,11,90969833472.000000,N/A,5
MOGP_GENERATIONAL,860abe12-f33b-11f0-b094-6e001b3eef54,Boston,74,175,10.114566|3.000000|0.000000,0.02313089370727539,3.0,10.543447|3.000000|0.000000,9.764437|7.000000|1.000000,10.208908|7.000000|1.000000,7,32937310208.000000,N/A,5
MOGP_GENERATIONAL,860abe12-f33b-11f0-b094-6e001b3eef54,Boston,74,176,10.114566|3.000000|0.000000,0.023504257202148438,3.0,10.543447|3.000000|0.000000,10.114566|3.000000|0.000000,10.543447|3.000000|0.000000,3,108331835392.000000,N/A,5
MOGP_GENERATIONAL,860abe12-f33b-11f0-b094-6e001b3eef54,Boston,74,177,10.114566|3.000000|0.000000,0.021106243133544922,3.0,10.543447|3.000000|0.000000,10.114566|3.000000|0.000000,10.543447|3.000000|0.000000,3,90626473984.000000,N/A,5
MOGP_GENERATIONAL,860abe12-f33b-11f0-b094-6e001b3eef54,Boston,74,178,10.114566|3.000000|0.000000,0.02259206771850586,3.0,10.543447|3.000000|0.000000,10.114566|3.000000|0.000000,10.543447|3.000000|0.000000,3,79752765440.000000,N/A,5
MOGP_GENERATIONAL,860abe12-f33b-11f0-b094-6e001b3eef54,Boston,74,179,10.114566|3.000000|0.000000,0.029202938079833984,3.0,10.543447|3.000000|0.000000,7.872596|7.000000|1.000000,8.130174|7.000000|1.000000,7,49938214912.000000,N/A,5
MOGP_GENERATIONAL,860abe12-f33b-11f0-b094-6e001b3eef54,Boston,74,180,10.114566|3.000000|0.000000,0.02150416374206543,3.0,10.543447|3.000000|0.000000,10.114566|3.000000|0.000000,10.543447|3.000000|0.000000,3,63211106304.000000,N/A,5
MOGP_GENERATIONAL,860abe12-f33b-11f0-b094-6e001b3eef54,Boston,74,181,10.114566|3.000000|0.000000,0.031113862991333008,3.0,10.543447|3.000000|0.000000,10.114566|3.000000|0.000000,10.543447|3.000000|0.000000,3,93987848192.000000,N/A,5
MOGP_GENERATIONAL,860abe12-f33b-11f0-b094-6e001b3eef54,Boston,74,182,10.114566|3.000000|0.000000,0.021164655685424805,3.0,10.543447|3.000000|0.000000,10.114566|3.000000|0.000000,10.543447|3.000000|0.000000,3,54744961024.000000,N/A,5
MOGP_GENERATIONAL,860abe12-f33b-11f0-b094-6e001b3eef54,Boston,74,183,10.114566|3.000000|0.000000,0.02008819580078125,3.0,10.543447|3.000000|0.000000,9.078752|7.000000|1.000000,9.348292|7.000000|1.000000,7,73464840192.000000,N/A,5
MOGP_GENERATIONAL,860abe12-f33b-11f0-b094-6e001b3eef54,Boston,74,184,10.114566|3.000000|0.000000,0.02791619300842285,3.0,10.543447|3.000000|0.000000,10.114566|3.000000|0.000000,10.543447|3.000000|0.000000,3,88110907392.000000,N/A,5
MOGP_GENERATIONAL,860abe12-f33b-11f0-b094-6e001b3eef54,Boston,74,185,10.114566|3.000000|0.000000,0.021725893020629883,3.0,10.543447|3.000000|0.000000,7.872596|7.000000|1.000000,8.130174|7.000000|1.000000,7,91901722624.000000,N/A,5
MOGP_GENERATIONAL,860abe12-f33b-11f0-b094-6e001b3eef54,Boston,74,186,10.114566|3.000000|0.000000,0.02827596664428711,3.0,10.543447|3.000000|0.000000,10.114566|3.000000|0.000000,10.543447|3.000000|0.000000,3,100796358656.000000,N/A,5
MOGP_GENERATIONAL,860abe12-f33b-11f0-b094-6e001b3eef54,Boston,74,187,10.114566|3.000000|0.000000,0.021452903747558594,3.0,10.543447|3.000000|0.000000,10.114566|3.000000|0.000000,10.543447|3.000000|0.000000,3,76562022400.000000,N/A,5
MOGP_GENERATIONAL,860abe12-f33b-11f0-b094-6e001b3eef54,Boston,74,188,10.114566|3.000000|0.000000,0.020946979522705078,3.0,10.543447|3.000000|0.000000,10.114566|3.000000|0.000000,10.543447|3.000000|0.000000,3,55901044736.000000,N/A,5
MOGP_GENERATIONAL,860abe12-f33b-11f0-b094-6e001b3eef54,Boston,74,189,10.114566|3.000000|0.000000,0.026793956756591797,3.0,10.543447|3.000000|0.000000,10.114566|3.000000|0.000000,10.543447|3.000000|0.000000,3,83832995840.000000,N/A,5
MOGP_GENERATIONAL,860abe12-f33b-11f0-b094-6e001b3eef54,Boston,74,190,10.114566|3.000000|0.000000,0.12193012237548828,3.0,10.543447|3.000000|0.000000,10.114566|3.000000|0.000000,10.543447|3.000000|0.000000,3,100527161344.000000,N/A,5
MOGP_GENERATIONAL,860abe12-f33b-11f0-b094-6e001b3eef54,Boston,74,191,10.114566|3.000000|0.000000,0.029090166091918945,3.0,10.543447|3.000000|0.000000,10.114566|3.000000|0.000000,10.543447|3.000000|0.000000,3,73828491264.000000,N/A,5
MOGP_GENERATIONAL,860abe12-f33b-11f0-b094-6e001b3eef54,Boston,74,192,10.114566|3.000000|0.000000,0.036344051361083984,3.0,10.543447|3.000000|0.000000,10.114566|3.000000|0.000000,10.543447|3.000000|0.000000,3,122374316032.000000,N/A,5
MOGP_GENERATIONAL,860abe12-f33b-11f0-b094-6e001b3eef54,Boston,74,193,10.114566|3.000000|0.000000,0.026510000228881836,3.0,10.543447|3.000000|0.000000,10.114566|3.000000|0.000000,10.543447|3.000000|0.000000,3,99465945088.000000,N/A,5
MOGP_GENERATIONAL,860abe12-f33b-11f0-b094-6e001b3eef54,Boston,74,194,10.114566|3.000000|0.000000,0.021838903427124023,3.0,10.543447|3.000000|0.000000,10.114566|3.000000|0.000000,10.543447|3.000000|0.000000,3,94056030208.000000,N/A,5
MOGP_GENERATIONAL,860abe12-f33b-11f0-b094-6e001b3eef54,Boston,74,195,10.114566|3.000000|0.000000,0.026931047439575195,3.0,10.543447|3.000000|0.000000,9.668834|7.000000|0.000000,10.164752|7.000000|0.000000,7,60471148544.000000,N/A,5
MOGP_GENERATIONAL,860abe12-f33b-11f0-b094-6e001b3eef54,Boston,74,196,10.114566|3.000000|0.000000,0.022618770599365234,3.0,10.543447|3.000000|0.000000,10.114566|3.000000|0.000000,10.543447|3.000000|0.000000,3,69058248704.000000,N/A,5
MOGP_GENERATIONAL,860abe12-f33b-11f0-b094-6e001b3eef54,Boston,74,197,10.114566|3.000000|0.000000,0.02659296989440918,3.0,10.543447|3.000000|0.000000,10.114566|3.000000|0.000000,10.543447|3.000000|0.000000,3,84719869952.000000,N/A,5
MOGP_GENERATIONAL,860abe12-f33b-11f0-b094-6e001b3eef54,Boston,74,198,10.114566|3.000000|0.000000,0.028894901275634766,3.0,10.543447|3.000000|0.000000,10.114566|3.000000|0.000000,10.543447|3.000000|0.000000,3,82911641600.000000,N/A,5
MOGP_GENERATIONAL,860abe12-f33b-11f0-b094-6e001b3eef54,Boston,74,199,10.114566|3.000000|0.000000,0.03361392021179199,3.0,10.543447|3.000000|0.000000,10.114566|3.000000|0.000000,10.543447|3.000000|0.000000,3,94675632128.000000,N/A,5
MOGP_GENERATIONAL,860abe12-f33b-11f0-b094-6e001b3eef54,Boston,74,200,10.114566|3.000000|0.000000,0.026062726974487305,3.0,10.543447|3.000000|0.000000,10.114566|3.000000|0.000000,10.543447|3.000000|0.000000,3,72629575680.000000,N/A,5
MOGP_GENERATIONAL,860abe12-f33b-11f0-b094-6e001b3eef54,Boston,74,201,10.114566|3.000000|0.000000,0.02295517921447754,3.0,10.543447|3.000000|0.000000,9.148272|7.000000|0.000000,9.658297|7.000000|0.000000,7,61692981248.000000,N/A,5
MOGP_GENERATIONAL,860abe12-f33b-11f0-b094-6e001b3eef54,Boston,74,202,10.114566|3.000000|0.000000,0.020650148391723633,3.0,10.543447|3.000000|0.000000,10.114566|3.000000|0.000000,10.543447|3.000000|0.000000,3,89910378496.000000,N/A,5
MOGP_GENERATIONAL,860abe12-f33b-11f0-b094-6e001b3eef54,Boston,74,203,10.114566|3.000000|0.000000,0.024554014205932617,3.0,10.543447|3.000000|0.000000,10.114566|3.000000|0.000000,10.543447|3.000000|0.000000,3,82840788992.000000,N/A,5
MOGP_GENERATIONAL,860abe12-f33b-11f0-b094-6e001b3eef54,Boston,74,204,10.114566|3.000000|0.000000,0.02999114990234375,3.0,10.543447|3.000000|0.000000,10.114566|3.000000|0.000000,10.543447|3.000000|0.000000,3,63166414848.000000,N/A,5
MOGP_GENERATIONAL,860abe12-f33b-11f0-b094-6e001b3eef54,Boston,74,205,10.114566|3.000000|0.000000,0.026146888732910156,3.0,10.543447|3.000000|0.000000,10.114566|3.000000|0.000000,10.543447|3.000000|0.000000,3,33878452224.000000,N/A,5
MOGP_GENERATIONAL,860abe12-f33b-11f0-b094-6e001b3eef54,Boston,74,206,10.114566|3.000000|0.000000,0.02099895477294922,3.0,10.543447|3.000000|0.000000,7.872596|7.000000|1.000000,8.130174|7.000000|1.000000,7,44466356224.000000,N/A,5
MOGP_GENERATIONAL,860abe12-f33b-11f0-b094-6e001b3eef54,Boston,74,207,10.114566|3.000000|0.000000,0.03178286552429199,3.0,10.543447|3.000000|0.000000,10.114566|3.000000|0.000000,10.543447|3.000000|0.000000,3,82890121216.000000,N/A,5
MOGP_GENERATIONAL,860abe12-f33b-11f0-b094-6e001b3eef54,Boston,74,208,10.114566|3.000000|0.000000,0.02121710777282715,3.0,10.543447|3.000000|0.000000,10.114566|3.000000|0.000000,10.543447|3.000000|0.000000,3,57145540608.000000,N/A,5
MOGP_GENERATIONAL,860abe12-f33b-11f0-b094-6e001b3eef54,Boston,74,209,10.114566|3.000000|0.000000,0.02245020866394043,3.0,10.543447|3.000000|0.000000,10.114566|3.000000|0.000000,10.543447|3.000000|0.000000,3,86485336064.000000,N/A,5
MOGP_GENERATIONAL,860abe12-f33b-11f0-b094-6e001b3eef54,Boston,74,210,10.114566|3.000000|0.000000,0.025079011917114258,3.0,10.543447|3.000000|0.000000,10.114566|3.000000|0.000000,10.543447|3.000000|0.000000,3,85583511552.000000,N/A,5
MOGP_GENERATIONAL,860abe12-f33b-11f0-b094-6e001b3eef54,Boston,74,211,10.114566|3.000000|0.000000,0.036448001861572266,3.0,10.543447|3.000000|0.000000,10.114566|3.000000|0.000000,10.543447|3.000000|0.000000,3,61207945216.000000,N/A,5
MOGP_GENERATIONAL,860abe12-f33b-11f0-b094-6e001b3eef54,Boston,74,212,10.114566|3.000000|0.000000,0.03135490417480469,3.0,10.543447|3.000000|0.000000,10.114566|3.000000|0.000000,10.543447|3.000000|0.000000,3,80695803904.000000,N/A,5
MOGP_GENERATIONAL,860abe12-f33b-11f0-b094-6e001b3eef54,Boston,74,213,10.114566|3.000000|0.000000,0.03432798385620117,3.0,10.543447|3.000000|0.000000,8.564423|7.000000|2.000000,8.858453|7.000000|2.000000,7,86875955200.000000,N/A,5
MOGP_GENERATIONAL,860abe12-f33b-11f0-b094-6e001b3eef54,Boston,74,214,10.114566|3.000000|0.000000,0.02903604507446289,3.0,10.543447|3.000000|0.000000,7.872596|7.000000|1.000000,8.130174|7.000000|1.000000,7,4634177024.000000,N/A,5
MOGP_GENERATIONAL,860abe12-f33b-11f0-b094-6e001b3eef54,Boston,74,215,10.114566|3.000000|0.000000,0.025378704071044922,3.0,10.543447|3.000000|0.000000,10.114566|3.000000|0.000000,10.543447|3.000000|0.000000,3,2654141440.000000,N/A,5
MOGP_GENERATIONAL,860abe12-f33b-11f0-b094-6e001b3eef54,Boston,74,216,10.114566|3.000000|0.000000,0.02289104461669922,3.0,10.543447|3.000000|0.000000,10.114566|3.000000|0.000000,10.543447|3.000000|0.000000,3,72095432704.000000,N/A,5
MOGP_GENERATIONAL,860abe12-f33b-11f0-b094-6e001b3eef54,Boston,74,217,10.114566|3.000000|0.000000,0.028484106063842773,3.0,10.543447|3.000000|0.000000,10.114566|3.000000|0.000000,10.543447|3.000000|0.000000,3,57393950720.000000,N/A,5
MOGP_GENERATIONAL,860abe12-f33b-11f0-b094-6e001b3eef54,Boston,74,218,10.114566|3.000000|0.000000,0.024735212326049805,3.0,10.543447|3.000000|0.000000,10.114566|3.000000|0.000000,10.543447|3.000000|0.000000,3,107434901504.000000,N/A,5
MOGP_GENERATIONAL,860abe12-f33b-11f0-b094-6e001b3eef54,Boston,74,219,10.114566|3.000000|0.000000,0.023961782455444336,3.0,10.543447|3.000000|0.000000,10.114566|3.000000|0.000000,10.543447|3.000000|0.000000,3,80070623232.000000,N/A,5
MOGP_GENERATIONAL,860abe12-f33b-11f0-b094-6e001b3eef54,Boston,74,220,10.114566|3.000000|0.000000,0.021764755249023438,3.0,10.543447|3.000000|0.000000,10.114566|3.000000|0.000000,10.543447|3.000000|0.000000,3,75054514176.000000,N/A,5
MOGP_GENERATIONAL,860abe12-f33b-11f0-b094-6e001b3eef54,Boston,74,221,10.114566|3.000000|0.000000,0.019912004470825195,3.0,10.543447|3.000000|0.000000,10.114566|3.000000|0.000000,10.543447|3.000000|0.000000,3,39229.296875,N/A,5
MOGP_GENERATIONAL,860abe12-f33b-11f0-b094-6e001b3eef54,Boston,74,222,10.114566|3.000000|0.000000,0.021213054656982422,3.0,10.543447|3.000000|0.000000,10.114566|3.000000|0.000000,10.543447|3.000000|0.000000,3,62008639488.000000,N/A,5
MOGP_GENERATIONAL,860abe12-f33b-11f0-b094-6e001b3eef54,Boston,74,223,10.114566|3.000000|0.000000,0.020225048065185547,3.0,10.543447|3.000000|0.000000,10.114566|3.000000|0.000000,10.543447|3.000000|0.000000,3,57289150464.000000,N/A,5
MOGP_GENERATIONAL,860abe12-f33b-11f0-b094-6e001b3eef54,Boston,74,224,10.114566|3.000000|0.000000,0.02168107032775879,3.0,10.543447|3.000000|0.000000,10.114566|3.000000|0.000000,10.543447|3.000000|0.000000,3,99437273088.000000,N/A,5
MOGP_GENERATIONAL,860abe12-f33b-11f0-b094-6e001b3eef54,Boston,74,225,10.114566|3.000000|0.000000,0.021915912628173828,3.0,10.543447|3.000000|0.000000,10.114566|3.000000|0.000000,10.543447|3.000000|0.000000,3,38612832256.000000,N/A,5
MOGP_GENERATIONAL,860abe12-f33b-11f0-b094-6e001b3eef54,Boston,74,226,10.114566|3.000000|0.000000,0.029861927032470703,3.0,10.543447|3.000000|0.000000,9.078752|11.000000|2.000000,9.348292|11.000000|2.000000,11,100986667008.000000,N/A,5
MOGP_GENERATIONAL,860abe12-f33b-11f0-b094-6e001b3eef54,Boston,74,227,10.114566|3.000000|0.000000,0.02203989028930664,3.0,10.543447|3.000000|0.000000,10.114566|3.000000|0.000000,10.543447|3.000000|0.000000,3,84805689344.000000,N/A,5
MOGP_GENERATIONAL,860abe12-f33b-11f0-b094-6e001b3eef54,Boston,74,228,10.114566|3.000000|0.000000,0.026182174682617188,3.0,10.543447|3.000000|0.000000,10.114566|3.000000|0.000000,10.543447|3.000000|0.000000,3,57242677248.000000,N/A,5
MOGP_GENERATIONAL,860abe12-f33b-11f0-b094-6e001b3eef54,Boston,74,229,10.114566|3.000000|0.000000,0.02210688591003418,3.0,10.543447|3.000000|0.000000,10.114566|3.000000|0.000000,10.543447|3.000000|0.000000,3,99381682176.000000,N/A,5
MOGP_GENERATIONAL,860abe12-f33b-11f0-b094-6e001b3eef54,Boston,74,230,10.114566|3.000000|0.000000,0.019868850708007812,3.0,10.543447|3.000000|0.000000,10.114566|3.000000|0.000000,10.543447|3.000000|0.000000,3,72927322112.000000,N/A,5
MOGP_GENERATIONAL,860abe12-f33b-11f0-b094-6e001b3eef54,Boston,74,231,10.114566|3.000000|0.000000,0.02097606658935547,3.0,10.543447|3.000000|0.000000,10.010470|7.000000|1.000000,10.360911|7.000000|1.000000,7,103583145984.000000,N/A,5
MOGP_GENERATIONAL,860abe12-f33b-11f0-b094-6e001b3eef54,Boston,74,232,10.114566|3.000000|0.000000,0.01977705955505371,3.0,10.543447|3.000000|0.000000,10.114566|3.000000|0.000000,10.543447|3.000000|0.000000,3,78233239552.000000,N/A,5
MOGP_GENERATIONAL,860abe12-f33b-11f0-b094-6e001b3eef54,Boston,74,233,10.114566|3.000000|0.000000,0.021824121475219727,3.0,10.543447|3.000000|0.000000,10.114566|3.000000|0.000000,10.543447|3.000000|0.000000,3,63071166464.000000,N/A,5
MOGP_GENERATIONAL,860abe12-f33b-11f0-b094-6e001b3eef54,Boston,74,234,10.114566|3.000000|0.000000,0.020228862762451172,3.0,10.543447|3.000000|0.000000,7.076391|11.000000|2.000000,7.150192|11.000000|2.000000,11,78021083136.000000,N/A,5
MOGP_GENERATIONAL,860abe12-f33b-11f0-b094-6e001b3eef54,Boston,74,235,10.114566|3.000000|0.000000,0.022507905960083008,3.0,10.543447|3.000000|0.000000,10.114566|3.000000|0.000000,10.543447|3.000000|0.000000,3,88367087616.000000,N/A,5
MOGP_GENERATIONAL,860abe12-f33b-11f0-b094-6e001b3eef54,Boston,74,236,10.114566|3.000000|0.000000,0.026678085327148438,3.0,10.543447|3.000000|0.000000,10.114566|3.000000|0.000000,10.543447|3.000000|0.000000,3,74065256448.000000,N/A,5
MOGP_GENERATIONAL,860abe12-f33b-11f0-b094-6e001b3eef54,Boston,74,237,10.114566|3.000000|0.000000,0.020610809326171875,3.0,10.543447|3.000000|0.000000,10.114566|3.000000|0.000000,10.543447|3.000000|0.000000,3,96348217344.000000,N/A,5
MOGP_GENERATIONAL,860abe12-f33b-11f0-b094-6e001b3eef54,Boston,74,238,10.114566|3.000000|0.000000,0.028098106384277344,3.0,10.543447|3.000000|0.000000,10.114566|3.000000|0.000000,10.543447|3.000000|0.000000,3,98397315072.000000,N/A,5
MOGP_GENERATIONAL,860abe12-f33b-11f0-b094-6e001b3eef54,Boston,74,239,10.114566|3.000000|0.000000,0.022190093994140625,3.0,10.543447|3.000000|0.000000,10.114566|3.000000|0.000000,10.543447|3.000000|0.000000,3,84259766272.000000,N/A,5
MOGP_GENERATIONAL,860abe12-f33b-11f0-b094-6e001b3eef54,Boston,74,240,10.114566|3.000000|0.000000,0.020173072814941406,3.0,10.543447|3.000000|0.000000,10.114566|3.000000|0.000000,10.543447|3.000000|0.000000,3,37291683840.000000,N/A,5
MOGP_GENERATIONAL,860abe12-f33b-11f0-b094-6e001b3eef54,Boston,74,241,10.114566|3.000000|0.000000,0.021203041076660156,3.0,10.543447|3.000000|0.000000,10.114566|3.000000|0.000000,10.543447|3.000000|0.000000,3,99698475008.000000,N/A,5
MOGP_GENERATIONAL,860abe12-f33b-11f0-b094-6e001b3eef54,Boston,74,242,10.114566|3.000000|0.000000,0.02112269401550293,3.0,10.543447|3.000000|0.000000,10.114566|3.000000|0.000000,10.543447|3.000000|0.000000,3,91937628160.000000,N/A,5
MOGP_GENERATIONAL,860abe12-f33b-11f0-b094-6e001b3eef54,Boston,74,243,10.114566|3.000000|0.000000,0.02091383934020996,3.0,10.543447|3.000000|0.000000,10.114566|3.000000|0.000000,10.543447|3.000000|0.000000,3,74834747392.000000,N/A,5
MOGP_GENERATIONAL,860abe12-f33b-11f0-b094-6e001b3eef54,Boston,74,244,10.114566|3.000000|0.000000,0.022845983505249023,3.0,10.543447|3.000000|0.000000,10.114566|3.000000|0.000000,10.543447|3.000000|0.000000,3,90831134720.000000,N/A,5
MOGP_GENERATIONAL,860abe12-f33b-11f0-b094-6e001b3eef54,Boston,74,245,10.114566|3.000000|0.000000,0.021193981170654297,3.0,10.543447|3.000000|0.000000,10.114566|3.000000|0.000000,10.543447|3.000000|0.000000,3,83912335360.000000,N/A,5
MOGP_GENERATIONAL,860abe12-f33b-11f0-b094-6e001b3eef54,Boston,74,246,10.114566|3.000000|0.000000,0.027929067611694336,3.0,10.543447|3.000000|0.000000,10.114566|3.000000|0.000000,10.543447|3.000000|0.000000,3,72370274304.000000,N/A,5
MOGP_GENERATIONAL,860abe12-f33b-11f0-b094-6e001b3eef54,Boston,74,247,10.114566|3.000000|0.000000,0.02133798599243164,3.0,10.543447|3.000000|0.000000,10.114566|3.000000|0.000000,10.543447|3.000000|0.000000,3,53081432064.000000,N/A,5
MOGP_GENERATIONAL,860abe12-f33b-11f0-b094-6e001b3eef54,Boston,74,248,10.114566|3.000000|0.000000,0.02077507972717285,3.0,10.543447|3.000000|0.000000,10.114566|3.000000|0.000000,10.543447|3.000000|0.000000,3,74803716096.000000,N/A,5
MOGP_GENERATIONAL,860abe12-f33b-11f0-b094-6e001b3eef54,Boston,74,249,10.114566|3.000000|0.000000,0.02161693572998047,3.0,10.543447|3.000000|0.000000,10.114566|3.000000|0.000000,10.543447|3.000000|0.000000,3,117467676672.000000,N/A,5
MOGP_GENERATIONAL,860abe12-f33b-11f0-b094-6e001b3eef54,Boston,74,250,10.114566|3.000000|0.000000,0.02078104019165039,3.0,10.543447|3.000000|0.000000,10.114566|3.000000|0.000000,10.543447|3.000000|0.000000,3,47423016960.000000,N/A,5
