MOGP_GENERATIONAL,23676a40-edbd-11f0-8864-6e001b3eef54,Cooling,74,0,9.484197|3.000000|0.000000,1.4099221229553223,3.0,9.620044|3.000000|0.000000,N/A,N/A,0,244154335232.000000,N/A,5
MOGP_GENERATIONAL,23676a40-edbd-11f0-8864-6e001b3eef54,Cooling,74,1,4.518628|3.000000|1.000000,0.0348970890045166,3.0,4.612183|3.000000|1.000000,4.518628|3.000000|1.000000,4.612183|3.000000|1.000000,3,120476073984.000000,N/A,5
MOGP_GENERATIONAL,23676a40-edbd-11f0-8864-6e001b3eef54,Cooling,74,2,4.518628|3.000000|1.000000,0.04467415809631348,3.0,4.612183|3.000000|1.000000,4.518628|3.000000|1.000000,4.612183|3.000000|1.000000,3,72822325248.000000,N/A,5
MOGP_GENERATIONAL,23676a40-edbd-11f0-8864-6e001b3eef54,Cooling,74,3,4.518628|3.000000|1.000000,0.03817605972290039,3.0,4.612183|3.000000|1.000000,4.518628|3.000000|1.000000,4.612183|3.000000|1.000000,3,90655686656.000000,N/A,5
MOGP_GENERATIONAL,23676a40-edbd-11f0-8864-6e001b3eef54,Cooling,74,4,4.518628|3.000000|1.000000,0.03790998458862305,3.0,4.612183|3.000000|1.000000,4.518628|3.000000|1.000000,4.612183|3.000000|1.000000,3,70787301376.000000,N/A,5
MOGP_GENERATIONAL,23676a40-edbd-11f0-8864-6e001b3eef54,Cooling,74,5,4.518628|3.000000|1.000000,0.05137205123901367,3.0,4.612183|3.000000|1.000000,4.518628|3.000000|1.000000,4.612183|3.000000|1.000000,3,90244702208.000000,N/A,5
MOGP_GENERATIONAL,23676a40-edbd-11f0-8864-6e001b3eef54,Cooling,74,6,4.518628|3.000000|1.000000,0.03675079345703125,3.0,4.612183|3.000000|1.000000,4.518628|3.000000|1.000000,4.612183|3.000000|1.000000,3,100807614464.000000,N/A,5
MOGP_GENERATIONAL,23676a40-edbd-11f0-8864-6e001b3eef54,Cooling,74,7,4.518628|3.000000|1.000000,0.029687166213989258,3.0,4.612183|3.000000|1.000000,4.518628|3.000000|1.000000,4.612183|3.000000|1.000000,3,86278438912.000000,N/A,5
MOGP_GENERATIONAL,23676a40-edbd-11f0-8864-6e001b3eef54,Cooling,74,8,4.518628|3.000000|1.000000,0.1229860782623291,3.0,4.612183|3.000000|1.000000,4.518628|3.000000|1.000000,4.612183|3.000000|1.000000,3,39822721024.000000,N/A,5
MOGP_GENERATIONAL,23676a40-edbd-11f0-8864-6e001b3eef54,Cooling,74,9,4.518628|3.000000|1.000000,0.032425880432128906,3.0,4.612183|3.000000|1.000000,4.518628|3.000000|1.000000,4.612183|3.000000|1.000000,3,84354883584.000000,N/A,5
MOGP_GENERATIONAL,23676a40-edbd-11f0-8864-6e001b3eef54,Cooling,74,10,4.518628|3.000000|1.000000,0.03782200813293457,3.0,4.612183|3.000000|1.000000,4.518628|3.000000|1.000000,4.612183|3.000000|1.000000,3,93357744128.000000,N/A,5
MOGP_GENERATIONAL,23676a40-edbd-11f0-8864-6e001b3eef54,Cooling,74,11,4.518628|3.000000|1.000000,0.029386281967163086,3.0,4.612183|3.000000|1.000000,4.518628|3.000000|1.000000,4.612183|3.000000|1.000000,3,53068775424.000000,N/A,5
MOGP_GENERATIONAL,23676a40-edbd-11f0-8864-6e001b3eef54,Cooling,74,12,4.518628|3.000000|1.000000,0.0365910530090332,3.0,4.612183|3.000000|1.000000,4.518628|3.000000|1.000000,4.612183|3.000000|1.000000,3,49944977408.000000,N/A,5
MOGP_GENERATIONAL,23676a40-edbd-11f0-8864-6e001b3eef54,Cooling,74,13,4.518628|3.000000|1.000000,0.03003382682800293,3.0,4.612183|3.000000|1.000000,4.518628|3.000000|1.000000,4.612183|3.000000|1.000000,3,130548203520.000000,N/A,5
MOGP_GENERATIONAL,23676a40-edbd-11f0-8864-6e001b3eef54,Cooling,74,14,4.518628|3.000000|1.000000,0.036157846450805664,3.0,4.612183|3.000000|1.000000,4.518628|3.000000|1.000000,4.612183|3.000000|1.000000,3,99498762240.000000,N/A,5
MOGP_GENERATIONAL,23676a40-edbd-11f0-8864-6e001b3eef54,Cooling,74,15,4.518628|3.000000|1.000000,0.036006927490234375,3.0,4.612183|3.000000|1.000000,4.518628|3.000000|1.000000,4.612183|3.000000|1.000000,3,95175311360.000000,N/A,5
MOGP_GENERATIONAL,23676a40-edbd-11f0-8864-6e001b3eef54,Cooling,74,16,4.518628|3.000000|1.000000,0.02867913246154785,3.0,4.612183|3.000000|1.000000,4.518628|3.000000|1.000000,4.612183|3.000000|1.000000,3,2586887424.000000,N/A,5
MOGP_GENERATIONAL,23676a40-edbd-11f0-8864-6e001b3eef54,Cooling,74,17,4.518628|3.000000|1.000000,0.03756999969482422,3.0,4.612183|3.000000|1.000000,4.518628|3.000000|1.000000,4.612183|3.000000|1.000000,3,98445697024.000000,N/A,5
MOGP_GENERATIONAL,23676a40-edbd-11f0-8864-6e001b3eef54,Cooling,74,18,4.518628|3.000000|1.000000,0.030501127243041992,3.0,4.612183|3.000000|1.000000,4.518628|3.000000|1.000000,4.612183|3.000000|1.000000,3,86275817472.000000,N/A,5
MOGP_GENERATIONAL,23676a40-edbd-11f0-8864-6e001b3eef54,Cooling,74,19,4.518628|3.000000|1.000000,0.03328394889831543,3.0,4.612183|3.000000|1.000000,4.518628|3.000000|1.000000,4.612183|3.000000|1.000000,3,86277185536.000000,N/A,5
MOGP_GENERATIONAL,23676a40-edbd-11f0-8864-6e001b3eef54,Cooling,74,20,4.518628|3.000000|1.000000,0.03651618957519531,3.0,4.612183|3.000000|1.000000,4.518628|3.000000|1.000000,4.612183|3.000000|1.000000,3,99927146496.000000,N/A,5
MOGP_GENERATIONAL,23676a40-edbd-11f0-8864-6e001b3eef54,Cooling,74,21,4.518628|3.000000|1.000000,0.030369997024536133,3.0,4.612183|3.000000|1.000000,4.518628|3.000000|1.000000,4.612183|3.000000|1.000000,3,131417702400.000000,N/A,5
MOGP_GENERATIONAL,23676a40-edbd-11f0-8864-6e001b3eef54,Cooling,74,22,4.518628|3.000000|1.000000,0.03656792640686035,3.0,4.612183|3.000000|1.000000,4.518628|3.000000|1.000000,4.612183|3.000000|1.000000,3,93376954368.000000,N/A,5
MOGP_GENERATIONAL,23676a40-edbd-11f0-8864-6e001b3eef54,Cooling,74,23,4.518628|3.000000|1.000000,0.028866052627563477,3.0,4.612183|3.000000|1.000000,4.518628|3.000000|1.000000,4.612183|3.000000|1.000000,3,102324314112.000000,N/A,5
MOGP_GENERATIONAL,23676a40-edbd-11f0-8864-6e001b3eef54,Cooling,74,24,4.518628|3.000000|1.000000,0.02378392219543457,3.0,4.612183|3.000000|1.000000,4.518628|3.000000|1.000000,4.612183|3.000000|1.000000,3,108317810688.000000,N/A,5
MOGP_GENERATIONAL,23676a40-edbd-11f0-8864-6e001b3eef54,Cooling,74,25,4.518628|3.000000|1.000000,0.05629396438598633,3.0,4.612183|3.000000|1.000000,4.518628|3.000000|1.000000,4.612183|3.000000|1.000000,3,115797950464.000000,N/A,5
MOGP_GENERATIONAL,23676a40-edbd-11f0-8864-6e001b3eef54,Cooling,74,26,4.518628|3.000000|1.000000,0.030402660369873047,3.0,4.612183|3.000000|1.000000,4.518628|3.000000|1.000000,4.612183|3.000000|1.000000,3,103514472448.000000,N/A,5
MOGP_GENERATIONAL,23676a40-edbd-11f0-8864-6e001b3eef54,Cooling,74,27,4.518628|3.000000|1.000000,0.03662109375,3.0,4.612183|3.000000|1.000000,4.518628|3.000000|1.000000,4.612183|3.000000|1.000000,3,74033414144.000000,N/A,5
MOGP_GENERATIONAL,23676a40-edbd-11f0-8864-6e001b3eef54,Cooling,74,28,4.518628|3.000000|1.000000,0.028442859649658203,3.0,4.612183|3.000000|1.000000,4.518628|3.000000|1.000000,4.612183|3.000000|1.000000,3,93263536128.000000,N/A,5
MOGP_GENERATIONAL,23676a40-edbd-11f0-8864-6e001b3eef54,Cooling,74,29,4.518628|3.000000|1.000000,0.03955817222595215,3.0,4.612183|3.000000|1.000000,4.518628|3.000000|1.000000,4.612183|3.000000|1.000000,3,110888992768.000000,N/A,5
MOGP_GENERATIONAL,23676a40-edbd-11f0-8864-6e001b3eef54,Cooling,74,30,4.518628|3.000000|1.000000,0.031311988830566406,3.0,4.612183|3.000000|1.000000,4.518628|3.000000|1.000000,4.612183|3.000000|1.000000,3,106712670208.000000,N/A,5
MOGP_GENERATIONAL,23676a40-edbd-11f0-8864-6e001b3eef54,Cooling,74,31,4.518628|3.000000|1.000000,0.031141042709350586,3.0,4.612183|3.000000|1.000000,4.518628|3.000000|1.000000,4.612183|3.000000|1.000000,3,114690179072.000000,N/A,5
MOGP_GENERATIONAL,23676a40-edbd-11f0-8864-6e001b3eef54,Cooling,74,32,4.518628|3.000000|1.000000,0.035820960998535156,3.0,4.612183|3.000000|1.000000,4.518628|3.000000|1.000000,4.612183|3.000000|1.000000,3,79173214208.000000,N/A,5
MOGP_GENERATIONAL,23676a40-edbd-11f0-8864-6e001b3eef54,Cooling,74,33,4.518628|3.000000|1.000000,0.0291898250579834,3.0,4.612183|3.000000|1.000000,4.518628|3.000000|1.000000,4.612183|3.000000|1.000000,3,93280886784.000000,N/A,5
MOGP_GENERATIONAL,23676a40-edbd-11f0-8864-6e001b3eef54,Cooling,74,34,4.518628|3.000000|1.000000,0.045130014419555664,3.0,4.612183|3.000000|1.000000,4.518628|3.000000|1.000000,4.612183|3.000000|1.000000,3,115573547008.000000,N/A,5
MOGP_GENERATIONAL,23676a40-edbd-11f0-8864-6e001b3eef54,Cooling,74,35,4.518628|3.000000|1.000000,0.030457019805908203,3.0,4.612183|3.000000|1.000000,4.518628|3.000000|1.000000,4.612183|3.000000|1.000000,3,70536839168.000000,N/A,5
MOGP_GENERATIONAL,23676a40-edbd-11f0-8864-6e001b3eef54,Cooling,74,36,4.518628|3.000000|1.000000,0.0356752872467041,3.0,4.612183|3.000000|1.000000,4.518628|3.000000|1.000000,4.612183|3.000000|1.000000,3,20434079744.000000,N/A,5
MOGP_GENERATIONAL,23676a40-edbd-11f0-8864-6e001b3eef54,Cooling,74,37,4.518628|3.000000|1.000000,0.03922700881958008,3.0,4.612183|3.000000|1.000000,4.518628|3.000000|1.000000,4.612183|3.000000|1.000000,3,81066254336.000000,N/A,5
MOGP_GENERATIONAL,23676a40-edbd-11f0-8864-6e001b3eef54,Cooling,74,38,4.518628|3.000000|1.000000,0.03622722625732422,3.0,4.612183|3.000000|1.000000,4.518628|3.000000|1.000000,4.612183|3.000000|1.000000,3,79944024064.000000,N/A,5
MOGP_GENERATIONAL,23676a40-edbd-11f0-8864-6e001b3eef54,Cooling,74,39,4.518628|3.000000|1.000000,0.03471112251281738,3.0,4.612183|3.000000|1.000000,4.518628|3.000000|1.000000,4.612183|3.000000|1.000000,3,82204508160.000000,N/A,5
MOGP_GENERATIONAL,23676a40-edbd-11f0-8864-6e001b3eef54,Cooling,74,40,4.518628|3.000000|1.000000,0.029284000396728516,3.0,4.612183|3.000000|1.000000,4.518628|3.000000|1.000000,4.612183|3.000000|1.000000,3,152225300480.000000,N/A,5
MOGP_GENERATIONAL,23676a40-edbd-11f0-8864-6e001b3eef54,Cooling,74,41,4.518628|3.000000|1.000000,0.04077911376953125,3.0,4.612183|3.000000|1.000000,4.518628|3.000000|1.000000,4.612183|3.000000|1.000000,3,89998352384.000000,N/A,5
MOGP_GENERATIONAL,23676a40-edbd-11f0-8864-6e001b3eef54,Cooling,74,42,4.518628|3.000000|1.000000,0.030771970748901367,3.0,4.612183|3.000000|1.000000,4.518628|3.000000|1.000000,4.612183|3.000000|1.000000,3,127609331712.000000,N/A,5
MOGP_GENERATIONAL,23676a40-edbd-11f0-8864-6e001b3eef54,Cooling,74,43,4.518628|3.000000|1.000000,0.03131389617919922,3.0,4.612183|3.000000|1.000000,4.518628|3.000000|1.000000,4.612183|3.000000|1.000000,3,53801291776.000000,N/A,5
MOGP_GENERATIONAL,23676a40-edbd-11f0-8864-6e001b3eef54,Cooling,74,44,4.518628|3.000000|1.000000,0.029146909713745117,3.0,4.612183|3.000000|1.000000,4.518628|3.000000|1.000000,4.612183|3.000000|1.000000,3,96370196480.000000,N/A,5
MOGP_GENERATIONAL,23676a40-edbd-11f0-8864-6e001b3eef54,Cooling,74,45,4.518628|3.000000|1.000000,0.044033050537109375,3.0,4.612183|3.000000|1.000000,4.518628|3.000000|1.000000,4.612183|3.000000|1.000000,3,108321423360.000000,N/A,5
MOGP_GENERATIONAL,23676a40-edbd-11f0-8864-6e001b3eef54,Cooling,74,46,4.518628|3.000000|1.000000,0.0464017391204834,3.0,4.612183|3.000000|1.000000,4.518628|3.000000|1.000000,4.612183|3.000000|1.000000,3,135497940992.000000,N/A,5
MOGP_GENERATIONAL,23676a40-edbd-11f0-8864-6e001b3eef54,Cooling,74,47,4.518628|3.000000|1.000000,0.03363394737243652,3.0,4.612183|3.000000|1.000000,4.518628|3.000000|1.000000,4.612183|3.000000|1.000000,3,69441626112.000000,N/A,5
MOGP_GENERATIONAL,23676a40-edbd-11f0-8864-6e001b3eef54,Cooling,74,48,4.518628|3.000000|1.000000,0.030709028244018555,3.0,4.612183|3.000000|1.000000,4.518628|3.000000|1.000000,4.612183|3.000000|1.000000,3,79230353408.000000,N/A,5
MOGP_GENERATIONAL,23676a40-edbd-11f0-8864-6e001b3eef54,Cooling,74,49,4.518628|3.000000|1.000000,0.0363919734954834,3.0,4.612183|3.000000|1.000000,4.518628|3.000000|1.000000,4.612183|3.000000|1.000000,3,66022510592.000000,N/A,5
MOGP_GENERATIONAL,23676a40-edbd-11f0-8864-6e001b3eef54,Cooling,74,50,4.518628|3.000000|1.000000,0.03735017776489258,3.0,4.612183|3.000000|1.000000,4.518628|3.000000|1.000000,4.612183|3.000000|1.000000,3,80004915200.000000,N/A,5
MOGP_GENERATIONAL,23676a40-edbd-11f0-8864-6e001b3eef54,Cooling,74,51,4.518628|3.000000|1.000000,0.03724408149719238,3.0,4.612183|3.000000|1.000000,4.518628|3.000000|1.000000,4.612183|3.000000|1.000000,3,119204708352.000000,N/A,5
MOGP_GENERATIONAL,23676a40-edbd-11f0-8864-6e001b3eef54,Cooling,74,52,4.518628|3.000000|1.000000,0.03638505935668945,3.0,4.612183|3.000000|1.000000,4.518628|3.000000|1.000000,4.612183|3.000000|1.000000,3,88707506176.000000,N/A,5
MOGP_GENERATIONAL,23676a40-edbd-11f0-8864-6e001b3eef54,Cooling,74,53,4.518628|3.000000|1.000000,0.04372382164001465,3.0,4.612183|3.000000|1.000000,4.518628|3.000000|1.000000,4.612183|3.000000|1.000000,3,89582837760.000000,N/A,5
MOGP_GENERATIONAL,23676a40-edbd-11f0-8864-6e001b3eef54,Cooling,74,54,4.518628|3.000000|1.000000,0.16483306884765625,3.0,4.612183|3.000000|1.000000,4.518628|3.000000|1.000000,4.612183|3.000000|1.000000,3,95765487616.000000,N/A,5
MOGP_GENERATIONAL,23676a40-edbd-11f0-8864-6e001b3eef54,Cooling,74,55,4.518628|3.000000|1.000000,0.035698890686035156,3.0,4.612183|3.000000|1.000000,4.518628|3.000000|1.000000,4.612183|3.000000|1.000000,3,86276956160.000000,N/A,5
MOGP_GENERATIONAL,23676a40-edbd-11f0-8864-6e001b3eef54,Cooling,74,56,4.518628|3.000000|1.000000,0.03424215316772461,3.0,4.612183|3.000000|1.000000,4.518628|3.000000|1.000000,4.612183|3.000000|1.000000,3,129579515904.000000,N/A,5
MOGP_GENERATIONAL,23676a40-edbd-11f0-8864-6e001b3eef54,Cooling,74,57,4.518628|3.000000|1.000000,0.03702497482299805,3.0,4.612183|3.000000|1.000000,4.518628|3.000000|1.000000,4.612183|3.000000|1.000000,3,126615461888.000000,N/A,5
MOGP_GENERATIONAL,23676a40-edbd-11f0-8864-6e001b3eef54,Cooling,74,58,4.518628|3.000000|1.000000,0.035509586334228516,3.0,4.612183|3.000000|1.000000,4.518628|3.000000|1.000000,4.612183|3.000000|1.000000,3,128214974464.000000,N/A,5
MOGP_GENERATIONAL,23676a40-edbd-11f0-8864-6e001b3eef54,Cooling,74,59,4.518628|3.000000|1.000000,0.03375601768493652,3.0,4.612183|3.000000|1.000000,4.518628|3.000000|1.000000,4.612183|3.000000|1.000000,3,103903690752.000000,N/A,5
MOGP_GENERATIONAL,23676a40-edbd-11f0-8864-6e001b3eef54,Cooling,74,60,4.518628|3.000000|1.000000,0.03270983695983887,3.0,4.612183|3.000000|1.000000,4.518628|3.000000|1.000000,4.612183|3.000000|1.000000,3,55204057088.000000,N/A,5
MOGP_GENERATIONAL,23676a40-edbd-11f0-8864-6e001b3eef54,Cooling,74,61,4.518628|3.000000|1.000000,0.03580212593078613,3.0,4.612183|3.000000|1.000000,4.518628|3.000000|1.000000,4.612183|3.000000|1.000000,3,50005319680.000000,N/A,5
MOGP_GENERATIONAL,23676a40-edbd-11f0-8864-6e001b3eef54,Cooling,74,62,4.518628|3.000000|1.000000,0.037344932556152344,3.0,4.612183|3.000000|1.000000,4.518628|3.000000|1.000000,4.612183|3.000000|1.000000,3,68400009216.000000,N/A,5
MOGP_GENERATIONAL,23676a40-edbd-11f0-8864-6e001b3eef54,Cooling,74,63,4.518628|3.000000|1.000000,0.031591176986694336,3.0,4.612183|3.000000|1.000000,4.518628|3.000000|1.000000,4.612183|3.000000|1.000000,3,127509610496.000000,N/A,5
MOGP_GENERATIONAL,23676a40-edbd-11f0-8864-6e001b3eef54,Cooling,74,64,4.518628|3.000000|1.000000,0.038374900817871094,3.0,4.612183|3.000000|1.000000,4.518628|3.000000|1.000000,4.612183|3.000000|1.000000,3,78768848896.000000,N/A,5
MOGP_GENERATIONAL,23676a40-edbd-11f0-8864-6e001b3eef54,Cooling,74,65,4.518628|3.000000|1.000000,0.03621196746826172,3.0,4.612183|3.000000|1.000000,4.518628|3.000000|1.000000,4.612183|3.000000|1.000000,3,70533685248.000000,N/A,5
MOGP_GENERATIONAL,23676a40-edbd-11f0-8864-6e001b3eef54,Cooling,74,66,4.518628|3.000000|1.000000,0.044918060302734375,3.0,4.612183|3.000000|1.000000,4.518628|3.000000|1.000000,4.612183|3.000000|1.000000,3,83851034624.000000,N/A,5
MOGP_GENERATIONAL,23676a40-edbd-11f0-8864-6e001b3eef54,Cooling,74,67,4.518628|3.000000|1.000000,0.028883934020996094,3.0,4.612183|3.000000|1.000000,4.518628|3.000000|1.000000,4.612183|3.000000|1.000000,3,116532813824.000000,N/A,5
MOGP_GENERATIONAL,23676a40-edbd-11f0-8864-6e001b3eef54,Cooling,74,68,4.518628|3.000000|1.000000,0.03549909591674805,3.0,4.612183|3.000000|1.000000,4.518628|3.000000|1.000000,4.612183|3.000000|1.000000,3,99498762240.000000,N/A,5
MOGP_GENERATIONAL,23676a40-edbd-11f0-8864-6e001b3eef54,Cooling,74,69,4.518628|3.000000|1.000000,0.029603004455566406,3.0,4.612183|3.000000|1.000000,4.518628|3.000000|1.000000,4.612183|3.000000|1.000000,3,98341781504.000000,N/A,5
MOGP_GENERATIONAL,23676a40-edbd-11f0-8864-6e001b3eef54,Cooling,74,70,4.518628|3.000000|1.000000,0.0352020263671875,3.0,4.612183|3.000000|1.000000,4.518628|3.000000|1.000000,4.612183|3.000000|1.000000,3,116609277952.000000,N/A,5
MOGP_GENERATIONAL,23676a40-edbd-11f0-8864-6e001b3eef54,Cooling,74,71,4.518628|3.000000|1.000000,0.034554243087768555,3.0,4.612183|3.000000|1.000000,4.518628|3.000000|1.000000,4.612183|3.000000|1.000000,3,86276546560.000000,N/A,5
MOGP_GENERATIONAL,23676a40-edbd-11f0-8864-6e001b3eef54,Cooling,74,72,4.518628|3.000000|1.000000,0.021554231643676758,3.0,4.612183|3.000000|1.000000,4.518628|3.000000|1.000000,4.612183|3.000000|1.000000,3,116462559232.000000,N/A,5
MOGP_GENERATIONAL,23676a40-edbd-11f0-8864-6e001b3eef54,Cooling,74,73,4.518628|3.000000|1.000000,0.04013204574584961,3.0,4.612183|3.000000|1.000000,4.518628|3.000000|1.000000,4.612183|3.000000|1.000000,3,111682576384.000000,N/A,5
MOGP_GENERATIONAL,23676a40-edbd-11f0-8864-6e001b3eef54,Cooling,74,74,4.518628|3.000000|1.000000,0.029489755630493164,3.0,4.612183|3.000000|1.000000,4.518628|3.000000|1.000000,4.612183|3.000000|1.000000,3,90995531776.000000,N/A,5
MOGP_GENERATIONAL,23676a40-edbd-11f0-8864-6e001b3eef54,Cooling,74,75,4.518628|3.000000|1.000000,0.028730154037475586,3.0,4.612183|3.000000|1.000000,4.518628|3.000000|1.000000,4.612183|3.000000|1.000000,3,73651847168.000000,N/A,5
MOGP_GENERATIONAL,23676a40-edbd-11f0-8864-6e001b3eef54,Cooling,74,76,4.518628|3.000000|1.000000,0.03332209587097168,3.0,4.612183|3.000000|1.000000,4.518628|3.000000|1.000000,4.612183|3.000000|1.000000,3,116448935936.000000,N/A,5
MOGP_GENERATIONAL,23676a40-edbd-11f0-8864-6e001b3eef54,Cooling,74,77,4.518628|3.000000|1.000000,0.03779911994934082,3.0,4.612183|3.000000|1.000000,4.518628|3.000000|1.000000,4.612183|3.000000|1.000000,3,79943172096.000000,N/A,5
MOGP_GENERATIONAL,23676a40-edbd-11f0-8864-6e001b3eef54,Cooling,74,78,4.518628|3.000000|1.000000,0.12099885940551758,3.0,4.612183|3.000000|1.000000,4.518628|3.000000|1.000000,4.612183|3.000000|1.000000,3,108316532736.000000,N/A,5
MOGP_GENERATIONAL,23676a40-edbd-11f0-8864-6e001b3eef54,Cooling,74,79,4.518628|3.000000|1.000000,0.036253929138183594,3.0,4.612183|3.000000|1.000000,4.518628|3.000000|1.000000,4.612183|3.000000|1.000000,3,88505524224.000000,N/A,5
MOGP_GENERATIONAL,23676a40-edbd-11f0-8864-6e001b3eef54,Cooling,74,80,4.518628|3.000000|1.000000,0.035414934158325195,3.0,4.612183|3.000000|1.000000,4.518628|3.000000|1.000000,4.612183|3.000000|1.000000,3,140069027840.000000,N/A,5
MOGP_GENERATIONAL,23676a40-edbd-11f0-8864-6e001b3eef54,Cooling,74,81,4.518628|3.000000|1.000000,0.02974724769592285,3.0,4.612183|3.000000|1.000000,4.518628|3.000000|1.000000,4.612183|3.000000|1.000000,3,100178337792.000000,N/A,5
MOGP_GENERATIONAL,23676a40-edbd-11f0-8864-6e001b3eef54,Cooling,74,82,4.518628|3.000000|1.000000,0.03244590759277344,3.0,4.612183|3.000000|1.000000,4.518628|3.000000|1.000000,4.612183|3.000000|1.000000,3,106830143488.000000,N/A,5
MOGP_GENERATIONAL,23676a40-edbd-11f0-8864-6e001b3eef54,Cooling,74,83,4.518628|3.000000|1.000000,0.02990102767944336,3.0,4.612183|3.000000|1.000000,4.518628|3.000000|1.000000,4.612183|3.000000|1.000000,3,123934883840.000000,N/A,5
MOGP_GENERATIONAL,23676a40-edbd-11f0-8864-6e001b3eef54,Cooling,74,84,4.518628|3.000000|1.000000,0.03148794174194336,3.0,4.612183|3.000000|1.000000,4.518628|3.000000|1.000000,4.612183|3.000000|1.000000,3,80128819200.000000,N/A,5
MOGP_GENERATIONAL,23676a40-edbd-11f0-8864-6e001b3eef54,Cooling,74,85,4.518628|3.000000|1.000000,0.033987998962402344,3.0,4.612183|3.000000|1.000000,4.518628|3.000000|1.000000,4.612183|3.000000|1.000000,3,78440980480.000000,N/A,5
MOGP_GENERATIONAL,23676a40-edbd-11f0-8864-6e001b3eef54,Cooling,74,86,4.518628|3.000000|1.000000,0.03081488609313965,3.0,4.612183|3.000000|1.000000,4.518628|3.000000|1.000000,4.612183|3.000000|1.000000,3,85388369920.000000,N/A,5
MOGP_GENERATIONAL,23676a40-edbd-11f0-8864-6e001b3eef54,Cooling,74,87,4.518628|3.000000|1.000000,0.039514780044555664,3.0,4.612183|3.000000|1.000000,4.518628|3.000000|1.000000,4.612183|3.000000|1.000000,3,71322353664.000000,N/A,5
MOGP_GENERATIONAL,23676a40-edbd-11f0-8864-6e001b3eef54,Cooling,74,88,4.518628|3.000000|1.000000,0.029076099395751953,3.0,4.612183|3.000000|1.000000,4.518628|3.000000|1.000000,4.612183|3.000000|1.000000,3,103762911232.000000,N/A,5
MOGP_GENERATIONAL,23676a40-edbd-11f0-8864-6e001b3eef54,Cooling,74,89,4.518628|3.000000|1.000000,0.02228713035583496,3.0,4.612183|3.000000|1.000000,4.518628|3.000000|1.000000,4.612183|3.000000|1.000000,3,99040296960.000000,N/A,5
MOGP_GENERATIONAL,23676a40-edbd-11f0-8864-6e001b3eef54,Cooling,74,90,4.518628|3.000000|1.000000,0.027263164520263672,3.0,4.612183|3.000000|1.000000,4.518628|3.000000|1.000000,4.612183|3.000000|1.000000,3,98730876928.000000,N/A,5
MOGP_GENERATIONAL,23676a40-edbd-11f0-8864-6e001b3eef54,Cooling,74,91,4.518628|3.000000|1.000000,0.033120155334472656,3.0,4.612183|3.000000|1.000000,4.518628|3.000000|1.000000,4.612183|3.000000|1.000000,3,49945051136.000000,N/A,5
MOGP_GENERATIONAL,23676a40-edbd-11f0-8864-6e001b3eef54,Cooling,74,92,4.518628|3.000000|1.000000,0.03240013122558594,3.0,4.612183|3.000000|1.000000,4.518628|3.000000|1.000000,4.612183|3.000000|1.000000,3,49940094976.000000,N/A,5
MOGP_GENERATIONAL,23676a40-edbd-11f0-8864-6e001b3eef54,Cooling,74,93,4.518628|3.000000|1.000000,0.03643393516540527,3.0,4.612183|3.000000|1.000000,4.518628|3.000000|1.000000,4.612183|3.000000|1.000000,3,99497861120.000000,N/A,5
MOGP_GENERATIONAL,23676a40-edbd-11f0-8864-6e001b3eef54,Cooling,74,94,4.518628|3.000000|1.000000,0.16412806510925293,3.0,4.612183|3.000000|1.000000,4.518628|3.000000|1.000000,4.612183|3.000000|1.000000,3,79570624512.000000,N/A,5
MOGP_GENERATIONAL,23676a40-edbd-11f0-8864-6e001b3eef54,Cooling,74,95,4.518628|3.000000|1.000000,0.041909217834472656,3.0,4.612183|3.000000|1.000000,4.518628|3.000000|1.000000,4.612183|3.000000|1.000000,3,99503169536.000000,N/A,5
MOGP_GENERATIONAL,23676a40-edbd-11f0-8864-6e001b3eef54,Cooling,74,96,4.518628|3.000000|1.000000,0.029099225997924805,3.0,4.612183|3.000000|1.000000,4.518628|3.000000|1.000000,4.612183|3.000000|1.000000,3,120926502912.000000,N/A,5
MOGP_GENERATIONAL,23676a40-edbd-11f0-8864-6e001b3eef54,Cooling,74,97,4.518628|3.000000|1.000000,0.025495052337646484,3.0,4.612183|3.000000|1.000000,4.518628|3.000000|1.000000,4.612183|3.000000|1.000000,3,62605737984.000000,N/A,5
MOGP_GENERATIONAL,23676a40-edbd-11f0-8864-6e001b3eef54,Cooling,74,98,4.518628|3.000000|1.000000,0.03592276573181152,3.0,4.612183|3.000000|1.000000,4.518628|3.000000|1.000000,4.612183|3.000000|1.000000,3,82668912640.000000,N/A,5
MOGP_GENERATIONAL,23676a40-edbd-11f0-8864-6e001b3eef54,Cooling,74,99,4.518628|3.000000|1.000000,0.029392242431640625,3.0,4.612183|3.000000|1.000000,4.518628|3.000000|1.000000,4.612183|3.000000|1.000000,3,71135174656.000000,N/A,5
MOGP_GENERATIONAL,23676a40-edbd-11f0-8864-6e001b3eef54,Cooling,74,100,4.518628|3.000000|1.000000,0.03968310356140137,3.0,4.612183|3.000000|1.000000,4.518628|3.000000|1.000000,4.612183|3.000000|1.000000,3,86277185536.000000,N/A,5
MOGP_GENERATIONAL,23676a40-edbd-11f0-8864-6e001b3eef54,Cooling,74,101,4.518628|3.000000|1.000000,0.0315241813659668,3.0,4.612183|3.000000|1.000000,4.518628|3.000000|1.000000,4.612183|3.000000|1.000000,3,128011436032.000000,N/A,5
MOGP_GENERATIONAL,23676a40-edbd-11f0-8864-6e001b3eef54,Cooling,74,102,4.518628|3.000000|1.000000,0.02979588508605957,3.0,4.612183|3.000000|1.000000,4.518628|3.000000|1.000000,4.612183|3.000000|1.000000,3,87125925888.000000,N/A,5
MOGP_GENERATIONAL,23676a40-edbd-11f0-8864-6e001b3eef54,Cooling,74,103,4.518628|3.000000|1.000000,0.03728199005126953,3.0,4.612183|3.000000|1.000000,4.518628|3.000000|1.000000,4.612183|3.000000|1.000000,3,99498360832.000000,N/A,5
MOGP_GENERATIONAL,23676a40-edbd-11f0-8864-6e001b3eef54,Cooling,74,104,4.518628|3.000000|1.000000,0.04078793525695801,3.0,4.612183|3.000000|1.000000,4.518628|3.000000|1.000000,4.612183|3.000000|1.000000,3,43314028544.000000,N/A,5
MOGP_GENERATIONAL,23676a40-edbd-11f0-8864-6e001b3eef54,Cooling,74,105,4.518628|3.000000|1.000000,0.041156768798828125,3.0,4.612183|3.000000|1.000000,4.518628|3.000000|1.000000,4.612183|3.000000|1.000000,3,94233559040.000000,N/A,5
MOGP_GENERATIONAL,23676a40-edbd-11f0-8864-6e001b3eef54,Cooling,74,106,4.518628|3.000000|1.000000,0.029727935791015625,3.0,4.612183|3.000000|1.000000,4.518628|3.000000|1.000000,4.612183|3.000000|1.000000,3,85389000704.000000,N/A,5
MOGP_GENERATIONAL,23676a40-edbd-11f0-8864-6e001b3eef54,Cooling,74,107,4.518628|3.000000|1.000000,0.03700518608093262,3.0,4.612183|3.000000|1.000000,4.518628|3.000000|1.000000,4.612183|3.000000|1.000000,3,85102247936.000000,N/A,5
MOGP_GENERATIONAL,23676a40-edbd-11f0-8864-6e001b3eef54,Cooling,74,108,4.518628|3.000000|1.000000,0.04346585273742676,3.0,4.612183|3.000000|1.000000,4.518628|3.000000|1.000000,4.612183|3.000000|1.000000,3,73566625792.000000,N/A,5
MOGP_GENERATIONAL,23676a40-edbd-11f0-8864-6e001b3eef54,Cooling,74,109,4.518628|3.000000|1.000000,0.03645515441894531,3.0,4.612183|3.000000|1.000000,4.518628|3.000000|1.000000,4.612183|3.000000|1.000000,3,74437394432.000000,N/A,5
MOGP_GENERATIONAL,23676a40-edbd-11f0-8864-6e001b3eef54,Cooling,74,110,4.518628|3.000000|1.000000,0.030438899993896484,3.0,4.612183|3.000000|1.000000,4.518628|3.000000|1.000000,4.612183|3.000000|1.000000,3,86277185536.000000,N/A,5
MOGP_GENERATIONAL,23676a40-edbd-11f0-8864-6e001b3eef54,Cooling,74,111,4.518628|3.000000|1.000000,0.031442880630493164,3.0,4.612183|3.000000|1.000000,4.518628|3.000000|1.000000,4.612183|3.000000|1.000000,3,86911180800.000000,N/A,5
MOGP_GENERATIONAL,23676a40-edbd-11f0-8864-6e001b3eef54,Cooling,74,112,4.518628|3.000000|1.000000,0.03559303283691406,3.0,4.612183|3.000000|1.000000,4.518628|3.000000|1.000000,4.612183|3.000000|1.000000,3,143033466880.000000,N/A,5
MOGP_GENERATIONAL,23676a40-edbd-11f0-8864-6e001b3eef54,Cooling,74,113,4.518628|3.000000|1.000000,0.023015975952148438,3.0,4.612183|3.000000|1.000000,4.518628|3.000000|1.000000,4.612183|3.000000|1.000000,3,111102435328.000000,N/A,5
MOGP_GENERATIONAL,23676a40-edbd-11f0-8864-6e001b3eef54,Cooling,74,114,4.518628|3.000000|1.000000,0.02181386947631836,3.0,4.612183|3.000000|1.000000,4.518628|3.000000|1.000000,4.612183|3.000000|1.000000,3,76001787904.000000,N/A,5
MOGP_GENERATIONAL,23676a40-edbd-11f0-8864-6e001b3eef54,Cooling,74,115,4.518628|3.000000|1.000000,0.0309450626373291,3.0,4.612183|3.000000|1.000000,4.518628|3.000000|1.000000,4.612183|3.000000|1.000000,3,62647525376.000000,N/A,5
MOGP_GENERATIONAL,23676a40-edbd-11f0-8864-6e001b3eef54,Cooling,74,116,4.518628|3.000000|1.000000,0.02971196174621582,3.0,4.612183|3.000000|1.000000,4.518628|3.000000|1.000000,4.612183|3.000000|1.000000,3,98184511488.000000,N/A,5
MOGP_GENERATIONAL,23676a40-edbd-11f0-8864-6e001b3eef54,Cooling,74,117,4.518628|3.000000|1.000000,0.03659486770629883,3.0,4.612183|3.000000|1.000000,4.518628|3.000000|1.000000,4.612183|3.000000|1.000000,3,90733969408.000000,N/A,5
MOGP_GENERATIONAL,23676a40-edbd-11f0-8864-6e001b3eef54,Cooling,74,118,4.518628|3.000000|1.000000,0.03211808204650879,3.0,4.612183|3.000000|1.000000,4.518628|3.000000|1.000000,4.612183|3.000000|1.000000,3,104335958016.000000,N/A,5
MOGP_GENERATIONAL,23676a40-edbd-11f0-8864-6e001b3eef54,Cooling,74,119,4.518628|3.000000|1.000000,0.03016805648803711,3.0,4.612183|3.000000|1.000000,4.518628|3.000000|1.000000,4.612183|3.000000|1.000000,3,94076141568.000000,N/A,5
MOGP_GENERATIONAL,23676a40-edbd-11f0-8864-6e001b3eef54,Cooling,74,120,4.518628|3.000000|1.000000,0.03325009346008301,3.0,4.612183|3.000000|1.000000,4.518628|3.000000|1.000000,4.612183|3.000000|1.000000,3,56221450240.000000,N/A,5
MOGP_GENERATIONAL,23676a40-edbd-11f0-8864-6e001b3eef54,Cooling,74,121,4.518628|3.000000|1.000000,0.03157997131347656,3.0,4.612183|3.000000|1.000000,4.518628|3.000000|1.000000,4.612183|3.000000|1.000000,3,55956430848.000000,N/A,5
MOGP_GENERATIONAL,23676a40-edbd-11f0-8864-6e001b3eef54,Cooling,74,122,4.518628|3.000000|1.000000,0.03275489807128906,3.0,4.612183|3.000000|1.000000,4.518628|3.000000|1.000000,4.612183|3.000000|1.000000,3,83639640064.000000,N/A,5
MOGP_GENERATIONAL,23676a40-edbd-11f0-8864-6e001b3eef54,Cooling,74,123,4.518628|3.000000|1.000000,0.030215024948120117,3.0,4.612183|3.000000|1.000000,4.518628|3.000000|1.000000,4.612183|3.000000|1.000000,3,113972092928.000000,N/A,5
MOGP_GENERATIONAL,23676a40-edbd-11f0-8864-6e001b3eef54,Cooling,74,124,4.518628|3.000000|1.000000,0.03640890121459961,3.0,4.612183|3.000000|1.000000,4.518628|3.000000|1.000000,4.612183|3.000000|1.000000,3,116450123776.000000,N/A,5
MOGP_GENERATIONAL,23676a40-edbd-11f0-8864-6e001b3eef54,Cooling,74,125,4.518628|3.000000|1.000000,0.029515981674194336,3.0,4.612183|3.000000|1.000000,4.518628|3.000000|1.000000,4.612183|3.000000|1.000000,3,130270748672.000000,N/A,5
MOGP_GENERATIONAL,23676a40-edbd-11f0-8864-6e001b3eef54,Cooling,74,126,4.518628|3.000000|1.000000,0.036828041076660156,3.0,4.612183|3.000000|1.000000,4.518628|3.000000|1.000000,4.612183|3.000000|1.000000,3,117362614272.000000,N/A,5
MOGP_GENERATIONAL,23676a40-edbd-11f0-8864-6e001b3eef54,Cooling,74,127,4.518628|3.000000|1.000000,0.0392918586730957,3.0,4.612183|3.000000|1.000000,4.518628|3.000000|1.000000,4.612183|3.000000|1.000000,3,94272897024.000000,N/A,5
MOGP_GENERATIONAL,23676a40-edbd-11f0-8864-6e001b3eef54,Cooling,74,128,4.518628|3.000000|1.000000,0.028940677642822266,3.0,4.612183|3.000000|1.000000,4.518628|3.000000|1.000000,4.612183|3.000000|1.000000,3,49937469440.000000,N/A,5
MOGP_GENERATIONAL,23676a40-edbd-11f0-8864-6e001b3eef54,Cooling,74,129,4.518628|3.000000|1.000000,0.03629183769226074,3.0,4.612183|3.000000|1.000000,4.518628|3.000000|1.000000,4.612183|3.000000|1.000000,3,110006239232.000000,N/A,5
MOGP_GENERATIONAL,23676a40-edbd-11f0-8864-6e001b3eef54,Cooling,74,130,4.518628|3.000000|1.000000,0.028603076934814453,3.0,4.612183|3.000000|1.000000,4.518628|3.000000|1.000000,4.612183|3.000000|1.000000,3,99497951232.000000,N/A,5
MOGP_GENERATIONAL,23676a40-edbd-11f0-8864-6e001b3eef54,Cooling,74,131,4.518628|3.000000|1.000000,0.03131389617919922,3.0,4.612183|3.000000|1.000000,4.518628|3.000000|1.000000,4.612183|3.000000|1.000000,3,117178744832.000000,N/A,5
MOGP_GENERATIONAL,23676a40-edbd-11f0-8864-6e001b3eef54,Cooling,74,132,4.518628|3.000000|1.000000,0.03492593765258789,3.0,4.612183|3.000000|1.000000,4.518628|3.000000|1.000000,4.612183|3.000000|1.000000,3,96394747904.000000,N/A,5
MOGP_GENERATIONAL,23676a40-edbd-11f0-8864-6e001b3eef54,Cooling,74,133,4.518628|3.000000|1.000000,0.036743879318237305,3.0,4.612183|3.000000|1.000000,4.518628|3.000000|1.000000,4.612183|3.000000|1.000000,3,107991195648.000000,N/A,5
MOGP_GENERATIONAL,23676a40-edbd-11f0-8864-6e001b3eef54,Cooling,74,134,4.518628|3.000000|1.000000,0.03510403633117676,3.0,4.612183|3.000000|1.000000,4.518628|3.000000|1.000000,4.612183|3.000000|1.000000,3,93229621248.000000,N/A,5
MOGP_GENERATIONAL,23676a40-edbd-11f0-8864-6e001b3eef54,Cooling,74,135,4.518628|3.000000|1.000000,0.036826133728027344,3.0,4.612183|3.000000|1.000000,4.518628|3.000000|1.000000,4.612183|3.000000|1.000000,3,70533668864.000000,N/A,5
MOGP_GENERATIONAL,23676a40-edbd-11f0-8864-6e001b3eef54,Cooling,74,136,4.518628|3.000000|1.000000,0.034200191497802734,3.0,4.612183|3.000000|1.000000,4.518628|3.000000|1.000000,4.612183|3.000000|1.000000,3,86304669696.000000,N/A,5
MOGP_GENERATIONAL,23676a40-edbd-11f0-8864-6e001b3eef54,Cooling,74,137,4.518628|3.000000|1.000000,0.030299901962280273,3.0,4.612183|3.000000|1.000000,4.518628|3.000000|1.000000,4.612183|3.000000|1.000000,3,70725099520.000000,N/A,5
MOGP_GENERATIONAL,23676a40-edbd-11f0-8864-6e001b3eef54,Cooling,74,138,4.518628|3.000000|1.000000,0.03252887725830078,3.0,4.612183|3.000000|1.000000,4.518628|3.000000|1.000000,4.612183|3.000000|1.000000,3,103583588352.000000,N/A,5
MOGP_GENERATIONAL,23676a40-edbd-11f0-8864-6e001b3eef54,Cooling,74,139,4.518628|3.000000|1.000000,0.03540301322937012,3.0,4.612183|3.000000|1.000000,4.518628|3.000000|1.000000,4.612183|3.000000|1.000000,3,85332082688.000000,N/A,5
MOGP_GENERATIONAL,23676a40-edbd-11f0-8864-6e001b3eef54,Cooling,74,140,4.518628|3.000000|1.000000,0.03990817070007324,3.0,4.612183|3.000000|1.000000,4.518628|3.000000|1.000000,4.612183|3.000000|1.000000,3,116021878784.000000,N/A,5
MOGP_GENERATIONAL,23676a40-edbd-11f0-8864-6e001b3eef54,Cooling,74,141,4.518628|3.000000|1.000000,0.028998851776123047,3.0,4.612183|3.000000|1.000000,4.518628|3.000000|1.000000,4.612183|3.000000|1.000000,3,115753336832.000000,N/A,5
MOGP_GENERATIONAL,23676a40-edbd-11f0-8864-6e001b3eef54,Cooling,74,142,4.518628|3.000000|1.000000,0.03349804878234863,3.0,4.612183|3.000000|1.000000,4.518628|3.000000|1.000000,4.612183|3.000000|1.000000,3,119597547520.000000,N/A,5
MOGP_GENERATIONAL,23676a40-edbd-11f0-8864-6e001b3eef54,Cooling,74,143,4.518628|3.000000|1.000000,0.03849291801452637,3.0,4.612183|3.000000|1.000000,4.518628|3.000000|1.000000,4.612183|3.000000|1.000000,3,70570016768.000000,N/A,5
MOGP_GENERATIONAL,23676a40-edbd-11f0-8864-6e001b3eef54,Cooling,74,144,4.518628|3.000000|1.000000,0.02872776985168457,3.0,4.612183|3.000000|1.000000,4.518628|3.000000|1.000000,4.612183|3.000000|1.000000,3,99457449984.000000,N/A,5
MOGP_GENERATIONAL,23676a40-edbd-11f0-8864-6e001b3eef54,Cooling,74,145,4.518628|3.000000|1.000000,0.03777599334716797,3.0,4.612183|3.000000|1.000000,4.518628|3.000000|1.000000,4.612183|3.000000|1.000000,3,106426671104.000000,N/A,5
MOGP_GENERATIONAL,23676a40-edbd-11f0-8864-6e001b3eef54,Cooling,74,146,4.518628|3.000000|1.000000,0.033631086349487305,3.0,4.612183|3.000000|1.000000,4.518628|3.000000|1.000000,4.612183|3.000000|1.000000,3,97157955584.000000,N/A,5
MOGP_GENERATIONAL,23676a40-edbd-11f0-8864-6e001b3eef54,Cooling,74,147,4.518628|3.000000|1.000000,0.029837846755981445,3.0,4.612183|3.000000|1.000000,4.518628|3.000000|1.000000,4.612183|3.000000|1.000000,3,78049329152.000000,N/A,5
MOGP_GENERATIONAL,23676a40-edbd-11f0-8864-6e001b3eef54,Cooling,74,148,4.518628|3.000000|1.000000,0.029373884201049805,3.0,4.612183|3.000000|1.000000,4.518628|3.000000|1.000000,4.612183|3.000000|1.000000,3,49937321984.000000,N/A,5
MOGP_GENERATIONAL,23676a40-edbd-11f0-8864-6e001b3eef54,Cooling,74,149,4.518628|3.000000|1.000000,0.03353595733642578,3.0,4.612183|3.000000|1.000000,4.518628|3.000000|1.000000,4.612183|3.000000|1.000000,3,76658360320.000000,N/A,5
MOGP_GENERATIONAL,23676a40-edbd-11f0-8864-6e001b3eef54,Cooling,74,150,4.518628|3.000000|1.000000,0.04144001007080078,3.0,4.612183|3.000000|1.000000,4.518628|3.000000|1.000000,4.612183|3.000000|1.000000,3,81196498944.000000,N/A,5
MOGP_GENERATIONAL,23676a40-edbd-11f0-8864-6e001b3eef54,Cooling,74,151,4.518628|3.000000|1.000000,0.03306388854980469,3.0,4.612183|3.000000|1.000000,4.518628|3.000000|1.000000,4.612183|3.000000|1.000000,3,85929172992.000000,N/A,5
MOGP_GENERATIONAL,23676a40-edbd-11f0-8864-6e001b3eef54,Cooling,74,152,4.518628|3.000000|1.000000,0.03851318359375,3.0,4.612183|3.000000|1.000000,4.518628|3.000000|1.000000,4.612183|3.000000|1.000000,3,67724447744.000000,N/A,5
MOGP_GENERATIONAL,23676a40-edbd-11f0-8864-6e001b3eef54,Cooling,74,153,4.518628|3.000000|1.000000,0.030258893966674805,3.0,4.612183|3.000000|1.000000,4.518628|3.000000|1.000000,4.612183|3.000000|1.000000,3,63880908800.000000,N/A,5
MOGP_GENERATIONAL,23676a40-edbd-11f0-8864-6e001b3eef54,Cooling,74,154,4.518628|3.000000|1.000000,0.029748916625976562,3.0,4.612183|3.000000|1.000000,4.518628|3.000000|1.000000,4.612183|3.000000|1.000000,3,110854725632.000000,N/A,5
MOGP_GENERATIONAL,23676a40-edbd-11f0-8864-6e001b3eef54,Cooling,74,155,4.518628|3.000000|1.000000,0.038278818130493164,3.0,4.612183|3.000000|1.000000,4.518628|3.000000|1.000000,4.612183|3.000000|1.000000,3,3769347840.000000,N/A,5
MOGP_GENERATIONAL,23676a40-edbd-11f0-8864-6e001b3eef54,Cooling,74,156,4.518628|3.000000|1.000000,0.029954910278320312,3.0,4.612183|3.000000|1.000000,4.518628|3.000000|1.000000,4.612183|3.000000|1.000000,3,70533660672.000000,N/A,5
MOGP_GENERATIONAL,23676a40-edbd-11f0-8864-6e001b3eef54,Cooling,74,157,4.518628|3.000000|1.000000,0.038474082946777344,3.0,4.612183|3.000000|1.000000,4.518628|3.000000|1.000000,4.612183|3.000000|1.000000,3,139075518464.000000,N/A,5
MOGP_GENERATIONAL,23676a40-edbd-11f0-8864-6e001b3eef54,Cooling,74,158,4.518628|3.000000|1.000000,0.031002044677734375,3.0,4.612183|3.000000|1.000000,4.518628|3.000000|1.000000,4.612183|3.000000|1.000000,3,117130125312.000000,N/A,5
MOGP_GENERATIONAL,23676a40-edbd-11f0-8864-6e001b3eef54,Cooling,74,159,4.518628|3.000000|1.000000,0.027915000915527344,3.0,4.612183|3.000000|1.000000,4.518628|3.000000|1.000000,4.612183|3.000000|1.000000,3,94233559040.000000,N/A,5
MOGP_GENERATIONAL,23676a40-edbd-11f0-8864-6e001b3eef54,Cooling,74,160,4.518628|3.000000|1.000000,0.030000925064086914,3.0,4.612183|3.000000|1.000000,4.518628|3.000000|1.000000,4.612183|3.000000|1.000000,3,111116926976.000000,N/A,5
MOGP_GENERATIONAL,23676a40-edbd-11f0-8864-6e001b3eef54,Cooling,74,161,4.518628|3.000000|1.000000,0.04053211212158203,3.0,4.612183|3.000000|1.000000,4.518628|3.000000|1.000000,4.612183|3.000000|1.000000,3,77831053312.000000,N/A,5
MOGP_GENERATIONAL,23676a40-edbd-11f0-8864-6e001b3eef54,Cooling,74,162,4.518628|3.000000|1.000000,0.03631711006164551,3.0,4.612183|3.000000|1.000000,4.518628|3.000000|1.000000,4.612183|3.000000|1.000000,3,78834622464.000000,N/A,5
MOGP_GENERATIONAL,23676a40-edbd-11f0-8864-6e001b3eef54,Cooling,74,163,4.518628|3.000000|1.000000,0.029828786849975586,3.0,4.612183|3.000000|1.000000,4.518628|3.000000|1.000000,4.612183|3.000000|1.000000,3,110417551360.000000,N/A,5
MOGP_GENERATIONAL,23676a40-edbd-11f0-8864-6e001b3eef54,Cooling,74,164,4.518628|3.000000|1.000000,0.03670382499694824,3.0,4.612183|3.000000|1.000000,4.518628|3.000000|1.000000,4.612183|3.000000|1.000000,3,88978391040.000000,N/A,5
MOGP_GENERATIONAL,23676a40-edbd-11f0-8864-6e001b3eef54,Cooling,74,165,4.518628|3.000000|1.000000,0.029553890228271484,3.0,4.612183|3.000000|1.000000,4.518628|3.000000|1.000000,4.612183|3.000000|1.000000,3,134977011712.000000,N/A,5
MOGP_GENERATIONAL,23676a40-edbd-11f0-8864-6e001b3eef54,Cooling,74,166,4.518628|3.000000|1.000000,0.03060293197631836,3.0,4.612183|3.000000|1.000000,4.518628|3.000000|1.000000,4.612183|3.000000|1.000000,3,93361545216.000000,N/A,5
MOGP_GENERATIONAL,23676a40-edbd-11f0-8864-6e001b3eef54,Cooling,74,167,4.518628|3.000000|1.000000,0.029951095581054688,3.0,4.612183|3.000000|1.000000,4.518628|3.000000|1.000000,4.612183|3.000000|1.000000,3,120004550656.000000,N/A,5
MOGP_GENERATIONAL,23676a40-edbd-11f0-8864-6e001b3eef54,Cooling,74,168,4.518628|3.000000|1.000000,0.03910088539123535,3.0,4.612183|3.000000|1.000000,4.518628|3.000000|1.000000,4.612183|3.000000|1.000000,3,86277185536.000000,N/A,5
MOGP_GENERATIONAL,23676a40-edbd-11f0-8864-6e001b3eef54,Cooling,74,169,4.518628|3.000000|1.000000,0.03275012969970703,3.0,4.612183|3.000000|1.000000,4.518628|3.000000|1.000000,4.612183|3.000000|1.000000,3,70533685248.000000,N/A,5
MOGP_GENERATIONAL,23676a40-edbd-11f0-8864-6e001b3eef54,Cooling,74,170,4.518628|3.000000|1.000000,0.038503170013427734,3.0,4.612183|3.000000|1.000000,4.518628|3.000000|1.000000,4.612183|3.000000|1.000000,3,69441650688.000000,N/A,5
MOGP_GENERATIONAL,23676a40-edbd-11f0-8864-6e001b3eef54,Cooling,74,171,4.518628|3.000000|1.000000,0.035156965255737305,3.0,4.612183|3.000000|1.000000,4.518628|3.000000|1.000000,4.612183|3.000000|1.000000,3,108317818880.000000,N/A,5
MOGP_GENERATIONAL,23676a40-edbd-11f0-8864-6e001b3eef54,Cooling,74,172,4.518628|3.000000|1.000000,0.030251026153564453,3.0,4.612183|3.000000|1.000000,4.518628|3.000000|1.000000,4.612183|3.000000|1.000000,3,62608420864.000000,N/A,5
MOGP_GENERATIONAL,23676a40-edbd-11f0-8864-6e001b3eef54,Cooling,74,173,4.518628|3.000000|1.000000,0.024290084838867188,3.0,4.612183|3.000000|1.000000,4.518628|3.000000|1.000000,4.612183|3.000000|1.000000,3,127093882880.000000,N/A,5
MOGP_GENERATIONAL,23676a40-edbd-11f0-8864-6e001b3eef54,Cooling,74,174,4.518628|3.000000|1.000000,0.03140830993652344,3.0,4.612183|3.000000|1.000000,4.518628|3.000000|1.000000,4.612183|3.000000|1.000000,3,96586186752.000000,N/A,5
MOGP_GENERATIONAL,23676a40-edbd-11f0-8864-6e001b3eef54,Cooling,74,175,4.518628|3.000000|1.000000,0.03548312187194824,3.0,4.612183|3.000000|1.000000,4.518628|3.000000|1.000000,4.612183|3.000000|1.000000,3,99577380864.000000,N/A,5
MOGP_GENERATIONAL,23676a40-edbd-11f0-8864-6e001b3eef54,Cooling,74,176,4.518628|3.000000|1.000000,0.040740013122558594,3.0,4.612183|3.000000|1.000000,4.518628|3.000000|1.000000,4.612183|3.000000|1.000000,3,118490505216.000000,N/A,5
MOGP_GENERATIONAL,23676a40-edbd-11f0-8864-6e001b3eef54,Cooling,74,177,4.518628|3.000000|1.000000,0.03526711463928223,3.0,4.612183|3.000000|1.000000,4.518628|3.000000|1.000000,4.612183|3.000000|1.000000,3,146266931200.000000,N/A,5
MOGP_GENERATIONAL,23676a40-edbd-11f0-8864-6e001b3eef54,Cooling,74,178,4.518628|3.000000|1.000000,0.02903604507446289,3.0,4.612183|3.000000|1.000000,4.518628|3.000000|1.000000,4.612183|3.000000|1.000000,3,43439591424.000000,N/A,5
MOGP_GENERATIONAL,23676a40-edbd-11f0-8864-6e001b3eef54,Cooling,74,179,4.518628|3.000000|1.000000,0.03467607498168945,3.0,4.612183|3.000000|1.000000,4.518628|3.000000|1.000000,4.612183|3.000000|1.000000,3,109354106880.000000,N/A,5
MOGP_GENERATIONAL,23676a40-edbd-11f0-8864-6e001b3eef54,Cooling,74,180,4.518628|3.000000|1.000000,0.042392730712890625,3.0,4.612183|3.000000|1.000000,4.518628|3.000000|1.000000,4.612183|3.000000|1.000000,3,98018467840.000000,N/A,5
MOGP_GENERATIONAL,23676a40-edbd-11f0-8864-6e001b3eef54,Cooling,74,181,4.518628|3.000000|1.000000,0.034578800201416016,3.0,4.612183|3.000000|1.000000,4.518628|3.000000|1.000000,4.612183|3.000000|1.000000,3,70628081664.000000,N/A,5
MOGP_GENERATIONAL,23676a40-edbd-11f0-8864-6e001b3eef54,Cooling,74,182,4.518628|3.000000|1.000000,0.030376911163330078,3.0,4.612183|3.000000|1.000000,4.518628|3.000000|1.000000,4.612183|3.000000|1.000000,3,92920930304.000000,N/A,5
MOGP_GENERATIONAL,23676a40-edbd-11f0-8864-6e001b3eef54,Cooling,74,183,4.518628|3.000000|1.000000,0.0303647518157959,3.0,4.612183|3.000000|1.000000,4.518628|3.000000|1.000000,4.612183|3.000000|1.000000,3,102396788736.000000,N/A,5
MOGP_GENERATIONAL,23676a40-edbd-11f0-8864-6e001b3eef54,Cooling,74,184,4.518628|3.000000|1.000000,0.02938985824584961,3.0,4.612183|3.000000|1.000000,4.518628|3.000000|1.000000,4.612183|3.000000|1.000000,3,66063994880.000000,N/A,5
MOGP_GENERATIONAL,23676a40-edbd-11f0-8864-6e001b3eef54,Cooling,74,185,4.518628|3.000000|1.000000,0.040984153747558594,3.0,4.612183|3.000000|1.000000,4.518628|3.000000|1.000000,4.612183|3.000000|1.000000,3,111101911040.000000,N/A,5
MOGP_GENERATIONAL,23676a40-edbd-11f0-8864-6e001b3eef54,Cooling,74,186,4.518628|3.000000|1.000000,0.02929973602294922,3.0,4.612183|3.000000|1.000000,4.518628|3.000000|1.000000,4.612183|3.000000|1.000000,3,95250030592.000000,N/A,5
MOGP_GENERATIONAL,23676a40-edbd-11f0-8864-6e001b3eef54,Cooling,74,187,4.518628|3.000000|1.000000,0.030185937881469727,3.0,4.612183|3.000000|1.000000,4.518628|3.000000|1.000000,4.612183|3.000000|1.000000,3,120782831616.000000,N/A,5
MOGP_GENERATIONAL,23676a40-edbd-11f0-8864-6e001b3eef54,Cooling,74,188,4.518628|3.000000|1.000000,0.03055095672607422,3.0,4.612183|3.000000|1.000000,4.518628|3.000000|1.000000,4.612183|3.000000|1.000000,3,97969094656.000000,N/A,5
MOGP_GENERATIONAL,23676a40-edbd-11f0-8864-6e001b3eef54,Cooling,74,189,4.518628|3.000000|1.000000,0.029864072799682617,3.0,4.612183|3.000000|1.000000,4.518628|3.000000|1.000000,4.612183|3.000000|1.000000,3,74064084992.000000,N/A,5
MOGP_GENERATIONAL,23676a40-edbd-11f0-8864-6e001b3eef54,Cooling,74,190,4.518628|3.000000|1.000000,0.039405107498168945,3.0,4.612183|3.000000|1.000000,4.518628|3.000000|1.000000,4.612183|3.000000|1.000000,3,58171764736.000000,N/A,5
MOGP_GENERATIONAL,23676a40-edbd-11f0-8864-6e001b3eef54,Cooling,74,191,4.518628|3.000000|1.000000,0.030498743057250977,3.0,4.612183|3.000000|1.000000,4.518628|3.000000|1.000000,4.612183|3.000000|1.000000,3,126402076672.000000,N/A,5
MOGP_GENERATIONAL,23676a40-edbd-11f0-8864-6e001b3eef54,Cooling,74,192,4.518628|3.000000|1.000000,0.029127836227416992,3.0,4.612183|3.000000|1.000000,4.518628|3.000000|1.000000,4.612183|3.000000|1.000000,3,82669633536.000000,N/A,5
MOGP_GENERATIONAL,23676a40-edbd-11f0-8864-6e001b3eef54,Cooling,74,193,4.518628|3.000000|1.000000,0.03737807273864746,3.0,4.612183|3.000000|1.000000,4.518628|3.000000|1.000000,4.612183|3.000000|1.000000,3,111100731392.000000,N/A,5
MOGP_GENERATIONAL,23676a40-edbd-11f0-8864-6e001b3eef54,Cooling,74,194,4.518628|3.000000|1.000000,0.02980804443359375,3.0,4.612183|3.000000|1.000000,4.518628|3.000000|1.000000,4.612183|3.000000|1.000000,3,66069221376.000000,N/A,5
MOGP_GENERATIONAL,23676a40-edbd-11f0-8864-6e001b3eef54,Cooling,74,195,4.518628|3.000000|1.000000,0.043118953704833984,3.0,4.612183|3.000000|1.000000,4.518628|3.000000|1.000000,4.612183|3.000000|1.000000,3,86277054464.000000,N/A,5
MOGP_GENERATIONAL,23676a40-edbd-11f0-8864-6e001b3eef54,Cooling,74,196,4.518628|3.000000|1.000000,0.025429964065551758,3.0,4.612183|3.000000|1.000000,4.518628|3.000000|1.000000,4.612183|3.000000|1.000000,3,94680621056.000000,N/A,5
MOGP_GENERATIONAL,23676a40-edbd-11f0-8864-6e001b3eef54,Cooling,74,197,4.518628|3.000000|1.000000,0.028625965118408203,3.0,4.612183|3.000000|1.000000,4.518628|3.000000|1.000000,4.612183|3.000000|1.000000,3,108316835840.000000,N/A,5
MOGP_GENERATIONAL,23676a40-edbd-11f0-8864-6e001b3eef54,Cooling,74,198,4.518628|3.000000|1.000000,0.0360870361328125,3.0,4.612183|3.000000|1.000000,4.518628|3.000000|1.000000,4.612183|3.000000|1.000000,3,91221909504.000000,N/A,5
MOGP_GENERATIONAL,23676a40-edbd-11f0-8864-6e001b3eef54,Cooling,74,199,4.518628|3.000000|1.000000,0.03661298751831055,3.0,4.612183|3.000000|1.000000,4.518628|3.000000|1.000000,4.612183|3.000000|1.000000,3,70571925504.000000,N/A,5
MOGP_GENERATIONAL,23676a40-edbd-11f0-8864-6e001b3eef54,Cooling,74,200,4.518628|3.000000|1.000000,0.024990081787109375,3.0,4.612183|3.000000|1.000000,4.518628|3.000000|1.000000,4.612183|3.000000|1.000000,3,85398716416.000000,N/A,5
MOGP_GENERATIONAL,23676a40-edbd-11f0-8864-6e001b3eef54,Cooling,74,201,4.518628|3.000000|1.000000,0.038645029067993164,3.0,4.612183|3.000000|1.000000,4.518628|3.000000|1.000000,4.612183|3.000000|1.000000,3,69441290240.000000,N/A,5
MOGP_GENERATIONAL,23676a40-edbd-11f0-8864-6e001b3eef54,Cooling,74,202,4.518628|3.000000|1.000000,0.02857494354248047,3.0,4.612183|3.000000|1.000000,4.518628|3.000000|1.000000,4.612183|3.000000|1.000000,3,133649661952.000000,N/A,5
MOGP_GENERATIONAL,23676a40-edbd-11f0-8864-6e001b3eef54,Cooling,74,203,4.518628|3.000000|1.000000,0.03658604621887207,3.0,4.612183|3.000000|1.000000,4.518628|3.000000|1.000000,4.612183|3.000000|1.000000,3,45118070784.000000,N/A,5
MOGP_GENERATIONAL,23676a40-edbd-11f0-8864-6e001b3eef54,Cooling,74,204,4.518628|3.000000|1.000000,0.044097185134887695,3.0,4.612183|3.000000|1.000000,4.518628|3.000000|1.000000,4.612183|3.000000|1.000000,3,137136685056.000000,N/A,5
MOGP_GENERATIONAL,23676a40-edbd-11f0-8864-6e001b3eef54,Cooling,74,205,4.518628|3.000000|1.000000,0.0367741584777832,3.0,4.612183|3.000000|1.000000,4.518628|3.000000|1.000000,4.612183|3.000000|1.000000,3,94660526080.000000,N/A,5
MOGP_GENERATIONAL,23676a40-edbd-11f0-8864-6e001b3eef54,Cooling,74,206,4.518628|3.000000|1.000000,0.037902116775512695,3.0,4.612183|3.000000|1.000000,4.518628|3.000000|1.000000,4.612183|3.000000|1.000000,3,67794620416.000000,N/A,5
MOGP_GENERATIONAL,23676a40-edbd-11f0-8864-6e001b3eef54,Cooling,74,207,4.518628|3.000000|1.000000,0.03654980659484863,3.0,4.612183|3.000000|1.000000,4.518628|3.000000|1.000000,4.612183|3.000000|1.000000,3,123575459840.000000,N/A,5
MOGP_GENERATIONAL,23676a40-edbd-11f0-8864-6e001b3eef54,Cooling,74,208,4.518628|3.000000|1.000000,0.029790878295898438,3.0,4.612183|3.000000|1.000000,4.518628|3.000000|1.000000,4.612183|3.000000|1.000000,3,91652931584.000000,N/A,5
MOGP_GENERATIONAL,23676a40-edbd-11f0-8864-6e001b3eef54,Cooling,74,209,4.518628|3.000000|1.000000,0.02927994728088379,3.0,4.612183|3.000000|1.000000,4.518628|3.000000|1.000000,4.612183|3.000000|1.000000,3,57470386176.000000,N/A,5
MOGP_GENERATIONAL,23676a40-edbd-11f0-8864-6e001b3eef54,Cooling,74,210,4.518628|3.000000|1.000000,0.03638195991516113,3.0,4.612183|3.000000|1.000000,4.518628|3.000000|1.000000,4.612183|3.000000|1.000000,3,111100215296.000000,N/A,5
MOGP_GENERATIONAL,23676a40-edbd-11f0-8864-6e001b3eef54,Cooling,74,211,4.518628|3.000000|1.000000,0.035356998443603516,3.0,4.612183|3.000000|1.000000,4.518628|3.000000|1.000000,4.612183|3.000000|1.000000,3,97053122560.000000,N/A,5
MOGP_GENERATIONAL,23676a40-edbd-11f0-8864-6e001b3eef54,Cooling,74,212,4.518628|3.000000|1.000000,0.029588937759399414,3.0,4.612183|3.000000|1.000000,4.518628|3.000000|1.000000,4.612183|3.000000|1.000000,3,93262462976.000000,N/A,5
MOGP_GENERATIONAL,23676a40-edbd-11f0-8864-6e001b3eef54,Cooling,74,213,4.518628|3.000000|1.000000,0.03615927696228027,3.0,4.612183|3.000000|1.000000,4.518628|3.000000|1.000000,4.612183|3.000000|1.000000,3,114485379072.000000,N/A,5
MOGP_GENERATIONAL,23676a40-edbd-11f0-8864-6e001b3eef54,Cooling,74,214,4.518628|3.000000|1.000000,0.02884697914123535,3.0,4.612183|3.000000|1.000000,4.518628|3.000000|1.000000,4.612183|3.000000|1.000000,3,61178671104.000000,N/A,5
MOGP_GENERATIONAL,23676a40-edbd-11f0-8864-6e001b3eef54,Cooling,74,215,4.518628|3.000000|1.000000,0.029122114181518555,3.0,4.612183|3.000000|1.000000,4.518628|3.000000|1.000000,4.612183|3.000000|1.000000,3,49937469440.000000,N/A,5
MOGP_GENERATIONAL,23676a40-edbd-11f0-8864-6e001b3eef54,Cooling,74,216,4.518628|3.000000|1.000000,0.03693580627441406,3.0,4.612183|3.000000|1.000000,4.518628|3.000000|1.000000,4.612183|3.000000|1.000000,3,99519365120.000000,N/A,5
MOGP_GENERATIONAL,23676a40-edbd-11f0-8864-6e001b3eef54,Cooling,74,217,4.518628|3.000000|1.000000,0.02861809730529785,3.0,4.612183|3.000000|1.000000,4.518628|3.000000|1.000000,4.612183|3.000000|1.000000,3,97455046656.000000,N/A,5
MOGP_GENERATIONAL,23676a40-edbd-11f0-8864-6e001b3eef54,Cooling,74,218,4.518628|3.000000|1.000000,0.032257080078125,3.0,4.612183|3.000000|1.000000,4.518628|3.000000|1.000000,4.612183|3.000000|1.000000,3,110733983744.000000,N/A,5
MOGP_GENERATIONAL,23676a40-edbd-11f0-8864-6e001b3eef54,Cooling,74,219,4.518628|3.000000|1.000000,0.03689098358154297,3.0,4.612183|3.000000|1.000000,4.518628|3.000000|1.000000,4.612183|3.000000|1.000000,3,80129171456.000000,N/A,5
MOGP_GENERATIONAL,23676a40-edbd-11f0-8864-6e001b3eef54,Cooling,74,220,4.518628|3.000000|1.000000,0.028911113739013672,3.0,4.612183|3.000000|1.000000,4.518628|3.000000|1.000000,4.612183|3.000000|1.000000,3,86695641088.000000,N/A,5
MOGP_GENERATIONAL,23676a40-edbd-11f0-8864-6e001b3eef54,Cooling,74,221,4.518628|3.000000|1.000000,0.03671979904174805,3.0,4.612183|3.000000|1.000000,4.518628|3.000000|1.000000,4.612183|3.000000|1.000000,3,126413963264.000000,N/A,5
MOGP_GENERATIONAL,23676a40-edbd-11f0-8864-6e001b3eef54,Cooling,74,222,4.518628|3.000000|1.000000,0.040837764739990234,3.0,4.612183|3.000000|1.000000,4.518628|3.000000|1.000000,4.612183|3.000000|1.000000,3,98751152128.000000,N/A,5
MOGP_GENERATIONAL,23676a40-edbd-11f0-8864-6e001b3eef54,Cooling,74,223,4.518628|3.000000|1.000000,0.035360097885131836,3.0,4.612183|3.000000|1.000000,4.518628|3.000000|1.000000,4.612183|3.000000|1.000000,3,82671017984.000000,N/A,5
MOGP_GENERATIONAL,23676a40-edbd-11f0-8864-6e001b3eef54,Cooling,74,224,4.518628|3.000000|1.000000,0.028818845748901367,3.0,4.612183|3.000000|1.000000,4.518628|3.000000|1.000000,4.612183|3.000000|1.000000,3,74561421312.000000,N/A,5
MOGP_GENERATIONAL,23676a40-edbd-11f0-8864-6e001b3eef54,Cooling,74,225,4.518628|3.000000|1.000000,0.04347538948059082,3.0,4.612183|3.000000|1.000000,4.518628|3.000000|1.000000,4.612183|3.000000|1.000000,3,99498606592.000000,N/A,5
MOGP_GENERATIONAL,23676a40-edbd-11f0-8864-6e001b3eef54,Cooling,74,226,4.518628|3.000000|1.000000,0.033004045486450195,3.0,4.612183|3.000000|1.000000,4.518628|3.000000|1.000000,4.612183|3.000000|1.000000,3,111209619456.000000,N/A,5
MOGP_GENERATIONAL,23676a40-edbd-11f0-8864-6e001b3eef54,Cooling,74,227,4.518628|3.000000|1.000000,0.03171801567077637,3.0,4.612183|3.000000|1.000000,4.518628|3.000000|1.000000,4.612183|3.000000|1.000000,3,108354396160.000000,N/A,5
MOGP_GENERATIONAL,23676a40-edbd-11f0-8864-6e001b3eef54,Cooling,74,228,4.518628|3.000000|1.000000,0.030199050903320312,3.0,4.612183|3.000000|1.000000,4.518628|3.000000|1.000000,4.612183|3.000000|1.000000,3,80863772672.000000,N/A,5
MOGP_GENERATIONAL,23676a40-edbd-11f0-8864-6e001b3eef54,Cooling,74,229,4.518628|3.000000|1.000000,0.03246331214904785,3.0,4.612183|3.000000|1.000000,4.518628|3.000000|1.000000,4.612183|3.000000|1.000000,3,79172198400.000000,N/A,5
MOGP_GENERATIONAL,23676a40-edbd-11f0-8864-6e001b3eef54,Cooling,74,230,4.518628|3.000000|1.000000,0.027046918869018555,3.0,4.612183|3.000000|1.000000,4.518628|3.000000|1.000000,4.612183|3.000000|1.000000,3,93785391104.000000,N/A,5
MOGP_GENERATIONAL,23676a40-edbd-11f0-8864-6e001b3eef54,Cooling,74,231,4.518628|3.000000|1.000000,0.026086807250976562,3.0,4.612183|3.000000|1.000000,4.518628|3.000000|1.000000,4.612183|3.000000|1.000000,3,95601065984.000000,N/A,5
MOGP_GENERATIONAL,23676a40-edbd-11f0-8864-6e001b3eef54,Cooling,74,232,4.518628|3.000000|1.000000,0.032303810119628906,3.0,4.612183|3.000000|1.000000,4.518628|3.000000|1.000000,4.612183|3.000000|1.000000,3,106781753344.000000,N/A,5
MOGP_GENERATIONAL,23676a40-edbd-11f0-8864-6e001b3eef54,Cooling,74,233,4.518628|3.000000|1.000000,0.029161930084228516,3.0,4.612183|3.000000|1.000000,4.518628|3.000000|1.000000,4.612183|3.000000|1.000000,3,129123606528.000000,N/A,5
MOGP_GENERATIONAL,23676a40-edbd-11f0-8864-6e001b3eef54,Cooling,74,234,4.518628|3.000000|1.000000,0.10790491104125977,3.0,4.612183|3.000000|1.000000,4.518628|3.000000|1.000000,4.612183|3.000000|1.000000,3,70570991616.000000,N/A,5
MOGP_GENERATIONAL,23676a40-edbd-11f0-8864-6e001b3eef54,Cooling,74,235,4.518628|3.000000|1.000000,0.0334162712097168,3.0,4.612183|3.000000|1.000000,4.518628|3.000000|1.000000,4.612183|3.000000|1.000000,3,1009095104.000000,N/A,5
MOGP_GENERATIONAL,23676a40-edbd-11f0-8864-6e001b3eef54,Cooling,74,236,4.518628|3.000000|1.000000,0.029455900192260742,3.0,4.612183|3.000000|1.000000,4.518628|3.000000|1.000000,4.612183|3.000000|1.000000,3,86276259840.000000,N/A,5
MOGP_GENERATIONAL,23676a40-edbd-11f0-8864-6e001b3eef54,Cooling,74,237,4.518628|3.000000|1.000000,0.029191017150878906,3.0,4.612183|3.000000|1.000000,4.518628|3.000000|1.000000,4.612183|3.000000|1.000000,3,79944114176.000000,N/A,5
MOGP_GENERATIONAL,23676a40-edbd-11f0-8864-6e001b3eef54,Cooling,74,238,4.518628|3.000000|1.000000,0.036708831787109375,3.0,4.612183|3.000000|1.000000,4.518628|3.000000|1.000000,4.612183|3.000000|1.000000,3,78266245120.000000,N/A,5
MOGP_GENERATIONAL,23676a40-edbd-11f0-8864-6e001b3eef54,Cooling,74,239,4.518628|3.000000|1.000000,0.03171396255493164,3.0,4.612183|3.000000|1.000000,4.518628|3.000000|1.000000,4.612183|3.000000|1.000000,3,115881402368.000000,N/A,5
MOGP_GENERATIONAL,23676a40-edbd-11f0-8864-6e001b3eef54,Cooling,74,240,4.518628|3.000000|1.000000,0.028890132904052734,3.0,4.612183|3.000000|1.000000,4.518628|3.000000|1.000000,4.612183|3.000000|1.000000,3,123355299840.000000,N/A,5
MOGP_GENERATIONAL,23676a40-edbd-11f0-8864-6e001b3eef54,Cooling,74,241,4.518628|3.000000|1.000000,0.033262014389038086,3.0,4.612183|3.000000|1.000000,4.518628|3.000000|1.000000,4.612183|3.000000|1.000000,3,82351046656.000000,N/A,5
MOGP_GENERATIONAL,23676a40-edbd-11f0-8864-6e001b3eef54,Cooling,74,242,4.518628|3.000000|1.000000,0.029811859130859375,3.0,4.612183|3.000000|1.000000,4.518628|3.000000|1.000000,4.612183|3.000000|1.000000,3,86278037504.000000,N/A,5
MOGP_GENERATIONAL,23676a40-edbd-11f0-8864-6e001b3eef54,Cooling,74,243,4.518628|3.000000|1.000000,0.038768768310546875,3.0,4.612183|3.000000|1.000000,4.518628|3.000000|1.000000,4.612183|3.000000|1.000000,3,102021963776.000000,N/A,5
MOGP_GENERATIONAL,23676a40-edbd-11f0-8864-6e001b3eef54,Cooling,74,244,4.518628|3.000000|1.000000,0.02977585792541504,3.0,4.612183|3.000000|1.000000,4.518628|3.000000|1.000000,4.612183|3.000000|1.000000,3,92652101632.000000,N/A,5
MOGP_GENERATIONAL,23676a40-edbd-11f0-8864-6e001b3eef54,Cooling,74,245,4.518628|3.000000|1.000000,0.033486127853393555,3.0,4.612183|3.000000|1.000000,4.518628|3.000000|1.000000,4.612183|3.000000|1.000000,3,119833935872.000000,N/A,5
MOGP_GENERATIONAL,23676a40-edbd-11f0-8864-6e001b3eef54,Cooling,74,246,4.518628|3.000000|1.000000,0.026543140411376953,3.0,4.612183|3.000000|1.000000,4.518628|3.000000|1.000000,4.612183|3.000000|1.000000,3,71880458240.000000,N/A,5
MOGP_GENERATIONAL,23676a40-edbd-11f0-8864-6e001b3eef54,Cooling,74,247,4.518628|3.000000|1.000000,0.02885723114013672,3.0,4.612183|3.000000|1.000000,4.518628|3.000000|1.000000,4.612183|3.000000|1.000000,3,24172898304.000000,N/A,5
MOGP_GENERATIONAL,23676a40-edbd-11f0-8864-6e001b3eef54,Cooling,74,248,4.518628|3.000000|1.000000,0.03453707695007324,3.0,4.612183|3.000000|1.000000,4.518628|3.000000|1.000000,4.612183|3.000000|1.000000,3,124487704576.000000,N/A,5
MOGP_GENERATIONAL,23676a40-edbd-11f0-8864-6e001b3eef54,Cooling,74,249,4.518628|3.000000|1.000000,0.035108089447021484,3.0,4.612183|3.000000|1.000000,4.518628|3.000000|1.000000,4.612183|3.000000|1.000000,3,87361634304.000000,N/A,5
MOGP_GENERATIONAL,23676a40-edbd-11f0-8864-6e001b3eef54,Cooling,74,250,4.518628|3.000000|1.000000,0.021006107330322266,3.0,4.612183|3.000000|1.000000,4.518628|3.000000|1.000000,4.612183|3.000000|1.000000,3,70533373952.000000,N/A,5
