MOGP_GENERATIONAL,1d2b2084-edd8-11f0-ad75-6e001b3eef54,Cooling,74,0,9.540829|3.000000|0.000000|0.000000|0.000000,1.4778289794921875,3.0,9.488972|3.000000|0.000000|0.000000|0.000000,N/A,N/A,0,244781563904.000000,N/A,5
MOGP_GENERATIONAL,1d2b2084-edd8-11f0-ad75-6e001b3eef54,Cooling,74,1,9.540829|3.000000|0.000000|0.000000|0.000000,0.10816597938537598,3.0,9.488972|3.000000|0.000000|0.000000|0.000000,4.633979|3.000000|1.000000|0.000000|0.000000,4.337965|3.000000|1.000000|0.000000|0.000000,3,106830503936.000000,N/A,5
MOGP_GENERATIONAL,1d2b2084-edd8-11f0-ad75-6e001b3eef54,Cooling,74,2,9.504141|3.000000|0.000000|0.000000|0.000000,0.07532596588134766,3.0,9.543655|3.000000|0.000000|0.000000|0.000000,8.452770|3.000000|1.000000|0.000000|0.000000,8.074993|3.000000|1.000000|0.000000|0.000000,3,79016124416.000000,N/A,5
MOGP_GENERATIONAL,1d2b2084-edd8-11f0-ad75-6e001b3eef54,Cooling,74,3,9.504141|3.000000|0.000000|0.000000|0.000000,0.07303619384765625,3.0,9.543655|3.000000|0.000000|0.000000|0.000000,5.823367|3.000000|1.000000|0.000000|0.000000,5.565592|3.000000|1.000000|0.000000|0.000000,3,99498762240.000000,N/A,5
MOGP_GENERATIONAL,1d2b2084-edd8-11f0-ad75-6e001b3eef54,Cooling,74,4,9.504141|3.000000|0.000000|0.000000|0.000000,0.06894183158874512,3.0,9.543655|3.000000|0.000000|0.000000|0.000000,8.452770|7.000000|1.000000|0.000000|0.000000,8.074993|7.000000|1.000000|0.000000|0.000000,7,69408235520.000000,N/A,5
MOGP_GENERATIONAL,1d2b2084-edd8-11f0-ad75-6e001b3eef54,Cooling,74,5,9.504141|3.000000|0.000000|0.000000|0.000000,0.06718087196350098,3.0,9.543655|3.000000|0.000000|0.000000|0.000000,9.504141|3.000000|0.000000|0.000000|0.000000,9.543655|3.000000|0.000000|0.000000|0.000000,3,84554997760.000000,N/A,5
MOGP_GENERATIONAL,1d2b2084-edd8-11f0-ad75-6e001b3eef54,Cooling,74,6,9.504141|3.000000|0.000000|0.000000|0.000000,0.06685638427734375,3.0,9.543655|3.000000|0.000000|0.000000|0.000000,6.949958|7.000000|1.000000|0.000000|0.000000,6.725732|7.000000|1.000000|0.000000|0.000000,7,102895181824.000000,N/A,5
MOGP_GENERATIONAL,1d2b2084-edd8-11f0-ad75-6e001b3eef54,Cooling,74,7,9.504141|3.000000|0.000000|0.000000|0.000000,0.06793332099914551,3.0,9.543655|3.000000|0.000000|0.000000|0.000000,8.452770|5.000000|1.000000|0.000000|0.000000,8.074993|5.000000|1.000000|0.000000|0.000000,5,127539224576.000000,N/A,5
MOGP_GENERATIONAL,1d2b2084-edd8-11f0-ad75-6e001b3eef54,Cooling,74,8,9.504141|3.000000|0.000000|0.000000|0.000000,0.07544803619384766,3.0,9.543655|3.000000|0.000000|0.000000|0.000000,9.504141|3.000000|0.000000|0.000000|0.000000,9.543655|3.000000|0.000000|0.000000|0.000000,3,50426744832.000000,N/A,5
MOGP_GENERATIONAL,1d2b2084-edd8-11f0-ad75-6e001b3eef54,Cooling,74,9,9.504141|3.000000|0.000000|0.000000|0.000000,0.07536482810974121,3.0,9.543655|3.000000|0.000000|0.000000|0.000000,9.504141|3.000000|0.000000|0.000000|0.000000,9.543655|3.000000|0.000000|0.000000|0.000000,3,80937115648.000000,N/A,5
MOGP_GENERATIONAL,1d2b2084-edd8-11f0-ad75-6e001b3eef54,Cooling,74,10,9.504141|3.000000|0.000000|0.000000|0.000000,0.06818175315856934,3.0,9.543655|3.000000|0.000000|0.000000|0.000000,8.010234|9.000000|2.000000|2.000000|1.000000,7.680059|9.000000|2.000000|2.000000|1.000000,9,117705859072.000000,N/A,5
MOGP_GENERATIONAL,1d2b2084-edd8-11f0-ad75-6e001b3eef54,Cooling,74,11,9.504141|3.000000|0.000000|0.000000|0.000000,0.06804299354553223,3.0,9.543655|3.000000|0.000000|0.000000|0.000000,8.483096|5.000000|2.000000|0.000000|0.000000,8.170774|5.000000|2.000000|0.000000|0.000000,5,23844999168.000000,N/A,5
MOGP_GENERATIONAL,1d2b2084-edd8-11f0-ad75-6e001b3eef54,Cooling,74,12,9.504141|3.000000|0.000000|0.000000|0.000000,0.06683111190795898,3.0,9.543655|3.000000|0.000000|0.000000|0.000000,9.504141|3.000000|0.000000|0.000000|0.000000,9.543655|3.000000|0.000000|0.000000|0.000000,3,49937309696.000000,N/A,5
MOGP_GENERATIONAL,1d2b2084-edd8-11f0-ad75-6e001b3eef54,Cooling,74,13,9.504141|3.000000|0.000000|0.000000|0.000000,0.06902790069580078,3.0,9.543655|3.000000|0.000000|0.000000|0.000000,9.504141|3.000000|0.000000|0.000000|0.000000,9.543655|3.000000|0.000000|0.000000|0.000000,3,111102427136.000000,N/A,5
MOGP_GENERATIONAL,1d2b2084-edd8-11f0-ad75-6e001b3eef54,Cooling,74,14,9.504141|3.000000|0.000000|0.000000|0.000000,0.07205581665039062,3.0,9.543655|3.000000|0.000000|0.000000|0.000000,9.504141|3.000000|0.000000|0.000000|0.000000,9.543655|3.000000|0.000000|0.000000|0.000000,3,26547204096.000000,N/A,5
MOGP_GENERATIONAL,1d2b2084-edd8-11f0-ad75-6e001b3eef54,Cooling,74,15,9.504141|3.000000|0.000000|0.000000|0.000000,0.0679020881652832,3.0,9.543655|3.000000|0.000000|0.000000|0.000000,4.587722|5.000000|2.000000|0.000000|0.000000,4.353541|5.000000|2.000000|0.000000|0.000000,5,69449949184.000000,N/A,5
MOGP_GENERATIONAL,1d2b2084-edd8-11f0-ad75-6e001b3eef54,Cooling,74,16,9.504141|3.000000|0.000000|0.000000|0.000000,0.08515000343322754,3.0,9.543655|3.000000|0.000000|0.000000|0.000000,9.504141|3.000000|0.000000|0.000000|0.000000,9.543655|3.000000|0.000000|0.000000|0.000000,3,70533423104.000000,N/A,5
MOGP_GENERATIONAL,1d2b2084-edd8-11f0-ad75-6e001b3eef54,Cooling,74,17,9.504141|3.000000|0.000000|0.000000|0.000000,0.0799722671508789,3.0,9.543655|3.000000|0.000000|0.000000|0.000000,9.504141|3.000000|0.000000|0.000000|0.000000,9.543655|3.000000|0.000000|0.000000|0.000000,3,123797798912.000000,N/A,5
MOGP_GENERATIONAL,1d2b2084-edd8-11f0-ad75-6e001b3eef54,Cooling,74,18,9.504141|3.000000|0.000000|0.000000|0.000000,0.07777094841003418,3.0,9.543655|3.000000|0.000000|0.000000|0.000000,9.504141|3.000000|0.000000|0.000000|0.000000,9.543655|3.000000|0.000000|0.000000|0.000000,3,86277185536.000000,N/A,5
MOGP_GENERATIONAL,1d2b2084-edd8-11f0-ad75-6e001b3eef54,Cooling,74,19,9.504141|3.000000|0.000000|0.000000|0.000000,0.06862211227416992,3.0,9.543655|3.000000|0.000000|0.000000|0.000000,9.504141|3.000000|0.000000|0.000000|0.000000,9.543655|3.000000|0.000000|0.000000|0.000000,3,35866337280.000000,N/A,5
MOGP_GENERATIONAL,1d2b2084-edd8-11f0-ad75-6e001b3eef54,Cooling,74,20,9.504141|3.000000|0.000000|0.000000|0.000000,0.05822300910949707,3.0,9.543655|3.000000|0.000000|0.000000|0.000000,9.504141|3.000000|0.000000|0.000000|0.000000,9.543655|3.000000|0.000000|0.000000|0.000000,3,61409075200.000000,N/A,5
MOGP_GENERATIONAL,1d2b2084-edd8-11f0-ad75-6e001b3eef54,Cooling,74,21,9.504141|3.000000|0.000000|0.000000|0.000000,0.0724947452545166,3.0,9.543655|3.000000|0.000000|0.000000|0.000000,7.768815|7.000000|2.000000|0.000000|0.000000,7.637561|7.000000|2.000000|0.000000|0.000000,7,88590467072.000000,N/A,5
MOGP_GENERATIONAL,1d2b2084-edd8-11f0-ad75-6e001b3eef54,Cooling,74,22,9.504141|3.000000|0.000000|0.000000|0.000000,0.06782388687133789,3.0,9.543655|3.000000|0.000000|0.000000|0.000000,9.504141|3.000000|0.000000|0.000000|0.000000,9.543655|3.000000|0.000000|0.000000|0.000000,3,79482355712.000000,N/A,5
MOGP_GENERATIONAL,1d2b2084-edd8-11f0-ad75-6e001b3eef54,Cooling,74,23,9.504141|3.000000|0.000000|0.000000|0.000000,0.07830405235290527,3.0,9.543655|3.000000|0.000000|0.000000|0.000000,9.144073|7.000000|1.000000|0.000000|0.000000,8.993018|7.000000|1.000000|0.000000|0.000000,7,88449122304.000000,N/A,5
MOGP_GENERATIONAL,1d2b2084-edd8-11f0-ad75-6e001b3eef54,Cooling,74,24,9.504141|3.000000|0.000000|0.000000|0.000000,0.07383608818054199,3.0,9.543655|3.000000|0.000000|0.000000|0.000000,9.504141|3.000000|0.000000|0.000000|0.000000,9.543655|3.000000|0.000000|0.000000|0.000000,3,83033956352.000000,N/A,5
MOGP_GENERATIONAL,1d2b2084-edd8-11f0-ad75-6e001b3eef54,Cooling,74,25,9.504141|3.000000|0.000000|0.000000|0.000000,0.06291913986206055,3.0,9.543655|3.000000|0.000000|0.000000|0.000000,9.504141|3.000000|0.000000|0.000000|0.000000,9.543655|3.000000|0.000000|0.000000|0.000000,3,118980075520.000000,N/A,5
MOGP_GENERATIONAL,1d2b2084-edd8-11f0-ad75-6e001b3eef54,Cooling,74,26,9.504141|3.000000|0.000000|0.000000|0.000000,0.07056403160095215,3.0,9.543655|3.000000|0.000000|0.000000|0.000000,9.504141|3.000000|0.000000|0.000000|0.000000,9.543655|3.000000|0.000000|0.000000|0.000000,3,119134896128.000000,N/A,5
MOGP_GENERATIONAL,1d2b2084-edd8-11f0-ad75-6e001b3eef54,Cooling,74,27,9.504141|3.000000|0.000000|0.000000|0.000000,0.0682671070098877,3.0,9.543655|3.000000|0.000000|0.000000|0.000000,9.504141|3.000000|0.000000|0.000000|0.000000,9.543655|3.000000|0.000000|0.000000|0.000000,3,95505997824.000000,N/A,5
MOGP_GENERATIONAL,1d2b2084-edd8-11f0-ad75-6e001b3eef54,Cooling,74,28,9.504141|3.000000|0.000000|0.000000|0.000000,0.06838703155517578,3.0,9.543655|3.000000|0.000000|0.000000|0.000000,9.504141|3.000000|0.000000|0.000000|0.000000,9.543655|3.000000|0.000000|0.000000|0.000000,3,188366.437500,N/A,5
MOGP_GENERATIONAL,1d2b2084-edd8-11f0-ad75-6e001b3eef54,Cooling,74,29,9.504141|3.000000|0.000000|0.000000|0.000000,0.06856489181518555,3.0,9.543655|3.000000|0.000000|0.000000|0.000000,9.504141|3.000000|0.000000|0.000000|0.000000,9.543655|3.000000|0.000000|0.000000|0.000000,3,114330501120.000000,N/A,5
MOGP_GENERATIONAL,1d2b2084-edd8-11f0-ad75-6e001b3eef54,Cooling,74,30,9.504141|3.000000|0.000000|0.000000|0.000000,0.0683908462524414,3.0,9.543655|3.000000|0.000000|0.000000|0.000000,9.504141|3.000000|0.000000|0.000000|0.000000,9.543655|3.000000|0.000000|0.000000|0.000000,3,82556542976.000000,N/A,5
MOGP_GENERATIONAL,1d2b2084-edd8-11f0-ad75-6e001b3eef54,Cooling,74,31,9.504141|3.000000|0.000000|0.000000|0.000000,0.08721399307250977,3.0,9.543655|3.000000|0.000000|0.000000|0.000000,9.504141|3.000000|0.000000|0.000000|0.000000,9.543655|3.000000|0.000000|0.000000|0.000000,3,108273967104.000000,N/A,5
MOGP_GENERATIONAL,1d2b2084-edd8-11f0-ad75-6e001b3eef54,Cooling,74,32,9.504141|3.000000|0.000000|0.000000|0.000000,0.06309986114501953,3.0,9.543655|3.000000|0.000000|0.000000|0.000000,9.504141|3.000000|0.000000|0.000000|0.000000,9.543655|3.000000|0.000000|0.000000|0.000000,3,78894850048.000000,N/A,5
MOGP_GENERATIONAL,1d2b2084-edd8-11f0-ad75-6e001b3eef54,Cooling,74,33,9.504141|3.000000|0.000000|0.000000|0.000000,0.07445716857910156,3.0,9.543655|3.000000|0.000000|0.000000|0.000000,9.504141|3.000000|0.000000|0.000000|0.000000,9.543655|3.000000|0.000000|0.000000|0.000000,3,83023855616.000000,N/A,5
MOGP_GENERATIONAL,1d2b2084-edd8-11f0-ad75-6e001b3eef54,Cooling,74,34,9.504141|3.000000|0.000000|0.000000|0.000000,0.07518792152404785,3.0,9.543655|3.000000|0.000000|0.000000|0.000000,8.373154|7.000000|1.000000|0.000000|0.000000,8.407037|7.000000|1.000000|0.000000|0.000000,7,90274177024.000000,N/A,5
MOGP_GENERATIONAL,1d2b2084-edd8-11f0-ad75-6e001b3eef54,Cooling,74,35,9.504141|3.000000|0.000000|0.000000|0.000000,0.0697481632232666,3.0,9.543655|3.000000|0.000000|0.000000|0.000000,7.768815|7.000000|2.000000|0.000000|0.000000,7.637561|7.000000|2.000000|0.000000|0.000000,7,51400364032.000000,N/A,5
MOGP_GENERATIONAL,1d2b2084-edd8-11f0-ad75-6e001b3eef54,Cooling,74,36,9.504141|3.000000|0.000000|0.000000|0.000000,0.06753993034362793,3.0,9.543655|3.000000|0.000000|0.000000|0.000000,9.144073|7.000000|1.000000|0.000000|0.000000,8.993018|7.000000|1.000000|0.000000|0.000000,7,86276587520.000000,N/A,5
MOGP_GENERATIONAL,1d2b2084-edd8-11f0-ad75-6e001b3eef54,Cooling,74,37,9.504141|3.000000|0.000000|0.000000|0.000000,0.06758999824523926,3.0,9.543655|3.000000|0.000000|0.000000|0.000000,9.504141|3.000000|0.000000|0.000000|0.000000,9.543655|3.000000|0.000000|0.000000|0.000000,3,96323084288.000000,N/A,5
MOGP_GENERATIONAL,1d2b2084-edd8-11f0-ad75-6e001b3eef54,Cooling,74,38,9.504141|3.000000|0.000000|0.000000|0.000000,0.06641101837158203,3.0,9.543655|3.000000|0.000000|0.000000|0.000000,9.504141|3.000000|0.000000|0.000000|0.000000,9.543655|3.000000|0.000000|0.000000|0.000000,3,105918799872.000000,N/A,5
MOGP_GENERATIONAL,1d2b2084-edd8-11f0-ad75-6e001b3eef54,Cooling,74,39,9.504141|3.000000|0.000000|0.000000|0.000000,0.06855583190917969,3.0,9.543655|3.000000|0.000000|0.000000|0.000000,9.504141|3.000000|0.000000|0.000000|0.000000,9.543655|3.000000|0.000000|0.000000|0.000000,3,103630626816.000000,N/A,5
MOGP_GENERATIONAL,1d2b2084-edd8-11f0-ad75-6e001b3eef54,Cooling,74,40,9.504141|3.000000|0.000000|0.000000|0.000000,0.06839394569396973,3.0,9.543655|3.000000|0.000000|0.000000|0.000000,9.504141|3.000000|0.000000|0.000000|0.000000,9.543655|3.000000|0.000000|0.000000|0.000000,3,123903860736.000000,N/A,5
MOGP_GENERATIONAL,1d2b2084-edd8-11f0-ad75-6e001b3eef54,Cooling,74,41,9.504141|3.000000|0.000000|0.000000|0.000000,0.06763124465942383,3.0,9.543655|3.000000|0.000000|0.000000|0.000000,9.504141|3.000000|0.000000|0.000000|0.000000,9.543655|3.000000|0.000000|0.000000|0.000000,3,74398162944.000000,N/A,5
MOGP_GENERATIONAL,1d2b2084-edd8-11f0-ad75-6e001b3eef54,Cooling,74,42,9.504141|3.000000|0.000000|0.000000|0.000000,0.06901693344116211,3.0,9.543655|3.000000|0.000000|0.000000|0.000000,9.504141|3.000000|0.000000|0.000000|0.000000,9.543655|3.000000|0.000000|0.000000|0.000000,3,86569148416.000000,N/A,5
MOGP_GENERATIONAL,1d2b2084-edd8-11f0-ad75-6e001b3eef54,Cooling,74,43,9.504141|3.000000|0.000000|0.000000|0.000000,0.06248807907104492,3.0,9.543655|3.000000|0.000000|0.000000|0.000000,9.504141|3.000000|0.000000|0.000000|0.000000,9.543655|3.000000|0.000000|0.000000|0.000000,3,91630616576.000000,N/A,5
MOGP_GENERATIONAL,1d2b2084-edd8-11f0-ad75-6e001b3eef54,Cooling,74,44,9.504141|3.000000|0.000000|0.000000|0.000000,0.07346487045288086,3.0,9.543655|3.000000|0.000000|0.000000|0.000000,9.504141|3.000000|0.000000|0.000000|0.000000,9.543655|3.000000|0.000000|0.000000|0.000000,3,130298445824.000000,N/A,5
MOGP_GENERATIONAL,1d2b2084-edd8-11f0-ad75-6e001b3eef54,Cooling,74,45,9.504141|3.000000|0.000000|0.000000|0.000000,0.07639122009277344,3.0,9.543655|3.000000|0.000000|0.000000|0.000000,9.504141|3.000000|0.000000|0.000000|0.000000,9.543655|3.000000|0.000000|0.000000|0.000000,3,31279056896.000000,N/A,5
MOGP_GENERATIONAL,1d2b2084-edd8-11f0-ad75-6e001b3eef54,Cooling,74,46,9.504141|3.000000|0.000000|0.000000|0.000000,0.06823897361755371,3.0,9.543655|3.000000|0.000000|0.000000|0.000000,9.504141|3.000000|0.000000|0.000000|0.000000,9.543655|3.000000|0.000000|0.000000|0.000000,3,83168567296.000000,N/A,5
MOGP_GENERATIONAL,1d2b2084-edd8-11f0-ad75-6e001b3eef54,Cooling,74,47,9.504141|3.000000|0.000000|0.000000|0.000000,0.06777763366699219,3.0,9.543655|3.000000|0.000000|0.000000|0.000000,9.504141|3.000000|0.000000|0.000000|0.000000,9.543655|3.000000|0.000000|0.000000|0.000000,3,86387867648.000000,N/A,5
MOGP_GENERATIONAL,1d2b2084-edd8-11f0-ad75-6e001b3eef54,Cooling,74,48,9.504141|3.000000|0.000000|0.000000|0.000000,0.06782102584838867,3.0,9.543655|3.000000|0.000000|0.000000|0.000000,9.504141|3.000000|0.000000|0.000000|0.000000,9.543655|3.000000|0.000000|0.000000|0.000000,3,93940654080.000000,N/A,5
MOGP_GENERATIONAL,1d2b2084-edd8-11f0-ad75-6e001b3eef54,Cooling,74,49,9.504141|3.000000|0.000000|0.000000|0.000000,0.06891870498657227,3.0,9.543655|3.000000|0.000000|0.000000|0.000000,9.504141|3.000000|0.000000|0.000000|0.000000,9.543655|3.000000|0.000000|0.000000|0.000000,3,76311732224.000000,N/A,5
MOGP_GENERATIONAL,1d2b2084-edd8-11f0-ad75-6e001b3eef54,Cooling,74,50,9.504141|3.000000|0.000000|0.000000|0.000000,0.06770205497741699,3.0,9.543655|3.000000|0.000000|0.000000|0.000000,7.768815|7.000000|2.000000|0.000000|0.000000,7.637561|7.000000|2.000000|0.000000|0.000000,7,73172287488.000000,N/A,5
MOGP_GENERATIONAL,1d2b2084-edd8-11f0-ad75-6e001b3eef54,Cooling,74,51,9.504141|3.000000|0.000000|0.000000|0.000000,0.07160592079162598,3.0,9.543655|3.000000|0.000000|0.000000|0.000000,7.768815|7.000000|2.000000|0.000000|0.000000,7.637561|7.000000|2.000000|0.000000|0.000000,7,108275433472.000000,N/A,5
MOGP_GENERATIONAL,1d2b2084-edd8-11f0-ad75-6e001b3eef54,Cooling,74,52,9.504141|3.000000|0.000000|0.000000|0.000000,0.06220889091491699,3.0,9.543655|3.000000|0.000000|0.000000|0.000000,9.504141|3.000000|0.000000|0.000000|0.000000,9.543655|3.000000|0.000000|0.000000|0.000000,3,125509959680.000000,N/A,5
MOGP_GENERATIONAL,1d2b2084-edd8-11f0-ad75-6e001b3eef54,Cooling,74,53,9.504141|3.000000|0.000000|0.000000|0.000000,0.06741809844970703,3.0,9.543655|3.000000|0.000000|0.000000|0.000000,9.504141|3.000000|0.000000|0.000000|0.000000,9.543655|3.000000|0.000000|0.000000|0.000000,3,86275055616.000000,N/A,5
MOGP_GENERATIONAL,1d2b2084-edd8-11f0-ad75-6e001b3eef54,Cooling,74,54,9.504141|3.000000|0.000000|0.000000|0.000000,0.0724179744720459,3.0,9.543655|3.000000|0.000000|0.000000|0.000000,9.115400|7.000000|1.000000|0.000000|0.000000,9.091972|7.000000|1.000000|0.000000|0.000000,7,118739714048.000000,N/A,5
MOGP_GENERATIONAL,1d2b2084-edd8-11f0-ad75-6e001b3eef54,Cooling,74,55,9.504141|3.000000|0.000000|0.000000|0.000000,0.07633113861083984,3.0,9.543655|3.000000|0.000000|0.000000|0.000000,7.768815|7.000000|2.000000|0.000000|0.000000,7.637561|7.000000|2.000000|0.000000|0.000000,7,99497443328.000000,N/A,5
MOGP_GENERATIONAL,1d2b2084-edd8-11f0-ad75-6e001b3eef54,Cooling,74,56,9.504141|3.000000|0.000000|0.000000|0.000000,0.06710696220397949,3.0,9.543655|3.000000|0.000000|0.000000|0.000000,9.504141|3.000000|0.000000|0.000000|0.000000,9.543655|3.000000|0.000000|0.000000|0.000000,3,70533570560.000000,N/A,5
MOGP_GENERATIONAL,1d2b2084-edd8-11f0-ad75-6e001b3eef54,Cooling,74,57,9.504141|3.000000|0.000000|0.000000|0.000000,0.0685572624206543,3.0,9.543655|3.000000|0.000000|0.000000|0.000000,9.504141|3.000000|0.000000|0.000000|0.000000,9.543655|3.000000|0.000000|0.000000|0.000000,3,103269588992.000000,N/A,5
MOGP_GENERATIONAL,1d2b2084-edd8-11f0-ad75-6e001b3eef54,Cooling,74,58,9.504141|3.000000|0.000000|0.000000|0.000000,0.06941795349121094,3.0,9.543655|3.000000|0.000000|0.000000|0.000000,9.115400|7.000000|1.000000|0.000000|0.000000,9.091972|7.000000|1.000000|0.000000|0.000000,7,92816023552.000000,N/A,5
MOGP_GENERATIONAL,1d2b2084-edd8-11f0-ad75-6e001b3eef54,Cooling,74,59,9.504141|3.000000|0.000000|0.000000|0.000000,0.14536690711975098,3.0,9.543655|3.000000|0.000000|0.000000|0.000000,9.504141|3.000000|0.000000|0.000000|0.000000,9.543655|3.000000|0.000000|0.000000|0.000000,3,71555530752.000000,N/A,5
MOGP_GENERATIONAL,1d2b2084-edd8-11f0-ad75-6e001b3eef54,Cooling,74,60,9.504141|3.000000|0.000000|0.000000|0.000000,0.06837010383605957,3.0,9.543655|3.000000|0.000000|0.000000|0.000000,7.768815|7.000000|2.000000|0.000000|0.000000,7.637561|7.000000|2.000000|0.000000|0.000000,7,98708250624.000000,N/A,5
MOGP_GENERATIONAL,1d2b2084-edd8-11f0-ad75-6e001b3eef54,Cooling,74,61,9.504141|3.000000|0.000000|0.000000|0.000000,0.06780576705932617,3.0,9.543655|3.000000|0.000000|0.000000|0.000000,9.504141|3.000000|0.000000|0.000000|0.000000,9.543655|3.000000|0.000000|0.000000|0.000000,3,43206774784.000000,N/A,5
MOGP_GENERATIONAL,1d2b2084-edd8-11f0-ad75-6e001b3eef54,Cooling,74,62,9.504141|3.000000|0.000000|0.000000|0.000000,0.07502627372741699,3.0,9.543655|3.000000|0.000000|0.000000|0.000000,9.504141|3.000000|0.000000|0.000000|0.000000,9.543655|3.000000|0.000000|0.000000|0.000000,3,76725469184.000000,N/A,5
MOGP_GENERATIONAL,1d2b2084-edd8-11f0-ad75-6e001b3eef54,Cooling,74,63,9.504141|3.000000|0.000000|0.000000|0.000000,0.06342196464538574,3.0,9.543655|3.000000|0.000000|0.000000|0.000000,8.373154|7.000000|1.000000|0.000000|0.000000,8.407037|7.000000|1.000000|0.000000|0.000000,7,2761592576.000000,N/A,5
MOGP_GENERATIONAL,1d2b2084-edd8-11f0-ad75-6e001b3eef54,Cooling,74,64,9.504141|3.000000|0.000000|0.000000|0.000000,0.06742596626281738,3.0,9.543655|3.000000|0.000000|0.000000|0.000000,9.115400|7.000000|1.000000|0.000000|0.000000,9.091972|7.000000|1.000000|0.000000|0.000000,7,78686666752.000000,N/A,5
MOGP_GENERATIONAL,1d2b2084-edd8-11f0-ad75-6e001b3eef54,Cooling,74,65,9.504141|3.000000|0.000000|0.000000|0.000000,0.06842517852783203,3.0,9.543655|3.000000|0.000000|0.000000|0.000000,9.504141|3.000000|0.000000|0.000000|0.000000,9.543655|3.000000|0.000000|0.000000|0.000000,3,98896683008.000000,N/A,5
MOGP_GENERATIONAL,1d2b2084-edd8-11f0-ad75-6e001b3eef54,Cooling,74,66,9.504141|3.000000|0.000000|0.000000|0.000000,0.06711125373840332,3.0,9.543655|3.000000|0.000000|0.000000|0.000000,9.504141|3.000000|0.000000|0.000000|0.000000,9.543655|3.000000|0.000000|0.000000|0.000000,3,116973740032.000000,N/A,5
MOGP_GENERATIONAL,1d2b2084-edd8-11f0-ad75-6e001b3eef54,Cooling,74,67,9.504141|3.000000|0.000000|0.000000|0.000000,0.07814598083496094,3.0,9.543655|3.000000|0.000000|0.000000|0.000000,9.504141|3.000000|0.000000|0.000000|0.000000,9.543655|3.000000|0.000000|0.000000|0.000000,3,49997565952.000000,N/A,5
MOGP_GENERATIONAL,1d2b2084-edd8-11f0-ad75-6e001b3eef54,Cooling,74,68,9.504141|3.000000|0.000000|0.000000|0.000000,0.06126213073730469,3.0,9.543655|3.000000|0.000000|0.000000|0.000000,9.504141|3.000000|0.000000|0.000000|0.000000,9.543655|3.000000|0.000000|0.000000|0.000000,3,99341893632.000000,N/A,5
MOGP_GENERATIONAL,1d2b2084-edd8-11f0-ad75-6e001b3eef54,Cooling,74,69,9.504141|3.000000|0.000000|0.000000|0.000000,0.07138895988464355,3.0,9.543655|3.000000|0.000000|0.000000|0.000000,9.504141|3.000000|0.000000|0.000000|0.000000,9.543655|3.000000|0.000000|0.000000|0.000000,3,130581053440.000000,N/A,5
MOGP_GENERATIONAL,1d2b2084-edd8-11f0-ad75-6e001b3eef54,Cooling,74,70,9.504141|3.000000|0.000000|0.000000|0.000000,0.06798529624938965,3.0,9.543655|3.000000|0.000000|0.000000|0.000000,9.504141|3.000000|0.000000|0.000000|0.000000,9.543655|3.000000|0.000000|0.000000|0.000000,3,96696729600.000000,N/A,5
MOGP_GENERATIONAL,1d2b2084-edd8-11f0-ad75-6e001b3eef54,Cooling,74,71,9.504141|3.000000|0.000000|0.000000|0.000000,0.08109784126281738,3.0,9.543655|3.000000|0.000000|0.000000|0.000000,9.504141|3.000000|0.000000|0.000000|0.000000,9.543655|3.000000|0.000000|0.000000|0.000000,3,67689656320.000000,N/A,5
MOGP_GENERATIONAL,1d2b2084-edd8-11f0-ad75-6e001b3eef54,Cooling,74,72,9.504141|3.000000|0.000000|0.000000|0.000000,0.06375384330749512,3.0,9.543655|3.000000|0.000000|0.000000|0.000000,9.504141|3.000000|0.000000|0.000000|0.000000,9.543655|3.000000|0.000000|0.000000|0.000000,3,100195000320.000000,N/A,5
MOGP_GENERATIONAL,1d2b2084-edd8-11f0-ad75-6e001b3eef54,Cooling,74,73,9.504141|3.000000|0.000000|0.000000|0.000000,0.07396984100341797,3.0,9.543655|3.000000|0.000000|0.000000|0.000000,9.504141|3.000000|0.000000|0.000000|0.000000,9.543655|3.000000|0.000000|0.000000|0.000000,3,86279364608.000000,N/A,5
MOGP_GENERATIONAL,1d2b2084-edd8-11f0-ad75-6e001b3eef54,Cooling,74,74,9.504141|3.000000|0.000000|0.000000|0.000000,0.0763547420501709,3.0,9.543655|3.000000|0.000000|0.000000|0.000000,9.504141|3.000000|0.000000|0.000000|0.000000,9.543655|3.000000|0.000000|0.000000|0.000000,3,130507816960.000000,N/A,5
MOGP_GENERATIONAL,1d2b2084-edd8-11f0-ad75-6e001b3eef54,Cooling,74,75,9.504141|3.000000|0.000000|0.000000|0.000000,0.068511962890625,3.0,9.543655|3.000000|0.000000|0.000000|0.000000,9.504141|3.000000|0.000000|0.000000|0.000000,9.543655|3.000000|0.000000|0.000000|0.000000,3,108918726656.000000,N/A,5
MOGP_GENERATIONAL,1d2b2084-edd8-11f0-ad75-6e001b3eef54,Cooling,74,76,9.504141|3.000000|0.000000|0.000000|0.000000,0.0697331428527832,3.0,9.543655|3.000000|0.000000|0.000000|0.000000,9.504141|3.000000|0.000000|0.000000|0.000000,9.543655|3.000000|0.000000|0.000000|0.000000,3,75302641664.000000,N/A,5
MOGP_GENERATIONAL,1d2b2084-edd8-11f0-ad75-6e001b3eef54,Cooling,74,77,9.504141|3.000000|0.000000|0.000000|0.000000,0.06327700614929199,3.0,9.543655|3.000000|0.000000|0.000000|0.000000,9.504141|3.000000|0.000000|0.000000|0.000000,9.543655|3.000000|0.000000|0.000000|0.000000,3,121835102208.000000,N/A,5
MOGP_GENERATIONAL,1d2b2084-edd8-11f0-ad75-6e001b3eef54,Cooling,74,78,9.504141|3.000000|0.000000|0.000000|0.000000,0.06806302070617676,3.0,9.543655|3.000000|0.000000|0.000000|0.000000,9.504141|3.000000|0.000000|0.000000|0.000000,9.543655|3.000000|0.000000|0.000000|0.000000,3,107207794688.000000,N/A,5
MOGP_GENERATIONAL,1d2b2084-edd8-11f0-ad75-6e001b3eef54,Cooling,74,79,9.504141|3.000000|0.000000|0.000000|0.000000,0.07464909553527832,3.0,9.543655|3.000000|0.000000|0.000000|0.000000,9.504141|3.000000|0.000000|0.000000|0.000000,9.543655|3.000000|0.000000|0.000000|0.000000,3,86276227072.000000,N/A,5
MOGP_GENERATIONAL,1d2b2084-edd8-11f0-ad75-6e001b3eef54,Cooling,74,80,9.504141|3.000000|0.000000|0.000000|0.000000,0.06818366050720215,3.0,9.543655|3.000000|0.000000|0.000000|0.000000,9.144073|7.000000|1.000000|0.000000|0.000000,8.993018|7.000000|1.000000|0.000000|0.000000,7,112670121984.000000,N/A,5
MOGP_GENERATIONAL,1d2b2084-edd8-11f0-ad75-6e001b3eef54,Cooling,74,81,9.504141|3.000000|0.000000|0.000000|0.000000,0.06535220146179199,3.0,9.543655|3.000000|0.000000|0.000000|0.000000,9.504141|3.000000|0.000000|0.000000|0.000000,9.543655|3.000000|0.000000|0.000000|0.000000,3,111445450752.000000,N/A,5
MOGP_GENERATIONAL,1d2b2084-edd8-11f0-ad75-6e001b3eef54,Cooling,74,82,9.504141|3.000000|0.000000|0.000000|0.000000,0.07647371292114258,3.0,9.543655|3.000000|0.000000|0.000000|0.000000,9.504141|3.000000|0.000000|0.000000|0.000000,9.543655|3.000000|0.000000|0.000000|0.000000,3,55700115456.000000,N/A,5
MOGP_GENERATIONAL,1d2b2084-edd8-11f0-ad75-6e001b3eef54,Cooling,74,83,9.504141|3.000000|0.000000|0.000000|0.000000,0.06835770606994629,3.0,9.543655|3.000000|0.000000|0.000000|0.000000,9.504141|3.000000|0.000000|0.000000|0.000000,9.543655|3.000000|0.000000|0.000000|0.000000,3,74596687872.000000,N/A,5
MOGP_GENERATIONAL,1d2b2084-edd8-11f0-ad75-6e001b3eef54,Cooling,74,84,9.504141|3.000000|0.000000|0.000000|0.000000,0.08454012870788574,3.0,9.543655|3.000000|0.000000|0.000000|0.000000,9.504141|3.000000|0.000000|0.000000|0.000000,9.543655|3.000000|0.000000|0.000000|0.000000,3,93838843904.000000,N/A,5
MOGP_GENERATIONAL,1d2b2084-edd8-11f0-ad75-6e001b3eef54,Cooling,74,85,9.504141|3.000000|0.000000|0.000000|0.000000,0.06969118118286133,3.0,9.543655|3.000000|0.000000|0.000000|0.000000,9.504141|3.000000|0.000000|0.000000|0.000000,9.543655|3.000000|0.000000|0.000000|0.000000,3,66233057280.000000,N/A,5
MOGP_GENERATIONAL,1d2b2084-edd8-11f0-ad75-6e001b3eef54,Cooling,74,86,9.504141|3.000000|0.000000|0.000000|0.000000,0.06828784942626953,3.0,9.543655|3.000000|0.000000|0.000000|0.000000,9.504141|3.000000|0.000000|0.000000|0.000000,9.543655|3.000000|0.000000|0.000000|0.000000,3,70533423104.000000,N/A,5
MOGP_GENERATIONAL,1d2b2084-edd8-11f0-ad75-6e001b3eef54,Cooling,74,87,9.504141|3.000000|0.000000|0.000000|0.000000,0.07679200172424316,3.0,9.543655|3.000000|0.000000|0.000000|0.000000,9.144073|11.000000|2.000000|2.000000|0.000000,8.993018|11.000000|2.000000|2.000000|0.000000,11,74995400704.000000,N/A,5
MOGP_GENERATIONAL,1d2b2084-edd8-11f0-ad75-6e001b3eef54,Cooling,74,88,9.504141|3.000000|0.000000|0.000000|0.000000,0.06665515899658203,3.0,9.543655|3.000000|0.000000|0.000000|0.000000,9.504141|3.000000|0.000000|0.000000|0.000000,9.543655|3.000000|0.000000|0.000000|0.000000,3,78662582272.000000,N/A,5
MOGP_GENERATIONAL,1d2b2084-edd8-11f0-ad75-6e001b3eef54,Cooling,74,89,9.504141|3.000000|0.000000|0.000000|0.000000,0.0682377815246582,3.0,9.543655|3.000000|0.000000|0.000000|0.000000,9.144073|7.000000|1.000000|0.000000|0.000000,8.993018|7.000000|1.000000|0.000000|0.000000,7,111813148672.000000,N/A,5
MOGP_GENERATIONAL,1d2b2084-edd8-11f0-ad75-6e001b3eef54,Cooling,74,90,9.504141|3.000000|0.000000|0.000000|0.000000,0.06981706619262695,3.0,9.543655|3.000000|0.000000|0.000000|0.000000,7.768815|7.000000|2.000000|0.000000|0.000000,7.637561|7.000000|2.000000|0.000000|0.000000,7,114170175488.000000,N/A,5
MOGP_GENERATIONAL,1d2b2084-edd8-11f0-ad75-6e001b3eef54,Cooling,74,91,9.504141|3.000000|0.000000|0.000000|0.000000,0.0682668685913086,3.0,9.543655|3.000000|0.000000|0.000000|0.000000,9.504141|3.000000|0.000000|0.000000|0.000000,9.543655|3.000000|0.000000|0.000000|0.000000,3,56470679552.000000,N/A,5
MOGP_GENERATIONAL,1d2b2084-edd8-11f0-ad75-6e001b3eef54,Cooling,74,92,9.504141|3.000000|0.000000|0.000000|0.000000,0.06827306747436523,3.0,9.543655|3.000000|0.000000|0.000000|0.000000,9.504141|3.000000|0.000000|0.000000|0.000000,9.543655|3.000000|0.000000|0.000000|0.000000,3,93760053248.000000,N/A,5
MOGP_GENERATIONAL,1d2b2084-edd8-11f0-ad75-6e001b3eef54,Cooling,74,93,9.504141|3.000000|0.000000|0.000000|0.000000,0.07608509063720703,3.0,9.543655|3.000000|0.000000|0.000000|0.000000,9.504141|3.000000|0.000000|0.000000|0.000000,9.543655|3.000000|0.000000|0.000000|0.000000,3,82583896064.000000,N/A,5
MOGP_GENERATIONAL,1d2b2084-edd8-11f0-ad75-6e001b3eef54,Cooling,74,94,9.504141|3.000000|0.000000|0.000000|0.000000,0.0705268383026123,3.0,9.543655|3.000000|0.000000|0.000000|0.000000,9.504141|3.000000|0.000000|0.000000|0.000000,9.543655|3.000000|0.000000|0.000000|0.000000,3,104434221056.000000,N/A,5
MOGP_GENERATIONAL,1d2b2084-edd8-11f0-ad75-6e001b3eef54,Cooling,74,95,9.504141|3.000000|0.000000|0.000000|0.000000,0.08349394798278809,3.0,9.543655|3.000000|0.000000|0.000000|0.000000,9.504141|3.000000|0.000000|0.000000|0.000000,9.543655|3.000000|0.000000|0.000000|0.000000,3,116477591552.000000,N/A,5
MOGP_GENERATIONAL,1d2b2084-edd8-11f0-ad75-6e001b3eef54,Cooling,74,96,9.504141|3.000000|0.000000|0.000000|0.000000,0.06980180740356445,3.0,9.543655|3.000000|0.000000|0.000000|0.000000,9.504141|3.000000|0.000000|0.000000|0.000000,9.543655|3.000000|0.000000|0.000000|0.000000,3,105761234944.000000,N/A,5
MOGP_GENERATIONAL,1d2b2084-edd8-11f0-ad75-6e001b3eef54,Cooling,74,97,9.504141|3.000000|0.000000|0.000000|0.000000,0.06947684288024902,3.0,9.543655|3.000000|0.000000|0.000000|0.000000,9.504141|3.000000|0.000000|0.000000|0.000000,9.543655|3.000000|0.000000|0.000000|0.000000,3,112468312064.000000,N/A,5
MOGP_GENERATIONAL,1d2b2084-edd8-11f0-ad75-6e001b3eef54,Cooling,74,98,9.504141|3.000000|0.000000|0.000000|0.000000,0.06838583946228027,3.0,9.543655|3.000000|0.000000|0.000000|0.000000,9.504141|3.000000|0.000000|0.000000|0.000000,9.543655|3.000000|0.000000|0.000000|0.000000,3,118978863104.000000,N/A,5
MOGP_GENERATIONAL,1d2b2084-edd8-11f0-ad75-6e001b3eef54,Cooling,74,99,9.504141|3.000000|0.000000|0.000000|0.000000,0.07583427429199219,3.0,9.543655|3.000000|0.000000|0.000000|0.000000,8.183995|7.000000|1.000000|0.000000|0.000000,8.075024|7.000000|1.000000|0.000000|0.000000,7,49937334272.000000,N/A,5
MOGP_GENERATIONAL,1d2b2084-edd8-11f0-ad75-6e001b3eef54,Cooling,74,100,9.504141|3.000000|0.000000|0.000000|0.000000,0.06828093528747559,3.0,9.543655|3.000000|0.000000|0.000000|0.000000,9.504141|3.000000|0.000000|0.000000|0.000000,9.543655|3.000000|0.000000|0.000000|0.000000,3,81345593344.000000,N/A,5
MOGP_GENERATIONAL,1d2b2084-edd8-11f0-ad75-6e001b3eef54,Cooling,74,101,9.504141|3.000000|0.000000|0.000000|0.000000,0.06743121147155762,3.0,9.543655|3.000000|0.000000|0.000000|0.000000,9.504141|3.000000|0.000000|0.000000|0.000000,9.543655|3.000000|0.000000|0.000000|0.000000,3,88601444352.000000,N/A,5
MOGP_GENERATIONAL,1d2b2084-edd8-11f0-ad75-6e001b3eef54,Cooling,74,102,9.504141|3.000000|0.000000|0.000000|0.000000,0.06391286849975586,3.0,9.543655|3.000000|0.000000|0.000000|0.000000,9.504141|3.000000|0.000000|0.000000|0.000000,9.543655|3.000000|0.000000|0.000000|0.000000,3,95348760576.000000,N/A,5
MOGP_GENERATIONAL,1d2b2084-edd8-11f0-ad75-6e001b3eef54,Cooling,74,103,9.504141|3.000000|0.000000|0.000000|0.000000,0.07429003715515137,3.0,9.543655|3.000000|0.000000|0.000000|0.000000,9.504141|3.000000|0.000000|0.000000|0.000000,9.543655|3.000000|0.000000|0.000000|0.000000,3,82575802368.000000,N/A,5
MOGP_GENERATIONAL,1d2b2084-edd8-11f0-ad75-6e001b3eef54,Cooling,74,104,9.504141|3.000000|0.000000|0.000000|0.000000,0.06803393363952637,3.0,9.543655|3.000000|0.000000|0.000000|0.000000,9.504141|3.000000|0.000000|0.000000|0.000000,9.543655|3.000000|0.000000|0.000000|0.000000,3,116973240320.000000,N/A,5
MOGP_GENERATIONAL,1d2b2084-edd8-11f0-ad75-6e001b3eef54,Cooling,74,105,9.504141|3.000000|0.000000|0.000000|0.000000,0.07245993614196777,3.0,9.543655|3.000000|0.000000|0.000000|0.000000,9.504141|3.000000|0.000000|0.000000|0.000000,9.543655|3.000000|0.000000|0.000000|0.000000,3,127314755584.000000,N/A,5
MOGP_GENERATIONAL,1d2b2084-edd8-11f0-ad75-6e001b3eef54,Cooling,74,106,9.504141|3.000000|0.000000|0.000000|0.000000,0.06757497787475586,3.0,9.543655|3.000000|0.000000|0.000000|0.000000,9.504141|3.000000|0.000000|0.000000|0.000000,9.543655|3.000000|0.000000|0.000000|0.000000,3,72082243584.000000,N/A,5
MOGP_GENERATIONAL,1d2b2084-edd8-11f0-ad75-6e001b3eef54,Cooling,74,107,9.504141|3.000000|0.000000|0.000000|0.000000,0.07594084739685059,3.0,9.543655|3.000000|0.000000|0.000000|0.000000,9.504141|3.000000|0.000000|0.000000|0.000000,9.543655|3.000000|0.000000|0.000000|0.000000,3,99519946752.000000,N/A,5
MOGP_GENERATIONAL,1d2b2084-edd8-11f0-ad75-6e001b3eef54,Cooling,74,108,9.504141|3.000000|0.000000|0.000000|0.000000,0.06848382949829102,3.0,9.543655|3.000000|0.000000|0.000000|0.000000,9.504141|3.000000|0.000000|0.000000|0.000000,9.543655|3.000000|0.000000|0.000000|0.000000,3,92805562368.000000,N/A,5
MOGP_GENERATIONAL,1d2b2084-edd8-11f0-ad75-6e001b3eef54,Cooling,74,109,9.504141|3.000000|0.000000|0.000000|0.000000,0.06107807159423828,3.0,9.543655|3.000000|0.000000|0.000000|0.000000,9.115400|7.000000|1.000000|0.000000|0.000000,9.091972|7.000000|1.000000|0.000000|0.000000,7,66233020416.000000,N/A,5
MOGP_GENERATIONAL,1d2b2084-edd8-11f0-ad75-6e001b3eef54,Cooling,74,110,9.504141|3.000000|0.000000|0.000000|0.000000,0.08107304573059082,3.0,9.543655|3.000000|0.000000|0.000000|0.000000,8.373154|11.000000|1.000000|2.000000|0.000000,8.407037|11.000000|1.000000|2.000000|0.000000,11,71471005696.000000,N/A,5
MOGP_GENERATIONAL,1d2b2084-edd8-11f0-ad75-6e001b3eef54,Cooling,74,111,9.504141|3.000000|0.000000|0.000000|0.000000,0.06729292869567871,3.0,9.543655|3.000000|0.000000|0.000000|0.000000,8.373154|7.000000|1.000000|0.000000|0.000000,8.407037|7.000000|1.000000|0.000000|0.000000,7,50260164608.000000,N/A,5
MOGP_GENERATIONAL,1d2b2084-edd8-11f0-ad75-6e001b3eef54,Cooling,74,112,9.504141|3.000000|0.000000|0.000000|0.000000,0.08922791481018066,3.0,9.543655|3.000000|0.000000|0.000000|0.000000,9.504141|3.000000|0.000000|0.000000|0.000000,9.543655|3.000000|0.000000|0.000000|0.000000,3,108606644224.000000,N/A,5
MOGP_GENERATIONAL,1d2b2084-edd8-11f0-ad75-6e001b3eef54,Cooling,74,113,9.504141|3.000000|0.000000|0.000000|0.000000,0.06761598587036133,3.0,9.543655|3.000000|0.000000|0.000000|0.000000,9.504141|3.000000|0.000000|0.000000|0.000000,9.543655|3.000000|0.000000|0.000000|0.000000,3,70533423104.000000,N/A,5
MOGP_GENERATIONAL,1d2b2084-edd8-11f0-ad75-6e001b3eef54,Cooling,74,114,9.504141|3.000000|0.000000|0.000000|0.000000,0.07263398170471191,3.0,9.543655|3.000000|0.000000|0.000000|0.000000,9.504141|3.000000|0.000000|0.000000|0.000000,9.543655|3.000000|0.000000|0.000000|0.000000,3,110577803264.000000,N/A,5
MOGP_GENERATIONAL,1d2b2084-edd8-11f0-ad75-6e001b3eef54,Cooling,74,115,9.504141|3.000000|0.000000|0.000000|0.000000,0.06793999671936035,3.0,9.543655|3.000000|0.000000|0.000000|0.000000,9.504141|3.000000|0.000000|0.000000|0.000000,9.543655|3.000000|0.000000|0.000000|0.000000,3,97223335936.000000,N/A,5
MOGP_GENERATIONAL,1d2b2084-edd8-11f0-ad75-6e001b3eef54,Cooling,74,116,9.504141|3.000000|0.000000|0.000000|0.000000,0.07136011123657227,3.0,9.543655|3.000000|0.000000|0.000000|0.000000,7.298698|19.000000|4.000000|2.000000|0.000000,6.631859|19.000000|4.000000|2.000000|0.000000,19,70533283840.000000,N/A,5
MOGP_GENERATIONAL,1d2b2084-edd8-11f0-ad75-6e001b3eef54,Cooling,74,117,9.504141|3.000000|0.000000|0.000000|0.000000,0.0676119327545166,3.0,9.543655|3.000000|0.000000|0.000000|0.000000,9.504141|3.000000|0.000000|0.000000|0.000000,9.543655|3.000000|0.000000|0.000000|0.000000,3,86276677632.000000,N/A,5
MOGP_GENERATIONAL,1d2b2084-edd8-11f0-ad75-6e001b3eef54,Cooling,74,118,9.504141|3.000000|0.000000|0.000000|0.000000,0.06848382949829102,3.0,9.543655|3.000000|0.000000|0.000000|0.000000,9.504141|3.000000|0.000000|0.000000|0.000000,9.543655|3.000000|0.000000|0.000000|0.000000,3,137142124544.000000,N/A,5
MOGP_GENERATIONAL,1d2b2084-edd8-11f0-ad75-6e001b3eef54,Cooling,74,119,9.504141|3.000000|0.000000|0.000000|0.000000,0.060363054275512695,3.0,9.543655|3.000000|0.000000|0.000000|0.000000,9.504141|3.000000|0.000000|0.000000|0.000000,9.543655|3.000000|0.000000|0.000000|0.000000,3,110259380224.000000,N/A,5
MOGP_GENERATIONAL,1d2b2084-edd8-11f0-ad75-6e001b3eef54,Cooling,74,120,9.504141|3.000000|0.000000|0.000000|0.000000,0.06820869445800781,3.0,9.543655|3.000000|0.000000|0.000000|0.000000,9.504141|3.000000|0.000000|0.000000|0.000000,9.543655|3.000000|0.000000|0.000000|0.000000,3,86579953664.000000,N/A,5
MOGP_GENERATIONAL,1d2b2084-edd8-11f0-ad75-6e001b3eef54,Cooling,74,121,9.504141|3.000000|0.000000|0.000000|0.000000,0.0679769515991211,3.0,9.543655|3.000000|0.000000|0.000000|0.000000,9.504141|3.000000|0.000000|0.000000|0.000000,9.543655|3.000000|0.000000|0.000000|0.000000,3,124212092928.000000,N/A,5
MOGP_GENERATIONAL,1d2b2084-edd8-11f0-ad75-6e001b3eef54,Cooling,74,122,9.504141|3.000000|0.000000|0.000000|0.000000,0.06977987289428711,3.0,9.543655|3.000000|0.000000|0.000000|0.000000,7.768815|7.000000|2.000000|0.000000|0.000000,7.637561|7.000000|2.000000|0.000000|0.000000,7,43344916480.000000,N/A,5
MOGP_GENERATIONAL,1d2b2084-edd8-11f0-ad75-6e001b3eef54,Cooling,74,123,9.504141|3.000000|0.000000|0.000000|0.000000,0.06767606735229492,3.0,9.543655|3.000000|0.000000|0.000000|0.000000,9.504141|3.000000|0.000000|0.000000|0.000000,9.543655|3.000000|0.000000|0.000000|0.000000,3,91903107072.000000,N/A,5
MOGP_GENERATIONAL,1d2b2084-edd8-11f0-ad75-6e001b3eef54,Cooling,74,124,9.504141|3.000000|0.000000|0.000000|0.000000,0.06965398788452148,3.0,9.543655|3.000000|0.000000|0.000000|0.000000,9.504141|3.000000|0.000000|0.000000|0.000000,9.543655|3.000000|0.000000|0.000000|0.000000,3,101976834048.000000,N/A,5
MOGP_GENERATIONAL,1d2b2084-edd8-11f0-ad75-6e001b3eef54,Cooling,74,125,9.504141|3.000000|0.000000|0.000000|0.000000,0.07094407081604004,3.0,9.543655|3.000000|0.000000|0.000000|0.000000,9.504141|3.000000|0.000000|0.000000|0.000000,9.543655|3.000000|0.000000|0.000000|0.000000,3,74206887936.000000,N/A,5
MOGP_GENERATIONAL,1d2b2084-edd8-11f0-ad75-6e001b3eef54,Cooling,74,126,9.504141|3.000000|0.000000|0.000000|0.000000,0.06875419616699219,3.0,9.543655|3.000000|0.000000|0.000000|0.000000,7.768815|7.000000|2.000000|0.000000|0.000000,7.637561|7.000000|2.000000|0.000000|0.000000,7,121482780672.000000,N/A,5
MOGP_GENERATIONAL,1d2b2084-edd8-11f0-ad75-6e001b3eef54,Cooling,74,127,9.504141|3.000000|0.000000|0.000000|0.000000,0.06298017501831055,3.0,9.543655|3.000000|0.000000|0.000000|0.000000,9.504141|3.000000|0.000000|0.000000|0.000000,9.543655|3.000000|0.000000|0.000000|0.000000,3,86314655744.000000,N/A,5
MOGP_GENERATIONAL,1d2b2084-edd8-11f0-ad75-6e001b3eef54,Cooling,74,128,9.504141|3.000000|0.000000|0.000000|0.000000,0.06800603866577148,3.0,9.543655|3.000000|0.000000|0.000000|0.000000,9.504141|3.000000|0.000000|0.000000|0.000000,9.543655|3.000000|0.000000|0.000000|0.000000,3,55765110784.000000,N/A,5
MOGP_GENERATIONAL,1d2b2084-edd8-11f0-ad75-6e001b3eef54,Cooling,74,129,9.504141|3.000000|0.000000|0.000000|0.000000,0.06760597229003906,3.0,9.543655|3.000000|0.000000|0.000000|0.000000,9.504141|3.000000|0.000000|0.000000|0.000000,9.543655|3.000000|0.000000|0.000000|0.000000,3,49937461248.000000,N/A,5
MOGP_GENERATIONAL,1d2b2084-edd8-11f0-ad75-6e001b3eef54,Cooling,74,130,9.504141|3.000000|0.000000|0.000000|0.000000,0.07202935218811035,3.0,9.543655|3.000000|0.000000|0.000000|0.000000,9.504141|3.000000|0.000000|0.000000|0.000000,9.543655|3.000000|0.000000|0.000000|0.000000,3,121305645056.000000,N/A,5
MOGP_GENERATIONAL,1d2b2084-edd8-11f0-ad75-6e001b3eef54,Cooling,74,131,9.504141|3.000000|0.000000|0.000000|0.000000,0.06151866912841797,3.0,9.543655|3.000000|0.000000|0.000000|0.000000,9.504141|3.000000|0.000000|0.000000|0.000000,9.543655|3.000000|0.000000|0.000000|0.000000,3,78959009792.000000,N/A,5
MOGP_GENERATIONAL,1d2b2084-edd8-11f0-ad75-6e001b3eef54,Cooling,74,132,9.504141|3.000000|0.000000|0.000000|0.000000,0.06218314170837402,3.0,9.543655|3.000000|0.000000|0.000000|0.000000,9.504141|3.000000|0.000000|0.000000|0.000000,9.543655|3.000000|0.000000|0.000000|0.000000,3,100076691456.000000,N/A,5
MOGP_GENERATIONAL,1d2b2084-edd8-11f0-ad75-6e001b3eef54,Cooling,74,133,9.504141|3.000000|0.000000|0.000000|0.000000,0.07394599914550781,3.0,9.543655|3.000000|0.000000|0.000000|0.000000,9.504141|3.000000|0.000000|0.000000|0.000000,9.543655|3.000000|0.000000|0.000000|0.000000,3,105603891200.000000,N/A,5
MOGP_GENERATIONAL,1d2b2084-edd8-11f0-ad75-6e001b3eef54,Cooling,74,134,9.504141|3.000000|0.000000|0.000000|0.000000,0.06719303131103516,3.0,9.543655|3.000000|0.000000|0.000000|0.000000,9.504141|3.000000|0.000000|0.000000|0.000000,9.543655|3.000000|0.000000|0.000000|0.000000,3,73516204032.000000,N/A,5
MOGP_GENERATIONAL,1d2b2084-edd8-11f0-ad75-6e001b3eef54,Cooling,74,135,9.504141|3.000000|0.000000|0.000000|0.000000,0.06569027900695801,3.0,9.543655|3.000000|0.000000|0.000000|0.000000,9.504141|3.000000|0.000000|0.000000|0.000000,9.543655|3.000000|0.000000|0.000000|0.000000,3,96322666496.000000,N/A,5
MOGP_GENERATIONAL,1d2b2084-edd8-11f0-ad75-6e001b3eef54,Cooling,74,136,9.504141|3.000000|0.000000|0.000000|0.000000,0.07568597793579102,3.0,9.543655|3.000000|0.000000|0.000000|0.000000,9.504141|3.000000|0.000000|0.000000|0.000000,9.543655|3.000000|0.000000|0.000000|0.000000,3,104454234112.000000,N/A,5
MOGP_GENERATIONAL,1d2b2084-edd8-11f0-ad75-6e001b3eef54,Cooling,74,137,9.504141|3.000000|0.000000|0.000000|0.000000,0.06927108764648438,3.0,9.543655|3.000000|0.000000|0.000000|0.000000,9.504141|3.000000|0.000000|0.000000|0.000000,9.543655|3.000000|0.000000|0.000000|0.000000,3,70533685248.000000,N/A,5
MOGP_GENERATIONAL,1d2b2084-edd8-11f0-ad75-6e001b3eef54,Cooling,74,138,9.504141|3.000000|0.000000|0.000000|0.000000,0.06763815879821777,3.0,9.543655|3.000000|0.000000|0.000000|0.000000,9.504141|3.000000|0.000000|0.000000|0.000000,9.543655|3.000000|0.000000|0.000000|0.000000,3,97819189248.000000,N/A,5
MOGP_GENERATIONAL,1d2b2084-edd8-11f0-ad75-6e001b3eef54,Cooling,74,139,9.504141|3.000000|0.000000|0.000000|0.000000,0.06269693374633789,3.0,9.543655|3.000000|0.000000|0.000000|0.000000,9.504141|3.000000|0.000000|0.000000|0.000000,9.543655|3.000000|0.000000|0.000000|0.000000,3,490139648.000000,N/A,5
MOGP_GENERATIONAL,1d2b2084-edd8-11f0-ad75-6e001b3eef54,Cooling,74,140,9.504141|3.000000|0.000000|0.000000|0.000000,0.06957221031188965,3.0,9.543655|3.000000|0.000000|0.000000|0.000000,9.504141|3.000000|0.000000|0.000000|0.000000,9.543655|3.000000|0.000000|0.000000|0.000000,3,146358910976.000000,N/A,5
MOGP_GENERATIONAL,1d2b2084-edd8-11f0-ad75-6e001b3eef54,Cooling,74,141,9.504141|3.000000|0.000000|0.000000|0.000000,0.06456208229064941,3.0,9.543655|3.000000|0.000000|0.000000|0.000000,9.504141|3.000000|0.000000|0.000000|0.000000,9.543655|3.000000|0.000000|0.000000|0.000000,3,107721179136.000000,N/A,5
MOGP_GENERATIONAL,1d2b2084-edd8-11f0-ad75-6e001b3eef54,Cooling,74,142,9.504141|3.000000|0.000000|0.000000|0.000000,0.06695103645324707,3.0,9.543655|3.000000|0.000000|0.000000|0.000000,9.504141|3.000000|0.000000|0.000000|0.000000,9.543655|3.000000|0.000000|0.000000|0.000000,3,93668548608.000000,N/A,5
MOGP_GENERATIONAL,1d2b2084-edd8-11f0-ad75-6e001b3eef54,Cooling,74,143,9.504141|3.000000|0.000000|0.000000|0.000000,0.07465291023254395,3.0,9.543655|3.000000|0.000000|0.000000|0.000000,9.504141|3.000000|0.000000|0.000000|0.000000,9.543655|3.000000|0.000000|0.000000|0.000000,3,99519488000.000000,N/A,5
MOGP_GENERATIONAL,1d2b2084-edd8-11f0-ad75-6e001b3eef54,Cooling,74,144,9.504141|3.000000|0.000000|0.000000|0.000000,0.06821322441101074,3.0,9.543655|3.000000|0.000000|0.000000|0.000000,9.504141|3.000000|0.000000|0.000000|0.000000,9.543655|3.000000|0.000000|0.000000|0.000000,3,62053990400.000000,N/A,5
MOGP_GENERATIONAL,1d2b2084-edd8-11f0-ad75-6e001b3eef54,Cooling,74,145,9.504141|3.000000|0.000000|0.000000|0.000000,0.07424592971801758,3.0,9.543655|3.000000|0.000000|0.000000|0.000000,9.504141|3.000000|0.000000|0.000000|0.000000,9.543655|3.000000|0.000000|0.000000|0.000000,3,26392668160.000000,N/A,5
MOGP_GENERATIONAL,1d2b2084-edd8-11f0-ad75-6e001b3eef54,Cooling,74,146,9.504141|3.000000|0.000000|0.000000|0.000000,0.0659780502319336,3.0,9.543655|3.000000|0.000000|0.000000|0.000000,9.504141|3.000000|0.000000|0.000000|0.000000,9.543655|3.000000|0.000000|0.000000|0.000000,3,106074071040.000000,N/A,5
MOGP_GENERATIONAL,1d2b2084-edd8-11f0-ad75-6e001b3eef54,Cooling,74,147,9.504141|3.000000|0.000000|0.000000|0.000000,0.08701372146606445,3.0,9.543655|3.000000|0.000000|0.000000|0.000000,9.504141|3.000000|0.000000|0.000000|0.000000,9.543655|3.000000|0.000000|0.000000|0.000000,3,83022069760.000000,N/A,5
MOGP_GENERATIONAL,1d2b2084-edd8-11f0-ad75-6e001b3eef54,Cooling,74,148,9.504141|3.000000|0.000000|0.000000|0.000000,0.07003116607666016,3.0,9.543655|3.000000|0.000000|0.000000|0.000000,9.504141|3.000000|0.000000|0.000000|0.000000,9.543655|3.000000|0.000000|0.000000|0.000000,3,78488051712.000000,N/A,5
MOGP_GENERATIONAL,1d2b2084-edd8-11f0-ad75-6e001b3eef54,Cooling,74,149,9.504141|3.000000|0.000000|0.000000|0.000000,0.1387190818786621,3.0,9.543655|3.000000|0.000000|0.000000|0.000000,7.768815|7.000000|2.000000|0.000000|0.000000,7.637561|7.000000|2.000000|0.000000|0.000000,7,78488199168.000000,N/A,5
MOGP_GENERATIONAL,1d2b2084-edd8-11f0-ad75-6e001b3eef54,Cooling,74,150,9.504141|3.000000|0.000000|0.000000|0.000000,0.07717704772949219,3.0,9.543655|3.000000|0.000000|0.000000|0.000000,9.504141|3.000000|0.000000|0.000000|0.000000,9.543655|3.000000|0.000000|0.000000|0.000000,3,86918758400.000000,N/A,5
MOGP_GENERATIONAL,1d2b2084-edd8-11f0-ad75-6e001b3eef54,Cooling,74,151,9.504141|3.000000|0.000000|0.000000|0.000000,0.06957817077636719,3.0,9.543655|3.000000|0.000000|0.000000|0.000000,9.115400|7.000000|1.000000|0.000000|0.000000,9.091972|7.000000|1.000000|0.000000|0.000000,7,87841538048.000000,N/A,5
MOGP_GENERATIONAL,1d2b2084-edd8-11f0-ad75-6e001b3eef54,Cooling,74,152,9.504141|3.000000|0.000000|0.000000|0.000000,0.0684812068939209,3.0,9.543655|3.000000|0.000000|0.000000|0.000000,9.504141|3.000000|0.000000|0.000000|0.000000,9.543655|3.000000|0.000000|0.000000|0.000000,3,108334211072.000000,N/A,5
MOGP_GENERATIONAL,1d2b2084-edd8-11f0-ad75-6e001b3eef54,Cooling,74,153,9.504141|3.000000|0.000000|0.000000|0.000000,0.06653213500976562,3.0,9.543655|3.000000|0.000000|0.000000|0.000000,9.504141|3.000000|0.000000|0.000000|0.000000,9.543655|3.000000|0.000000|0.000000|0.000000,3,66501713920.000000,N/A,5
MOGP_GENERATIONAL,1d2b2084-edd8-11f0-ad75-6e001b3eef54,Cooling,74,154,9.504141|3.000000|0.000000|0.000000|0.000000,0.06961679458618164,3.0,9.543655|3.000000|0.000000|0.000000|0.000000,9.504141|3.000000|0.000000|0.000000|0.000000,9.543655|3.000000|0.000000|0.000000|0.000000,3,85252980736.000000,N/A,5
MOGP_GENERATIONAL,1d2b2084-edd8-11f0-ad75-6e001b3eef54,Cooling,74,155,9.504141|3.000000|0.000000|0.000000|0.000000,0.06890535354614258,3.0,9.543655|3.000000|0.000000|0.000000|0.000000,9.504141|3.000000|0.000000|0.000000|0.000000,9.543655|3.000000|0.000000|0.000000|0.000000,3,129017454592.000000,N/A,5
MOGP_GENERATIONAL,1d2b2084-edd8-11f0-ad75-6e001b3eef54,Cooling,74,156,9.504141|3.000000|0.000000|0.000000|0.000000,0.06256103515625,3.0,9.543655|3.000000|0.000000|0.000000|0.000000,9.144073|7.000000|1.000000|0.000000|0.000000,8.993018|7.000000|1.000000|0.000000|0.000000,7,86277185536.000000,N/A,5
MOGP_GENERATIONAL,1d2b2084-edd8-11f0-ad75-6e001b3eef54,Cooling,74,157,9.504141|3.000000|0.000000|0.000000|0.000000,0.0694272518157959,3.0,9.543655|3.000000|0.000000|0.000000|0.000000,9.504141|3.000000|0.000000|0.000000|0.000000,9.543655|3.000000|0.000000|0.000000|0.000000,3,103861256192.000000,N/A,5
MOGP_GENERATIONAL,1d2b2084-edd8-11f0-ad75-6e001b3eef54,Cooling,74,158,9.504141|3.000000|0.000000|0.000000|0.000000,0.07001709938049316,3.0,9.543655|3.000000|0.000000|0.000000|0.000000,9.504141|3.000000|0.000000|0.000000|0.000000,9.543655|3.000000|0.000000|0.000000|0.000000,3,83889029120.000000,N/A,5
MOGP_GENERATIONAL,1d2b2084-edd8-11f0-ad75-6e001b3eef54,Cooling,74,159,9.504141|3.000000|0.000000|0.000000|0.000000,0.07650494575500488,3.0,9.543655|3.000000|0.000000|0.000000|0.000000,9.504141|3.000000|0.000000|0.000000|0.000000,9.543655|3.000000|0.000000|0.000000|0.000000,3,71918190592.000000,N/A,5
MOGP_GENERATIONAL,1d2b2084-edd8-11f0-ad75-6e001b3eef54,Cooling,74,160,9.504141|3.000000|0.000000|0.000000|0.000000,0.07335233688354492,3.0,9.543655|3.000000|0.000000|0.000000|0.000000,9.504141|3.000000|0.000000|0.000000|0.000000,9.543655|3.000000|0.000000|0.000000|0.000000,3,50035372032.000000,N/A,5
MOGP_GENERATIONAL,1d2b2084-edd8-11f0-ad75-6e001b3eef54,Cooling,74,161,9.504141|3.000000|0.000000|0.000000|0.000000,0.06866168975830078,3.0,9.543655|3.000000|0.000000|0.000000|0.000000,9.504141|3.000000|0.000000|0.000000|0.000000,9.543655|3.000000|0.000000|0.000000|0.000000,3,68547706880.000000,N/A,5
MOGP_GENERATIONAL,1d2b2084-edd8-11f0-ad75-6e001b3eef54,Cooling,74,162,9.504141|3.000000|0.000000|0.000000|0.000000,0.0673227310180664,3.0,9.543655|3.000000|0.000000|0.000000|0.000000,8.183995|7.000000|1.000000|0.000000|0.000000,8.075024|7.000000|1.000000|0.000000|0.000000,7,85171314688.000000,N/A,5
MOGP_GENERATIONAL,1d2b2084-edd8-11f0-ad75-6e001b3eef54,Cooling,74,163,9.504141|3.000000|0.000000|0.000000|0.000000,0.0639960765838623,3.0,9.543655|3.000000|0.000000|0.000000|0.000000,9.504141|3.000000|0.000000|0.000000|0.000000,9.543655|3.000000|0.000000|0.000000|0.000000,3,111035506688.000000,N/A,5
MOGP_GENERATIONAL,1d2b2084-edd8-11f0-ad75-6e001b3eef54,Cooling,74,164,9.504141|3.000000|0.000000|0.000000|0.000000,0.07038116455078125,3.0,9.543655|3.000000|0.000000|0.000000|0.000000,9.504141|3.000000|0.000000|0.000000|0.000000,9.543655|3.000000|0.000000|0.000000|0.000000,3,93330071552.000000,N/A,5
MOGP_GENERATIONAL,1d2b2084-edd8-11f0-ad75-6e001b3eef54,Cooling,74,165,9.504141|3.000000|0.000000|0.000000|0.000000,0.07023072242736816,3.0,9.543655|3.000000|0.000000|0.000000|0.000000,9.504141|3.000000|0.000000|0.000000|0.000000,9.543655|3.000000|0.000000|0.000000|0.000000,3,106663305216.000000,N/A,5
MOGP_GENERATIONAL,1d2b2084-edd8-11f0-ad75-6e001b3eef54,Cooling,74,166,9.504141|3.000000|0.000000|0.000000|0.000000,0.0659792423248291,3.0,9.543655|3.000000|0.000000|0.000000|0.000000,9.504141|3.000000|0.000000|0.000000|0.000000,9.543655|3.000000|0.000000|0.000000|0.000000,3,100102316032.000000,N/A,5
MOGP_GENERATIONAL,1d2b2084-edd8-11f0-ad75-6e001b3eef54,Cooling,74,167,9.504141|3.000000|0.000000|0.000000|0.000000,0.06798100471496582,3.0,9.543655|3.000000|0.000000|0.000000|0.000000,9.504141|3.000000|0.000000|0.000000|0.000000,9.543655|3.000000|0.000000|0.000000|0.000000,3,102871883776.000000,N/A,5
MOGP_GENERATIONAL,1d2b2084-edd8-11f0-ad75-6e001b3eef54,Cooling,74,168,9.504141|3.000000|0.000000|0.000000|0.000000,0.06888031959533691,3.0,9.543655|3.000000|0.000000|0.000000|0.000000,9.504141|3.000000|0.000000|0.000000|0.000000,9.543655|3.000000|0.000000|0.000000|0.000000,3,45372760064.000000,N/A,5
MOGP_GENERATIONAL,1d2b2084-edd8-11f0-ad75-6e001b3eef54,Cooling,74,169,9.504141|3.000000|0.000000|0.000000|0.000000,0.067230224609375,3.0,9.543655|3.000000|0.000000|0.000000|0.000000,9.504141|3.000000|0.000000|0.000000|0.000000,9.543655|3.000000|0.000000|0.000000|0.000000,3,49944657920.000000,N/A,5
MOGP_GENERATIONAL,1d2b2084-edd8-11f0-ad75-6e001b3eef54,Cooling,74,170,9.504141|3.000000|0.000000|0.000000|0.000000,0.070404052734375,3.0,9.543655|3.000000|0.000000|0.000000|0.000000,9.144073|7.000000|1.000000|0.000000|0.000000,8.993018|7.000000|1.000000|0.000000|0.000000,7,101542395904.000000,N/A,5
MOGP_GENERATIONAL,1d2b2084-edd8-11f0-ad75-6e001b3eef54,Cooling,74,171,9.504141|3.000000|0.000000|0.000000|0.000000,0.06887984275817871,3.0,9.543655|3.000000|0.000000|0.000000|0.000000,9.504141|3.000000|0.000000|0.000000|0.000000,9.543655|3.000000|0.000000|0.000000|0.000000,3,86277177344.000000,N/A,5
MOGP_GENERATIONAL,1d2b2084-edd8-11f0-ad75-6e001b3eef54,Cooling,74,172,9.504141|3.000000|0.000000|0.000000|0.000000,0.06827878952026367,3.0,9.543655|3.000000|0.000000|0.000000|0.000000,9.504141|3.000000|0.000000|0.000000|0.000000,9.543655|3.000000|0.000000|0.000000|0.000000,3,48330461184.000000,N/A,5
MOGP_GENERATIONAL,1d2b2084-edd8-11f0-ad75-6e001b3eef54,Cooling,74,173,9.504141|3.000000|0.000000|0.000000|0.000000,0.06883931159973145,3.0,9.543655|3.000000|0.000000|0.000000|0.000000,9.504141|3.000000|0.000000|0.000000|0.000000,9.543655|3.000000|0.000000|0.000000|0.000000,3,86277169152.000000,N/A,5
MOGP_GENERATIONAL,1d2b2084-edd8-11f0-ad75-6e001b3eef54,Cooling,74,174,9.504141|3.000000|0.000000|0.000000|0.000000,0.06914186477661133,3.0,9.543655|3.000000|0.000000|0.000000|0.000000,8.373154|23.000000|4.000000|6.000000|4.000000,8.407037|23.000000|4.000000|6.000000|4.000000,23,48330723328.000000,N/A,5
MOGP_GENERATIONAL,1d2b2084-edd8-11f0-ad75-6e001b3eef54,Cooling,74,175,9.504141|3.000000|0.000000|0.000000|0.000000,0.06874799728393555,3.0,9.543655|3.000000|0.000000|0.000000|0.000000,9.504141|3.000000|0.000000|0.000000|0.000000,9.543655|3.000000|0.000000|0.000000|0.000000,3,126211719168.000000,N/A,5
MOGP_GENERATIONAL,1d2b2084-edd8-11f0-ad75-6e001b3eef54,Cooling,74,176,9.504141|3.000000|0.000000|0.000000|0.000000,0.07588696479797363,3.0,9.543655|3.000000|0.000000|0.000000|0.000000,8.373154|7.000000|1.000000|2.000000|0.000000,8.407037|7.000000|1.000000|2.000000|0.000000,7,144444194816.000000,N/A,5
MOGP_GENERATIONAL,1d2b2084-edd8-11f0-ad75-6e001b3eef54,Cooling,74,177,9.504141|3.000000|0.000000|0.000000|0.000000,0.06862497329711914,3.0,9.543655|3.000000|0.000000|0.000000|0.000000,9.504141|3.000000|0.000000|0.000000|0.000000,9.543655|3.000000|0.000000|0.000000|0.000000,3,49944309760.000000,N/A,5
MOGP_GENERATIONAL,1d2b2084-edd8-11f0-ad75-6e001b3eef54,Cooling,74,178,9.504141|3.000000|0.000000|0.000000|0.000000,0.0836648941040039,3.0,9.543655|3.000000|0.000000|0.000000|0.000000,7.768815|7.000000|2.000000|0.000000|0.000000,7.637561|7.000000|2.000000|0.000000|0.000000,7,128419782656.000000,N/A,5
MOGP_GENERATIONAL,1d2b2084-edd8-11f0-ad75-6e001b3eef54,Cooling,74,179,9.504141|3.000000|0.000000|0.000000|0.000000,0.06868124008178711,3.0,9.543655|3.000000|0.000000|0.000000|0.000000,9.504141|3.000000|0.000000|0.000000|0.000000,9.543655|3.000000|0.000000|0.000000|0.000000,3,143437070336.000000,N/A,5
MOGP_GENERATIONAL,1d2b2084-edd8-11f0-ad75-6e001b3eef54,Cooling,74,180,9.504141|3.000000|0.000000|0.000000|0.000000,0.07265782356262207,3.0,9.543655|3.000000|0.000000|0.000000|0.000000,8.183995|15.000000|2.000000|4.000000|2.000000,8.075024|15.000000|2.000000|4.000000|2.000000,15,82960220160.000000,N/A,5
MOGP_GENERATIONAL,1d2b2084-edd8-11f0-ad75-6e001b3eef54,Cooling,74,181,9.504141|3.000000|0.000000|0.000000|0.000000,0.08168292045593262,3.0,9.543655|3.000000|0.000000|0.000000|0.000000,9.504141|3.000000|0.000000|0.000000|0.000000,9.543655|3.000000|0.000000|0.000000|0.000000,3,108282306560.000000,N/A,5
MOGP_GENERATIONAL,1d2b2084-edd8-11f0-ad75-6e001b3eef54,Cooling,74,182,9.504141|3.000000|0.000000|0.000000|0.000000,0.07406115531921387,3.0,9.543655|3.000000|0.000000|0.000000|0.000000,9.504141|3.000000|0.000000|0.000000|0.000000,9.543655|3.000000|0.000000|0.000000|0.000000,3,75150434304.000000,N/A,5
MOGP_GENERATIONAL,1d2b2084-edd8-11f0-ad75-6e001b3eef54,Cooling,74,183,9.504141|3.000000|0.000000|0.000000|0.000000,0.068115234375,3.0,9.543655|3.000000|0.000000|0.000000|0.000000,9.504141|3.000000|0.000000|0.000000|0.000000,9.543655|3.000000|0.000000|0.000000|0.000000,3,75588247552.000000,N/A,5
MOGP_GENERATIONAL,1d2b2084-edd8-11f0-ad75-6e001b3eef54,Cooling,74,184,9.504141|3.000000|0.000000|0.000000|0.000000,0.07215499877929688,3.0,9.543655|3.000000|0.000000|0.000000|0.000000,9.504141|3.000000|0.000000|0.000000|0.000000,9.543655|3.000000|0.000000|0.000000|0.000000,3,13184963584.000000,N/A,5
MOGP_GENERATIONAL,1d2b2084-edd8-11f0-ad75-6e001b3eef54,Cooling,74,185,9.504141|3.000000|0.000000|0.000000|0.000000,0.07439994812011719,3.0,9.543655|3.000000|0.000000|0.000000|0.000000,9.504141|3.000000|0.000000|0.000000|0.000000,9.543655|3.000000|0.000000|0.000000|0.000000,3,83049447424.000000,N/A,5
MOGP_GENERATIONAL,1d2b2084-edd8-11f0-ad75-6e001b3eef54,Cooling,74,186,9.504141|3.000000|0.000000|0.000000|0.000000,0.0769190788269043,3.0,9.543655|3.000000|0.000000|0.000000|0.000000,9.504141|3.000000|0.000000|0.000000|0.000000,9.543655|3.000000|0.000000|0.000000|0.000000,3,102469107712.000000,N/A,5
MOGP_GENERATIONAL,1d2b2084-edd8-11f0-ad75-6e001b3eef54,Cooling,74,187,9.504141|3.000000|0.000000|0.000000|0.000000,0.07521724700927734,3.0,9.543655|3.000000|0.000000|0.000000|0.000000,9.504141|3.000000|0.000000|0.000000|0.000000,9.543655|3.000000|0.000000|0.000000|0.000000,3,49937465344.000000,N/A,5
MOGP_GENERATIONAL,1d2b2084-edd8-11f0-ad75-6e001b3eef54,Cooling,74,188,9.504141|3.000000|0.000000|0.000000|0.000000,0.06786870956420898,3.0,9.543655|3.000000|0.000000|0.000000|0.000000,9.504141|3.000000|0.000000|0.000000|0.000000,9.543655|3.000000|0.000000|0.000000|0.000000,3,49997484032.000000,N/A,5
MOGP_GENERATIONAL,1d2b2084-edd8-11f0-ad75-6e001b3eef54,Cooling,74,189,9.504141|3.000000|0.000000|0.000000|0.000000,0.0646369457244873,3.0,9.543655|3.000000|0.000000|0.000000|0.000000,9.504141|3.000000|0.000000|0.000000|0.000000,9.543655|3.000000|0.000000|0.000000|0.000000,3,95614541824.000000,N/A,5
MOGP_GENERATIONAL,1d2b2084-edd8-11f0-ad75-6e001b3eef54,Cooling,74,190,9.504141|3.000000|0.000000|0.000000|0.000000,0.059290170669555664,3.0,9.543655|3.000000|0.000000|0.000000|0.000000,9.504141|3.000000|0.000000|0.000000|0.000000,9.543655|3.000000|0.000000|0.000000|0.000000,3,70536454144.000000,N/A,5
MOGP_GENERATIONAL,1d2b2084-edd8-11f0-ad75-6e001b3eef54,Cooling,74,191,9.504141|3.000000|0.000000|0.000000|0.000000,0.07507205009460449,3.0,9.543655|3.000000|0.000000|0.000000|0.000000,9.504141|3.000000|0.000000|0.000000|0.000000,9.543655|3.000000|0.000000|0.000000|0.000000,3,99498745856.000000,N/A,5
MOGP_GENERATIONAL,1d2b2084-edd8-11f0-ad75-6e001b3eef54,Cooling,74,192,9.504141|3.000000|0.000000|0.000000|0.000000,0.0682821273803711,3.0,9.543655|3.000000|0.000000|0.000000|0.000000,9.504141|3.000000|0.000000|0.000000|0.000000,9.543655|3.000000|0.000000|0.000000|0.000000,3,145690001408.000000,N/A,5
MOGP_GENERATIONAL,1d2b2084-edd8-11f0-ad75-6e001b3eef54,Cooling,74,193,9.504141|3.000000|0.000000|0.000000|0.000000,0.08339786529541016,3.0,9.543655|3.000000|0.000000|0.000000|0.000000,9.061648|11.000000|1.000000|0.000000|0.000000,9.235136|11.000000|1.000000|0.000000|0.000000,11,93508722688.000000,N/A,5
MOGP_GENERATIONAL,1d2b2084-edd8-11f0-ad75-6e001b3eef54,Cooling,74,194,9.504141|3.000000|0.000000|0.000000|0.000000,0.06994390487670898,3.0,9.543655|3.000000|0.000000|0.000000|0.000000,9.504141|3.000000|0.000000|0.000000|0.000000,9.543655|3.000000|0.000000|0.000000|0.000000,3,99304472576.000000,N/A,5
MOGP_GENERATIONAL,1d2b2084-edd8-11f0-ad75-6e001b3eef54,Cooling,74,195,9.504141|3.000000|0.000000|0.000000|0.000000,0.07225608825683594,3.0,9.543655|3.000000|0.000000|0.000000|0.000000,9.504141|3.000000|0.000000|0.000000|0.000000,9.543655|3.000000|0.000000|0.000000|0.000000,3,114983378944.000000,N/A,5
MOGP_GENERATIONAL,1d2b2084-edd8-11f0-ad75-6e001b3eef54,Cooling,74,196,9.504141|3.000000|0.000000|0.000000|0.000000,0.07759904861450195,3.0,9.543655|3.000000|0.000000|0.000000|0.000000,9.504141|3.000000|0.000000|0.000000|0.000000,9.543655|3.000000|0.000000|0.000000|0.000000,3,122108526592.000000,N/A,5
MOGP_GENERATIONAL,1d2b2084-edd8-11f0-ad75-6e001b3eef54,Cooling,74,197,9.504141|3.000000|0.000000|0.000000|0.000000,0.07738494873046875,3.0,9.543655|3.000000|0.000000|0.000000|0.000000,9.504141|3.000000|0.000000|0.000000|0.000000,9.543655|3.000000|0.000000|0.000000|0.000000,3,69588729856.000000,N/A,5
MOGP_GENERATIONAL,1d2b2084-edd8-11f0-ad75-6e001b3eef54,Cooling,74,198,9.504141|3.000000|0.000000|0.000000|0.000000,0.07480406761169434,3.0,9.543655|3.000000|0.000000|0.000000|0.000000,7.768815|7.000000|2.000000|0.000000|0.000000,7.637561|7.000000|2.000000|0.000000|0.000000,7,87851286528.000000,N/A,5
MOGP_GENERATIONAL,1d2b2084-edd8-11f0-ad75-6e001b3eef54,Cooling,74,199,9.504141|3.000000|0.000000|0.000000|0.000000,0.08130908012390137,3.0,9.543655|3.000000|0.000000|0.000000|0.000000,9.504141|3.000000|0.000000|0.000000|0.000000,9.543655|3.000000|0.000000|0.000000|0.000000,3,107222515712.000000,N/A,5
MOGP_GENERATIONAL,1d2b2084-edd8-11f0-ad75-6e001b3eef54,Cooling,74,200,9.504141|3.000000|0.000000|0.000000|0.000000,0.08436918258666992,3.0,9.543655|3.000000|0.000000|0.000000|0.000000,9.504141|3.000000|0.000000|0.000000|0.000000,9.543655|3.000000|0.000000|0.000000|0.000000,3,135953178624.000000,N/A,5
MOGP_GENERATIONAL,1d2b2084-edd8-11f0-ad75-6e001b3eef54,Cooling,74,201,9.504141|3.000000|0.000000|0.000000|0.000000,0.07032608985900879,3.0,9.543655|3.000000|0.000000|0.000000|0.000000,9.504141|3.000000|0.000000|0.000000|0.000000,9.543655|3.000000|0.000000|0.000000|0.000000,3,114186911744.000000,N/A,5
MOGP_GENERATIONAL,1d2b2084-edd8-11f0-ad75-6e001b3eef54,Cooling,74,202,9.504141|3.000000|0.000000|0.000000|0.000000,0.08152198791503906,3.0,9.543655|3.000000|0.000000|0.000000|0.000000,9.504141|3.000000|0.000000|0.000000|0.000000,9.543655|3.000000|0.000000|0.000000|0.000000,3,56493072384.000000,N/A,5
MOGP_GENERATIONAL,1d2b2084-edd8-11f0-ad75-6e001b3eef54,Cooling,74,203,9.504141|3.000000|0.000000|0.000000|0.000000,0.08808135986328125,3.0,9.543655|3.000000|0.000000|0.000000|0.000000,7.768815|7.000000|2.000000|0.000000|0.000000,7.637561|7.000000|2.000000|0.000000|0.000000,7,70533668864.000000,N/A,5
MOGP_GENERATIONAL,1d2b2084-edd8-11f0-ad75-6e001b3eef54,Cooling,74,204,9.504141|3.000000|0.000000|0.000000|0.000000,0.060813188552856445,3.0,9.543655|3.000000|0.000000|0.000000|0.000000,7.768815|7.000000|2.000000|0.000000|0.000000,7.637561|7.000000|2.000000|0.000000|0.000000,7,86552387584.000000,N/A,5
MOGP_GENERATIONAL,1d2b2084-edd8-11f0-ad75-6e001b3eef54,Cooling,74,205,9.504141|3.000000|0.000000|0.000000|0.000000,0.058799028396606445,3.0,9.543655|3.000000|0.000000|0.000000|0.000000,9.504141|3.000000|0.000000|0.000000|0.000000,9.543655|3.000000|0.000000|0.000000|0.000000,3,98117009408.000000,N/A,5
MOGP_GENERATIONAL,1d2b2084-edd8-11f0-ad75-6e001b3eef54,Cooling,74,206,9.504141|3.000000|0.000000|0.000000|0.000000,0.07236504554748535,3.0,9.543655|3.000000|0.000000|0.000000|0.000000,9.504141|3.000000|0.000000|0.000000|0.000000,9.543655|3.000000|0.000000|0.000000|0.000000,3,65095757824.000000,N/A,5
MOGP_GENERATIONAL,1d2b2084-edd8-11f0-ad75-6e001b3eef54,Cooling,74,207,9.504141|3.000000|0.000000|0.000000|0.000000,0.07239294052124023,3.0,9.543655|3.000000|0.000000|0.000000|0.000000,7.768815|7.000000|2.000000|0.000000|0.000000,7.637561|7.000000|2.000000|0.000000|0.000000,7,111233056768.000000,N/A,5
MOGP_GENERATIONAL,1d2b2084-edd8-11f0-ad75-6e001b3eef54,Cooling,74,208,9.504141|3.000000|0.000000|0.000000|0.000000,0.06966090202331543,3.0,9.543655|3.000000|0.000000|0.000000|0.000000,9.504141|3.000000|0.000000|0.000000|0.000000,9.543655|3.000000|0.000000|0.000000|0.000000,3,136155742208.000000,N/A,5
MOGP_GENERATIONAL,1d2b2084-edd8-11f0-ad75-6e001b3eef54,Cooling,74,209,9.504141|3.000000|0.000000|0.000000|0.000000,0.06789994239807129,3.0,9.543655|3.000000|0.000000|0.000000|0.000000,9.504141|3.000000|0.000000|0.000000|0.000000,9.543655|3.000000|0.000000|0.000000|0.000000,3,50064867328.000000,N/A,5
MOGP_GENERATIONAL,1d2b2084-edd8-11f0-ad75-6e001b3eef54,Cooling,74,210,9.504141|3.000000|0.000000|0.000000|0.000000,0.06758689880371094,3.0,9.543655|3.000000|0.000000|0.000000|0.000000,9.504141|3.000000|0.000000|0.000000|0.000000,9.543655|3.000000|0.000000|0.000000|0.000000,3,108659253248.000000,N/A,5
MOGP_GENERATIONAL,1d2b2084-edd8-11f0-ad75-6e001b3eef54,Cooling,74,211,9.504141|3.000000|0.000000|0.000000|0.000000,0.06998395919799805,3.0,9.543655|3.000000|0.000000|0.000000|0.000000,9.504141|3.000000|0.000000|0.000000|0.000000,9.543655|3.000000|0.000000|0.000000|0.000000,3,85961744384.000000,N/A,5
MOGP_GENERATIONAL,1d2b2084-edd8-11f0-ad75-6e001b3eef54,Cooling,74,212,9.504141|3.000000|0.000000|0.000000|0.000000,0.07119894027709961,3.0,9.543655|3.000000|0.000000|0.000000|0.000000,9.504141|3.000000|0.000000|0.000000|0.000000,9.543655|3.000000|0.000000|0.000000|0.000000,3,67398205440.000000,N/A,5
MOGP_GENERATIONAL,1d2b2084-edd8-11f0-ad75-6e001b3eef54,Cooling,74,213,9.504141|3.000000|0.000000|0.000000|0.000000,0.062375783920288086,3.0,9.543655|3.000000|0.000000|0.000000|0.000000,9.504141|3.000000|0.000000|0.000000|0.000000,9.543655|3.000000|0.000000|0.000000|0.000000,3,105926426624.000000,N/A,5
MOGP_GENERATIONAL,1d2b2084-edd8-11f0-ad75-6e001b3eef54,Cooling,74,214,9.504141|3.000000|0.000000|0.000000|0.000000,0.06866216659545898,3.0,9.543655|3.000000|0.000000|0.000000|0.000000,9.504141|3.000000|0.000000|0.000000|0.000000,9.543655|3.000000|0.000000|0.000000|0.000000,3,86972022784.000000,N/A,5
MOGP_GENERATIONAL,1d2b2084-edd8-11f0-ad75-6e001b3eef54,Cooling,74,215,9.504141|3.000000|0.000000|0.000000|0.000000,0.13642287254333496,3.0,9.543655|3.000000|0.000000|0.000000|0.000000,9.504141|3.000000|0.000000|0.000000|0.000000,9.543655|3.000000|0.000000|0.000000|0.000000,3,78540128256.000000,N/A,5
MOGP_GENERATIONAL,1d2b2084-edd8-11f0-ad75-6e001b3eef54,Cooling,74,216,9.504141|3.000000|0.000000|0.000000|0.000000,0.06837701797485352,3.0,9.543655|3.000000|0.000000|0.000000|0.000000,7.768815|7.000000|2.000000|0.000000|0.000000,7.637561|7.000000|2.000000|0.000000|0.000000,7,117014110208.000000,N/A,5
MOGP_GENERATIONAL,1d2b2084-edd8-11f0-ad75-6e001b3eef54,Cooling,74,217,9.504141|3.000000|0.000000|0.000000|0.000000,0.0659799575805664,3.0,9.543655|3.000000|0.000000|0.000000|0.000000,9.504141|3.000000|0.000000|0.000000|0.000000,9.543655|3.000000|0.000000|0.000000|0.000000,3,122176765952.000000,N/A,5
MOGP_GENERATIONAL,1d2b2084-edd8-11f0-ad75-6e001b3eef54,Cooling,74,218,9.504141|3.000000|0.000000|0.000000|0.000000,0.06526303291320801,3.0,9.543655|3.000000|0.000000|0.000000|0.000000,9.504141|3.000000|0.000000|0.000000|0.000000,9.543655|3.000000|0.000000|0.000000|0.000000,3,85361909760.000000,N/A,5
MOGP_GENERATIONAL,1d2b2084-edd8-11f0-ad75-6e001b3eef54,Cooling,74,219,9.504141|3.000000|0.000000|0.000000|0.000000,0.0655202865600586,3.0,9.543655|3.000000|0.000000|0.000000|0.000000,9.504141|3.000000|0.000000|0.000000|0.000000,9.543655|3.000000|0.000000|0.000000|0.000000,3,115790372864.000000,N/A,5
MOGP_GENERATIONAL,1d2b2084-edd8-11f0-ad75-6e001b3eef54,Cooling,74,220,9.504141|3.000000|0.000000|0.000000|0.000000,0.06117129325866699,3.0,9.543655|3.000000|0.000000|0.000000|0.000000,9.504141|3.000000|0.000000|0.000000|0.000000,9.543655|3.000000|0.000000|0.000000|0.000000,3,119141523456.000000,N/A,5
MOGP_GENERATIONAL,1d2b2084-edd8-11f0-ad75-6e001b3eef54,Cooling,74,221,9.504141|3.000000|0.000000|0.000000|0.000000,0.06523609161376953,3.0,9.543655|3.000000|0.000000|0.000000|0.000000,8.373154|7.000000|1.000000|2.000000|0.000000,8.407037|7.000000|1.000000|2.000000|0.000000,7,99498762240.000000,N/A,5
MOGP_GENERATIONAL,1d2b2084-edd8-11f0-ad75-6e001b3eef54,Cooling,74,222,9.504141|3.000000|0.000000|0.000000|0.000000,0.06583189964294434,3.0,9.543655|3.000000|0.000000|0.000000|0.000000,7.768815|7.000000|2.000000|0.000000|0.000000,7.637561|7.000000|2.000000|0.000000|0.000000,7,122046439424.000000,N/A,5
MOGP_GENERATIONAL,1d2b2084-edd8-11f0-ad75-6e001b3eef54,Cooling,74,223,9.504141|3.000000|0.000000|0.000000|0.000000,0.0673520565032959,3.0,9.543655|3.000000|0.000000|0.000000|0.000000,9.504141|3.000000|0.000000|0.000000|0.000000,9.543655|3.000000|0.000000|0.000000|0.000000,3,143586754560.000000,N/A,5
MOGP_GENERATIONAL,1d2b2084-edd8-11f0-ad75-6e001b3eef54,Cooling,74,224,9.504141|3.000000|0.000000|0.000000|0.000000,0.06575918197631836,3.0,9.543655|3.000000|0.000000|0.000000|0.000000,9.504141|3.000000|0.000000|0.000000|0.000000,9.543655|3.000000|0.000000|0.000000|0.000000,3,95505989632.000000,N/A,5
MOGP_GENERATIONAL,1d2b2084-edd8-11f0-ad75-6e001b3eef54,Cooling,74,225,9.504141|3.000000|0.000000|0.000000|0.000000,0.06741786003112793,3.0,9.543655|3.000000|0.000000|0.000000|0.000000,8.373154|11.000000|1.000000|0.000000|0.000000,8.407037|11.000000|1.000000|0.000000|0.000000,11,108607799296.000000,N/A,5
MOGP_GENERATIONAL,1d2b2084-edd8-11f0-ad75-6e001b3eef54,Cooling,74,226,9.504141|3.000000|0.000000|0.000000|0.000000,0.06601190567016602,3.0,9.543655|3.000000|0.000000|0.000000|0.000000,9.504141|3.000000|0.000000|0.000000|0.000000,9.543655|3.000000|0.000000|0.000000|0.000000,3,76244942848.000000,N/A,5
MOGP_GENERATIONAL,1d2b2084-edd8-11f0-ad75-6e001b3eef54,Cooling,74,227,9.504141|3.000000|0.000000|0.000000|0.000000,0.0623011589050293,3.0,9.543655|3.000000|0.000000|0.000000|0.000000,9.504141|3.000000|0.000000|0.000000|0.000000,9.543655|3.000000|0.000000|0.000000|0.000000,3,121772670976.000000,N/A,5
MOGP_GENERATIONAL,1d2b2084-edd8-11f0-ad75-6e001b3eef54,Cooling,74,228,9.504141|3.000000|0.000000|0.000000|0.000000,0.06143689155578613,3.0,9.543655|3.000000|0.000000|0.000000|0.000000,9.504141|3.000000|0.000000|0.000000|0.000000,9.543655|3.000000|0.000000|0.000000|0.000000,3,99497623552.000000,N/A,5
MOGP_GENERATIONAL,1d2b2084-edd8-11f0-ad75-6e001b3eef54,Cooling,74,229,9.504141|3.000000|0.000000|0.000000|0.000000,0.07306122779846191,3.0,9.543655|3.000000|0.000000|0.000000|0.000000,9.504141|3.000000|0.000000|0.000000|0.000000,9.543655|3.000000|0.000000|0.000000|0.000000,3,139521720320.000000,N/A,5
MOGP_GENERATIONAL,1d2b2084-edd8-11f0-ad75-6e001b3eef54,Cooling,74,230,9.504141|3.000000|0.000000|0.000000|0.000000,0.060127973556518555,3.0,9.543655|3.000000|0.000000|0.000000|0.000000,9.504141|3.000000|0.000000|0.000000|0.000000,9.543655|3.000000|0.000000|0.000000|0.000000,3,80694460416.000000,N/A,5
MOGP_GENERATIONAL,1d2b2084-edd8-11f0-ad75-6e001b3eef54,Cooling,74,231,9.504141|3.000000|0.000000|0.000000|0.000000,0.07942676544189453,3.0,9.543655|3.000000|0.000000|0.000000|0.000000,9.504141|3.000000|0.000000|0.000000|0.000000,9.543655|3.000000|0.000000|0.000000|0.000000,3,77223600128.000000,N/A,5
MOGP_GENERATIONAL,1d2b2084-edd8-11f0-ad75-6e001b3eef54,Cooling,74,232,9.504141|3.000000|0.000000|0.000000|0.000000,0.07050967216491699,3.0,9.543655|3.000000|0.000000|0.000000|0.000000,8.373154|15.000000|2.000000|2.000000|0.000000,8.407037|15.000000|2.000000|2.000000|0.000000,15,139767857152.000000,N/A,5
MOGP_GENERATIONAL,1d2b2084-edd8-11f0-ad75-6e001b3eef54,Cooling,74,233,9.504141|3.000000|0.000000|0.000000|0.000000,0.0652003288269043,3.0,9.543655|3.000000|0.000000|0.000000|0.000000,9.504141|3.000000|0.000000|0.000000|0.000000,9.543655|3.000000|0.000000|0.000000|0.000000,3,67095379968.000000,N/A,5
MOGP_GENERATIONAL,1d2b2084-edd8-11f0-ad75-6e001b3eef54,Cooling,74,234,9.504141|3.000000|0.000000|0.000000|0.000000,0.12691998481750488,3.0,9.543655|3.000000|0.000000|0.000000|0.000000,8.183995|7.000000|1.000000|0.000000|0.000000,8.075024|7.000000|1.000000|0.000000|0.000000,7,88657199104.000000,N/A,5
MOGP_GENERATIONAL,1d2b2084-edd8-11f0-ad75-6e001b3eef54,Cooling,74,235,9.504141|3.000000|0.000000|0.000000|0.000000,0.05481290817260742,3.0,9.543655|3.000000|0.000000|0.000000|0.000000,9.144073|7.000000|1.000000|0.000000|0.000000,8.993018|7.000000|1.000000|0.000000|0.000000,7,69408301056.000000,N/A,5
MOGP_GENERATIONAL,1d2b2084-edd8-11f0-ad75-6e001b3eef54,Cooling,74,236,9.504141|3.000000|0.000000|0.000000|0.000000,0.06650996208190918,3.0,9.543655|3.000000|0.000000|0.000000|0.000000,9.504141|3.000000|0.000000|0.000000|0.000000,9.543655|3.000000|0.000000|0.000000|0.000000,3,96312713216.000000,N/A,5
MOGP_GENERATIONAL,1d2b2084-edd8-11f0-ad75-6e001b3eef54,Cooling,74,237,9.504141|3.000000|0.000000|0.000000|0.000000,0.05809903144836426,3.0,9.543655|3.000000|0.000000|0.000000|0.000000,9.504141|3.000000|0.000000|0.000000|0.000000,9.543655|3.000000|0.000000|0.000000|0.000000,3,96514080768.000000,N/A,5
MOGP_GENERATIONAL,1d2b2084-edd8-11f0-ad75-6e001b3eef54,Cooling,74,238,9.504141|3.000000|0.000000|0.000000|0.000000,0.06790399551391602,3.0,9.543655|3.000000|0.000000|0.000000|0.000000,9.504141|3.000000|0.000000|0.000000|0.000000,9.543655|3.000000|0.000000|0.000000|0.000000,3,115146047488.000000,N/A,5
MOGP_GENERATIONAL,1d2b2084-edd8-11f0-ad75-6e001b3eef54,Cooling,74,239,9.504141|3.000000|0.000000|0.000000|0.000000,0.06673312187194824,3.0,9.543655|3.000000|0.000000|0.000000|0.000000,9.504141|3.000000|0.000000|0.000000|0.000000,9.543655|3.000000|0.000000|0.000000|0.000000,3,93290758144.000000,N/A,5
MOGP_GENERATIONAL,1d2b2084-edd8-11f0-ad75-6e001b3eef54,Cooling,74,240,9.504141|3.000000|0.000000|0.000000|0.000000,0.06642770767211914,3.0,9.543655|3.000000|0.000000|0.000000|0.000000,9.504141|3.000000|0.000000|0.000000|0.000000,9.543655|3.000000|0.000000|0.000000|0.000000,3,67095097344.000000,N/A,5
MOGP_GENERATIONAL,1d2b2084-edd8-11f0-ad75-6e001b3eef54,Cooling,74,241,9.504141|3.000000|0.000000|0.000000|0.000000,0.06749391555786133,3.0,9.543655|3.000000|0.000000|0.000000|0.000000,9.504141|3.000000|0.000000|0.000000|0.000000,9.543655|3.000000|0.000000|0.000000|0.000000,3,85674803200.000000,N/A,5
MOGP_GENERATIONAL,1d2b2084-edd8-11f0-ad75-6e001b3eef54,Cooling,74,242,9.504141|3.000000|0.000000|0.000000|0.000000,0.06199812889099121,3.0,9.543655|3.000000|0.000000|0.000000|0.000000,9.504141|3.000000|0.000000|0.000000|0.000000,9.543655|3.000000|0.000000|0.000000|0.000000,3,138965417984.000000,N/A,5
MOGP_GENERATIONAL,1d2b2084-edd8-11f0-ad75-6e001b3eef54,Cooling,74,243,9.504141|3.000000|0.000000|0.000000|0.000000,0.06752300262451172,3.0,9.543655|3.000000|0.000000|0.000000|0.000000,9.504141|3.000000|0.000000|0.000000|0.000000,9.543655|3.000000|0.000000|0.000000|0.000000,3,87406723072.000000,N/A,5
MOGP_GENERATIONAL,1d2b2084-edd8-11f0-ad75-6e001b3eef54,Cooling,74,244,9.504141|3.000000|0.000000|0.000000|0.000000,0.07327103614807129,3.0,9.543655|3.000000|0.000000|0.000000|0.000000,9.504141|3.000000|0.000000|0.000000|0.000000,9.543655|3.000000|0.000000|0.000000|0.000000,3,108286091264.000000,N/A,5
MOGP_GENERATIONAL,1d2b2084-edd8-11f0-ad75-6e001b3eef54,Cooling,74,245,9.504141|3.000000|0.000000|0.000000|0.000000,0.08226990699768066,3.0,9.543655|3.000000|0.000000|0.000000|0.000000,9.504141|3.000000|0.000000|0.000000|0.000000,9.543655|3.000000|0.000000|0.000000|0.000000,3,70533373952.000000,N/A,5
MOGP_GENERATIONAL,1d2b2084-edd8-11f0-ad75-6e001b3eef54,Cooling,74,246,9.504141|3.000000|0.000000|0.000000|0.000000,0.06583595275878906,3.0,9.543655|3.000000|0.000000|0.000000|0.000000,9.504141|3.000000|0.000000|0.000000|0.000000,9.543655|3.000000|0.000000|0.000000|0.000000,3,56083943424.000000,N/A,5
MOGP_GENERATIONAL,1d2b2084-edd8-11f0-ad75-6e001b3eef54,Cooling,74,247,9.504141|3.000000|0.000000|0.000000|0.000000,0.07682490348815918,3.0,9.543655|3.000000|0.000000|0.000000|0.000000,9.504141|3.000000|0.000000|0.000000|0.000000,9.543655|3.000000|0.000000|0.000000|0.000000,3,79459147776.000000,N/A,5
MOGP_GENERATIONAL,1d2b2084-edd8-11f0-ad75-6e001b3eef54,Cooling,74,248,9.504141|3.000000|0.000000|0.000000|0.000000,0.06612491607666016,3.0,9.543655|3.000000|0.000000|0.000000|0.000000,8.373154|7.000000|1.000000|0.000000|0.000000,8.407037|7.000000|1.000000|0.000000|0.000000,7,49937158144.000000,N/A,5
MOGP_GENERATIONAL,1d2b2084-edd8-11f0-ad75-6e001b3eef54,Cooling,74,249,9.504141|3.000000|0.000000|0.000000|0.000000,0.06607413291931152,3.0,9.543655|3.000000|0.000000|0.000000|0.000000,9.504141|3.000000|0.000000|0.000000|0.000000,9.543655|3.000000|0.000000|0.000000|0.000000,3,87126163456.000000,N/A,5
MOGP_GENERATIONAL,1d2b2084-edd8-11f0-ad75-6e001b3eef54,Cooling,74,250,9.504141|3.000000|0.000000|0.000000|0.000000,0.06618475914001465,3.0,9.543655|3.000000|0.000000|0.000000|0.000000,9.504141|3.000000|0.000000|0.000000|0.000000,9.543655|3.000000|0.000000|0.000000|0.000000,3,83017777152.000000,N/A,5
