MOGP_NSGAII,c124ff3c-e970-11f0-a117-6e001b3eef54,Cooling,74,0,9.357310|3.000000|0.000000,1.0012359619140625,3.0,9.904694|3.000000|0.000000,9.904694|3.000000|0.000000,3,244207353856.000000,N/A,5
MOGP_NSGAII,c124ff3c-e970-11f0-a117-6e001b3eef54,Cooling,74,1,9.357310|3.000000|0.000000,3.939089059829712,3.0,9.904694|3.000000|0.000000,9.904694|3.000000|0.000000,3,3.459961,N/A,5
MOGP_NSGAII,c124ff3c-e970-11f0-a117-6e001b3eef54,Cooling,74,2,9.357310|3.000000|0.000000,3.827756643295288,3.0,9.904694|3.000000|0.000000,8.247839|3.000000|1.000000,3,1634.127075,N/A,5
MOGP_NSGAII,c124ff3c-e970-11f0-a117-6e001b3eef54,Cooling,74,3,9.357310|3.000000|0.000000,3.8065967559814453,3.0,9.904694|3.000000|0.000000,4.688949|3.000000|1.000000,3,6702487.000000,N/A,5
MOGP_NSGAII,c124ff3c-e970-11f0-a117-6e001b3eef54,Cooling,74,4,9.357310|3.000000|0.000000,3.8734707832336426,3.0,9.904694|3.000000|0.000000,4.990216|5.000000|2.000000,5,4.286804,N/A,5
MOGP_NSGAII,c124ff3c-e970-11f0-a117-6e001b3eef54,Cooling,74,5,9.357310|3.000000|0.000000,3.987562894821167,3.0,9.904694|3.000000|0.000000,4.990216|5.000000|2.000000,5,2.834123,N/A,5
MOGP_NSGAII,c124ff3c-e970-11f0-a117-6e001b3eef54,Cooling,74,6,9.357310|3.000000|0.000000,3.970078945159912,3.0,9.904694|3.000000|0.000000,4.990216|5.000000|2.000000,5,2.293789,N/A,5
MOGP_NSGAII,c124ff3c-e970-11f0-a117-6e001b3eef54,Cooling,74,7,9.357310|3.000000|0.000000,4.084169149398804,3.0,9.904694|3.000000|0.000000,4.990216|5.000000|2.000000,5,2.107470,N/A,5
MOGP_NSGAII,c124ff3c-e970-11f0-a117-6e001b3eef54,Cooling,74,8,9.357310|3.000000|0.000000,4.160845041275024,3.0,9.904694|3.000000|0.000000,4.990216|5.000000|2.000000,5,2.158016,N/A,5
MOGP_NSGAII,c124ff3c-e970-11f0-a117-6e001b3eef54,Cooling,74,9,9.357310|3.000000|0.000000,4.34305214881897,3.0,9.904694|3.000000|0.000000,4.901568|5.000000|1.000000,5,2.282220,N/A,5
MOGP_NSGAII,c124ff3c-e970-11f0-a117-6e001b3eef54,Cooling,74,10,9.357310|3.000000|0.000000,4.892721176147461,3.0,9.904694|3.000000|0.000000,4.901568|5.000000|1.000000,5,2.346678,N/A,5
MOGP_NSGAII,c124ff3c-e970-11f0-a117-6e001b3eef54,Cooling,74,11,9.357310|3.000000|0.000000,5.569782018661499,3.0,9.904694|3.000000|0.000000,4.901568|5.000000|1.000000,5,1.895492,N/A,5
MOGP_NSGAII,c124ff3c-e970-11f0-a117-6e001b3eef54,Cooling,74,12,9.357310|3.000000|0.000000,6.397490978240967,3.0,9.904694|3.000000|0.000000,4.901568|5.000000|1.000000,5,1.303119,N/A,5
MOGP_NSGAII,c124ff3c-e970-11f0-a117-6e001b3eef54,Cooling,74,13,9.357310|3.000000|0.000000,7.019947052001953,3.0,9.904694|3.000000|0.000000,4.901568|5.000000|1.000000,5,1.303119,N/A,5
MOGP_NSGAII,c124ff3c-e970-11f0-a117-6e001b3eef54,Cooling,74,14,9.357310|3.000000|0.000000,6.9067158699035645,3.0,9.904694|3.000000|0.000000,4.901568|5.000000|1.000000,5,1.377115,N/A,5
MOGP_NSGAII,c124ff3c-e970-11f0-a117-6e001b3eef54,Cooling,74,15,9.357310|3.000000|0.000000,6.760956048965454,3.0,9.904694|3.000000|0.000000,4.901568|5.000000|1.000000,5,1.377115,N/A,5
MOGP_NSGAII,c124ff3c-e970-11f0-a117-6e001b3eef54,Cooling,74,16,9.357310|3.000000|0.000000,6.645448207855225,3.0,9.904694|3.000000|0.000000,4.901568|5.000000|1.000000,5,1.377115,N/A,5
MOGP_NSGAII,c124ff3c-e970-11f0-a117-6e001b3eef54,Cooling,74,17,9.357310|3.000000|0.000000,6.8155786991119385,3.0,9.904694|3.000000|0.000000,4.901568|5.000000|1.000000,5,1.377115,N/A,5
MOGP_NSGAII,c124ff3c-e970-11f0-a117-6e001b3eef54,Cooling,74,18,9.357310|3.000000|0.000000,6.524518966674805,3.0,9.904694|3.000000|0.000000,4.901568|5.000000|1.000000,5,1.377115,N/A,5
MOGP_NSGAII,c124ff3c-e970-11f0-a117-6e001b3eef54,Cooling,74,19,9.357310|3.000000|0.000000,6.867410898208618,3.0,9.904694|3.000000|0.000000,4.901568|5.000000|1.000000,5,1.412030,N/A,5
MOGP_NSGAII,c124ff3c-e970-11f0-a117-6e001b3eef54,Cooling,74,20,9.357310|3.000000|0.000000,6.686833143234253,3.0,9.904694|3.000000|0.000000,4.901568|5.000000|1.000000,5,1.412030,N/A,5
MOGP_NSGAII,c124ff3c-e970-11f0-a117-6e001b3eef54,Cooling,74,21,9.357310|3.000000|0.000000,6.969427108764648,3.0,9.904694|3.000000|0.000000,4.901568|5.000000|1.000000,5,1.412030,N/A,5
MOGP_NSGAII,c124ff3c-e970-11f0-a117-6e001b3eef54,Cooling,74,22,9.357310|3.000000|0.000000,6.677239894866943,3.0,9.904694|3.000000|0.000000,4.901568|5.000000|1.000000,5,1.412030,N/A,5
MOGP_NSGAII,c124ff3c-e970-11f0-a117-6e001b3eef54,Cooling,74,23,9.357310|3.000000|0.000000,6.575704097747803,3.0,9.904694|3.000000|0.000000,4.901568|5.000000|1.000000,5,1.412030,N/A,5
MOGP_NSGAII,c124ff3c-e970-11f0-a117-6e001b3eef54,Cooling,74,24,9.357310|3.000000|0.000000,6.689736843109131,3.0,9.904694|3.000000|0.000000,4.901568|5.000000|1.000000,5,1.412030,N/A,5
MOGP_NSGAII,c124ff3c-e970-11f0-a117-6e001b3eef54,Cooling,74,25,9.357310|3.000000|0.000000,6.805865287780762,3.0,9.904694|3.000000|0.000000,4.901568|5.000000|1.000000,5,1.412030,N/A,5
MOGP_NSGAII,c124ff3c-e970-11f0-a117-6e001b3eef54,Cooling,74,26,9.357310|3.000000|0.000000,6.727453947067261,3.0,9.904694|3.000000|0.000000,4.901568|5.000000|1.000000,5,1.445691,N/A,5
MOGP_NSGAII,c124ff3c-e970-11f0-a117-6e001b3eef54,Cooling,74,27,9.357310|3.000000|0.000000,6.570317029953003,3.0,9.904694|3.000000|0.000000,4.901568|5.000000|1.000000,5,1.478184,N/A,5
MOGP_NSGAII,c124ff3c-e970-11f0-a117-6e001b3eef54,Cooling,74,28,9.357310|3.000000|0.000000,6.71919322013855,3.0,9.904694|3.000000|0.000000,4.901568|5.000000|1.000000,5,1.583732,N/A,5
MOGP_NSGAII,c124ff3c-e970-11f0-a117-6e001b3eef54,Cooling,74,29,9.357310|3.000000|0.000000,6.476885080337524,3.0,9.904694|3.000000|0.000000,4.901568|5.000000|1.000000,5,1.639009,N/A,5
MOGP_NSGAII,c124ff3c-e970-11f0-a117-6e001b3eef54,Cooling,74,30,9.357310|3.000000|0.000000,6.472018003463745,3.0,9.904694|3.000000|0.000000,4.901568|5.000000|1.000000,5,1.639009,N/A,5
MOGP_NSGAII,c124ff3c-e970-11f0-a117-6e001b3eef54,Cooling,74,31,9.357310|3.000000|0.000000,6.135071039199829,3.0,9.904694|3.000000|0.000000,4.901568|5.000000|1.000000,5,1.665425,N/A,5
MOGP_NSGAII,c124ff3c-e970-11f0-a117-6e001b3eef54,Cooling,74,32,9.357310|3.000000|0.000000,6.360738039016724,3.0,9.904694|3.000000|0.000000,4.901568|5.000000|1.000000,5,1.691078,N/A,5
MOGP_NSGAII,c124ff3c-e970-11f0-a117-6e001b3eef54,Cooling,74,33,9.357310|3.000000|0.000000,6.366605997085571,3.0,9.904694|3.000000|0.000000,4.901568|5.000000|1.000000,5,1.740227,N/A,5
MOGP_NSGAII,c124ff3c-e970-11f0-a117-6e001b3eef54,Cooling,74,34,9.357310|3.000000|0.000000,6.253418445587158,3.0,9.904694|3.000000|0.000000,4.901568|5.000000|1.000000,5,1.763783,N/A,5
MOGP_NSGAII,c124ff3c-e970-11f0-a117-6e001b3eef54,Cooling,74,35,9.357310|3.000000|0.000000,6.3295440673828125,3.0,9.904694|3.000000|0.000000,4.901568|5.000000|1.000000,5,1.763783,N/A,5
MOGP_NSGAII,c124ff3c-e970-11f0-a117-6e001b3eef54,Cooling,74,36,9.357310|3.000000|0.000000,6.347333192825317,3.0,9.904694|3.000000|0.000000,4.901568|5.000000|1.000000,5,1.786697,N/A,5
MOGP_NSGAII,c124ff3c-e970-11f0-a117-6e001b3eef54,Cooling,74,37,9.357310|3.000000|0.000000,6.179766893386841,3.0,9.904694|3.000000|0.000000,4.901568|5.000000|1.000000,5,1.808993,N/A,5
MOGP_NSGAII,c124ff3c-e970-11f0-a117-6e001b3eef54,Cooling,74,38,9.357310|3.000000|0.000000,6.11270809173584,3.0,9.904694|3.000000|0.000000,4.901568|5.000000|1.000000,5,1.830692,N/A,5
MOGP_NSGAII,c124ff3c-e970-11f0-a117-6e001b3eef54,Cooling,74,39,9.357310|3.000000|0.000000,6.406064033508301,3.0,9.904694|3.000000|0.000000,4.901568|5.000000|1.000000,5,1.851817,N/A,5
MOGP_NSGAII,c124ff3c-e970-11f0-a117-6e001b3eef54,Cooling,74,40,9.357310|3.000000|0.000000,6.179333925247192,3.0,9.904694|3.000000|0.000000,4.901568|5.000000|1.000000,5,1.911932,N/A,5
MOGP_NSGAII,c124ff3c-e970-11f0-a117-6e001b3eef54,Cooling,74,41,9.357310|3.000000|0.000000,6.02787184715271,3.0,9.904694|3.000000|0.000000,4.901568|5.000000|1.000000,5,1.949457,N/A,5
MOGP_NSGAII,c124ff3c-e970-11f0-a117-6e001b3eef54,Cooling,74,42,9.357310|3.000000|0.000000,5.868287801742554,3.0,9.904694|3.000000|0.000000,4.901568|5.000000|1.000000,5,2.050998,N/A,5
MOGP_NSGAII,c124ff3c-e970-11f0-a117-6e001b3eef54,Cooling,74,43,9.357310|3.000000|0.000000,5.9119977951049805,3.0,9.904694|3.000000|0.000000,4.901568|5.000000|1.000000,5,2.137771,N/A,5
MOGP_NSGAII,c124ff3c-e970-11f0-a117-6e001b3eef54,Cooling,74,44,9.357310|3.000000|0.000000,5.707767009735107,3.0,9.904694|3.000000|0.000000,4.901568|5.000000|1.000000,5,2.188295,N/A,5
MOGP_NSGAII,c124ff3c-e970-11f0-a117-6e001b3eef54,Cooling,74,45,9.357310|3.000000|0.000000,5.597647190093994,3.0,9.904694|3.000000|0.000000,4.901568|5.000000|1.000000,5,2.243911,N/A,5
MOGP_NSGAII,c124ff3c-e970-11f0-a117-6e001b3eef54,Cooling,74,46,9.357310|3.000000|0.000000,5.52994704246521,3.0,9.904694|3.000000|0.000000,4.901568|5.000000|1.000000,5,2.332187,N/A,5
MOGP_NSGAII,c124ff3c-e970-11f0-a117-6e001b3eef54,Cooling,74,47,9.357310|3.000000|0.000000,5.4748101234436035,3.0,9.904694|3.000000|0.000000,4.901568|5.000000|1.000000,5,2.374449,N/A,5
MOGP_NSGAII,c124ff3c-e970-11f0-a117-6e001b3eef54,Cooling,74,48,9.357310|3.000000|0.000000,5.278856992721558,3.0,9.904694|3.000000|0.000000,4.901568|5.000000|1.000000,5,2.424778,N/A,5
MOGP_NSGAII,c124ff3c-e970-11f0-a117-6e001b3eef54,Cooling,74,49,9.357310|3.000000|0.000000,5.1663103103637695,3.0,9.904694|3.000000|0.000000,4.901568|5.000000|1.000000,5,2.435127,N/A,5
MOGP_NSGAII,c124ff3c-e970-11f0-a117-6e001b3eef54,Cooling,74,50,9.357310|3.000000|0.000000,5.14168906211853,3.0,9.904694|3.000000|0.000000,4.901568|5.000000|1.000000,5,2.325060,N/A,5
MOGP_NSGAII,c124ff3c-e970-11f0-a117-6e001b3eef54,Cooling,74,51,9.357310|3.000000|0.000000,5.308641672134399,3.0,9.904694|3.000000|0.000000,4.901568|5.000000|1.000000,5,1.873446,N/A,5
MOGP_NSGAII,c124ff3c-e970-11f0-a117-6e001b3eef54,Cooling,74,52,9.357310|3.000000|0.000000,5.895577669143677,3.0,9.904694|3.000000|0.000000,4.901568|5.000000|1.000000,5,0.491205,N/A,5
MOGP_NSGAII,c124ff3c-e970-11f0-a117-6e001b3eef54,Cooling,74,53,9.357310|3.000000|0.000000,7.338905096054077,3.0,9.904694|3.000000|0.000000,4.901568|5.000000|1.000000,5,0.491205,N/A,5
MOGP_NSGAII,c124ff3c-e970-11f0-a117-6e001b3eef54,Cooling,74,54,9.357310|3.000000|0.000000,7.214384078979492,3.0,9.904694|3.000000|0.000000,4.901568|5.000000|1.000000,5,0.491205,N/A,5
MOGP_NSGAII,c124ff3c-e970-11f0-a117-6e001b3eef54,Cooling,74,55,9.357310|3.000000|0.000000,7.091960191726685,3.0,9.904694|3.000000|0.000000,4.901568|5.000000|1.000000,5,0.491205,N/A,5
MOGP_NSGAII,c124ff3c-e970-11f0-a117-6e001b3eef54,Cooling,74,56,9.357310|3.000000|0.000000,7.448278903961182,3.0,9.904694|3.000000|0.000000,4.901568|5.000000|1.000000,5,0.491205,N/A,5
MOGP_NSGAII,c124ff3c-e970-11f0-a117-6e001b3eef54,Cooling,74,57,9.357310|3.000000|0.000000,7.3646559715271,3.0,9.904694|3.000000|0.000000,4.901568|5.000000|1.000000,5,0.491205,N/A,5
MOGP_NSGAII,c124ff3c-e970-11f0-a117-6e001b3eef54,Cooling,74,58,9.357310|3.000000|0.000000,7.452296018600464,3.0,9.904694|3.000000|0.000000,4.901568|5.000000|1.000000,5,0.491205,N/A,5
MOGP_NSGAII,c124ff3c-e970-11f0-a117-6e001b3eef54,Cooling,74,59,9.357310|3.000000|0.000000,7.232327222824097,3.0,9.904694|3.000000|0.000000,4.901568|5.000000|1.000000,5,0.491205,N/A,5
MOGP_NSGAII,c124ff3c-e970-11f0-a117-6e001b3eef54,Cooling,74,60,9.357310|3.000000|0.000000,7.394697904586792,3.0,9.904694|3.000000|0.000000,4.901568|5.000000|1.000000,5,0.491205,N/A,5
MOGP_NSGAII,c124ff3c-e970-11f0-a117-6e001b3eef54,Cooling,74,61,9.357310|3.000000|0.000000,7.224931240081787,3.0,9.904694|3.000000|0.000000,4.901568|5.000000|1.000000,5,0.491205,N/A,5
MOGP_NSGAII,c124ff3c-e970-11f0-a117-6e001b3eef54,Cooling,74,62,9.357310|3.000000|0.000000,7.503016948699951,3.0,9.904694|3.000000|0.000000,4.901568|5.000000|1.000000,5,0.491205,N/A,5
MOGP_NSGAII,c124ff3c-e970-11f0-a117-6e001b3eef54,Cooling,74,63,9.357310|3.000000|0.000000,7.361885070800781,3.0,9.904694|3.000000|0.000000,4.901568|5.000000|1.000000,5,0.491205,N/A,5
MOGP_NSGAII,c124ff3c-e970-11f0-a117-6e001b3eef54,Cooling,74,64,9.357310|3.000000|0.000000,7.414178133010864,3.0,9.904694|3.000000|0.000000,4.901568|5.000000|1.000000,5,0.491205,N/A,5
MOGP_NSGAII,c124ff3c-e970-11f0-a117-6e001b3eef54,Cooling,74,65,9.357310|3.000000|0.000000,7.391315937042236,3.0,9.904694|3.000000|0.000000,4.901568|5.000000|1.000000,5,0.491205,N/A,5
MOGP_NSGAII,c124ff3c-e970-11f0-a117-6e001b3eef54,Cooling,74,66,9.357310|3.000000|0.000000,7.482099294662476,3.0,9.904694|3.000000|0.000000,4.901568|5.000000|1.000000,5,0.491205,N/A,5
MOGP_NSGAII,c124ff3c-e970-11f0-a117-6e001b3eef54,Cooling,74,67,9.357310|3.000000|0.000000,7.2042810916900635,3.0,9.904694|3.000000|0.000000,4.901568|5.000000|1.000000,5,0.491205,N/A,5
MOGP_NSGAII,c124ff3c-e970-11f0-a117-6e001b3eef54,Cooling,74,68,9.357310|3.000000|0.000000,7.4437830448150635,3.0,9.904694|3.000000|0.000000,4.901568|5.000000|1.000000,5,0.491205,N/A,5
MOGP_NSGAII,c124ff3c-e970-11f0-a117-6e001b3eef54,Cooling,74,69,9.357310|3.000000|0.000000,7.383213996887207,3.0,9.904694|3.000000|0.000000,4.901568|5.000000|1.000000,5,0.491205,N/A,5
MOGP_NSGAII,c124ff3c-e970-11f0-a117-6e001b3eef54,Cooling,74,70,9.357310|3.000000|0.000000,7.29470682144165,3.0,9.904694|3.000000|0.000000,4.901568|5.000000|1.000000,5,0.491205,N/A,5
MOGP_NSGAII,c124ff3c-e970-11f0-a117-6e001b3eef54,Cooling,74,71,9.357310|3.000000|0.000000,7.533279895782471,3.0,9.904694|3.000000|0.000000,4.901568|5.000000|1.000000,5,0.491205,N/A,5
MOGP_NSGAII,c124ff3c-e970-11f0-a117-6e001b3eef54,Cooling,74,72,9.357310|3.000000|0.000000,7.595340967178345,3.0,9.904694|3.000000|0.000000,4.901568|5.000000|1.000000,5,0.491205,N/A,5
MOGP_NSGAII,c124ff3c-e970-11f0-a117-6e001b3eef54,Cooling,74,73,9.357310|3.000000|0.000000,7.369638919830322,3.0,9.904694|3.000000|0.000000,4.901568|5.000000|1.000000,5,0.491205,N/A,5
MOGP_NSGAII,c124ff3c-e970-11f0-a117-6e001b3eef54,Cooling,74,74,9.357310|3.000000|0.000000,7.460871934890747,3.0,9.904694|3.000000|0.000000,4.901568|5.000000|1.000000,5,0.491205,N/A,5
MOGP_NSGAII,c124ff3c-e970-11f0-a117-6e001b3eef54,Cooling,74,75,9.357310|3.000000|0.000000,7.2343220710754395,3.0,9.904694|3.000000|0.000000,4.901568|5.000000|1.000000,5,0.491205,N/A,5
MOGP_NSGAII,c124ff3c-e970-11f0-a117-6e001b3eef54,Cooling,74,76,9.357310|3.000000|0.000000,7.13513708114624,3.0,9.904694|3.000000|0.000000,4.901568|5.000000|1.000000,5,0.491205,N/A,5
MOGP_NSGAII,c124ff3c-e970-11f0-a117-6e001b3eef54,Cooling,74,77,9.357310|3.000000|0.000000,7.432849884033203,3.0,9.904694|3.000000|0.000000,4.901568|5.000000|1.000000,5,0.491205,N/A,5
MOGP_NSGAII,c124ff3c-e970-11f0-a117-6e001b3eef54,Cooling,74,78,9.357310|3.000000|0.000000,7.507928133010864,3.0,9.904694|3.000000|0.000000,4.901568|5.000000|1.000000,5,0.491205,N/A,5
MOGP_NSGAII,c124ff3c-e970-11f0-a117-6e001b3eef54,Cooling,74,79,9.357310|3.000000|0.000000,7.157868146896362,3.0,9.904694|3.000000|0.000000,4.901568|5.000000|1.000000,5,0.491205,N/A,5
MOGP_NSGAII,c124ff3c-e970-11f0-a117-6e001b3eef54,Cooling,74,80,9.357310|3.000000|0.000000,7.54269003868103,3.0,9.904694|3.000000|0.000000,4.901568|5.000000|1.000000,5,0.491205,N/A,5
MOGP_NSGAII,c124ff3c-e970-11f0-a117-6e001b3eef54,Cooling,74,81,9.357310|3.000000|0.000000,7.415327072143555,3.0,9.904694|3.000000|0.000000,4.901568|5.000000|1.000000,5,0.491205,N/A,5
MOGP_NSGAII,c124ff3c-e970-11f0-a117-6e001b3eef54,Cooling,74,82,9.357310|3.000000|0.000000,7.398535966873169,3.0,9.904694|3.000000|0.000000,4.901568|5.000000|1.000000,5,0.491205,N/A,5
MOGP_NSGAII,c124ff3c-e970-11f0-a117-6e001b3eef54,Cooling,74,83,9.357310|3.000000|0.000000,7.0671210289001465,3.0,9.904694|3.000000|0.000000,4.901568|5.000000|1.000000,5,0.491205,N/A,5
MOGP_NSGAII,c124ff3c-e970-11f0-a117-6e001b3eef54,Cooling,74,84,9.357310|3.000000|0.000000,6.871614933013916,3.0,9.904694|3.000000|0.000000,4.901568|5.000000|1.000000,5,0.491205,N/A,5
MOGP_NSGAII,c124ff3c-e970-11f0-a117-6e001b3eef54,Cooling,74,85,9.357310|3.000000|0.000000,7.228460073471069,3.0,9.904694|3.000000|0.000000,4.901568|5.000000|1.000000,5,0.491205,N/A,5
MOGP_NSGAII,c124ff3c-e970-11f0-a117-6e001b3eef54,Cooling,74,86,9.357310|3.000000|0.000000,7.422667026519775,3.0,9.904694|3.000000|0.000000,4.901568|5.000000|1.000000,5,0.491205,N/A,5
MOGP_NSGAII,c124ff3c-e970-11f0-a117-6e001b3eef54,Cooling,74,87,9.357310|3.000000|0.000000,7.343427896499634,3.0,9.904694|3.000000|0.000000,4.901568|5.000000|1.000000,5,0.491205,N/A,5
MOGP_NSGAII,c124ff3c-e970-11f0-a117-6e001b3eef54,Cooling,74,88,9.357310|3.000000|0.000000,7.142837047576904,3.0,9.904694|3.000000|0.000000,4.901568|5.000000|1.000000,5,0.491205,N/A,5
MOGP_NSGAII,c124ff3c-e970-11f0-a117-6e001b3eef54,Cooling,74,89,9.357310|3.000000|0.000000,7.211291313171387,3.0,9.904694|3.000000|0.000000,4.901568|5.000000|1.000000,5,0.491205,N/A,5
MOGP_NSGAII,c124ff3c-e970-11f0-a117-6e001b3eef54,Cooling,74,90,9.357310|3.000000|0.000000,7.311295032501221,3.0,9.904694|3.000000|0.000000,4.901568|5.000000|1.000000,5,0.491205,N/A,5
MOGP_NSGAII,c124ff3c-e970-11f0-a117-6e001b3eef54,Cooling,74,91,9.357310|3.000000|0.000000,7.290950775146484,3.0,9.904694|3.000000|0.000000,4.901568|5.000000|1.000000,5,0.491205,N/A,5
MOGP_NSGAII,c124ff3c-e970-11f0-a117-6e001b3eef54,Cooling,74,92,9.357310|3.000000|0.000000,6.93739914894104,3.0,9.904694|3.000000|0.000000,4.901568|5.000000|1.000000,5,0.491205,N/A,5
MOGP_NSGAII,c124ff3c-e970-11f0-a117-6e001b3eef54,Cooling,74,93,9.357310|3.000000|0.000000,7.098555088043213,3.0,9.904694|3.000000|0.000000,4.901568|5.000000|1.000000,5,0.491205,N/A,5
MOGP_NSGAII,c124ff3c-e970-11f0-a117-6e001b3eef54,Cooling,74,94,9.357310|3.000000|0.000000,6.9992640018463135,3.0,9.904694|3.000000|0.000000,4.901568|5.000000|1.000000,5,0.491205,N/A,5
MOGP_NSGAII,c124ff3c-e970-11f0-a117-6e001b3eef54,Cooling,74,95,9.357310|3.000000|0.000000,7.145272731781006,3.0,9.904694|3.000000|0.000000,4.901568|5.000000|1.000000,5,0.491205,N/A,5
MOGP_NSGAII,c124ff3c-e970-11f0-a117-6e001b3eef54,Cooling,74,96,9.357310|3.000000|0.000000,7.111629962921143,3.0,9.904694|3.000000|0.000000,4.901568|5.000000|1.000000,5,0.491205,N/A,5
MOGP_NSGAII,c124ff3c-e970-11f0-a117-6e001b3eef54,Cooling,74,97,9.357310|3.000000|0.000000,6.865671157836914,3.0,9.904694|3.000000|0.000000,4.901568|5.000000|1.000000,5,0.491205,N/A,5
MOGP_NSGAII,c124ff3c-e970-11f0-a117-6e001b3eef54,Cooling,74,98,9.357310|3.000000|0.000000,7.14644718170166,3.0,9.904694|3.000000|0.000000,4.901568|5.000000|1.000000,5,0.491205,N/A,5
MOGP_NSGAII,c124ff3c-e970-11f0-a117-6e001b3eef54,Cooling,74,99,9.357310|3.000000|0.000000,6.81644082069397,3.0,9.904694|3.000000|0.000000,4.612601|7.000000|3.000000,7,0.551627,N/A,5
MOGP_NSGAII,c124ff3c-e970-11f0-a117-6e001b3eef54,Cooling,74,100,9.357310|3.000000|0.000000,7.010461330413818,3.0,9.904694|3.000000|0.000000,4.612601|7.000000|3.000000,7,0.551627,N/A,5
MOGP_NSGAII,c124ff3c-e970-11f0-a117-6e001b3eef54,Cooling,74,101,9.357310|3.000000|0.000000,6.752883195877075,3.0,9.904694|3.000000|0.000000,4.612601|7.000000|3.000000,7,0.551627,N/A,5
MOGP_NSGAII,c124ff3c-e970-11f0-a117-6e001b3eef54,Cooling,74,102,9.357310|3.000000|0.000000,7.043345928192139,3.0,9.904694|3.000000|0.000000,4.612601|7.000000|3.000000,7,0.551627,N/A,5
MOGP_NSGAII,c124ff3c-e970-11f0-a117-6e001b3eef54,Cooling,74,103,9.357310|3.000000|0.000000,7.203236103057861,3.0,9.904694|3.000000|0.000000,4.612601|7.000000|3.000000,7,0.551627,N/A,5
MOGP_NSGAII,c124ff3c-e970-11f0-a117-6e001b3eef54,Cooling,74,104,9.357310|3.000000|0.000000,6.9568681716918945,3.0,9.904694|3.000000|0.000000,4.612601|7.000000|3.000000,7,0.551627,N/A,5
MOGP_NSGAII,c124ff3c-e970-11f0-a117-6e001b3eef54,Cooling,74,105,9.357310|3.000000|0.000000,7.094527006149292,3.0,9.904694|3.000000|0.000000,4.612601|7.000000|3.000000,7,0.551627,N/A,5
MOGP_NSGAII,c124ff3c-e970-11f0-a117-6e001b3eef54,Cooling,74,106,9.357310|3.000000|0.000000,6.874062776565552,3.0,9.904694|3.000000|0.000000,4.612601|7.000000|3.000000,7,0.551627,N/A,5
MOGP_NSGAII,c124ff3c-e970-11f0-a117-6e001b3eef54,Cooling,74,107,9.357310|3.000000|0.000000,7.065878868103027,3.0,9.904694|3.000000|0.000000,4.612601|7.000000|3.000000,7,0.551627,N/A,5
MOGP_NSGAII,c124ff3c-e970-11f0-a117-6e001b3eef54,Cooling,74,108,9.357310|3.000000|0.000000,7.016294956207275,3.0,9.904694|3.000000|0.000000,4.612601|7.000000|3.000000,7,0.551627,N/A,5
MOGP_NSGAII,c124ff3c-e970-11f0-a117-6e001b3eef54,Cooling,74,109,9.357310|3.000000|0.000000,7.043426036834717,3.0,9.904694|3.000000|0.000000,4.612601|7.000000|3.000000,7,0.551627,N/A,5
MOGP_NSGAII,c124ff3c-e970-11f0-a117-6e001b3eef54,Cooling,74,110,9.357310|3.000000|0.000000,7.153396129608154,3.0,9.904694|3.000000|0.000000,4.612601|7.000000|3.000000,7,0.551627,N/A,5
MOGP_NSGAII,c124ff3c-e970-11f0-a117-6e001b3eef54,Cooling,74,111,9.357310|3.000000|0.000000,7.221488952636719,3.0,9.904694|3.000000|0.000000,4.612601|7.000000|3.000000,7,0.551627,N/A,5
MOGP_NSGAII,c124ff3c-e970-11f0-a117-6e001b3eef54,Cooling,74,112,9.357310|3.000000|0.000000,6.6443212032318115,3.0,9.904694|3.000000|0.000000,4.612601|7.000000|3.000000,7,0.551627,N/A,5
MOGP_NSGAII,c124ff3c-e970-11f0-a117-6e001b3eef54,Cooling,74,113,9.357310|3.000000|0.000000,7.327888250350952,3.0,9.904694|3.000000|0.000000,4.612601|7.000000|3.000000,7,0.551627,N/A,5
MOGP_NSGAII,c124ff3c-e970-11f0-a117-6e001b3eef54,Cooling,74,114,9.357310|3.000000|0.000000,8.87397289276123,3.0,9.904694|3.000000|0.000000,4.612601|7.000000|3.000000,7,0.551627,N/A,5
MOGP_NSGAII,c124ff3c-e970-11f0-a117-6e001b3eef54,Cooling,74,115,9.357310|3.000000|0.000000,7.237049102783203,3.0,9.904694|3.000000|0.000000,4.612601|7.000000|3.000000,7,0.551627,N/A,5
MOGP_NSGAII,c124ff3c-e970-11f0-a117-6e001b3eef54,Cooling,74,116,9.357310|3.000000|0.000000,6.801293134689331,3.0,9.904694|3.000000|0.000000,4.612601|7.000000|3.000000,7,0.551627,N/A,5
MOGP_NSGAII,c124ff3c-e970-11f0-a117-6e001b3eef54,Cooling,74,117,9.357310|3.000000|0.000000,7.132091045379639,3.0,9.904694|3.000000|0.000000,4.612601|7.000000|3.000000,7,0.551627,N/A,5
MOGP_NSGAII,c124ff3c-e970-11f0-a117-6e001b3eef54,Cooling,74,118,9.357310|3.000000|0.000000,7.098465919494629,3.0,9.904694|3.000000|0.000000,4.612601|7.000000|3.000000,7,0.551627,N/A,5
MOGP_NSGAII,c124ff3c-e970-11f0-a117-6e001b3eef54,Cooling,74,119,9.357310|3.000000|0.000000,7.332993030548096,3.0,9.904694|3.000000|0.000000,4.612601|7.000000|3.000000,7,0.551627,N/A,5
MOGP_NSGAII,c124ff3c-e970-11f0-a117-6e001b3eef54,Cooling,74,120,9.357310|3.000000|0.000000,6.865370988845825,3.0,9.904694|3.000000|0.000000,4.612601|7.000000|3.000000,7,0.551627,N/A,5
MOGP_NSGAII,c124ff3c-e970-11f0-a117-6e001b3eef54,Cooling,74,121,9.357310|3.000000|0.000000,6.947058916091919,3.0,9.904694|3.000000|0.000000,4.612601|7.000000|3.000000,7,0.551627,N/A,5
MOGP_NSGAII,c124ff3c-e970-11f0-a117-6e001b3eef54,Cooling,74,122,9.357310|3.000000|0.000000,7.333781957626343,3.0,9.904694|3.000000|0.000000,4.612601|7.000000|3.000000,7,0.551627,N/A,5
MOGP_NSGAII,c124ff3c-e970-11f0-a117-6e001b3eef54,Cooling,74,123,9.357310|3.000000|0.000000,6.920843124389648,3.0,9.904694|3.000000|0.000000,4.612601|7.000000|3.000000,7,0.551627,N/A,5
MOGP_NSGAII,c124ff3c-e970-11f0-a117-6e001b3eef54,Cooling,74,124,9.357310|3.000000|0.000000,6.909026145935059,3.0,9.904694|3.000000|0.000000,4.612601|7.000000|3.000000,7,0.551627,N/A,5
MOGP_NSGAII,c124ff3c-e970-11f0-a117-6e001b3eef54,Cooling,74,125,9.357310|3.000000|0.000000,7.014956951141357,3.0,9.904694|3.000000|0.000000,4.612601|7.000000|3.000000,7,0.551627,N/A,5
MOGP_NSGAII,c124ff3c-e970-11f0-a117-6e001b3eef54,Cooling,74,126,9.357310|3.000000|0.000000,6.872304916381836,3.0,9.904694|3.000000|0.000000,4.612601|7.000000|3.000000,7,0.551627,N/A,5
MOGP_NSGAII,c124ff3c-e970-11f0-a117-6e001b3eef54,Cooling,74,127,9.357310|3.000000|0.000000,6.960637092590332,3.0,9.904694|3.000000|0.000000,4.612601|7.000000|3.000000,7,0.551627,N/A,5
MOGP_NSGAII,c124ff3c-e970-11f0-a117-6e001b3eef54,Cooling,74,128,9.357310|3.000000|0.000000,7.024270057678223,3.0,9.904694|3.000000|0.000000,4.612601|7.000000|3.000000,7,0.551627,N/A,5
MOGP_NSGAII,c124ff3c-e970-11f0-a117-6e001b3eef54,Cooling,74,129,9.357310|3.000000|0.000000,7.189083814620972,3.0,9.904694|3.000000|0.000000,4.612601|7.000000|3.000000,7,0.551627,N/A,5
MOGP_NSGAII,c124ff3c-e970-11f0-a117-6e001b3eef54,Cooling,74,130,9.357310|3.000000|0.000000,6.93545389175415,3.0,9.904694|3.000000|0.000000,4.612601|7.000000|3.000000,7,0.551627,N/A,5
MOGP_NSGAII,c124ff3c-e970-11f0-a117-6e001b3eef54,Cooling,74,131,9.357310|3.000000|0.000000,6.872577905654907,3.0,9.904694|3.000000|0.000000,4.612601|7.000000|3.000000,7,0.551627,N/A,5
MOGP_NSGAII,c124ff3c-e970-11f0-a117-6e001b3eef54,Cooling,74,132,9.357310|3.000000|0.000000,7.1243577003479,3.0,9.904694|3.000000|0.000000,4.612601|7.000000|3.000000,7,0.551627,N/A,5
MOGP_NSGAII,c124ff3c-e970-11f0-a117-6e001b3eef54,Cooling,74,133,9.357310|3.000000|0.000000,7.182868003845215,3.0,9.904694|3.000000|0.000000,4.612601|7.000000|3.000000,7,0.551627,N/A,5
MOGP_NSGAII,c124ff3c-e970-11f0-a117-6e001b3eef54,Cooling,74,134,9.357310|3.000000|0.000000,6.862529993057251,3.0,9.904694|3.000000|0.000000,4.612601|7.000000|3.000000,7,0.551627,N/A,5
MOGP_NSGAII,c124ff3c-e970-11f0-a117-6e001b3eef54,Cooling,74,135,9.357310|3.000000|0.000000,7.107879161834717,3.0,9.904694|3.000000|0.000000,4.612601|7.000000|3.000000,7,0.551627,N/A,5
MOGP_NSGAII,c124ff3c-e970-11f0-a117-6e001b3eef54,Cooling,74,136,9.357310|3.000000|0.000000,7.0751330852508545,3.0,9.904694|3.000000|0.000000,4.612601|7.000000|3.000000,7,0.551627,N/A,5
MOGP_NSGAII,c124ff3c-e970-11f0-a117-6e001b3eef54,Cooling,74,137,9.357310|3.000000|0.000000,7.076253175735474,3.0,9.904694|3.000000|0.000000,4.612601|7.000000|3.000000,7,0.551627,N/A,5
MOGP_NSGAII,c124ff3c-e970-11f0-a117-6e001b3eef54,Cooling,74,138,9.357310|3.000000|0.000000,6.932335138320923,3.0,9.904694|3.000000|0.000000,4.612601|7.000000|3.000000,7,0.551627,N/A,5
MOGP_NSGAII,c124ff3c-e970-11f0-a117-6e001b3eef54,Cooling,74,139,9.357310|3.000000|0.000000,6.897536754608154,3.0,9.904694|3.000000|0.000000,4.612601|7.000000|3.000000,7,0.551627,N/A,5
MOGP_NSGAII,c124ff3c-e970-11f0-a117-6e001b3eef54,Cooling,74,140,9.357310|3.000000|0.000000,7.109534978866577,3.0,9.904694|3.000000|0.000000,4.612601|7.000000|3.000000,7,0.551627,N/A,5
MOGP_NSGAII,c124ff3c-e970-11f0-a117-6e001b3eef54,Cooling,74,141,9.357310|3.000000|0.000000,7.171616077423096,3.0,9.904694|3.000000|0.000000,4.612601|7.000000|3.000000,7,0.551627,N/A,5
MOGP_NSGAII,c124ff3c-e970-11f0-a117-6e001b3eef54,Cooling,74,142,9.357310|3.000000|0.000000,6.8851189613342285,3.0,9.904694|3.000000|0.000000,4.612601|7.000000|3.000000,7,0.551627,N/A,5
MOGP_NSGAII,c124ff3c-e970-11f0-a117-6e001b3eef54,Cooling,74,143,9.357310|3.000000|0.000000,7.079081058502197,3.0,9.904694|3.000000|0.000000,4.612601|7.000000|3.000000,7,0.551627,N/A,5
MOGP_NSGAII,c124ff3c-e970-11f0-a117-6e001b3eef54,Cooling,74,144,9.357310|3.000000|0.000000,6.979121923446655,3.0,9.904694|3.000000|0.000000,4.612601|7.000000|3.000000,7,0.551627,N/A,5
MOGP_NSGAII,c124ff3c-e970-11f0-a117-6e001b3eef54,Cooling,74,145,9.357310|3.000000|0.000000,7.012747049331665,3.0,9.904694|3.000000|0.000000,4.612601|7.000000|3.000000,7,0.551627,N/A,5
MOGP_NSGAII,c124ff3c-e970-11f0-a117-6e001b3eef54,Cooling,74,146,9.357310|3.000000|0.000000,6.7560131549835205,3.0,9.904694|3.000000|0.000000,4.612601|7.000000|3.000000,7,0.605789,N/A,5
MOGP_NSGAII,c124ff3c-e970-11f0-a117-6e001b3eef54,Cooling,74,147,9.357310|3.000000|0.000000,7.046637058258057,3.0,9.904694|3.000000|0.000000,4.612601|7.000000|3.000000,7,0.605789,N/A,5
MOGP_NSGAII,c124ff3c-e970-11f0-a117-6e001b3eef54,Cooling,74,148,9.357310|3.000000|0.000000,7.137534856796265,3.0,9.904694|3.000000|0.000000,4.612601|7.000000|3.000000,7,0.605789,N/A,5
MOGP_NSGAII,c124ff3c-e970-11f0-a117-6e001b3eef54,Cooling,74,149,9.357310|3.000000|0.000000,6.626534938812256,3.0,9.904694|3.000000|0.000000,4.612601|7.000000|3.000000,7,0.605789,N/A,5
MOGP_NSGAII,c124ff3c-e970-11f0-a117-6e001b3eef54,Cooling,74,150,9.357310|3.000000|0.000000,6.887844085693359,3.0,9.904694|3.000000|0.000000,4.612601|7.000000|3.000000,7,0.605789,N/A,5
MOGP_NSGAII,c124ff3c-e970-11f0-a117-6e001b3eef54,Cooling,74,151,9.357310|3.000000|0.000000,6.989248991012573,3.0,9.904694|3.000000|0.000000,4.612601|7.000000|3.000000,7,0.605789,N/A,5
MOGP_NSGAII,c124ff3c-e970-11f0-a117-6e001b3eef54,Cooling,74,152,9.357310|3.000000|0.000000,6.969740152359009,3.0,9.904694|3.000000|0.000000,4.612601|7.000000|3.000000,7,0.605789,N/A,5
MOGP_NSGAII,c124ff3c-e970-11f0-a117-6e001b3eef54,Cooling,74,153,9.357310|3.000000|0.000000,6.818786144256592,3.0,9.904694|3.000000|0.000000,4.612601|7.000000|3.000000,7,0.605789,N/A,5
MOGP_NSGAII,c124ff3c-e970-11f0-a117-6e001b3eef54,Cooling,74,154,9.357310|3.000000|0.000000,7.024996280670166,3.0,9.904694|3.000000|0.000000,4.612601|7.000000|3.000000,7,0.605789,N/A,5
MOGP_NSGAII,c124ff3c-e970-11f0-a117-6e001b3eef54,Cooling,74,155,9.357310|3.000000|0.000000,6.8588340282440186,3.0,9.904694|3.000000|0.000000,4.612601|7.000000|3.000000,7,0.605789,N/A,5
MOGP_NSGAII,c124ff3c-e970-11f0-a117-6e001b3eef54,Cooling,74,156,9.357310|3.000000|0.000000,7.026591062545776,3.0,9.904694|3.000000|0.000000,4.612601|7.000000|3.000000,7,0.605789,N/A,5
MOGP_NSGAII,c124ff3c-e970-11f0-a117-6e001b3eef54,Cooling,74,157,9.357310|3.000000|0.000000,6.83613395690918,3.0,9.904694|3.000000|0.000000,4.612601|7.000000|3.000000,7,0.605789,N/A,5
MOGP_NSGAII,c124ff3c-e970-11f0-a117-6e001b3eef54,Cooling,74,158,9.357310|3.000000|0.000000,7.015361070632935,3.0,9.904694|3.000000|0.000000,4.612601|7.000000|3.000000,7,0.605789,N/A,5
MOGP_NSGAII,c124ff3c-e970-11f0-a117-6e001b3eef54,Cooling,74,159,9.357310|3.000000|0.000000,7.173099040985107,3.0,9.904694|3.000000|0.000000,4.612601|7.000000|3.000000,7,0.605789,N/A,5
MOGP_NSGAII,c124ff3c-e970-11f0-a117-6e001b3eef54,Cooling,74,160,9.357310|3.000000|0.000000,6.88201904296875,3.0,9.904694|3.000000|0.000000,4.612601|7.000000|3.000000,7,0.605789,N/A,5
MOGP_NSGAII,c124ff3c-e970-11f0-a117-6e001b3eef54,Cooling,74,161,9.357310|3.000000|0.000000,6.816277027130127,3.0,9.904694|3.000000|0.000000,4.612601|7.000000|3.000000,7,0.605789,N/A,5
MOGP_NSGAII,c124ff3c-e970-11f0-a117-6e001b3eef54,Cooling,74,162,9.357310|3.000000|0.000000,7.357320308685303,3.0,9.904694|3.000000|0.000000,4.612601|7.000000|3.000000,7,0.605789,N/A,5
MOGP_NSGAII,c124ff3c-e970-11f0-a117-6e001b3eef54,Cooling,74,163,9.357310|3.000000|0.000000,7.030225992202759,3.0,9.904694|3.000000|0.000000,4.612601|7.000000|3.000000,7,0.605789,N/A,5
MOGP_NSGAII,c124ff3c-e970-11f0-a117-6e001b3eef54,Cooling,74,164,9.357310|3.000000|0.000000,7.1076250076293945,3.0,9.904694|3.000000|0.000000,4.612601|7.000000|3.000000,7,0.605789,N/A,5
MOGP_NSGAII,c124ff3c-e970-11f0-a117-6e001b3eef54,Cooling,74,165,9.357310|3.000000|0.000000,7.179112911224365,3.0,9.904694|3.000000|0.000000,4.612601|7.000000|3.000000,7,0.605789,N/A,5
MOGP_NSGAII,c124ff3c-e970-11f0-a117-6e001b3eef54,Cooling,74,166,9.357310|3.000000|0.000000,6.9442338943481445,3.0,9.904694|3.000000|0.000000,4.612601|7.000000|3.000000,7,0.605789,N/A,5
MOGP_NSGAII,c124ff3c-e970-11f0-a117-6e001b3eef54,Cooling,74,167,9.357310|3.000000|0.000000,6.738181829452515,3.0,9.904694|3.000000|0.000000,4.612601|7.000000|3.000000,7,0.605789,N/A,5
MOGP_NSGAII,c124ff3c-e970-11f0-a117-6e001b3eef54,Cooling,74,168,9.357310|3.000000|0.000000,6.937016010284424,3.0,9.904694|3.000000|0.000000,4.612601|7.000000|3.000000,7,0.605789,N/A,5
MOGP_NSGAII,c124ff3c-e970-11f0-a117-6e001b3eef54,Cooling,74,169,9.357310|3.000000|0.000000,7.026181221008301,3.0,9.904694|3.000000|0.000000,4.612601|7.000000|3.000000,7,0.605789,N/A,5
MOGP_NSGAII,c124ff3c-e970-11f0-a117-6e001b3eef54,Cooling,74,170,9.357310|3.000000|0.000000,7.009575128555298,3.0,9.904694|3.000000|0.000000,4.612601|7.000000|3.000000,7,0.605789,N/A,5
MOGP_NSGAII,c124ff3c-e970-11f0-a117-6e001b3eef54,Cooling,74,171,9.357310|3.000000|0.000000,7.1182756423950195,3.0,9.904694|3.000000|0.000000,4.612601|7.000000|3.000000,7,0.605789,N/A,5
MOGP_NSGAII,c124ff3c-e970-11f0-a117-6e001b3eef54,Cooling,74,172,9.357310|3.000000|0.000000,6.830119848251343,3.0,9.904694|3.000000|0.000000,4.612601|7.000000|3.000000,7,0.605789,N/A,5
MOGP_NSGAII,c124ff3c-e970-11f0-a117-6e001b3eef54,Cooling,74,173,9.357310|3.000000|0.000000,6.826277256011963,3.0,9.904694|3.000000|0.000000,4.612601|7.000000|3.000000,7,0.605789,N/A,5
MOGP_NSGAII,c124ff3c-e970-11f0-a117-6e001b3eef54,Cooling,74,174,9.357310|3.000000|0.000000,7.2601470947265625,3.0,9.904694|3.000000|0.000000,4.612601|7.000000|3.000000,7,0.605789,N/A,5
MOGP_NSGAII,c124ff3c-e970-11f0-a117-6e001b3eef54,Cooling,74,175,9.357310|3.000000|0.000000,7.13565993309021,3.0,9.904694|3.000000|0.000000,4.612601|7.000000|3.000000,7,0.605789,N/A,5
MOGP_NSGAII,c124ff3c-e970-11f0-a117-6e001b3eef54,Cooling,74,176,9.357310|3.000000|0.000000,6.873037099838257,3.0,9.904694|3.000000|0.000000,4.612601|7.000000|3.000000,7,0.605789,N/A,5
MOGP_NSGAII,c124ff3c-e970-11f0-a117-6e001b3eef54,Cooling,74,177,9.357310|3.000000|0.000000,7.028290033340454,3.0,9.904694|3.000000|0.000000,4.612601|7.000000|3.000000,7,0.605789,N/A,5
MOGP_NSGAII,c124ff3c-e970-11f0-a117-6e001b3eef54,Cooling,74,178,9.357310|3.000000|0.000000,7.049201011657715,3.0,9.904694|3.000000|0.000000,4.612601|7.000000|3.000000,7,0.605789,N/A,5
MOGP_NSGAII,c124ff3c-e970-11f0-a117-6e001b3eef54,Cooling,74,179,9.357310|3.000000|0.000000,7.089470863342285,3.0,9.904694|3.000000|0.000000,4.612601|7.000000|3.000000,7,0.605789,N/A,5
MOGP_NSGAII,c124ff3c-e970-11f0-a117-6e001b3eef54,Cooling,74,180,9.357310|3.000000|0.000000,6.709378957748413,3.0,9.904694|3.000000|0.000000,4.612601|7.000000|3.000000,7,0.605789,N/A,5
MOGP_NSGAII,c124ff3c-e970-11f0-a117-6e001b3eef54,Cooling,74,181,9.357310|3.000000|0.000000,6.967474937438965,3.0,9.904694|3.000000|0.000000,4.612601|7.000000|3.000000,7,0.605789,N/A,5
MOGP_NSGAII,c124ff3c-e970-11f0-a117-6e001b3eef54,Cooling,74,182,9.357310|3.000000|0.000000,7.307920217514038,3.0,9.904694|3.000000|0.000000,4.612601|7.000000|3.000000,7,0.605789,N/A,5
MOGP_NSGAII,c124ff3c-e970-11f0-a117-6e001b3eef54,Cooling,74,183,9.357310|3.000000|0.000000,6.83562970161438,3.0,9.904694|3.000000|0.000000,4.612601|7.000000|3.000000,7,0.605789,N/A,5
MOGP_NSGAII,c124ff3c-e970-11f0-a117-6e001b3eef54,Cooling,74,184,9.357310|3.000000|0.000000,7.038217782974243,3.0,9.904694|3.000000|0.000000,4.612601|7.000000|3.000000,7,0.605789,N/A,5
MOGP_NSGAII,c124ff3c-e970-11f0-a117-6e001b3eef54,Cooling,74,185,9.357310|3.000000|0.000000,7.283707141876221,3.0,9.904694|3.000000|0.000000,4.612601|7.000000|3.000000,7,0.605789,N/A,5
MOGP_NSGAII,c124ff3c-e970-11f0-a117-6e001b3eef54,Cooling,74,186,9.357310|3.000000|0.000000,7.02715802192688,3.0,9.904694|3.000000|0.000000,4.612601|7.000000|3.000000,7,0.605789,N/A,5
MOGP_NSGAII,c124ff3c-e970-11f0-a117-6e001b3eef54,Cooling,74,187,9.357310|3.000000|0.000000,7.180191993713379,3.0,9.904694|3.000000|0.000000,4.612601|7.000000|3.000000,7,0.605789,N/A,5
MOGP_NSGAII,c124ff3c-e970-11f0-a117-6e001b3eef54,Cooling,74,188,9.357310|3.000000|0.000000,6.911334276199341,3.0,9.904694|3.000000|0.000000,4.612601|7.000000|3.000000,7,0.605789,N/A,5
MOGP_NSGAII,c124ff3c-e970-11f0-a117-6e001b3eef54,Cooling,74,189,9.357310|3.000000|0.000000,6.846616983413696,3.0,9.904694|3.000000|0.000000,4.612601|7.000000|3.000000,7,0.605789,N/A,5
MOGP_NSGAII,c124ff3c-e970-11f0-a117-6e001b3eef54,Cooling,74,190,9.357310|3.000000|0.000000,7.032005071640015,3.0,9.904694|3.000000|0.000000,4.612601|7.000000|3.000000,7,0.605789,N/A,5
MOGP_NSGAII,c124ff3c-e970-11f0-a117-6e001b3eef54,Cooling,74,191,9.357310|3.000000|0.000000,6.927566051483154,3.0,9.904694|3.000000|0.000000,4.612601|7.000000|3.000000,7,0.605789,N/A,5
MOGP_NSGAII,c124ff3c-e970-11f0-a117-6e001b3eef54,Cooling,74,192,9.357310|3.000000|0.000000,6.817484140396118,3.0,9.904694|3.000000|0.000000,4.612601|7.000000|3.000000,7,0.605789,N/A,5
MOGP_NSGAII,c124ff3c-e970-11f0-a117-6e001b3eef54,Cooling,74,193,9.357310|3.000000|0.000000,6.940941095352173,3.0,9.904694|3.000000|0.000000,4.612601|7.000000|3.000000,7,0.605789,N/A,5
MOGP_NSGAII,c124ff3c-e970-11f0-a117-6e001b3eef54,Cooling,74,194,9.357310|3.000000|0.000000,7.046229124069214,3.0,9.904694|3.000000|0.000000,4.612601|7.000000|3.000000,7,0.605789,N/A,5
MOGP_NSGAII,c124ff3c-e970-11f0-a117-6e001b3eef54,Cooling,74,195,9.357310|3.000000|0.000000,7.1672210693359375,3.0,9.904694|3.000000|0.000000,4.612601|7.000000|3.000000,7,0.605789,N/A,5
MOGP_NSGAII,c124ff3c-e970-11f0-a117-6e001b3eef54,Cooling,74,196,9.357310|3.000000|0.000000,6.931303977966309,3.0,9.904694|3.000000|0.000000,4.612601|7.000000|3.000000,7,0.605789,N/A,5
MOGP_NSGAII,c124ff3c-e970-11f0-a117-6e001b3eef54,Cooling,74,197,9.357310|3.000000|0.000000,6.9375159740448,3.0,9.904694|3.000000|0.000000,4.612601|7.000000|3.000000,7,0.605789,N/A,5
MOGP_NSGAII,c124ff3c-e970-11f0-a117-6e001b3eef54,Cooling,74,198,9.357310|3.000000|0.000000,7.1578569412231445,3.0,9.904694|3.000000|0.000000,4.612601|7.000000|3.000000,7,0.605789,N/A,5
MOGP_NSGAII,c124ff3c-e970-11f0-a117-6e001b3eef54,Cooling,74,199,9.357310|3.000000|0.000000,6.986104965209961,3.0,9.904694|3.000000|0.000000,4.612601|7.000000|3.000000,7,0.605789,N/A,5
MOGP_NSGAII,c124ff3c-e970-11f0-a117-6e001b3eef54,Cooling,74,200,9.357310|3.000000|0.000000,6.639825820922852,3.0,9.904694|3.000000|0.000000,4.612601|7.000000|3.000000,7,0.605789,N/A,5
MOGP_NSGAII,c124ff3c-e970-11f0-a117-6e001b3eef54,Cooling,74,201,9.357310|3.000000|0.000000,6.867741107940674,3.0,9.904694|3.000000|0.000000,4.612601|7.000000|3.000000,7,0.605789,N/A,5
MOGP_NSGAII,c124ff3c-e970-11f0-a117-6e001b3eef54,Cooling,74,202,9.357310|3.000000|0.000000,6.9169020652771,3.0,9.904694|3.000000|0.000000,4.612601|7.000000|3.000000,7,0.605789,N/A,5
MOGP_NSGAII,c124ff3c-e970-11f0-a117-6e001b3eef54,Cooling,74,203,9.357310|3.000000|0.000000,7.004335880279541,3.0,9.904694|3.000000|0.000000,4.612601|7.000000|3.000000,7,0.605789,N/A,5
MOGP_NSGAII,c124ff3c-e970-11f0-a117-6e001b3eef54,Cooling,74,204,9.357310|3.000000|0.000000,7.137178897857666,3.0,9.904694|3.000000|0.000000,4.612601|7.000000|3.000000,7,0.605789,N/A,5
MOGP_NSGAII,c124ff3c-e970-11f0-a117-6e001b3eef54,Cooling,74,205,9.357310|3.000000|0.000000,7.093006134033203,3.0,9.904694|3.000000|0.000000,4.612601|7.000000|3.000000,7,0.605789,N/A,5
MOGP_NSGAII,c124ff3c-e970-11f0-a117-6e001b3eef54,Cooling,74,206,9.357310|3.000000|0.000000,6.767514944076538,3.0,9.904694|3.000000|0.000000,4.612601|7.000000|3.000000,7,0.605789,N/A,5
MOGP_NSGAII,c124ff3c-e970-11f0-a117-6e001b3eef54,Cooling,74,207,9.357310|3.000000|0.000000,7.137685060501099,3.0,9.904694|3.000000|0.000000,4.612601|7.000000|3.000000,7,0.605789,N/A,5
MOGP_NSGAII,c124ff3c-e970-11f0-a117-6e001b3eef54,Cooling,74,208,9.357310|3.000000|0.000000,6.937685012817383,3.0,9.904694|3.000000|0.000000,4.612601|7.000000|3.000000,7,0.605789,N/A,5
MOGP_NSGAII,c124ff3c-e970-11f0-a117-6e001b3eef54,Cooling,74,209,9.357310|3.000000|0.000000,6.997614145278931,3.0,9.904694|3.000000|0.000000,4.612601|7.000000|3.000000,7,0.605789,N/A,5
MOGP_NSGAII,c124ff3c-e970-11f0-a117-6e001b3eef54,Cooling,74,210,9.357310|3.000000|0.000000,6.945167064666748,3.0,9.904694|3.000000|0.000000,4.612601|7.000000|3.000000,7,0.605789,N/A,5
MOGP_NSGAII,c124ff3c-e970-11f0-a117-6e001b3eef54,Cooling,74,211,9.357310|3.000000|0.000000,6.981661081314087,3.0,9.904694|3.000000|0.000000,4.612601|7.000000|3.000000,7,0.605789,N/A,5
MOGP_NSGAII,c124ff3c-e970-11f0-a117-6e001b3eef54,Cooling,74,212,9.357310|3.000000|0.000000,6.969987869262695,3.0,9.904694|3.000000|0.000000,4.612601|7.000000|3.000000,7,0.605789,N/A,5
MOGP_NSGAII,c124ff3c-e970-11f0-a117-6e001b3eef54,Cooling,74,213,9.357310|3.000000|0.000000,6.934470891952515,3.0,9.904694|3.000000|0.000000,4.612601|7.000000|3.000000,7,0.605789,N/A,5
MOGP_NSGAII,c124ff3c-e970-11f0-a117-6e001b3eef54,Cooling,74,214,9.357310|3.000000|0.000000,6.868939161300659,3.0,9.904694|3.000000|0.000000,4.612601|7.000000|3.000000,7,0.605789,N/A,5
MOGP_NSGAII,c124ff3c-e970-11f0-a117-6e001b3eef54,Cooling,74,215,9.357310|3.000000|0.000000,6.892583847045898,3.0,9.904694|3.000000|0.000000,4.612601|7.000000|3.000000,7,0.605789,N/A,5
MOGP_NSGAII,c124ff3c-e970-11f0-a117-6e001b3eef54,Cooling,74,216,9.357310|3.000000|0.000000,6.972228050231934,3.0,9.904694|3.000000|0.000000,4.612601|7.000000|3.000000,7,0.605789,N/A,5
MOGP_NSGAII,c124ff3c-e970-11f0-a117-6e001b3eef54,Cooling,74,217,9.357310|3.000000|0.000000,6.932327032089233,3.0,9.904694|3.000000|0.000000,4.612601|7.000000|3.000000,7,0.605789,N/A,5
MOGP_NSGAII,c124ff3c-e970-11f0-a117-6e001b3eef54,Cooling,74,218,9.357310|3.000000|0.000000,7.084465265274048,3.0,9.904694|3.000000|0.000000,4.612601|7.000000|3.000000,7,0.605789,N/A,5
MOGP_NSGAII,c124ff3c-e970-11f0-a117-6e001b3eef54,Cooling,74,219,9.357310|3.000000|0.000000,6.897789001464844,3.0,9.904694|3.000000|0.000000,4.612601|7.000000|3.000000,7,0.605789,N/A,5
MOGP_NSGAII,c124ff3c-e970-11f0-a117-6e001b3eef54,Cooling,74,220,9.357310|3.000000|0.000000,6.688340425491333,3.0,9.904694|3.000000|0.000000,4.612601|7.000000|3.000000,7,0.605789,N/A,5
MOGP_NSGAII,c124ff3c-e970-11f0-a117-6e001b3eef54,Cooling,74,221,9.357310|3.000000|0.000000,7.110502243041992,3.0,9.904694|3.000000|0.000000,4.612601|7.000000|3.000000,7,0.605789,N/A,5
MOGP_NSGAII,c124ff3c-e970-11f0-a117-6e001b3eef54,Cooling,74,222,9.357310|3.000000|0.000000,7.07682204246521,3.0,9.904694|3.000000|0.000000,4.612601|7.000000|3.000000,7,0.605789,N/A,5
MOGP_NSGAII,c124ff3c-e970-11f0-a117-6e001b3eef54,Cooling,74,223,9.357310|3.000000|0.000000,6.763996124267578,3.0,9.904694|3.000000|0.000000,4.612601|7.000000|3.000000,7,0.605789,N/A,5
MOGP_NSGAII,c124ff3c-e970-11f0-a117-6e001b3eef54,Cooling,74,224,9.357310|3.000000|0.000000,7.063863039016724,3.0,9.904694|3.000000|0.000000,4.612601|7.000000|3.000000,7,0.605789,N/A,5
MOGP_NSGAII,c124ff3c-e970-11f0-a117-6e001b3eef54,Cooling,74,225,9.357310|3.000000|0.000000,6.838880777359009,3.0,9.904694|3.000000|0.000000,4.612601|7.000000|3.000000,7,0.605789,N/A,5
MOGP_NSGAII,c124ff3c-e970-11f0-a117-6e001b3eef54,Cooling,74,226,9.357310|3.000000|0.000000,6.9216790199279785,3.0,9.904694|3.000000|0.000000,4.612601|7.000000|3.000000,7,0.605789,N/A,5
MOGP_NSGAII,c124ff3c-e970-11f0-a117-6e001b3eef54,Cooling,74,227,9.357310|3.000000|0.000000,6.977175951004028,3.0,9.904694|3.000000|0.000000,4.612601|7.000000|3.000000,7,0.605789,N/A,5
MOGP_NSGAII,c124ff3c-e970-11f0-a117-6e001b3eef54,Cooling,74,228,9.357310|3.000000|0.000000,7.03404688835144,3.0,9.904694|3.000000|0.000000,4.612601|7.000000|3.000000,7,0.605789,N/A,5
MOGP_NSGAII,c124ff3c-e970-11f0-a117-6e001b3eef54,Cooling,74,229,9.357310|3.000000|0.000000,6.879927158355713,3.0,9.904694|3.000000|0.000000,4.612601|7.000000|3.000000,7,0.605789,N/A,5
MOGP_NSGAII,c124ff3c-e970-11f0-a117-6e001b3eef54,Cooling,74,230,9.357310|3.000000|0.000000,6.997126817703247,3.0,9.904694|3.000000|0.000000,4.612601|7.000000|3.000000,7,0.605789,N/A,5
MOGP_NSGAII,c124ff3c-e970-11f0-a117-6e001b3eef54,Cooling,74,231,9.357310|3.000000|0.000000,7.01137900352478,3.0,9.904694|3.000000|0.000000,4.612601|7.000000|3.000000,7,0.605789,N/A,5
MOGP_NSGAII,c124ff3c-e970-11f0-a117-6e001b3eef54,Cooling,74,232,9.357310|3.000000|0.000000,7.407654047012329,3.0,9.904694|3.000000|0.000000,4.612601|7.000000|3.000000,7,0.605789,N/A,5
MOGP_NSGAII,c124ff3c-e970-11f0-a117-6e001b3eef54,Cooling,74,233,9.357310|3.000000|0.000000,6.920464038848877,3.0,9.904694|3.000000|0.000000,4.612601|7.000000|3.000000,7,0.605789,N/A,5
MOGP_NSGAII,c124ff3c-e970-11f0-a117-6e001b3eef54,Cooling,74,234,9.357310|3.000000|0.000000,6.731346130371094,3.0,9.904694|3.000000|0.000000,4.612601|7.000000|3.000000,7,0.605789,N/A,5
MOGP_NSGAII,c124ff3c-e970-11f0-a117-6e001b3eef54,Cooling,74,235,9.357310|3.000000|0.000000,7.054616928100586,3.0,9.904694|3.000000|0.000000,4.612601|7.000000|3.000000,7,0.605789,N/A,5
MOGP_NSGAII,c124ff3c-e970-11f0-a117-6e001b3eef54,Cooling,74,236,9.357310|3.000000|0.000000,6.717572927474976,3.0,9.904694|3.000000|0.000000,4.612601|7.000000|3.000000,7,0.605789,N/A,5
MOGP_NSGAII,c124ff3c-e970-11f0-a117-6e001b3eef54,Cooling,74,237,9.357310|3.000000|0.000000,7.299972772598267,3.0,9.904694|3.000000|0.000000,4.612601|7.000000|3.000000,7,0.605789,N/A,5
MOGP_NSGAII,c124ff3c-e970-11f0-a117-6e001b3eef54,Cooling,74,238,9.357310|3.000000|0.000000,6.833956956863403,3.0,9.904694|3.000000|0.000000,4.612601|7.000000|3.000000,7,0.605789,N/A,5
MOGP_NSGAII,c124ff3c-e970-11f0-a117-6e001b3eef54,Cooling,74,239,9.357310|3.000000|0.000000,7.115489721298218,3.0,9.904694|3.000000|0.000000,4.612601|7.000000|3.000000,7,0.605789,N/A,5
MOGP_NSGAII,c124ff3c-e970-11f0-a117-6e001b3eef54,Cooling,74,240,9.357310|3.000000|0.000000,6.77111291885376,3.0,9.904694|3.000000|0.000000,4.612601|7.000000|3.000000,7,0.605789,N/A,5
MOGP_NSGAII,c124ff3c-e970-11f0-a117-6e001b3eef54,Cooling,74,241,9.357310|3.000000|0.000000,7.301325082778931,3.0,9.904694|3.000000|0.000000,4.612601|7.000000|3.000000,7,0.605789,N/A,5
MOGP_NSGAII,c124ff3c-e970-11f0-a117-6e001b3eef54,Cooling,74,242,9.357310|3.000000|0.000000,7.1679441928863525,3.0,9.904694|3.000000|0.000000,4.612601|7.000000|3.000000,7,0.654285,N/A,5
MOGP_NSGAII,c124ff3c-e970-11f0-a117-6e001b3eef54,Cooling,74,243,9.357310|3.000000|0.000000,6.910478115081787,3.0,9.904694|3.000000|0.000000,4.612601|7.000000|3.000000,7,0.654285,N/A,5
MOGP_NSGAII,c124ff3c-e970-11f0-a117-6e001b3eef54,Cooling,74,244,9.357310|3.000000|0.000000,6.79922890663147,3.0,9.904694|3.000000|0.000000,4.612601|7.000000|3.000000,7,0.654285,N/A,5
MOGP_NSGAII,c124ff3c-e970-11f0-a117-6e001b3eef54,Cooling,74,245,9.357310|3.000000|0.000000,7.114779949188232,3.0,9.904694|3.000000|0.000000,4.612601|7.000000|3.000000,7,0.654285,N/A,5
MOGP_NSGAII,c124ff3c-e970-11f0-a117-6e001b3eef54,Cooling,74,246,9.357310|3.000000|0.000000,6.6168739795684814,3.0,9.904694|3.000000|0.000000,4.612601|7.000000|3.000000,7,0.654285,N/A,5
MOGP_NSGAII,c124ff3c-e970-11f0-a117-6e001b3eef54,Cooling,74,247,9.357310|3.000000|0.000000,6.938206911087036,3.0,9.904694|3.000000|0.000000,4.612601|7.000000|3.000000,7,0.654285,N/A,5
MOGP_NSGAII,c124ff3c-e970-11f0-a117-6e001b3eef54,Cooling,74,248,9.357310|3.000000|0.000000,6.845845937728882,3.0,9.904694|3.000000|0.000000,4.612601|7.000000|3.000000,7,0.654285,N/A,5
MOGP_NSGAII,c124ff3c-e970-11f0-a117-6e001b3eef54,Cooling,74,249,9.357310|3.000000|0.000000,7.05826210975647,3.0,9.904694|3.000000|0.000000,4.612601|7.000000|3.000000,7,0.654285,N/A,5
MOGP_NSGAII,c124ff3c-e970-11f0-a117-6e001b3eef54,Cooling,74,250,9.357310|3.000000|0.000000,7.041104793548584,3.0,9.904694|3.000000|0.000000,4.612601|7.000000|3.000000,7,0.654285,N/A,5
