MOGP_GENERATIONAL,c3af5778-f039-11f0-a447-6e001b3eef54,Boston,74,0,19.485167|3.000000|0.000000|0.000000|0.000000,1.2126750946044922,3.0,20.496561|3.000000|0.000000|0.000000|0.000000,N/A,N/A,0,243286196224.000000,N/A,5
MOGP_GENERATIONAL,c3af5778-f039-11f0-a447-6e001b3eef54,Boston,74,1,10.280992|3.000000|0.000000|0.000000|0.000000,1.233618974685669,3.0,11.694738|3.000000|0.000000|0.000000|0.000000,9.500869|3.000000|1.000000|0.000000|0.000000,11.249656|3.000000|1.000000|0.000000|0.000000,3,79416303616.000000,N/A,5
MOGP_GENERATIONAL,c3af5778-f039-11f0-a447-6e001b3eef54,Boston,74,2,8.881513|3.000000|0.000000|0.000000|0.000000,1.2945289611816406,3.0,10.221743|3.000000|0.000000|0.000000|0.000000,8.881513|3.000000|0.000000|0.000000|0.000000,10.221743|3.000000|0.000000|0.000000|0.000000,3,56450572288.000000,N/A,5
MOGP_GENERATIONAL,c3af5778-f039-11f0-a447-6e001b3eef54,Boston,74,3,8.881513|3.000000|0.000000|0.000000|0.000000,1.3592407703399658,3.0,10.221743|3.000000|0.000000|0.000000|0.000000,8.881513|3.000000|0.000000|0.000000|0.000000,10.221743|3.000000|0.000000|0.000000|0.000000,3,71902920704.000000,N/A,5
MOGP_GENERATIONAL,c3af5778-f039-11f0-a447-6e001b3eef54,Boston,74,4,8.881513|3.000000|0.000000|0.000000|0.000000,1.4349751472473145,3.0,10.221743|3.000000|0.000000|0.000000|0.000000,8.881513|3.000000|0.000000|0.000000|0.000000,10.221743|3.000000|0.000000|0.000000|0.000000,3,58695479296.000000,N/A,5
MOGP_GENERATIONAL,c3af5778-f039-11f0-a447-6e001b3eef54,Boston,74,5,8.881513|3.000000|0.000000|0.000000|0.000000,1.5506620407104492,3.0,10.221743|3.000000|0.000000|0.000000|0.000000,8.881513|3.000000|0.000000|0.000000|0.000000,10.221743|3.000000|0.000000|0.000000|0.000000,3,102852050944.000000,N/A,5
MOGP_GENERATIONAL,c3af5778-f039-11f0-a447-6e001b3eef54,Boston,74,6,8.881513|3.000000|0.000000|0.000000|0.000000,1.6175429821014404,3.0,10.221743|3.000000|0.000000|0.000000|0.000000,8.881513|3.000000|0.000000|0.000000|0.000000,10.221743|3.000000|0.000000|0.000000|0.000000,3,30196463616.000000,N/A,5
MOGP_GENERATIONAL,c3af5778-f039-11f0-a447-6e001b3eef54,Boston,74,7,8.881513|3.000000|0.000000|0.000000|0.000000,1.6845340728759766,3.0,10.221743|3.000000|0.000000|0.000000|0.000000,8.881513|3.000000|0.000000|0.000000|0.000000,10.221743|3.000000|0.000000|0.000000|0.000000,3,869915008.000000,N/A,5
MOGP_GENERATIONAL,c3af5778-f039-11f0-a447-6e001b3eef54,Boston,74,8,8.881513|3.000000|0.000000|0.000000|0.000000,1.8238511085510254,3.0,10.221743|3.000000|0.000000|0.000000|0.000000,8.881513|3.000000|0.000000|0.000000|0.000000,10.221743|3.000000|0.000000|0.000000|0.000000,3,80776495104.000000,N/A,5
MOGP_GENERATIONAL,c3af5778-f039-11f0-a447-6e001b3eef54,Boston,74,9,8.881513|3.000000|0.000000|0.000000|0.000000,1.9431610107421875,3.0,10.221743|3.000000|0.000000|0.000000|0.000000,8.881513|3.000000|0.000000|0.000000|0.000000,10.221743|3.000000|0.000000|0.000000|0.000000,3,56196079616.000000,N/A,5
MOGP_GENERATIONAL,c3af5778-f039-11f0-a447-6e001b3eef54,Boston,74,10,8.881513|3.000000|0.000000|0.000000|0.000000,2.131155014038086,3.0,10.221743|3.000000|0.000000|0.000000|0.000000,8.881513|3.000000|0.000000|0.000000|0.000000,10.221743|3.000000|0.000000|0.000000|0.000000,3,33603565568.000000,N/A,5
MOGP_GENERATIONAL,c3af5778-f039-11f0-a447-6e001b3eef54,Boston,74,11,8.881513|3.000000|0.000000|0.000000|0.000000,2.4712419509887695,3.0,10.221743|3.000000|0.000000|0.000000|0.000000,8.881513|3.000000|0.000000|0.000000|0.000000,10.221743|3.000000|0.000000|0.000000|0.000000,3,61474639872.000000,N/A,5
MOGP_GENERATIONAL,c3af5778-f039-11f0-a447-6e001b3eef54,Boston,74,12,8.881513|3.000000|0.000000|0.000000|0.000000,2.9216971397399902,3.0,10.221743|3.000000|0.000000|0.000000|0.000000,8.881513|3.000000|0.000000|0.000000|0.000000,10.221743|3.000000|0.000000|0.000000|0.000000,3,33114603520.000000,N/A,5
MOGP_GENERATIONAL,c3af5778-f039-11f0-a447-6e001b3eef54,Boston,74,13,8.881513|3.000000|0.000000|0.000000|0.000000,3.393361806869507,3.0,10.221743|3.000000|0.000000|0.000000|0.000000,8.881513|3.000000|0.000000|0.000000|0.000000,10.221743|3.000000|0.000000|0.000000|0.000000,3,65272016896.000000,N/A,5
MOGP_GENERATIONAL,c3af5778-f039-11f0-a447-6e001b3eef54,Boston,74,14,8.881513|3.000000|0.000000|0.000000|0.000000,3.486625909805298,3.0,10.221743|3.000000|0.000000|0.000000|0.000000,8.881513|3.000000|0.000000|0.000000|0.000000,10.221743|3.000000|0.000000|0.000000|0.000000,3,74187390976.000000,N/A,5
MOGP_GENERATIONAL,c3af5778-f039-11f0-a447-6e001b3eef54,Boston,74,15,8.881513|3.000000|0.000000|0.000000|0.000000,3.414405107498169,3.0,10.221743|3.000000|0.000000|0.000000|0.000000,8.881513|3.000000|0.000000|0.000000|0.000000,10.221743|3.000000|0.000000|0.000000|0.000000,3,83457073152.000000,N/A,5
MOGP_GENERATIONAL,c3af5778-f039-11f0-a447-6e001b3eef54,Boston,74,16,8.881513|3.000000|0.000000|0.000000|0.000000,3.4017841815948486,3.0,10.221743|3.000000|0.000000|0.000000|0.000000,8.881513|3.000000|0.000000|0.000000|0.000000,10.221743|3.000000|0.000000|0.000000|0.000000,3,61512470528.000000,N/A,5
MOGP_GENERATIONAL,c3af5778-f039-11f0-a447-6e001b3eef54,Boston,74,17,8.881513|3.000000|0.000000|0.000000|0.000000,3.385935068130493,3.0,10.221743|3.000000|0.000000|0.000000|0.000000,8.881513|3.000000|0.000000|0.000000|0.000000,10.221743|3.000000|0.000000|0.000000|0.000000,3,109688365056.000000,N/A,5
MOGP_GENERATIONAL,c3af5778-f039-11f0-a447-6e001b3eef54,Boston,74,18,8.881513|3.000000|0.000000|0.000000|0.000000,3.56119966506958,3.0,10.221743|3.000000|0.000000|0.000000|0.000000,8.881513|3.000000|0.000000|0.000000|0.000000,10.221743|3.000000|0.000000|0.000000|0.000000,3,81776730112.000000,N/A,5
MOGP_GENERATIONAL,c3af5778-f039-11f0-a447-6e001b3eef54,Boston,74,19,8.881513|3.000000|0.000000|0.000000|0.000000,3.3269460201263428,3.0,10.221743|3.000000|0.000000|0.000000|0.000000,8.881513|3.000000|0.000000|0.000000|0.000000,10.221743|3.000000|0.000000|0.000000|0.000000,3,32122664960.000000,N/A,5
MOGP_GENERATIONAL,c3af5778-f039-11f0-a447-6e001b3eef54,Boston,74,20,8.881513|3.000000|0.000000|0.000000|0.000000,3.494060754776001,3.0,10.221743|3.000000|0.000000|0.000000|0.000000,8.881513|3.000000|0.000000|0.000000|0.000000,10.221743|3.000000|0.000000|0.000000|0.000000,3,12162826240.000000,N/A,5
MOGP_GENERATIONAL,c3af5778-f039-11f0-a447-6e001b3eef54,Boston,74,21,8.881513|3.000000|0.000000|0.000000|0.000000,3.4647088050842285,3.0,10.221743|3.000000|0.000000|0.000000|0.000000,8.881513|3.000000|0.000000|0.000000|0.000000,10.221743|3.000000|0.000000|0.000000|0.000000,3,68604956672.000000,N/A,5
MOGP_GENERATIONAL,c3af5778-f039-11f0-a447-6e001b3eef54,Boston,74,22,8.881513|3.000000|0.000000|0.000000|0.000000,3.5713820457458496,3.0,10.221743|3.000000|0.000000|0.000000|0.000000,8.113113|7.000000|1.000000|0.000000|0.000000,9.349366|7.000000|1.000000|0.000000|0.000000,7,50982703104.000000,N/A,5
MOGP_GENERATIONAL,c3af5778-f039-11f0-a447-6e001b3eef54,Boston,74,23,8.881513|3.000000|0.000000|0.000000|0.000000,3.585693836212158,3.0,10.221743|3.000000|0.000000|0.000000|0.000000,8.881513|3.000000|0.000000|0.000000|0.000000,10.221743|3.000000|0.000000|0.000000|0.000000,3,49320984576.000000,N/A,5
MOGP_GENERATIONAL,c3af5778-f039-11f0-a447-6e001b3eef54,Boston,74,24,8.881513|3.000000|0.000000|0.000000|0.000000,3.553284168243408,3.0,10.221743|3.000000|0.000000|0.000000|0.000000,8.881513|3.000000|0.000000|0.000000|0.000000,10.221743|3.000000|0.000000|0.000000|0.000000,3,55416758272.000000,N/A,5
MOGP_GENERATIONAL,c3af5778-f039-11f0-a447-6e001b3eef54,Boston,74,25,8.881513|3.000000|0.000000|0.000000|0.000000,3.529360055923462,3.0,10.221743|3.000000|0.000000|0.000000|0.000000,8.881513|3.000000|0.000000|0.000000|0.000000,10.221743|3.000000|0.000000|0.000000|0.000000,3,23498733568.000000,N/A,5
MOGP_GENERATIONAL,c3af5778-f039-11f0-a447-6e001b3eef54,Boston,74,26,8.881513|3.000000|0.000000|0.000000|0.000000,3.414017677307129,3.0,10.221743|3.000000|0.000000|0.000000|0.000000,8.881513|3.000000|0.000000|0.000000|0.000000,10.221743|3.000000|0.000000|0.000000|0.000000,3,114104991744.000000,N/A,5
MOGP_GENERATIONAL,c3af5778-f039-11f0-a447-6e001b3eef54,Boston,74,27,8.881513|3.000000|0.000000|0.000000|0.000000,3.3308968544006348,3.0,10.221743|3.000000|0.000000|0.000000|0.000000,8.881513|3.000000|0.000000|0.000000|0.000000,10.221743|3.000000|0.000000|0.000000|0.000000,3,74278494208.000000,N/A,5
MOGP_GENERATIONAL,c3af5778-f039-11f0-a447-6e001b3eef54,Boston,74,28,8.881513|3.000000|0.000000|0.000000|0.000000,3.334304094314575,3.0,10.221743|3.000000|0.000000|0.000000|0.000000,8.881513|3.000000|0.000000|0.000000|0.000000,10.221743|3.000000|0.000000|0.000000|0.000000,3,59380621312.000000,N/A,5
MOGP_GENERATIONAL,c3af5778-f039-11f0-a447-6e001b3eef54,Boston,74,29,8.881513|3.000000|0.000000|0.000000|0.000000,3.4452438354492188,3.0,10.221743|3.000000|0.000000|0.000000|0.000000,8.881513|3.000000|0.000000|0.000000|0.000000,10.221743|3.000000|0.000000|0.000000|0.000000,3,98458927104.000000,N/A,5
MOGP_GENERATIONAL,c3af5778-f039-11f0-a447-6e001b3eef54,Boston,74,30,8.881513|3.000000|0.000000|0.000000|0.000000,3.3544602394104004,3.0,10.221743|3.000000|0.000000|0.000000|0.000000,8.881513|3.000000|0.000000|0.000000|0.000000,10.221743|3.000000|0.000000|0.000000|0.000000,3,50600259584.000000,N/A,5
MOGP_GENERATIONAL,c3af5778-f039-11f0-a447-6e001b3eef54,Boston,74,31,8.881513|3.000000|0.000000|0.000000|0.000000,3.5144848823547363,3.0,10.221743|3.000000|0.000000|0.000000|0.000000,8.180543|7.000000|2.000000|0.000000|0.000000,9.666581|7.000000|2.000000|0.000000|0.000000,7,64448565248.000000,N/A,5
MOGP_GENERATIONAL,c3af5778-f039-11f0-a447-6e001b3eef54,Boston,74,32,8.881513|3.000000|0.000000|0.000000|0.000000,3.334257125854492,3.0,10.221743|3.000000|0.000000|0.000000|0.000000,8.881513|3.000000|0.000000|0.000000|0.000000,10.221743|3.000000|0.000000|0.000000|0.000000,3,66820886528.000000,N/A,5
MOGP_GENERATIONAL,c3af5778-f039-11f0-a447-6e001b3eef54,Boston,74,33,8.881513|3.000000|0.000000|0.000000|0.000000,3.5186281204223633,3.0,10.221743|3.000000|0.000000|0.000000|0.000000,8.881513|3.000000|0.000000|0.000000|0.000000,10.221743|3.000000|0.000000|0.000000|0.000000,3,78673436672.000000,N/A,5
MOGP_GENERATIONAL,c3af5778-f039-11f0-a447-6e001b3eef54,Boston,74,34,8.881513|3.000000|0.000000|0.000000|0.000000,3.4021859169006348,3.0,10.221743|3.000000|0.000000|0.000000|0.000000,8.881513|3.000000|0.000000|0.000000|0.000000,10.221743|3.000000|0.000000|0.000000|0.000000,3,95974424576.000000,N/A,5
MOGP_GENERATIONAL,c3af5778-f039-11f0-a447-6e001b3eef54,Boston,74,35,8.881513|3.000000|0.000000|0.000000|0.000000,3.3303890228271484,3.0,10.221743|3.000000|0.000000|0.000000|0.000000,8.881513|3.000000|0.000000|0.000000|0.000000,10.221743|3.000000|0.000000|0.000000|0.000000,3,80989249536.000000,N/A,5
MOGP_GENERATIONAL,c3af5778-f039-11f0-a447-6e001b3eef54,Boston,74,36,8.881513|3.000000|0.000000|0.000000|0.000000,3.4896399974823,3.0,10.221743|3.000000|0.000000|0.000000|0.000000,8.881513|3.000000|0.000000|0.000000|0.000000,10.221743|3.000000|0.000000|0.000000|0.000000,3,71790665728.000000,N/A,5
MOGP_GENERATIONAL,c3af5778-f039-11f0-a447-6e001b3eef54,Boston,74,37,8.881513|3.000000|0.000000|0.000000|0.000000,3.31477689743042,3.0,10.221743|3.000000|0.000000|0.000000|0.000000,8.881513|3.000000|0.000000|0.000000|0.000000,10.221743|3.000000|0.000000|0.000000|0.000000,3,93283827712.000000,N/A,5
MOGP_GENERATIONAL,c3af5778-f039-11f0-a447-6e001b3eef54,Boston,74,38,8.881513|3.000000|0.000000|0.000000|0.000000,3.4976460933685303,3.0,10.221743|3.000000|0.000000|0.000000|0.000000,8.881513|3.000000|0.000000|0.000000|0.000000,10.221743|3.000000|0.000000|0.000000|0.000000,3,124222521344.000000,N/A,5
MOGP_GENERATIONAL,c3af5778-f039-11f0-a447-6e001b3eef54,Boston,74,39,8.881513|3.000000|0.000000|0.000000|0.000000,3.311715841293335,3.0,10.221743|3.000000|0.000000|0.000000|0.000000,8.881513|3.000000|0.000000|0.000000|0.000000,10.221743|3.000000|0.000000|0.000000|0.000000,3,59598307328.000000,N/A,5
MOGP_GENERATIONAL,c3af5778-f039-11f0-a447-6e001b3eef54,Boston,74,40,8.881513|3.000000|0.000000|0.000000|0.000000,3.3788490295410156,3.0,10.221743|3.000000|0.000000|0.000000|0.000000,8.881513|3.000000|0.000000|0.000000|0.000000,10.221743|3.000000|0.000000|0.000000|0.000000,3,56123445248.000000,N/A,5
MOGP_GENERATIONAL,c3af5778-f039-11f0-a447-6e001b3eef54,Boston,74,41,8.881513|3.000000|0.000000|0.000000|0.000000,3.4362008571624756,3.0,10.221743|3.000000|0.000000|0.000000|0.000000,7.702579|7.000000|1.000000|0.000000|0.000000,8.500995|7.000000|1.000000|0.000000|0.000000,7,89610846208.000000,N/A,5
MOGP_GENERATIONAL,c3af5778-f039-11f0-a447-6e001b3eef54,Boston,74,42,8.881513|3.000000|0.000000|0.000000|0.000000,3.4443838596343994,3.0,10.221743|3.000000|0.000000|0.000000|0.000000,8.881513|3.000000|0.000000|0.000000|0.000000,10.221743|3.000000|0.000000|0.000000|0.000000,3,110799151104.000000,N/A,5
MOGP_GENERATIONAL,c3af5778-f039-11f0-a447-6e001b3eef54,Boston,74,43,8.881513|3.000000|0.000000|0.000000|0.000000,3.5260791778564453,3.0,10.221743|3.000000|0.000000|0.000000|0.000000,8.881513|3.000000|0.000000|0.000000|0.000000,10.221743|3.000000|0.000000|0.000000|0.000000,3,93687914496.000000,N/A,5
MOGP_GENERATIONAL,c3af5778-f039-11f0-a447-6e001b3eef54,Boston,74,44,8.881513|3.000000|0.000000|0.000000|0.000000,3.405758857727051,3.0,10.221743|3.000000|0.000000|0.000000|0.000000,8.881513|3.000000|0.000000|0.000000|0.000000,10.221743|3.000000|0.000000|0.000000|0.000000,3,76498632704.000000,N/A,5
MOGP_GENERATIONAL,c3af5778-f039-11f0-a447-6e001b3eef54,Boston,74,45,8.881513|3.000000|0.000000|0.000000|0.000000,3.4653432369232178,3.0,10.221743|3.000000|0.000000|0.000000|0.000000,8.881513|3.000000|0.000000|0.000000|0.000000,10.221743|3.000000|0.000000|0.000000|0.000000,3,90642964480.000000,N/A,5
MOGP_GENERATIONAL,c3af5778-f039-11f0-a447-6e001b3eef54,Boston,74,46,8.881513|3.000000|0.000000|0.000000|0.000000,3.3843300342559814,3.0,10.221743|3.000000|0.000000|0.000000|0.000000,8.881513|3.000000|0.000000|0.000000|0.000000,10.221743|3.000000|0.000000|0.000000|0.000000,3,102428467200.000000,N/A,5
MOGP_GENERATIONAL,c3af5778-f039-11f0-a447-6e001b3eef54,Boston,74,47,8.881513|3.000000|0.000000|0.000000|0.000000,3.4493470191955566,3.0,10.221743|3.000000|0.000000|0.000000|0.000000,8.881513|3.000000|0.000000|0.000000|0.000000,10.221743|3.000000|0.000000|0.000000|0.000000,3,62866624512.000000,N/A,5
MOGP_GENERATIONAL,c3af5778-f039-11f0-a447-6e001b3eef54,Boston,74,48,8.881513|3.000000|0.000000|0.000000|0.000000,3.4783108234405518,3.0,10.221743|3.000000|0.000000|0.000000|0.000000,8.180543|7.000000|2.000000|0.000000|0.000000,9.666581|7.000000|2.000000|0.000000|0.000000,7,82387009536.000000,N/A,5
MOGP_GENERATIONAL,c3af5778-f039-11f0-a447-6e001b3eef54,Boston,74,49,8.881513|3.000000|0.000000|0.000000|0.000000,3.3754239082336426,3.0,10.221743|3.000000|0.000000|0.000000|0.000000,8.881513|3.000000|0.000000|0.000000|0.000000,10.221743|3.000000|0.000000|0.000000|0.000000,3,70774349824.000000,N/A,5
MOGP_GENERATIONAL,c3af5778-f039-11f0-a447-6e001b3eef54,Boston,74,50,8.881513|3.000000|0.000000|0.000000|0.000000,3.4056200981140137,3.0,10.221743|3.000000|0.000000|0.000000|0.000000,8.881513|3.000000|0.000000|0.000000|0.000000,10.221743|3.000000|0.000000|0.000000|0.000000,3,51905196032.000000,N/A,5
MOGP_GENERATIONAL,c3af5778-f039-11f0-a447-6e001b3eef54,Boston,74,51,8.881513|3.000000|0.000000|0.000000|0.000000,3.506074905395508,3.0,10.221743|3.000000|0.000000|0.000000|0.000000,8.881513|3.000000|0.000000|0.000000|0.000000,10.221743|3.000000|0.000000|0.000000|0.000000,3,75782471680.000000,N/A,5
MOGP_GENERATIONAL,c3af5778-f039-11f0-a447-6e001b3eef54,Boston,74,52,8.881513|3.000000|0.000000|0.000000|0.000000,3.501051902770996,3.0,10.221743|3.000000|0.000000|0.000000|0.000000,8.881513|3.000000|0.000000|0.000000|0.000000,10.221743|3.000000|0.000000|0.000000|0.000000,3,93830176768.000000,N/A,5
MOGP_GENERATIONAL,c3af5778-f039-11f0-a447-6e001b3eef54,Boston,74,53,8.881513|3.000000|0.000000|0.000000|0.000000,3.336806297302246,3.0,10.221743|3.000000|0.000000|0.000000|0.000000,8.881513|3.000000|0.000000|0.000000|0.000000,10.221743|3.000000|0.000000|0.000000|0.000000,3,57244901376.000000,N/A,5
MOGP_GENERATIONAL,c3af5778-f039-11f0-a447-6e001b3eef54,Boston,74,54,8.881513|3.000000|0.000000|0.000000|0.000000,3.356750011444092,3.0,10.221743|3.000000|0.000000|0.000000|0.000000,7.702579|7.000000|1.000000|0.000000|0.000000,8.500995|7.000000|1.000000|0.000000|0.000000,7,29524332544.000000,N/A,5
MOGP_GENERATIONAL,c3af5778-f039-11f0-a447-6e001b3eef54,Boston,74,55,8.881513|3.000000|0.000000|0.000000|0.000000,3.398463010787964,3.0,10.221743|3.000000|0.000000|0.000000|0.000000,8.881513|3.000000|0.000000|0.000000|0.000000,10.221743|3.000000|0.000000|0.000000|0.000000,3,51050213376.000000,N/A,5
MOGP_GENERATIONAL,c3af5778-f039-11f0-a447-6e001b3eef54,Boston,74,56,8.881513|3.000000|0.000000|0.000000|0.000000,3.2158360481262207,3.0,10.221743|3.000000|0.000000|0.000000|0.000000,8.545556|7.000000|1.000000|0.000000|0.000000,10.335676|7.000000|1.000000|0.000000|0.000000,7,101162819584.000000,N/A,5
MOGP_GENERATIONAL,c3af5778-f039-11f0-a447-6e001b3eef54,Boston,74,57,8.881513|3.000000|0.000000|0.000000|0.000000,3.4283499717712402,3.0,10.221743|3.000000|0.000000|0.000000|0.000000,8.881513|3.000000|0.000000|0.000000|0.000000,10.221743|3.000000|0.000000|0.000000|0.000000,3,59553697792.000000,N/A,5
MOGP_GENERATIONAL,c3af5778-f039-11f0-a447-6e001b3eef54,Boston,74,58,8.881513|3.000000|0.000000|0.000000|0.000000,3.618964910507202,3.0,10.221743|3.000000|0.000000|0.000000|0.000000,8.881513|3.000000|0.000000|0.000000|0.000000,10.221743|3.000000|0.000000|0.000000|0.000000,3,53812072448.000000,N/A,5
MOGP_GENERATIONAL,c3af5778-f039-11f0-a447-6e001b3eef54,Boston,74,59,8.881513|3.000000|0.000000|0.000000|0.000000,3.3648579120635986,3.0,10.221743|3.000000|0.000000|0.000000|0.000000,8.881513|3.000000|0.000000|0.000000|0.000000,10.221743|3.000000|0.000000|0.000000|0.000000,3,55417053184.000000,N/A,5
MOGP_GENERATIONAL,c3af5778-f039-11f0-a447-6e001b3eef54,Boston,74,60,8.881513|3.000000|0.000000|0.000000|0.000000,3.375767946243286,3.0,10.221743|3.000000|0.000000|0.000000|0.000000,8.881513|3.000000|0.000000|0.000000|0.000000,10.221743|3.000000|0.000000|0.000000|0.000000,3,78150778880.000000,N/A,5
MOGP_GENERATIONAL,c3af5778-f039-11f0-a447-6e001b3eef54,Boston,74,61,8.881513|3.000000|0.000000|0.000000|0.000000,3.491947889328003,3.0,10.221743|3.000000|0.000000|0.000000|0.000000,8.881513|3.000000|0.000000|0.000000|0.000000,10.221743|3.000000|0.000000|0.000000|0.000000,3,61654298624.000000,N/A,5
MOGP_GENERATIONAL,c3af5778-f039-11f0-a447-6e001b3eef54,Boston,74,62,8.881513|3.000000|0.000000|0.000000|0.000000,3.449897050857544,3.0,10.221743|3.000000|0.000000|0.000000|0.000000,8.881513|3.000000|0.000000|0.000000|0.000000,10.221743|3.000000|0.000000|0.000000|0.000000,3,49461362688.000000,N/A,5
MOGP_GENERATIONAL,c3af5778-f039-11f0-a447-6e001b3eef54,Boston,74,63,8.881513|3.000000|0.000000|0.000000|0.000000,3.523707151412964,3.0,10.221743|3.000000|0.000000|0.000000|0.000000,8.881513|3.000000|0.000000|0.000000|0.000000,10.221743|3.000000|0.000000|0.000000|0.000000,3,70054084608.000000,N/A,5
MOGP_GENERATIONAL,c3af5778-f039-11f0-a447-6e001b3eef54,Boston,74,64,8.881513|3.000000|0.000000|0.000000|0.000000,3.520516872406006,3.0,10.221743|3.000000|0.000000|0.000000|0.000000,8.881513|3.000000|0.000000|0.000000|0.000000,10.221743|3.000000|0.000000|0.000000|0.000000,3,60031184896.000000,N/A,5
MOGP_GENERATIONAL,c3af5778-f039-11f0-a447-6e001b3eef54,Boston,74,65,8.881513|3.000000|0.000000|0.000000|0.000000,3.6778640747070312,3.0,10.221743|3.000000|0.000000|0.000000|0.000000,8.180543|7.000000|2.000000|0.000000|0.000000,9.666581|7.000000|2.000000|0.000000|0.000000,7,83963584512.000000,N/A,5
MOGP_GENERATIONAL,c3af5778-f039-11f0-a447-6e001b3eef54,Boston,74,66,8.881513|3.000000|0.000000|0.000000|0.000000,3.5446279048919678,3.0,10.221743|3.000000|0.000000|0.000000|0.000000,8.881513|3.000000|0.000000|0.000000|0.000000,10.221743|3.000000|0.000000|0.000000|0.000000,3,114935021568.000000,N/A,5
MOGP_GENERATIONAL,c3af5778-f039-11f0-a447-6e001b3eef54,Boston,74,67,8.881513|3.000000|0.000000|0.000000|0.000000,3.4361870288848877,3.0,10.221743|3.000000|0.000000|0.000000|0.000000,8.881513|3.000000|0.000000|0.000000|0.000000,10.221743|3.000000|0.000000|0.000000|0.000000,3,90325516288.000000,N/A,5
MOGP_GENERATIONAL,c3af5778-f039-11f0-a447-6e001b3eef54,Boston,74,68,8.881513|3.000000|0.000000|0.000000|0.000000,3.592642068862915,3.0,10.221743|3.000000|0.000000|0.000000|0.000000,8.881513|3.000000|0.000000|0.000000|0.000000,10.221743|3.000000|0.000000|0.000000|0.000000,3,80308117504.000000,N/A,5
MOGP_GENERATIONAL,c3af5778-f039-11f0-a447-6e001b3eef54,Boston,74,69,8.881513|3.000000|0.000000|0.000000|0.000000,3.4073538780212402,3.0,10.221743|3.000000|0.000000|0.000000|0.000000,8.881513|3.000000|0.000000|0.000000|0.000000,10.221743|3.000000|0.000000|0.000000|0.000000,3,78197104640.000000,N/A,5
MOGP_GENERATIONAL,c3af5778-f039-11f0-a447-6e001b3eef54,Boston,74,70,8.881513|3.000000|0.000000|0.000000|0.000000,3.471259117126465,3.0,10.221743|3.000000|0.000000|0.000000|0.000000,8.881513|3.000000|0.000000|0.000000|0.000000,10.221743|3.000000|0.000000|0.000000|0.000000,3,59541893120.000000,N/A,5
MOGP_GENERATIONAL,c3af5778-f039-11f0-a447-6e001b3eef54,Boston,74,71,8.881513|3.000000|0.000000|0.000000|0.000000,3.4231770038604736,3.0,10.221743|3.000000|0.000000|0.000000|0.000000,8.881513|3.000000|0.000000|0.000000|0.000000,10.221743|3.000000|0.000000|0.000000|0.000000,3,83437993984.000000,N/A,5
MOGP_GENERATIONAL,c3af5778-f039-11f0-a447-6e001b3eef54,Boston,74,72,8.881513|3.000000|0.000000|0.000000|0.000000,3.3815150260925293,3.0,10.221743|3.000000|0.000000|0.000000|0.000000,8.748910|7.000000|0.000000|0.000000|0.000000,10.183698|7.000000|0.000000|0.000000|0.000000,7,95973564416.000000,N/A,5
MOGP_GENERATIONAL,c3af5778-f039-11f0-a447-6e001b3eef54,Boston,74,73,8.881513|3.000000|0.000000|0.000000|0.000000,3.454127788543701,3.0,10.221743|3.000000|0.000000|0.000000|0.000000,8.881513|3.000000|0.000000|0.000000|0.000000,10.221743|3.000000|0.000000|0.000000|0.000000,3,89172041728.000000,N/A,5
MOGP_GENERATIONAL,c3af5778-f039-11f0-a447-6e001b3eef54,Boston,74,74,8.881513|3.000000|0.000000|0.000000|0.000000,3.5101428031921387,3.0,10.221743|3.000000|0.000000|0.000000|0.000000,8.881513|3.000000|0.000000|0.000000|0.000000,10.221743|3.000000|0.000000|0.000000|0.000000,3,62609338368.000000,N/A,5
MOGP_GENERATIONAL,c3af5778-f039-11f0-a447-6e001b3eef54,Boston,74,75,8.881513|3.000000|0.000000|0.000000|0.000000,3.462991714477539,3.0,10.221743|3.000000|0.000000|0.000000|0.000000,8.881513|3.000000|0.000000|0.000000|0.000000,10.221743|3.000000|0.000000|0.000000|0.000000,3,87887470592.000000,N/A,5
MOGP_GENERATIONAL,c3af5778-f039-11f0-a447-6e001b3eef54,Boston,74,76,8.881513|3.000000|0.000000|0.000000|0.000000,3.622541904449463,3.0,10.221743|3.000000|0.000000|0.000000|0.000000,6.747207|7.000000|2.000000|0.000000|0.000000,7.856406|7.000000|2.000000|0.000000|0.000000,7,74378133504.000000,N/A,5
MOGP_GENERATIONAL,c3af5778-f039-11f0-a447-6e001b3eef54,Boston,74,77,8.881513|3.000000|0.000000|0.000000|0.000000,3.491180896759033,3.0,10.221743|3.000000|0.000000|0.000000|0.000000,8.881513|3.000000|0.000000|0.000000|0.000000,10.221743|3.000000|0.000000|0.000000|0.000000,3,140892913664.000000,N/A,5
MOGP_GENERATIONAL,c3af5778-f039-11f0-a447-6e001b3eef54,Boston,74,78,8.881513|3.000000|0.000000|0.000000|0.000000,3.4019320011138916,3.0,10.221743|3.000000|0.000000|0.000000|0.000000,8.881513|3.000000|0.000000|0.000000|0.000000,10.221743|3.000000|0.000000|0.000000|0.000000,3,40779882496.000000,N/A,5
MOGP_GENERATIONAL,c3af5778-f039-11f0-a447-6e001b3eef54,Boston,74,79,8.881513|3.000000|0.000000|0.000000|0.000000,3.5352091789245605,3.0,10.221743|3.000000|0.000000|0.000000|0.000000,8.881513|3.000000|0.000000|0.000000|0.000000,10.221743|3.000000|0.000000|0.000000|0.000000,3,78986944512.000000,N/A,5
MOGP_GENERATIONAL,c3af5778-f039-11f0-a447-6e001b3eef54,Boston,74,80,8.881513|3.000000|0.000000|0.000000|0.000000,3.3845508098602295,3.0,10.221743|3.000000|0.000000|0.000000|0.000000,8.881513|3.000000|0.000000|0.000000|0.000000,10.221743|3.000000|0.000000|0.000000|0.000000,3,96665272320.000000,N/A,5
MOGP_GENERATIONAL,c3af5778-f039-11f0-a447-6e001b3eef54,Boston,74,81,8.881513|3.000000|0.000000|0.000000|0.000000,3.4767420291900635,3.0,10.221743|3.000000|0.000000|0.000000|0.000000,8.881513|3.000000|0.000000|0.000000|0.000000,10.221743|3.000000|0.000000|0.000000|0.000000,3,98693185536.000000,N/A,5
MOGP_GENERATIONAL,c3af5778-f039-11f0-a447-6e001b3eef54,Boston,74,82,8.881513|3.000000|0.000000|0.000000|0.000000,3.565377950668335,3.0,10.221743|3.000000|0.000000|0.000000|0.000000,8.184944|7.000000|1.000000|0.000000|0.000000,9.255008|7.000000|1.000000|0.000000|0.000000,7,51148713984.000000,N/A,5
MOGP_GENERATIONAL,c3af5778-f039-11f0-a447-6e001b3eef54,Boston,74,83,8.881513|3.000000|0.000000|0.000000|0.000000,3.576369285583496,3.0,10.221743|3.000000|0.000000|0.000000|0.000000,8.113113|7.000000|1.000000|0.000000|0.000000,9.349366|7.000000|1.000000|0.000000|0.000000,7,51895001088.000000,N/A,5
MOGP_GENERATIONAL,c3af5778-f039-11f0-a447-6e001b3eef54,Boston,74,84,8.881513|3.000000|0.000000|0.000000|0.000000,3.562009811401367,3.0,10.221743|3.000000|0.000000|0.000000|0.000000,8.881513|3.000000|0.000000|0.000000|0.000000,10.221743|3.000000|0.000000|0.000000|0.000000,3,53358030848.000000,N/A,5
MOGP_GENERATIONAL,c3af5778-f039-11f0-a447-6e001b3eef54,Boston,74,85,8.881513|3.000000|0.000000|0.000000|0.000000,3.549827814102173,3.0,10.221743|3.000000|0.000000|0.000000|0.000000,8.881513|3.000000|0.000000|0.000000|0.000000,10.221743|3.000000|0.000000|0.000000|0.000000,3,76955705344.000000,N/A,5
MOGP_GENERATIONAL,c3af5778-f039-11f0-a447-6e001b3eef54,Boston,74,86,8.881513|3.000000|0.000000|0.000000|0.000000,3.4643778800964355,3.0,10.221743|3.000000|0.000000|0.000000|0.000000,8.617984|7.000000|1.000000|0.000000|0.000000,10.277078|7.000000|1.000000|0.000000|0.000000,7,88591294464.000000,N/A,5
MOGP_GENERATIONAL,c3af5778-f039-11f0-a447-6e001b3eef54,Boston,74,87,8.881513|3.000000|0.000000|0.000000|0.000000,3.3785648345947266,3.0,10.221743|3.000000|0.000000|0.000000|0.000000,8.881513|3.000000|0.000000|0.000000|0.000000,10.221743|3.000000|0.000000|0.000000|0.000000,3,109140041728.000000,N/A,5
MOGP_GENERATIONAL,c3af5778-f039-11f0-a447-6e001b3eef54,Boston,74,88,8.881513|3.000000|0.000000|0.000000|0.000000,3.428905963897705,3.0,10.221743|3.000000|0.000000|0.000000|0.000000,8.881513|3.000000|0.000000|0.000000|0.000000,10.221743|3.000000|0.000000|0.000000|0.000000,3,81986928640.000000,N/A,5
MOGP_GENERATIONAL,c3af5778-f039-11f0-a447-6e001b3eef54,Boston,74,89,8.881513|3.000000|0.000000|0.000000|0.000000,3.514108896255493,3.0,10.221743|3.000000|0.000000|0.000000|0.000000,8.617984|7.000000|1.000000|0.000000|0.000000,10.277078|7.000000|1.000000|0.000000|0.000000,7,126821236736.000000,N/A,5
MOGP_GENERATIONAL,c3af5778-f039-11f0-a447-6e001b3eef54,Boston,74,90,8.881513|3.000000|0.000000|0.000000|0.000000,3.2820370197296143,3.0,10.221743|3.000000|0.000000|0.000000|0.000000,8.881513|3.000000|0.000000|0.000000|0.000000,10.221743|3.000000|0.000000|0.000000|0.000000,3,16413539328.000000,N/A,5
MOGP_GENERATIONAL,c3af5778-f039-11f0-a447-6e001b3eef54,Boston,74,91,8.881513|3.000000|0.000000|0.000000|0.000000,3.604559898376465,3.0,10.221743|3.000000|0.000000|0.000000|0.000000,8.881513|3.000000|0.000000|0.000000|0.000000,10.221743|3.000000|0.000000|0.000000|0.000000,3,70976585728.000000,N/A,5
MOGP_GENERATIONAL,c3af5778-f039-11f0-a447-6e001b3eef54,Boston,74,92,8.881513|3.000000|0.000000|0.000000|0.000000,3.399277925491333,3.0,10.221743|3.000000|0.000000|0.000000|0.000000,8.881513|3.000000|0.000000|0.000000|0.000000,10.221743|3.000000|0.000000|0.000000|0.000000,3,66997977088.000000,N/A,5
MOGP_GENERATIONAL,c3af5778-f039-11f0-a447-6e001b3eef54,Boston,74,93,8.881513|3.000000|0.000000|0.000000|0.000000,3.4280588626861572,3.0,10.221743|3.000000|0.000000|0.000000|0.000000,8.881513|3.000000|0.000000|0.000000|0.000000,10.221743|3.000000|0.000000|0.000000|0.000000,3,89980452864.000000,N/A,5
MOGP_GENERATIONAL,c3af5778-f039-11f0-a447-6e001b3eef54,Boston,74,94,8.881513|3.000000|0.000000|0.000000|0.000000,3.516524076461792,3.0,10.221743|3.000000|0.000000|0.000000|0.000000,8.665515|7.000000|1.000000|0.000000|0.000000,10.220948|7.000000|1.000000|0.000000|0.000000,7,84868464640.000000,N/A,5
MOGP_GENERATIONAL,c3af5778-f039-11f0-a447-6e001b3eef54,Boston,74,95,8.881513|3.000000|0.000000|0.000000|0.000000,3.431058883666992,3.0,10.221743|3.000000|0.000000|0.000000|0.000000,8.881513|3.000000|0.000000|0.000000|0.000000,10.221743|3.000000|0.000000|0.000000|0.000000,3,87084974080.000000,N/A,5
MOGP_GENERATIONAL,c3af5778-f039-11f0-a447-6e001b3eef54,Boston,74,96,8.881513|3.000000|0.000000|0.000000|0.000000,3.6031410694122314,3.0,10.221743|3.000000|0.000000|0.000000|0.000000,8.881513|3.000000|0.000000|0.000000|0.000000,10.221743|3.000000|0.000000|0.000000|0.000000,3,78423883776.000000,N/A,5
MOGP_GENERATIONAL,c3af5778-f039-11f0-a447-6e001b3eef54,Boston,74,97,8.881513|3.000000|0.000000|0.000000|0.000000,3.3339829444885254,3.0,10.221743|3.000000|0.000000|0.000000|0.000000,8.180543|7.000000|2.000000|0.000000|0.000000,9.666581|7.000000|2.000000|0.000000|0.000000,7,81608548352.000000,N/A,5
MOGP_GENERATIONAL,c3af5778-f039-11f0-a447-6e001b3eef54,Boston,74,98,8.881513|3.000000|0.000000|0.000000|0.000000,3.385028123855591,3.0,10.221743|3.000000|0.000000|0.000000|0.000000,8.739208|15.000000|0.000000|2.000000|0.000000,10.161517|15.000000|0.000000|2.000000|0.000000,15,81070972928.000000,N/A,5
MOGP_GENERATIONAL,c3af5778-f039-11f0-a447-6e001b3eef54,Boston,74,99,8.881513|3.000000|0.000000|0.000000|0.000000,3.488297939300537,3.0,10.221743|3.000000|0.000000|0.000000|0.000000,8.787183|15.000000|2.000000|2.000000|0.000000,9.686577|15.000000|2.000000|2.000000|0.000000,15,83930259456.000000,N/A,5
MOGP_GENERATIONAL,c3af5778-f039-11f0-a447-6e001b3eef54,Boston,74,100,8.881513|3.000000|0.000000|0.000000|0.000000,3.5526657104492188,3.0,10.221743|3.000000|0.000000|0.000000|0.000000,8.881513|3.000000|0.000000|0.000000|0.000000,10.221743|3.000000|0.000000|0.000000|0.000000,3,100055621632.000000,N/A,5
MOGP_GENERATIONAL,c3af5778-f039-11f0-a447-6e001b3eef54,Boston,74,101,8.881513|3.000000|0.000000|0.000000|0.000000,3.4579529762268066,3.0,10.221743|3.000000|0.000000|0.000000|0.000000,8.881513|3.000000|0.000000|0.000000|0.000000,10.221743|3.000000|0.000000|0.000000|0.000000,3,48026583040.000000,N/A,5
MOGP_GENERATIONAL,c3af5778-f039-11f0-a447-6e001b3eef54,Boston,74,102,8.881513|3.000000|0.000000|0.000000|0.000000,3.486340045928955,3.0,10.221743|3.000000|0.000000|0.000000|0.000000,8.881513|3.000000|0.000000|0.000000|0.000000,10.221743|3.000000|0.000000|0.000000|0.000000,3,109180231680.000000,N/A,5
MOGP_GENERATIONAL,c3af5778-f039-11f0-a447-6e001b3eef54,Boston,74,103,8.881513|3.000000|0.000000|0.000000|0.000000,3.522002935409546,3.0,10.221743|3.000000|0.000000|0.000000|0.000000,8.881513|3.000000|0.000000|0.000000|0.000000,10.221743|3.000000|0.000000|0.000000|0.000000,3,96650133504.000000,N/A,5
MOGP_GENERATIONAL,c3af5778-f039-11f0-a447-6e001b3eef54,Boston,74,104,8.881513|3.000000|0.000000|0.000000|0.000000,3.558032989501953,3.0,10.221743|3.000000|0.000000|0.000000|0.000000,8.881513|3.000000|0.000000|0.000000|0.000000,10.221743|3.000000|0.000000|0.000000|0.000000,3,66588286976.000000,N/A,5
MOGP_GENERATIONAL,c3af5778-f039-11f0-a447-6e001b3eef54,Boston,74,105,8.881513|3.000000|0.000000|0.000000|0.000000,3.3782248497009277,3.0,10.221743|3.000000|0.000000|0.000000|0.000000,8.881513|3.000000|0.000000|0.000000|0.000000,10.221743|3.000000|0.000000|0.000000|0.000000,3,113873764352.000000,N/A,5
MOGP_GENERATIONAL,c3af5778-f039-11f0-a447-6e001b3eef54,Boston,74,106,8.881513|3.000000|0.000000|0.000000|0.000000,3.371273994445801,3.0,10.221743|3.000000|0.000000|0.000000|0.000000,8.180543|7.000000|2.000000|0.000000|0.000000,9.666581|7.000000|2.000000|0.000000|0.000000,7,1584.687744,N/A,5
MOGP_GENERATIONAL,c3af5778-f039-11f0-a447-6e001b3eef54,Boston,74,107,8.881513|3.000000|0.000000|0.000000|0.000000,3.5675320625305176,3.0,10.221743|3.000000|0.000000|0.000000|0.000000,8.881513|3.000000|0.000000|0.000000|0.000000,10.221743|3.000000|0.000000|0.000000|0.000000,3,76900401152.000000,N/A,5
MOGP_GENERATIONAL,c3af5778-f039-11f0-a447-6e001b3eef54,Boston,74,108,8.881513|3.000000|0.000000|0.000000|0.000000,3.5257110595703125,3.0,10.221743|3.000000|0.000000|0.000000|0.000000,8.180543|7.000000|2.000000|0.000000|0.000000,9.666581|7.000000|2.000000|0.000000|0.000000,7,92187009024.000000,N/A,5
MOGP_GENERATIONAL,c3af5778-f039-11f0-a447-6e001b3eef54,Boston,74,109,8.881513|3.000000|0.000000|0.000000|0.000000,3.308830976486206,3.0,10.221743|3.000000|0.000000|0.000000|0.000000,8.881513|3.000000|0.000000|0.000000|0.000000,10.221743|3.000000|0.000000|0.000000|0.000000,3,92921364480.000000,N/A,5
MOGP_GENERATIONAL,c3af5778-f039-11f0-a447-6e001b3eef54,Boston,74,110,8.881513|3.000000|0.000000|0.000000|0.000000,3.5385677814483643,3.0,10.221743|3.000000|0.000000|0.000000|0.000000,8.881513|3.000000|0.000000|0.000000|0.000000,10.221743|3.000000|0.000000|0.000000|0.000000,3,72234393600.000000,N/A,5
MOGP_GENERATIONAL,c3af5778-f039-11f0-a447-6e001b3eef54,Boston,74,111,8.881513|3.000000|0.000000|0.000000|0.000000,3.3580758571624756,3.0,10.221743|3.000000|0.000000|0.000000|0.000000,8.881513|3.000000|0.000000|0.000000|0.000000,10.221743|3.000000|0.000000|0.000000|0.000000,3,112679206912.000000,N/A,5
MOGP_GENERATIONAL,c3af5778-f039-11f0-a447-6e001b3eef54,Boston,74,112,8.881513|3.000000|0.000000|0.000000|0.000000,3.5013020038604736,3.0,10.221743|3.000000|0.000000|0.000000|0.000000,8.881513|3.000000|0.000000|0.000000|0.000000,10.221743|3.000000|0.000000|0.000000|0.000000,3,97129496576.000000,N/A,5
MOGP_GENERATIONAL,c3af5778-f039-11f0-a447-6e001b3eef54,Boston,74,113,8.881513|3.000000|0.000000|0.000000|0.000000,3.540092945098877,3.0,10.221743|3.000000|0.000000|0.000000|0.000000,8.881513|3.000000|0.000000|0.000000|0.000000,10.221743|3.000000|0.000000|0.000000|0.000000,3,80535896064.000000,N/A,5
MOGP_GENERATIONAL,c3af5778-f039-11f0-a447-6e001b3eef54,Boston,74,114,8.881513|3.000000|0.000000|0.000000|0.000000,3.4655399322509766,3.0,10.221743|3.000000|0.000000|0.000000|0.000000,8.881513|3.000000|0.000000|0.000000|0.000000,10.221743|3.000000|0.000000|0.000000|0.000000,3,59321548800.000000,N/A,5
MOGP_GENERATIONAL,c3af5778-f039-11f0-a447-6e001b3eef54,Boston,74,115,8.881513|3.000000|0.000000|0.000000|0.000000,3.446100950241089,3.0,10.221743|3.000000|0.000000|0.000000|0.000000,8.881513|3.000000|0.000000|0.000000|0.000000,10.221743|3.000000|0.000000|0.000000|0.000000,3,64999600128.000000,N/A,5
MOGP_GENERATIONAL,c3af5778-f039-11f0-a447-6e001b3eef54,Boston,74,116,8.881513|3.000000|0.000000|0.000000|0.000000,3.560873031616211,3.0,10.221743|3.000000|0.000000|0.000000|0.000000,7.702579|7.000000|1.000000|0.000000|0.000000,8.500995|7.000000|1.000000|0.000000|0.000000,7,84923523072.000000,N/A,5
MOGP_GENERATIONAL,c3af5778-f039-11f0-a447-6e001b3eef54,Boston,74,117,8.881513|3.000000|0.000000|0.000000|0.000000,3.374380111694336,3.0,10.221743|3.000000|0.000000|0.000000|0.000000,8.881513|3.000000|0.000000|0.000000|0.000000,10.221743|3.000000|0.000000|0.000000|0.000000,3,72660590592.000000,N/A,5
MOGP_GENERATIONAL,c3af5778-f039-11f0-a447-6e001b3eef54,Boston,74,118,8.881513|3.000000|0.000000|0.000000|0.000000,3.5174620151519775,3.0,10.221743|3.000000|0.000000|0.000000|0.000000,8.881513|3.000000|0.000000|0.000000|0.000000,10.221743|3.000000|0.000000|0.000000|0.000000,3,10754746368.000000,N/A,5
MOGP_GENERATIONAL,c3af5778-f039-11f0-a447-6e001b3eef54,Boston,74,119,8.881513|3.000000|0.000000|0.000000|0.000000,3.5767719745635986,3.0,10.221743|3.000000|0.000000|0.000000|0.000000,8.881513|3.000000|0.000000|0.000000|0.000000,10.221743|3.000000|0.000000|0.000000|0.000000,3,74622402560.000000,N/A,5
MOGP_GENERATIONAL,c3af5778-f039-11f0-a447-6e001b3eef54,Boston,74,120,8.881513|3.000000|0.000000|0.000000|0.000000,3.4569880962371826,3.0,10.221743|3.000000|0.000000|0.000000|0.000000,8.881513|3.000000|0.000000|0.000000|0.000000,10.221743|3.000000|0.000000|0.000000|0.000000,3,42023247872.000000,N/A,5
MOGP_GENERATIONAL,c3af5778-f039-11f0-a447-6e001b3eef54,Boston,74,121,8.881513|3.000000|0.000000|0.000000|0.000000,3.336866855621338,3.0,10.221743|3.000000|0.000000|0.000000|0.000000,8.881513|3.000000|0.000000|0.000000|0.000000,10.221743|3.000000|0.000000|0.000000|0.000000,3,94246363136.000000,N/A,5
MOGP_GENERATIONAL,c3af5778-f039-11f0-a447-6e001b3eef54,Boston,74,122,8.881513|3.000000|0.000000|0.000000|0.000000,3.5647737979888916,3.0,10.221743|3.000000|0.000000|0.000000|0.000000,8.788472|7.000000|1.000000|0.000000|0.000000,10.014409|7.000000|1.000000|0.000000|0.000000,7,91428429824.000000,N/A,5
MOGP_GENERATIONAL,c3af5778-f039-11f0-a447-6e001b3eef54,Boston,74,123,8.881513|3.000000|0.000000|0.000000|0.000000,3.359339952468872,3.0,10.221743|3.000000|0.000000|0.000000|0.000000,8.545556|7.000000|1.000000|0.000000|0.000000,10.335676|7.000000|1.000000|0.000000|0.000000,7,69704900608.000000,N/A,5
MOGP_GENERATIONAL,c3af5778-f039-11f0-a447-6e001b3eef54,Boston,74,124,8.881513|3.000000|0.000000|0.000000|0.000000,3.393212080001831,3.0,10.221743|3.000000|0.000000|0.000000|0.000000,8.881513|3.000000|0.000000|0.000000|0.000000,10.221743|3.000000|0.000000|0.000000|0.000000,3,57048559616.000000,N/A,5
MOGP_GENERATIONAL,c3af5778-f039-11f0-a447-6e001b3eef54,Boston,74,125,8.881513|3.000000|0.000000|0.000000|0.000000,3.4868619441986084,3.0,10.221743|3.000000|0.000000|0.000000|0.000000,8.665515|7.000000|1.000000|0.000000|0.000000,10.220948|7.000000|1.000000|0.000000|0.000000,7,88403976192.000000,N/A,5
MOGP_GENERATIONAL,c3af5778-f039-11f0-a447-6e001b3eef54,Boston,74,126,8.881513|3.000000|0.000000|0.000000|0.000000,3.4572720527648926,3.0,10.221743|3.000000|0.000000|0.000000|0.000000,8.881513|3.000000|0.000000|0.000000|0.000000,10.221743|3.000000|0.000000|0.000000|0.000000,3,81090699264.000000,N/A,5
MOGP_GENERATIONAL,c3af5778-f039-11f0-a447-6e001b3eef54,Boston,74,127,8.881513|3.000000|0.000000|0.000000|0.000000,3.5605790615081787,3.0,10.221743|3.000000|0.000000|0.000000|0.000000,8.881513|3.000000|0.000000|0.000000|0.000000,10.221743|3.000000|0.000000|0.000000|0.000000,3,56026087424.000000,N/A,5
MOGP_GENERATIONAL,c3af5778-f039-11f0-a447-6e001b3eef54,Boston,74,128,8.881513|3.000000|0.000000|0.000000|0.000000,3.5532190799713135,3.0,10.221743|3.000000|0.000000|0.000000|0.000000,8.881513|3.000000|0.000000|0.000000|0.000000,10.221743|3.000000|0.000000|0.000000|0.000000,3,88984682496.000000,N/A,5
MOGP_GENERATIONAL,c3af5778-f039-11f0-a447-6e001b3eef54,Boston,74,129,8.881513|3.000000|0.000000|0.000000|0.000000,3.607729911804199,3.0,10.221743|3.000000|0.000000|0.000000|0.000000,8.881513|3.000000|0.000000|0.000000|0.000000,10.221743|3.000000|0.000000|0.000000|0.000000,3,78625996800.000000,N/A,5
MOGP_GENERATIONAL,c3af5778-f039-11f0-a447-6e001b3eef54,Boston,74,130,8.881513|3.000000|0.000000|0.000000|0.000000,3.5234010219573975,3.0,10.221743|3.000000|0.000000|0.000000|0.000000,8.881513|3.000000|0.000000|0.000000|0.000000,10.221743|3.000000|0.000000|0.000000|0.000000,3,116116529152.000000,N/A,5
MOGP_GENERATIONAL,c3af5778-f039-11f0-a447-6e001b3eef54,Boston,74,131,8.881513|3.000000|0.000000|0.000000|0.000000,3.237874746322632,3.0,10.221743|3.000000|0.000000|0.000000|0.000000,8.881513|3.000000|0.000000|0.000000|0.000000,10.221743|3.000000|0.000000|0.000000|0.000000,3,109243604992.000000,N/A,5
MOGP_GENERATIONAL,c3af5778-f039-11f0-a447-6e001b3eef54,Boston,74,132,8.881513|3.000000|0.000000|0.000000|0.000000,3.431621789932251,3.0,10.221743|3.000000|0.000000|0.000000|0.000000,8.881513|3.000000|0.000000|0.000000|0.000000,10.221743|3.000000|0.000000|0.000000|0.000000,3,78871322624.000000,N/A,5
MOGP_GENERATIONAL,c3af5778-f039-11f0-a447-6e001b3eef54,Boston,74,133,8.881513|3.000000|0.000000|0.000000|0.000000,3.3809621334075928,3.0,10.221743|3.000000|0.000000|0.000000|0.000000,8.881513|3.000000|0.000000|0.000000|0.000000,10.221743|3.000000|0.000000|0.000000|0.000000,3,92098658304.000000,N/A,5
MOGP_GENERATIONAL,c3af5778-f039-11f0-a447-6e001b3eef54,Boston,74,134,8.881513|3.000000|0.000000|0.000000|0.000000,3.586113929748535,3.0,10.221743|3.000000|0.000000|0.000000|0.000000,8.881513|3.000000|0.000000|0.000000|0.000000,10.221743|3.000000|0.000000|0.000000|0.000000,3,87262052352.000000,N/A,5
MOGP_GENERATIONAL,c3af5778-f039-11f0-a447-6e001b3eef54,Boston,74,135,8.881513|3.000000|0.000000|0.000000|0.000000,3.581907272338867,3.0,10.221743|3.000000|0.000000|0.000000|0.000000,8.180543|11.000000|2.000000|0.000000|0.000000,9.666581|11.000000|2.000000|0.000000|0.000000,11,39605673984.000000,N/A,5
MOGP_GENERATIONAL,c3af5778-f039-11f0-a447-6e001b3eef54,Boston,74,136,8.881513|3.000000|0.000000|0.000000|0.000000,3.4777400493621826,3.0,10.221743|3.000000|0.000000|0.000000|0.000000,8.881513|3.000000|0.000000|0.000000|0.000000,10.221743|3.000000|0.000000|0.000000|0.000000,3,54312079360.000000,N/A,5
MOGP_GENERATIONAL,c3af5778-f039-11f0-a447-6e001b3eef54,Boston,74,137,8.881513|3.000000|0.000000|0.000000|0.000000,3.4922831058502197,3.0,10.221743|3.000000|0.000000|0.000000|0.000000,8.881513|3.000000|0.000000|0.000000|0.000000,10.221743|3.000000|0.000000|0.000000|0.000000,3,95984164864.000000,N/A,5
MOGP_GENERATIONAL,c3af5778-f039-11f0-a447-6e001b3eef54,Boston,74,138,8.881513|3.000000|0.000000|0.000000|0.000000,3.524411916732788,3.0,10.221743|3.000000|0.000000|0.000000|0.000000,8.617984|7.000000|1.000000|0.000000|0.000000,10.277078|7.000000|1.000000|0.000000|0.000000,7,75844452352.000000,N/A,5
MOGP_GENERATIONAL,c3af5778-f039-11f0-a447-6e001b3eef54,Boston,74,139,8.881513|3.000000|0.000000|0.000000|0.000000,3.560957193374634,3.0,10.221743|3.000000|0.000000|0.000000|0.000000,8.748910|7.000000|0.000000|0.000000|0.000000,10.183698|7.000000|0.000000|0.000000|0.000000,7,79694192640.000000,N/A,5
MOGP_GENERATIONAL,c3af5778-f039-11f0-a447-6e001b3eef54,Boston,74,140,8.881513|3.000000|0.000000|0.000000|0.000000,3.5300087928771973,3.0,10.221743|3.000000|0.000000|0.000000|0.000000,8.881513|3.000000|0.000000|0.000000|0.000000,10.221743|3.000000|0.000000|0.000000|0.000000,3,98840780800.000000,N/A,5
MOGP_GENERATIONAL,c3af5778-f039-11f0-a447-6e001b3eef54,Boston,74,141,8.881513|3.000000|0.000000|0.000000|0.000000,3.369802951812744,3.0,10.221743|3.000000|0.000000|0.000000|0.000000,8.881513|3.000000|0.000000|0.000000|0.000000,10.221743|3.000000|0.000000|0.000000|0.000000,3,76586713088.000000,N/A,5
MOGP_GENERATIONAL,c3af5778-f039-11f0-a447-6e001b3eef54,Boston,74,142,8.881513|3.000000|0.000000|0.000000|0.000000,3.3938350677490234,3.0,10.221743|3.000000|0.000000|0.000000|0.000000,8.881513|3.000000|0.000000|0.000000|0.000000,10.221743|3.000000|0.000000|0.000000|0.000000,3,97618526208.000000,N/A,5
MOGP_GENERATIONAL,c3af5778-f039-11f0-a447-6e001b3eef54,Boston,74,143,8.881513|3.000000|0.000000|0.000000|0.000000,3.488924264907837,3.0,10.221743|3.000000|0.000000|0.000000|0.000000,8.881513|3.000000|0.000000|0.000000|0.000000,10.221743|3.000000|0.000000|0.000000|0.000000,3,74734952448.000000,N/A,5
MOGP_GENERATIONAL,c3af5778-f039-11f0-a447-6e001b3eef54,Boston,74,144,8.881513|3.000000|0.000000|0.000000|0.000000,3.5415070056915283,3.0,10.221743|3.000000|0.000000|0.000000|0.000000,8.881513|3.000000|0.000000|0.000000|0.000000,10.221743|3.000000|0.000000|0.000000|0.000000,3,118965395456.000000,N/A,5
MOGP_GENERATIONAL,c3af5778-f039-11f0-a447-6e001b3eef54,Boston,74,145,8.881513|3.000000|0.000000|0.000000|0.000000,3.4490139484405518,3.0,10.221743|3.000000|0.000000|0.000000|0.000000,8.881513|3.000000|0.000000|0.000000|0.000000,10.221743|3.000000|0.000000|0.000000|0.000000,3,56245100544.000000,N/A,5
MOGP_GENERATIONAL,c3af5778-f039-11f0-a447-6e001b3eef54,Boston,74,146,8.881513|3.000000|0.000000|0.000000|0.000000,3.686004877090454,3.0,10.221743|3.000000|0.000000|0.000000|0.000000,8.881513|3.000000|0.000000|0.000000|0.000000,10.221743|3.000000|0.000000|0.000000|0.000000,3,83270221824.000000,N/A,5
MOGP_GENERATIONAL,c3af5778-f039-11f0-a447-6e001b3eef54,Boston,74,147,8.881513|3.000000|0.000000|0.000000|0.000000,3.528226852416992,3.0,10.221743|3.000000|0.000000|0.000000|0.000000,8.881513|3.000000|0.000000|0.000000|0.000000,10.221743|3.000000|0.000000|0.000000|0.000000,3,114824200192.000000,N/A,5
MOGP_GENERATIONAL,c3af5778-f039-11f0-a447-6e001b3eef54,Boston,74,148,8.881513|3.000000|0.000000|0.000000|0.000000,3.566851854324341,3.0,10.221743|3.000000|0.000000|0.000000|0.000000,8.881513|3.000000|0.000000|0.000000|0.000000,10.221743|3.000000|0.000000|0.000000|0.000000,3,88486469632.000000,N/A,5
MOGP_GENERATIONAL,c3af5778-f039-11f0-a447-6e001b3eef54,Boston,74,149,8.881513|3.000000|0.000000|0.000000|0.000000,3.472548007965088,3.0,10.221743|3.000000|0.000000|0.000000|0.000000,8.881513|3.000000|0.000000|0.000000|0.000000,10.221743|3.000000|0.000000|0.000000|0.000000,3,93124689920.000000,N/A,5
MOGP_GENERATIONAL,c3af5778-f039-11f0-a447-6e001b3eef54,Boston,74,150,8.881513|3.000000|0.000000|0.000000|0.000000,3.405797004699707,3.0,10.221743|3.000000|0.000000|0.000000|0.000000,8.881513|3.000000|0.000000|0.000000|0.000000,10.221743|3.000000|0.000000|0.000000|0.000000,3,64669052928.000000,N/A,5
MOGP_GENERATIONAL,c3af5778-f039-11f0-a447-6e001b3eef54,Boston,74,151,8.881513|3.000000|0.000000|0.000000|0.000000,3.5489342212677,3.0,10.221743|3.000000|0.000000|0.000000|0.000000,8.881513|3.000000|0.000000|0.000000|0.000000,10.221743|3.000000|0.000000|0.000000|0.000000,3,75209506816.000000,N/A,5
MOGP_GENERATIONAL,c3af5778-f039-11f0-a447-6e001b3eef54,Boston,74,152,8.881513|3.000000|0.000000|0.000000|0.000000,3.3850691318511963,3.0,10.221743|3.000000|0.000000|0.000000|0.000000,8.881513|3.000000|0.000000|0.000000|0.000000,10.221743|3.000000|0.000000|0.000000|0.000000,3,103097450496.000000,N/A,5
MOGP_GENERATIONAL,c3af5778-f039-11f0-a447-6e001b3eef54,Boston,74,153,8.881513|3.000000|0.000000|0.000000|0.000000,3.430687427520752,3.0,10.221743|3.000000|0.000000|0.000000|0.000000,8.881513|3.000000|0.000000|0.000000|0.000000,10.221743|3.000000|0.000000|0.000000|0.000000,3,78200676352.000000,N/A,5
MOGP_GENERATIONAL,c3af5778-f039-11f0-a447-6e001b3eef54,Boston,74,154,8.881513|3.000000|0.000000|0.000000|0.000000,3.3163857460021973,3.0,10.221743|3.000000|0.000000|0.000000|0.000000,8.881513|3.000000|0.000000|0.000000|0.000000,10.221743|3.000000|0.000000|0.000000|0.000000,3,94781587456.000000,N/A,5
MOGP_GENERATIONAL,c3af5778-f039-11f0-a447-6e001b3eef54,Boston,74,155,8.881513|3.000000|0.000000|0.000000|0.000000,3.402268886566162,3.0,10.221743|3.000000|0.000000|0.000000|0.000000,8.881513|3.000000|0.000000|0.000000|0.000000,10.221743|3.000000|0.000000|0.000000|0.000000,3,96596639744.000000,N/A,5
MOGP_GENERATIONAL,c3af5778-f039-11f0-a447-6e001b3eef54,Boston,74,156,8.881513|3.000000|0.000000|0.000000|0.000000,3.3789379596710205,3.0,10.221743|3.000000|0.000000|0.000000|0.000000,8.881513|3.000000|0.000000|0.000000|0.000000,10.221743|3.000000|0.000000|0.000000|0.000000,3,55879356416.000000,N/A,5
MOGP_GENERATIONAL,c3af5778-f039-11f0-a447-6e001b3eef54,Boston,74,157,8.881513|3.000000|0.000000|0.000000|0.000000,3.4690818786621094,3.0,10.221743|3.000000|0.000000|0.000000|0.000000,8.881513|3.000000|0.000000|0.000000|0.000000,10.221743|3.000000|0.000000|0.000000|0.000000,3,68976771072.000000,N/A,5
MOGP_GENERATIONAL,c3af5778-f039-11f0-a447-6e001b3eef54,Boston,74,158,8.881513|3.000000|0.000000|0.000000|0.000000,3.5782010555267334,3.0,10.221743|3.000000|0.000000|0.000000|0.000000,8.881513|3.000000|0.000000|0.000000|0.000000,10.221743|3.000000|0.000000|0.000000|0.000000,3,90877632512.000000,N/A,5
MOGP_GENERATIONAL,c3af5778-f039-11f0-a447-6e001b3eef54,Boston,74,159,8.881513|3.000000|0.000000|0.000000|0.000000,3.4640958309173584,3.0,10.221743|3.000000|0.000000|0.000000|0.000000,8.881513|3.000000|0.000000|0.000000|0.000000,10.221743|3.000000|0.000000|0.000000|0.000000,3,43312283648.000000,N/A,5
MOGP_GENERATIONAL,c3af5778-f039-11f0-a447-6e001b3eef54,Boston,74,160,8.881513|3.000000|0.000000|0.000000|0.000000,3.561591625213623,3.0,10.221743|3.000000|0.000000|0.000000|0.000000,8.881513|3.000000|0.000000|0.000000|0.000000,10.221743|3.000000|0.000000|0.000000|0.000000,3,123177345024.000000,N/A,5
MOGP_GENERATIONAL,c3af5778-f039-11f0-a447-6e001b3eef54,Boston,74,161,8.881513|3.000000|0.000000|0.000000|0.000000,3.3867242336273193,3.0,10.221743|3.000000|0.000000|0.000000|0.000000,7.702579|7.000000|1.000000|0.000000|0.000000,8.500995|7.000000|1.000000|0.000000|0.000000,7,56993300480.000000,N/A,5
MOGP_GENERATIONAL,c3af5778-f039-11f0-a447-6e001b3eef54,Boston,74,162,8.881513|3.000000|0.000000|0.000000|0.000000,3.4937946796417236,3.0,10.221743|3.000000|0.000000|0.000000|0.000000,8.881513|3.000000|0.000000|0.000000|0.000000,10.221743|3.000000|0.000000|0.000000|0.000000,3,72750383104.000000,N/A,5
MOGP_GENERATIONAL,c3af5778-f039-11f0-a447-6e001b3eef54,Boston,74,163,8.881513|3.000000|0.000000|0.000000|0.000000,3.596364974975586,3.0,10.221743|3.000000|0.000000|0.000000|0.000000,8.788472|7.000000|1.000000|0.000000|0.000000,10.014409|7.000000|1.000000|0.000000|0.000000,7,109782818816.000000,N/A,5
MOGP_GENERATIONAL,c3af5778-f039-11f0-a447-6e001b3eef54,Boston,74,164,8.881513|3.000000|0.000000|0.000000|0.000000,3.477509021759033,3.0,10.221743|3.000000|0.000000|0.000000|0.000000,8.881513|3.000000|0.000000|0.000000|0.000000,10.221743|3.000000|0.000000|0.000000|0.000000,3,90789453824.000000,N/A,5
MOGP_GENERATIONAL,c3af5778-f039-11f0-a447-6e001b3eef54,Boston,74,165,8.881513|3.000000|0.000000|0.000000|0.000000,3.4932522773742676,3.0,10.221743|3.000000|0.000000|0.000000|0.000000,8.881513|3.000000|0.000000|0.000000|0.000000,10.221743|3.000000|0.000000|0.000000|0.000000,3,94902845440.000000,N/A,5
MOGP_GENERATIONAL,c3af5778-f039-11f0-a447-6e001b3eef54,Boston,74,166,8.881513|3.000000|0.000000|0.000000|0.000000,3.4578280448913574,3.0,10.221743|3.000000|0.000000|0.000000|0.000000,8.881513|3.000000|0.000000|0.000000|0.000000,10.221743|3.000000|0.000000|0.000000|0.000000,3,77940137984.000000,N/A,5
MOGP_GENERATIONAL,c3af5778-f039-11f0-a447-6e001b3eef54,Boston,74,167,8.881513|3.000000|0.000000|0.000000|0.000000,3.521682024002075,3.0,10.221743|3.000000|0.000000|0.000000|0.000000,8.180543|7.000000|2.000000|0.000000|0.000000,9.666581|7.000000|2.000000|0.000000|0.000000,7,75491311616.000000,N/A,5
MOGP_GENERATIONAL,c3af5778-f039-11f0-a447-6e001b3eef54,Boston,74,168,8.881513|3.000000|0.000000|0.000000|0.000000,3.4414100646972656,3.0,10.221743|3.000000|0.000000|0.000000|0.000000,8.881513|3.000000|0.000000|0.000000|0.000000,10.221743|3.000000|0.000000|0.000000|0.000000,3,65080430592.000000,N/A,5
MOGP_GENERATIONAL,c3af5778-f039-11f0-a447-6e001b3eef54,Boston,74,169,8.881513|3.000000|0.000000|0.000000|0.000000,3.3665599822998047,3.0,10.221743|3.000000|0.000000|0.000000|0.000000,7.899871|7.000000|1.000000|0.000000|0.000000,9.084763|7.000000|1.000000|0.000000|0.000000,7,57701613568.000000,N/A,5
MOGP_GENERATIONAL,c3af5778-f039-11f0-a447-6e001b3eef54,Boston,74,170,8.881513|3.000000|0.000000|0.000000|0.000000,3.589322090148926,3.0,10.221743|3.000000|0.000000|0.000000|0.000000,8.881513|3.000000|0.000000|0.000000|0.000000,10.221743|3.000000|0.000000|0.000000|0.000000,3,77577183232.000000,N/A,5
MOGP_GENERATIONAL,c3af5778-f039-11f0-a447-6e001b3eef54,Boston,74,171,8.881513|3.000000|0.000000|0.000000|0.000000,3.515403985977173,3.0,10.221743|3.000000|0.000000|0.000000|0.000000,8.881513|3.000000|0.000000|0.000000|0.000000,10.221743|3.000000|0.000000|0.000000|0.000000,3,67610161152.000000,N/A,5
MOGP_GENERATIONAL,c3af5778-f039-11f0-a447-6e001b3eef54,Boston,74,172,8.881513|3.000000|0.000000|0.000000|0.000000,3.44600510597229,3.0,10.221743|3.000000|0.000000|0.000000|0.000000,8.881513|3.000000|0.000000|0.000000|0.000000,10.221743|3.000000|0.000000|0.000000|0.000000,3,101654069248.000000,N/A,5
MOGP_GENERATIONAL,c3af5778-f039-11f0-a447-6e001b3eef54,Boston,74,173,8.881513|3.000000|0.000000|0.000000|0.000000,3.4123971462249756,3.0,10.221743|3.000000|0.000000|0.000000|0.000000,8.881513|3.000000|0.000000|0.000000|0.000000,10.221743|3.000000|0.000000|0.000000|0.000000,3,98628517888.000000,N/A,5
MOGP_GENERATIONAL,c3af5778-f039-11f0-a447-6e001b3eef54,Boston,74,174,8.881513|3.000000|0.000000|0.000000|0.000000,3.4591822624206543,3.0,10.221743|3.000000|0.000000|0.000000|0.000000,8.881513|3.000000|0.000000|0.000000|0.000000,10.221743|3.000000|0.000000|0.000000|0.000000,3,95969288192.000000,N/A,5
MOGP_GENERATIONAL,c3af5778-f039-11f0-a447-6e001b3eef54,Boston,74,175,8.881513|3.000000|0.000000|0.000000|0.000000,3.5227251052856445,3.0,10.221743|3.000000|0.000000|0.000000|0.000000,8.881513|3.000000|0.000000|0.000000|0.000000,10.221743|3.000000|0.000000|0.000000|0.000000,3,62178586624.000000,N/A,5
MOGP_GENERATIONAL,c3af5778-f039-11f0-a447-6e001b3eef54,Boston,74,176,8.881513|3.000000|0.000000|0.000000|0.000000,3.6558289527893066,3.0,10.221743|3.000000|0.000000|0.000000|0.000000,8.881513|3.000000|0.000000|0.000000|0.000000,10.221743|3.000000|0.000000|0.000000|0.000000,3,97114275840.000000,N/A,5
MOGP_GENERATIONAL,c3af5778-f039-11f0-a447-6e001b3eef54,Boston,74,177,8.881513|3.000000|0.000000|0.000000|0.000000,3.396761178970337,3.0,10.221743|3.000000|0.000000|0.000000|0.000000,6.747207|7.000000|2.000000|0.000000|0.000000,7.856406|7.000000|2.000000|0.000000|0.000000,7,87592534016.000000,N/A,5
MOGP_GENERATIONAL,c3af5778-f039-11f0-a447-6e001b3eef54,Boston,74,178,8.881513|3.000000|0.000000|0.000000|0.000000,3.4095749855041504,3.0,10.221743|3.000000|0.000000|0.000000|0.000000,8.881513|3.000000|0.000000|0.000000|0.000000,10.221743|3.000000|0.000000|0.000000|0.000000,3,55779614720.000000,N/A,5
MOGP_GENERATIONAL,c3af5778-f039-11f0-a447-6e001b3eef54,Boston,74,179,8.881513|3.000000|0.000000|0.000000|0.000000,3.296645164489746,3.0,10.221743|3.000000|0.000000|0.000000|0.000000,8.881513|3.000000|0.000000|0.000000|0.000000,10.221743|3.000000|0.000000|0.000000|0.000000,3,78342823936.000000,N/A,5
MOGP_GENERATIONAL,c3af5778-f039-11f0-a447-6e001b3eef54,Boston,74,180,8.881513|3.000000|0.000000|0.000000|0.000000,3.372745990753174,3.0,10.221743|3.000000|0.000000|0.000000|0.000000,8.881513|3.000000|0.000000|0.000000|0.000000,10.221743|3.000000|0.000000|0.000000|0.000000,3,109265543168.000000,N/A,5
MOGP_GENERATIONAL,c3af5778-f039-11f0-a447-6e001b3eef54,Boston,74,181,8.881513|3.000000|0.000000|0.000000|0.000000,3.4480159282684326,3.0,10.221743|3.000000|0.000000|0.000000|0.000000,8.180543|7.000000|2.000000|0.000000|0.000000,9.666581|7.000000|2.000000|0.000000|0.000000,7,59434815488.000000,N/A,5
MOGP_GENERATIONAL,c3af5778-f039-11f0-a447-6e001b3eef54,Boston,74,182,8.881513|3.000000|0.000000|0.000000|0.000000,3.6026229858398438,3.0,10.221743|3.000000|0.000000|0.000000|0.000000,8.881513|3.000000|0.000000|0.000000|0.000000,10.221743|3.000000|0.000000|0.000000|0.000000,3,64134160384.000000,N/A,5
MOGP_GENERATIONAL,c3af5778-f039-11f0-a447-6e001b3eef54,Boston,74,183,8.881513|3.000000|0.000000|0.000000|0.000000,3.484812021255493,3.0,10.221743|3.000000|0.000000|0.000000|0.000000,8.113113|7.000000|1.000000|0.000000|0.000000,9.349366|7.000000|1.000000|0.000000|0.000000,7,99116474368.000000,N/A,5
MOGP_GENERATIONAL,c3af5778-f039-11f0-a447-6e001b3eef54,Boston,74,184,8.881513|3.000000|0.000000|0.000000|0.000000,3.3675620555877686,3.0,10.221743|3.000000|0.000000|0.000000|0.000000,8.881513|3.000000|0.000000|0.000000|0.000000,10.221743|3.000000|0.000000|0.000000|0.000000,3,108771770368.000000,N/A,5
MOGP_GENERATIONAL,c3af5778-f039-11f0-a447-6e001b3eef54,Boston,74,185,8.881513|3.000000|0.000000|0.000000|0.000000,3.307581901550293,3.0,10.221743|3.000000|0.000000|0.000000|0.000000,8.881513|3.000000|0.000000|0.000000|0.000000,10.221743|3.000000|0.000000|0.000000|0.000000,3,108075941888.000000,N/A,5
MOGP_GENERATIONAL,c3af5778-f039-11f0-a447-6e001b3eef54,Boston,74,186,8.881513|3.000000|0.000000|0.000000|0.000000,3.357832908630371,3.0,10.221743|3.000000|0.000000|0.000000|0.000000,8.881513|3.000000|0.000000|0.000000|0.000000,10.221743|3.000000|0.000000|0.000000|0.000000,3,62197571584.000000,N/A,5
MOGP_GENERATIONAL,c3af5778-f039-11f0-a447-6e001b3eef54,Boston,74,187,8.881513|3.000000|0.000000|0.000000|0.000000,3.4676811695098877,3.0,10.221743|3.000000|0.000000|0.000000|0.000000,8.881513|3.000000|0.000000|0.000000|0.000000,10.221743|3.000000|0.000000|0.000000|0.000000,3,90341826560.000000,N/A,5
MOGP_GENERATIONAL,c3af5778-f039-11f0-a447-6e001b3eef54,Boston,74,188,8.881513|3.000000|0.000000|0.000000|0.000000,3.3927807807922363,3.0,10.221743|3.000000|0.000000|0.000000|0.000000,8.881513|3.000000|0.000000|0.000000|0.000000,10.221743|3.000000|0.000000|0.000000|0.000000,3,84005756928.000000,N/A,5
MOGP_GENERATIONAL,c3af5778-f039-11f0-a447-6e001b3eef54,Boston,74,189,8.881513|3.000000|0.000000|0.000000|0.000000,3.425588846206665,3.0,10.221743|3.000000|0.000000|0.000000|0.000000,8.881513|3.000000|0.000000|0.000000|0.000000,10.221743|3.000000|0.000000|0.000000|0.000000,3,74505191424.000000,N/A,5
MOGP_GENERATIONAL,c3af5778-f039-11f0-a447-6e001b3eef54,Boston,74,190,8.881513|3.000000|0.000000|0.000000|0.000000,3.4174768924713135,3.0,10.221743|3.000000|0.000000|0.000000|0.000000,8.881513|3.000000|0.000000|0.000000|0.000000,10.221743|3.000000|0.000000|0.000000|0.000000,3,81177935872.000000,N/A,5
MOGP_GENERATIONAL,c3af5778-f039-11f0-a447-6e001b3eef54,Boston,74,191,8.881513|3.000000|0.000000|0.000000|0.000000,3.497562885284424,3.0,10.221743|3.000000|0.000000|0.000000|0.000000,8.881513|3.000000|0.000000|0.000000|0.000000,10.221743|3.000000|0.000000|0.000000|0.000000,3,100194787328.000000,N/A,5
MOGP_GENERATIONAL,c3af5778-f039-11f0-a447-6e001b3eef54,Boston,74,192,8.881513|3.000000|0.000000|0.000000|0.000000,3.4027349948883057,3.0,10.221743|3.000000|0.000000|0.000000|0.000000,8.881513|3.000000|0.000000|0.000000|0.000000,10.221743|3.000000|0.000000|0.000000|0.000000,3,74605486080.000000,N/A,5
MOGP_GENERATIONAL,c3af5778-f039-11f0-a447-6e001b3eef54,Boston,74,193,8.881513|3.000000|0.000000|0.000000|0.000000,3.4904069900512695,3.0,10.221743|3.000000|0.000000|0.000000|0.000000,8.881513|3.000000|0.000000|0.000000|0.000000,10.221743|3.000000|0.000000|0.000000|0.000000,3,63927353344.000000,N/A,5
MOGP_GENERATIONAL,c3af5778-f039-11f0-a447-6e001b3eef54,Boston,74,194,8.881513|3.000000|0.000000|0.000000|0.000000,3.4799981117248535,3.0,10.221743|3.000000|0.000000|0.000000|0.000000,8.881513|3.000000|0.000000|0.000000|0.000000,10.221743|3.000000|0.000000|0.000000|0.000000,3,102051667968.000000,N/A,5
MOGP_GENERATIONAL,c3af5778-f039-11f0-a447-6e001b3eef54,Boston,74,195,8.881513|3.000000|0.000000|0.000000|0.000000,3.536381244659424,3.0,10.221743|3.000000|0.000000|0.000000|0.000000,8.881513|3.000000|0.000000|0.000000|0.000000,10.221743|3.000000|0.000000|0.000000|0.000000,3,24040820736.000000,N/A,5
MOGP_GENERATIONAL,c3af5778-f039-11f0-a447-6e001b3eef54,Boston,74,196,8.881513|3.000000|0.000000|0.000000|0.000000,3.4342100620269775,3.0,10.221743|3.000000|0.000000|0.000000|0.000000,8.881513|3.000000|0.000000|0.000000|0.000000,10.221743|3.000000|0.000000|0.000000|0.000000,3,96935256064.000000,N/A,5
MOGP_GENERATIONAL,c3af5778-f039-11f0-a447-6e001b3eef54,Boston,74,197,8.881513|3.000000|0.000000|0.000000|0.000000,3.4988489151000977,3.0,10.221743|3.000000|0.000000|0.000000|0.000000,8.881513|3.000000|0.000000|0.000000|0.000000,10.221743|3.000000|0.000000|0.000000|0.000000,3,96674455552.000000,N/A,5
MOGP_GENERATIONAL,c3af5778-f039-11f0-a447-6e001b3eef54,Boston,74,198,8.881513|3.000000|0.000000|0.000000|0.000000,3.4353249073028564,3.0,10.221743|3.000000|0.000000|0.000000|0.000000,8.881513|3.000000|0.000000|0.000000|0.000000,10.221743|3.000000|0.000000|0.000000|0.000000,3,78641127424.000000,N/A,5
MOGP_GENERATIONAL,c3af5778-f039-11f0-a447-6e001b3eef54,Boston,74,199,8.881513|3.000000|0.000000|0.000000|0.000000,3.588251829147339,3.0,10.221743|3.000000|0.000000|0.000000|0.000000,8.881513|3.000000|0.000000|0.000000|0.000000,10.221743|3.000000|0.000000|0.000000|0.000000,3,101654102016.000000,N/A,5
MOGP_GENERATIONAL,c3af5778-f039-11f0-a447-6e001b3eef54,Boston,74,200,8.881513|3.000000|0.000000|0.000000|0.000000,3.428557872772217,3.0,10.221743|3.000000|0.000000|0.000000|0.000000,8.180543|7.000000|2.000000|0.000000|0.000000,9.666581|7.000000|2.000000|0.000000|0.000000,7,82601869312.000000,N/A,5
MOGP_GENERATIONAL,c3af5778-f039-11f0-a447-6e001b3eef54,Boston,74,201,8.881513|3.000000|0.000000|0.000000|0.000000,3.6085550785064697,3.0,10.221743|3.000000|0.000000|0.000000|0.000000,8.113113|7.000000|1.000000|0.000000|0.000000,9.349366|7.000000|1.000000|0.000000|0.000000,7,85826871296.000000,N/A,5
MOGP_GENERATIONAL,c3af5778-f039-11f0-a447-6e001b3eef54,Boston,74,202,8.881513|3.000000|0.000000|0.000000|0.000000,3.515424966812134,3.0,10.221743|3.000000|0.000000|0.000000|0.000000,8.881513|3.000000|0.000000|0.000000|0.000000,10.221743|3.000000|0.000000|0.000000|0.000000,3,106404495360.000000,N/A,5
MOGP_GENERATIONAL,c3af5778-f039-11f0-a447-6e001b3eef54,Boston,74,203,8.881513|3.000000|0.000000|0.000000|0.000000,3.527996063232422,3.0,10.221743|3.000000|0.000000|0.000000|0.000000,8.881513|3.000000|0.000000|0.000000|0.000000,10.221743|3.000000|0.000000|0.000000|0.000000,3,60489760768.000000,N/A,5
MOGP_GENERATIONAL,c3af5778-f039-11f0-a447-6e001b3eef54,Boston,74,204,8.881513|3.000000|0.000000|0.000000|0.000000,3.469188928604126,3.0,10.221743|3.000000|0.000000|0.000000|0.000000,8.881513|3.000000|0.000000|0.000000|0.000000,10.221743|3.000000|0.000000|0.000000|0.000000,3,50085232640.000000,N/A,5
MOGP_GENERATIONAL,c3af5778-f039-11f0-a447-6e001b3eef54,Boston,74,205,8.881513|3.000000|0.000000|0.000000|0.000000,3.489938974380493,3.0,10.221743|3.000000|0.000000|0.000000|0.000000,7.702579|7.000000|1.000000|0.000000|0.000000,8.500995|7.000000|1.000000|0.000000|0.000000,7,89668960256.000000,N/A,5
MOGP_GENERATIONAL,c3af5778-f039-11f0-a447-6e001b3eef54,Boston,74,206,8.881513|3.000000|0.000000|0.000000|0.000000,3.4688661098480225,3.0,10.221743|3.000000|0.000000|0.000000|0.000000,8.881513|3.000000|0.000000|0.000000|0.000000,10.221743|3.000000|0.000000|0.000000|0.000000,3,75370979328.000000,N/A,5
MOGP_GENERATIONAL,c3af5778-f039-11f0-a447-6e001b3eef54,Boston,74,207,8.881513|3.000000|0.000000|0.000000|0.000000,3.4267771244049072,3.0,10.221743|3.000000|0.000000|0.000000|0.000000,8.881513|3.000000|0.000000|0.000000|0.000000,10.221743|3.000000|0.000000|0.000000|0.000000,3,80298213376.000000,N/A,5
MOGP_GENERATIONAL,c3af5778-f039-11f0-a447-6e001b3eef54,Boston,74,208,8.881513|3.000000|0.000000|0.000000|0.000000,3.3722009658813477,3.0,10.221743|3.000000|0.000000|0.000000|0.000000,8.881513|3.000000|0.000000|0.000000|0.000000,10.221743|3.000000|0.000000|0.000000|0.000000,3,72244068352.000000,N/A,5
MOGP_GENERATIONAL,c3af5778-f039-11f0-a447-6e001b3eef54,Boston,74,209,8.881513|3.000000|0.000000|0.000000|0.000000,3.4149510860443115,3.0,10.221743|3.000000|0.000000|0.000000|0.000000,8.881513|3.000000|0.000000|0.000000|0.000000,10.221743|3.000000|0.000000|0.000000|0.000000,3,80129687552.000000,N/A,5
MOGP_GENERATIONAL,c3af5778-f039-11f0-a447-6e001b3eef54,Boston,74,210,8.881513|3.000000|0.000000|0.000000|0.000000,3.4640798568725586,3.0,10.221743|3.000000|0.000000|0.000000|0.000000,8.881513|3.000000|0.000000|0.000000|0.000000,10.221743|3.000000|0.000000|0.000000|0.000000,3,64407490560.000000,N/A,5
MOGP_GENERATIONAL,c3af5778-f039-11f0-a447-6e001b3eef54,Boston,74,211,8.881513|3.000000|0.000000|0.000000|0.000000,3.412749767303467,3.0,10.221743|3.000000|0.000000|0.000000|0.000000,8.881513|3.000000|0.000000|0.000000|0.000000,10.221743|3.000000|0.000000|0.000000|0.000000,3,73021046784.000000,N/A,5
MOGP_GENERATIONAL,c3af5778-f039-11f0-a447-6e001b3eef54,Boston,74,212,8.881513|3.000000|0.000000|0.000000|0.000000,3.51430606842041,3.0,10.221743|3.000000|0.000000|0.000000|0.000000,8.881513|3.000000|0.000000|0.000000|0.000000,10.221743|3.000000|0.000000|0.000000|0.000000,3,45666861056.000000,N/A,5
MOGP_GENERATIONAL,c3af5778-f039-11f0-a447-6e001b3eef54,Boston,74,213,8.881513|3.000000|0.000000|0.000000|0.000000,3.4038920402526855,3.0,10.221743|3.000000|0.000000|0.000000|0.000000,8.881513|3.000000|0.000000|0.000000|0.000000,10.221743|3.000000|0.000000|0.000000|0.000000,3,92774416384.000000,N/A,5
MOGP_GENERATIONAL,c3af5778-f039-11f0-a447-6e001b3eef54,Boston,74,214,8.881513|3.000000|0.000000|0.000000|0.000000,3.4381861686706543,3.0,10.221743|3.000000|0.000000|0.000000|0.000000,8.881513|3.000000|0.000000|0.000000|0.000000,10.221743|3.000000|0.000000|0.000000|0.000000,3,75038916608.000000,N/A,5
MOGP_GENERATIONAL,c3af5778-f039-11f0-a447-6e001b3eef54,Boston,74,215,8.881513|3.000000|0.000000|0.000000|0.000000,3.4458279609680176,3.0,10.221743|3.000000|0.000000|0.000000|0.000000,8.545556|7.000000|1.000000|0.000000|0.000000,10.335676|7.000000|1.000000|0.000000|0.000000,7,63506255872.000000,N/A,5
MOGP_GENERATIONAL,c3af5778-f039-11f0-a447-6e001b3eef54,Boston,74,216,8.881513|3.000000|0.000000|0.000000|0.000000,3.5319318771362305,3.0,10.221743|3.000000|0.000000|0.000000|0.000000,8.184944|7.000000|1.000000|0.000000|0.000000,9.255008|7.000000|1.000000|0.000000|0.000000,7,39686766592.000000,N/A,5
MOGP_GENERATIONAL,c3af5778-f039-11f0-a447-6e001b3eef54,Boston,74,217,8.881513|3.000000|0.000000|0.000000|0.000000,3.486403226852417,3.0,10.221743|3.000000|0.000000|0.000000|0.000000,8.881513|3.000000|0.000000|0.000000|0.000000,10.221743|3.000000|0.000000|0.000000|0.000000,3,105354436608.000000,N/A,5
MOGP_GENERATIONAL,c3af5778-f039-11f0-a447-6e001b3eef54,Boston,74,218,8.881513|3.000000|0.000000|0.000000|0.000000,3.508549213409424,3.0,10.221743|3.000000|0.000000|0.000000|0.000000,8.881513|3.000000|0.000000|0.000000|0.000000,10.221743|3.000000|0.000000|0.000000|0.000000,3,102756728832.000000,N/A,5
MOGP_GENERATIONAL,c3af5778-f039-11f0-a447-6e001b3eef54,Boston,74,219,8.881513|3.000000|0.000000|0.000000|0.000000,3.5164999961853027,3.0,10.221743|3.000000|0.000000|0.000000|0.000000,8.881513|3.000000|0.000000|0.000000|0.000000,10.221743|3.000000|0.000000|0.000000|0.000000,3,61925212160.000000,N/A,5
MOGP_GENERATIONAL,c3af5778-f039-11f0-a447-6e001b3eef54,Boston,74,220,8.881513|3.000000|0.000000|0.000000|0.000000,3.521151304244995,3.0,10.221743|3.000000|0.000000|0.000000|0.000000,8.881513|3.000000|0.000000|0.000000|0.000000,10.221743|3.000000|0.000000|0.000000|0.000000,3,99378266112.000000,N/A,5
MOGP_GENERATIONAL,c3af5778-f039-11f0-a447-6e001b3eef54,Boston,74,221,8.881513|3.000000|0.000000|0.000000|0.000000,3.4110021591186523,3.0,10.221743|3.000000|0.000000|0.000000|0.000000,8.881513|3.000000|0.000000|0.000000|0.000000,10.221743|3.000000|0.000000|0.000000|0.000000,3,104023465984.000000,N/A,5
MOGP_GENERATIONAL,c3af5778-f039-11f0-a447-6e001b3eef54,Boston,74,222,8.881513|3.000000|0.000000|0.000000|0.000000,3.5696141719818115,3.0,10.221743|3.000000|0.000000|0.000000|0.000000,8.881513|3.000000|0.000000|0.000000|0.000000,10.221743|3.000000|0.000000|0.000000|0.000000,3,48488960000.000000,N/A,5
MOGP_GENERATIONAL,c3af5778-f039-11f0-a447-6e001b3eef54,Boston,74,223,8.881513|3.000000|0.000000|0.000000|0.000000,3.460165023803711,3.0,10.221743|3.000000|0.000000|0.000000|0.000000,8.881513|3.000000|0.000000|0.000000|0.000000,10.221743|3.000000|0.000000|0.000000|0.000000,3,95796379648.000000,N/A,5
MOGP_GENERATIONAL,c3af5778-f039-11f0-a447-6e001b3eef54,Boston,74,224,8.881513|3.000000|0.000000|0.000000|0.000000,3.4502570629119873,3.0,10.221743|3.000000|0.000000|0.000000|0.000000,8.184944|7.000000|1.000000|0.000000|0.000000,9.255008|7.000000|1.000000|0.000000|0.000000,7,101273911296.000000,N/A,5
MOGP_GENERATIONAL,c3af5778-f039-11f0-a447-6e001b3eef54,Boston,74,225,8.881513|3.000000|0.000000|0.000000|0.000000,3.4826929569244385,3.0,10.221743|3.000000|0.000000|0.000000|0.000000,8.881513|3.000000|0.000000|0.000000|0.000000,10.221743|3.000000|0.000000|0.000000|0.000000,3,86481502208.000000,N/A,5
MOGP_GENERATIONAL,c3af5778-f039-11f0-a447-6e001b3eef54,Boston,74,226,8.881513|3.000000|0.000000|0.000000|0.000000,3.6332848072052,3.0,10.221743|3.000000|0.000000|0.000000|0.000000,8.881513|3.000000|0.000000|0.000000|0.000000,10.221743|3.000000|0.000000|0.000000|0.000000,3,110308990976.000000,N/A,5
MOGP_GENERATIONAL,c3af5778-f039-11f0-a447-6e001b3eef54,Boston,74,227,8.881513|3.000000|0.000000|0.000000|0.000000,3.2685959339141846,3.0,10.221743|3.000000|0.000000|0.000000|0.000000,8.881513|3.000000|0.000000|0.000000|0.000000,10.221743|3.000000|0.000000|0.000000|0.000000,3,92069937152.000000,N/A,5
MOGP_GENERATIONAL,c3af5778-f039-11f0-a447-6e001b3eef54,Boston,74,228,8.881513|3.000000|0.000000|0.000000|0.000000,3.5401580333709717,3.0,10.221743|3.000000|0.000000|0.000000|0.000000,8.881513|3.000000|0.000000|0.000000|0.000000,10.221743|3.000000|0.000000|0.000000|0.000000,3,77410918400.000000,N/A,5
MOGP_GENERATIONAL,c3af5778-f039-11f0-a447-6e001b3eef54,Boston,74,229,8.881513|3.000000|0.000000|0.000000|0.000000,3.4131150245666504,3.0,10.221743|3.000000|0.000000|0.000000|0.000000,7.795723|7.000000|1.000000|0.000000|0.000000,9.414855|7.000000|1.000000|0.000000|0.000000,7,89170771968.000000,N/A,5
MOGP_GENERATIONAL,c3af5778-f039-11f0-a447-6e001b3eef54,Boston,74,230,8.881513|3.000000|0.000000|0.000000|0.000000,3.5665390491485596,3.0,10.221743|3.000000|0.000000|0.000000|0.000000,8.881513|3.000000|0.000000|0.000000|0.000000,10.221743|3.000000|0.000000|0.000000|0.000000,3,92185288704.000000,N/A,5
MOGP_GENERATIONAL,c3af5778-f039-11f0-a447-6e001b3eef54,Boston,74,231,8.881513|3.000000|0.000000|0.000000|0.000000,3.450161933898926,3.0,10.221743|3.000000|0.000000|0.000000|0.000000,8.881513|3.000000|0.000000|0.000000|0.000000,10.221743|3.000000|0.000000|0.000000|0.000000,3,110212341760.000000,N/A,5
MOGP_GENERATIONAL,c3af5778-f039-11f0-a447-6e001b3eef54,Boston,74,232,8.881513|3.000000|0.000000|0.000000|0.000000,3.477328062057495,3.0,10.221743|3.000000|0.000000|0.000000|0.000000,8.881513|3.000000|0.000000|0.000000|0.000000,10.221743|3.000000|0.000000|0.000000|0.000000,3,68771905536.000000,N/A,5
MOGP_GENERATIONAL,c3af5778-f039-11f0-a447-6e001b3eef54,Boston,74,233,8.881513|3.000000|0.000000|0.000000|0.000000,3.544341802597046,3.0,10.221743|3.000000|0.000000|0.000000|0.000000,8.881513|3.000000|0.000000|0.000000|0.000000,10.221743|3.000000|0.000000|0.000000|0.000000,3,50788253696.000000,N/A,5
MOGP_GENERATIONAL,c3af5778-f039-11f0-a447-6e001b3eef54,Boston,74,234,8.881513|3.000000|0.000000|0.000000|0.000000,3.3675289154052734,3.0,10.221743|3.000000|0.000000|0.000000|0.000000,8.881513|3.000000|0.000000|0.000000|0.000000,10.221743|3.000000|0.000000|0.000000|0.000000,3,82903916544.000000,N/A,5
MOGP_GENERATIONAL,c3af5778-f039-11f0-a447-6e001b3eef54,Boston,74,235,8.881513|3.000000|0.000000|0.000000|0.000000,3.4510278701782227,3.0,10.221743|3.000000|0.000000|0.000000|0.000000,8.881513|3.000000|0.000000|0.000000|0.000000,10.221743|3.000000|0.000000|0.000000|0.000000,3,77099843584.000000,N/A,5
MOGP_GENERATIONAL,c3af5778-f039-11f0-a447-6e001b3eef54,Boston,74,236,8.881513|3.000000|0.000000|0.000000|0.000000,3.3922629356384277,3.0,10.221743|3.000000|0.000000|0.000000|0.000000,8.180543|7.000000|2.000000|0.000000|0.000000,9.666581|7.000000|2.000000|0.000000|0.000000,7,17233831936.000000,N/A,5
MOGP_GENERATIONAL,c3af5778-f039-11f0-a447-6e001b3eef54,Boston,74,237,8.881513|3.000000|0.000000|0.000000|0.000000,3.599806070327759,3.0,10.221743|3.000000|0.000000|0.000000|0.000000,8.881513|3.000000|0.000000|0.000000|0.000000,10.221743|3.000000|0.000000|0.000000|0.000000,3,85913214976.000000,N/A,5
MOGP_GENERATIONAL,c3af5778-f039-11f0-a447-6e001b3eef54,Boston,74,238,8.881513|3.000000|0.000000|0.000000|0.000000,3.4939827919006348,3.0,10.221743|3.000000|0.000000|0.000000|0.000000,8.881513|3.000000|0.000000|0.000000|0.000000,10.221743|3.000000|0.000000|0.000000|0.000000,3,38100881408.000000,N/A,5
MOGP_GENERATIONAL,c3af5778-f039-11f0-a447-6e001b3eef54,Boston,74,239,8.881513|3.000000|0.000000|0.000000|0.000000,3.558321952819824,3.0,10.221743|3.000000|0.000000|0.000000|0.000000,8.788472|7.000000|1.000000|0.000000|0.000000,10.014409|7.000000|1.000000|0.000000|0.000000,7,65261465600.000000,N/A,5
MOGP_GENERATIONAL,c3af5778-f039-11f0-a447-6e001b3eef54,Boston,74,240,8.881513|3.000000|0.000000|0.000000|0.000000,3.427006959915161,3.0,10.221743|3.000000|0.000000|0.000000|0.000000,7.702579|7.000000|1.000000|0.000000|0.000000,8.500995|7.000000|1.000000|0.000000|0.000000,7,117547958272.000000,N/A,5
MOGP_GENERATIONAL,c3af5778-f039-11f0-a447-6e001b3eef54,Boston,74,241,8.881513|3.000000|0.000000|0.000000|0.000000,3.522272825241089,3.0,10.221743|3.000000|0.000000|0.000000|0.000000,8.881513|3.000000|0.000000|0.000000|0.000000,10.221743|3.000000|0.000000|0.000000|0.000000,3,71831846912.000000,N/A,5
MOGP_GENERATIONAL,c3af5778-f039-11f0-a447-6e001b3eef54,Boston,74,242,8.881513|3.000000|0.000000|0.000000|0.000000,3.4072132110595703,3.0,10.221743|3.000000|0.000000|0.000000|0.000000,8.748910|7.000000|0.000000|0.000000|0.000000,10.183698|7.000000|0.000000|0.000000|0.000000,7,99530121216.000000,N/A,5
MOGP_GENERATIONAL,c3af5778-f039-11f0-a447-6e001b3eef54,Boston,74,243,8.881513|3.000000|0.000000|0.000000|0.000000,3.3394079208374023,3.0,10.221743|3.000000|0.000000|0.000000|0.000000,8.881513|3.000000|0.000000|0.000000|0.000000,10.221743|3.000000|0.000000|0.000000|0.000000,3,78238031872.000000,N/A,5
MOGP_GENERATIONAL,c3af5778-f039-11f0-a447-6e001b3eef54,Boston,74,244,8.881513|3.000000|0.000000|0.000000|0.000000,3.4767119884490967,3.0,10.221743|3.000000|0.000000|0.000000|0.000000,8.881513|3.000000|0.000000|0.000000|0.000000,10.221743|3.000000|0.000000|0.000000|0.000000,3,63774363648.000000,N/A,5
MOGP_GENERATIONAL,c3af5778-f039-11f0-a447-6e001b3eef54,Boston,74,245,8.881513|3.000000|0.000000|0.000000|0.000000,3.516003131866455,3.0,10.221743|3.000000|0.000000|0.000000|0.000000,8.881513|3.000000|0.000000|0.000000|0.000000,10.221743|3.000000|0.000000|0.000000|0.000000,3,95331516416.000000,N/A,5
MOGP_GENERATIONAL,c3af5778-f039-11f0-a447-6e001b3eef54,Boston,74,246,8.881513|3.000000|0.000000|0.000000|0.000000,3.6661152839660645,3.0,10.221743|3.000000|0.000000|0.000000|0.000000,8.881513|3.000000|0.000000|0.000000|0.000000,10.221743|3.000000|0.000000|0.000000|0.000000,3,97347092480.000000,N/A,5
MOGP_GENERATIONAL,c3af5778-f039-11f0-a447-6e001b3eef54,Boston,74,247,8.881513|3.000000|0.000000|0.000000|0.000000,3.5288290977478027,3.0,10.221743|3.000000|0.000000|0.000000|0.000000,8.881513|3.000000|0.000000|0.000000|0.000000,10.221743|3.000000|0.000000|0.000000|0.000000,3,70737657856.000000,N/A,5
MOGP_GENERATIONAL,c3af5778-f039-11f0-a447-6e001b3eef54,Boston,74,248,8.881513|3.000000|0.000000|0.000000|0.000000,3.4260380268096924,3.0,10.221743|3.000000|0.000000|0.000000|0.000000,8.405342|15.000000|3.000000|0.000000|0.000000,9.439072|15.000000|3.000000|0.000000|0.000000,15,55869923328.000000,N/A,5
MOGP_GENERATIONAL,c3af5778-f039-11f0-a447-6e001b3eef54,Boston,74,249,8.881513|3.000000|0.000000|0.000000|0.000000,3.4861319065093994,3.0,10.221743|3.000000|0.000000|0.000000|0.000000,7.702579|7.000000|1.000000|0.000000|0.000000,8.500995|7.000000|1.000000|0.000000|0.000000,7,24225204224.000000,N/A,5
MOGP_GENERATIONAL,c3af5778-f039-11f0-a447-6e001b3eef54,Boston,74,250,8.881513|3.000000|0.000000|0.000000|0.000000,3.549333095550537,3.0,10.221743|3.000000|0.000000|0.000000|0.000000,8.881513|3.000000|0.000000|0.000000|0.000000,10.221743|3.000000|0.000000|0.000000|0.000000,3,26005213184.000000,N/A,5
